####
#
# OBJ File Generated by Meshlab
#
####
# Object debugger_5k.obj
#
# Vertices: 2515
# Faces: 5000
#
####
mtllib debugger_5k.obj.mtl

vn 0.203061 -3.079579 5.166656
v -0.298337 -0.173233 18.773956
vn -0.790970 -3.710119 4.897414
v -2.688327 -0.249440 18.653671
vn -0.785037 4.502844 4.268951
v -0.915621 -2.533044 19.502628
vn -1.105043 -0.637020 5.948643
v -2.340779 -0.923624 18.403383
vn -2.282108 -1.590636 5.442304
v -4.334846 -1.016473 17.834452
vn -1.789547 -5.386040 2.675551
v -5.313719 0.966626 19.706085
vn -0.428037 2.246298 5.587778
v -4.481858 9.146085 22.648891
vn -1.953360 4.369273 3.940251
v -4.762458 8.837590 22.820946
vn -0.464095 3.338376 5.291302
v 0.243568 -8.533217 26.903637
vn 0.724622 -0.945735 5.951794
v -4.816811 9.279924 22.651102
vn -1.234842 2.146541 5.693133
v -5.024141 8.886838 22.702093
vn -2.586030 3.193621 4.453454
v -5.852275 8.254083 22.746935
vn -3.033544 3.820217 3.709422
v -4.863577 7.617997 24.677794
vn -0.819150 0.681752 6.064160
v -5.951051 8.482347 22.641165
vn -3.572446 3.427234 3.819741
v -6.605267 7.588138 22.769409
vn -3.802772 1.921058 4.422973
v -7.025763 7.245323 22.602249
vn -1.799596 1.047099 5.323859
v -6.622723 7.905602 22.519890
vn -2.635859 2.201929 5.213153
v -6.930724 7.584400 22.529581
vn -4.745169 2.261029 3.093715
v -8.928674 4.940697 22.433334
vn -4.806513 3.926823 -0.017801
v -8.942216 9.995763 19.596651
vn -3.958496 3.825582 2.967105
v -8.446925 5.220003 22.794634
vn -2.893142 4.773685 2.609898
v -8.306047 5.381234 22.742962
vn -2.870517 -1.027498 2.515863
v -8.610723 -0.802013 14.483130
vn -4.787051 -1.726601 3.532190
v -9.506320 -0.786360 13.411462
vn -4.734337 0.317115 4.061560
v -7.386993 6.877910 22.358877
vn -5.368174 3.179761 -0.310808
v -10.187445 8.495897 19.729168
vn -3.317966 4.694366 2.455648
v -8.888960 5.565077 21.600019
vn -5.162844 2.438435 2.604139
v -10.043474 9.463020 16.955475
vn -5.166149 3.381105 -0.813854
v -9.901308 9.282277 21.154840
vn -4.491777 2.470675 3.472614
v -7.871676 6.033451 21.852501
vn -2.492546 3.352880 4.404954
v -8.664850 5.838249 21.368876
vn -2.855879 0.080850 5.229310
v -8.754432 6.128734 21.213587
vn -4.552385 2.182847 3.612744
v -9.379123 5.743257 20.797800
vn -5.413466 2.859844 1.173982
v -10.178283 8.562400 17.737013
vn -5.743521 2.236341 -0.134746
v -10.323078 8.517426 20.954430
vn -5.969827 1.193009 0.824093
v -10.110837 8.878613 22.053938
vn -4.430794 -0.108702 4.077128
v -7.699698 6.385505 21.948311
vn -4.602239 -0.833027 4.090591
v -9.505807 5.973127 20.620054
vn -4.227552 0.640579 4.135374
v -7.955507 6.182199 21.663935
vn -5.234410 -1.504067 2.580117
v -9.967124 5.834446 19.891378
vn -5.682868 -1.998617 1.604188
v -10.467779 5.818600 18.763229
vn -4.992675 -2.027554 2.946085
v -10.151085 -0.631199 12.437675
vn -2.704219 -0.137876 4.787971
v -8.256680 6.195079 21.399195
vn -5.892951 0.033547 1.022235
v -10.398090 8.157981 21.220753
vn -3.542310 -3.157642 4.000924
v -9.630756 6.284977 20.634693
vn -6.183335 -0.547941 0.311346
v -10.801455 6.702371 18.207113
vn -6.009181 -0.712648 1.596197
v -10.738203 5.883586 17.663450
vn -4.678236 1.470900 3.888905
v -11.126854 14.991309 13.863041
vn -5.680052 2.186479 1.524964
v -10.597616 7.926493 17.240623
vn -6.048896 1.002477 0.438407
v -10.440862 7.949325 20.358095
vn -5.914793 1.940899 0.621871
v -10.724135 7.389078 17.753973
vn -5.324368 -1.475350 1.290414
v -10.787524 6.579251 19.358150
vn -5.967095 1.165970 0.159381
v -10.815288 7.169017 18.736631
vn -3.841598 -3.809837 3.003782
v -11.666817 1.479226 13.755636
vn -5.351455 1.018804 3.081588
v -12.602318 13.541873 12.601379
vn -5.176645 -1.077242 3.085413
v -10.566425 -0.879154 11.623232
vn -5.415770 1.323672 2.853889
v -10.799874 -1.431565 11.302847
vn -4.295773 -3.074619 3.117218
v -13.215708 2.528581 12.985371
vn -5.170763 -0.032558 2.690577
v -13.461742 13.095276 11.237534
vn -4.416624 -3.883070 2.038037
v -11.483022 -0.119287 10.832451
vn -5.593695 -0.803581 2.131528
v -11.217881 -0.970774 10.291878
vn -4.700778 -3.043058 2.520141
v -13.917934 2.560537 11.891225
vn -5.643403 1.908370 1.599798
v -11.600227 -1.545623 9.333270
vn -3.226810 -4.759107 1.347534
v -13.441352 1.276084 10.659526
vn -5.804703 -1.723603 0.914726
v -11.725091 -0.810452 8.671711
vn -4.910577 2.307917 2.988493
v -13.689049 11.221084 10.875991
vn -2.106247 -0.135477 5.837786
v -5.169499 -15.681870 28.003824
vn 0.336387 -1.319108 6.049469
v 2.274988 -17.948978 28.678444
vn -5.593078 -1.637913 1.853234
v -15.174735 4.307043 10.800611
vn -5.041017 -3.233157 1.093567
v -14.466016 2.167194 9.928276
vn -6.026236 -0.748148 1.119533
v -15.671752 5.461095 9.661290
vn -2.066074 -2.048281 5.475927
v -5.276108 -19.439766 27.199276
vn -4.761880 2.358706 3.225982
v -19.527639 -8.746919 15.140588
vn -2.116580 3.225475 4.836701
v -20.590240 -7.785255 12.997101
vn -1.994066 0.505964 5.864327
v -21.192621 -9.539917 13.298474
vn -4.262500 1.394136 4.257117
v -20.774956 -9.338953 13.510025
vn -2.323267 2.008880 5.344299
v -20.742937 -8.275240 13.166988
vn -5.404642 -0.113928 3.160472
v -21.012783 -11.499204 13.536999
vn -3.335296 0.180912 5.312936
v -21.149393 -10.495353 13.367412
vn -1.204043 2.472192 5.608769
v -22.350271 -7.968574 12.778097
vn -2.010635 -1.011886 5.810565
v -21.562349 -10.834827 13.135161
vn -2.600497 -2.280975 5.158098
v -21.635670 -11.852637 12.779180
vn -1.702773 -0.859278 5.753180
v -22.886194 -10.301976 13.030179
vn -4.400713 -1.367992 4.217765
v -21.231098 -11.635845 13.189633
vn -4.420643 -2.478276 3.690105
v -21.873304 -13.430895 11.685898
vn -3.685201 -2.666619 4.197088
v -25.098883 -11.476688 11.435105
vn -3.034523 -3.087753 4.425751
v -24.276373 -12.013484 11.716385
vn -2.064321 -3.034281 4.881346
v -23.302204 -12.161865 12.179329
vn -2.927051 -4.083304 3.658886
v -22.113903 -13.719218 11.188698
vn -3.353807 -4.378211 2.777219
v -22.230371 -14.440226 10.129988
vn -4.947543 0.994791 3.538786
v -27.438862 -7.797579 9.410472
vn -4.224605 -2.192510 3.998749
v -25.822132 -11.048018 10.978913
vn -5.395621 -2.292297 1.935655
v -21.879778 -14.950062 10.052237
vn -5.116337 -1.386428 3.059313
v -27.399494 -10.157361 9.401328
vn -4.685748 -3.639894 2.022562
v -22.146936 -14.835783 9.576120
vn -3.137161 -5.027012 1.811184
v -22.660618 -15.077492 8.078031
vn -4.707247 -3.414211 2.128472
v -27.188967 -12.187649 7.790509
vn -5.554868 -0.398570 2.621760
v -28.626423 -8.742943 7.499809
vn -4.074083 -4.521986 1.155766
v -26.671427 -13.297914 6.490632
vn -5.366840 -3.147726 -0.612537
v -21.231949 -20.554693 -3.691417
vn 5.075665 -1.000687 3.533752
v 9.690611 6.038089 16.554506
vn 5.191682 -2.046300 2.785828
v 8.614505 5.464320 18.196548
vn 0.825951 3.400693 5.192054
v 2.136801 -1.340344 18.686829
vn 0.700291 0.013410 6.101869
v 1.125655 -0.583405 18.586266
vn -0.061780 -2.000400 5.678572
v 3.445674 9.538696 22.928564
vn -0.479223 0.253397 6.173868
v -0.572001 -0.791541 18.651579
vn 2.778288 4.271197 3.499663
v 3.151824 8.520070 23.882246
vn -0.646387 4.592528 3.576023
v 0.701441 -2.699765 19.639141
vn 1.472000 5.286621 2.879334
v 1.735041 9.140429 23.857756
vn -1.589357 2.374520 5.514321
v -2.465170 -1.788565 18.546482
vn 1.783930 3.855513 4.139210
v 1.400670 8.207586 25.426695
vn -0.994062 3.876803 4.720295
v -1.921760 -2.467842 19.093704
vn -0.362062 4.594652 3.915126
v -0.991553 8.320664 25.700939
vn -0.853398 5.335268 3.129888
v -2.941118 -2.882625 19.260864
vn -2.293726 1.685470 5.488239
v -4.198007 -1.773758 17.915924
vn -1.513693 4.290748 4.120116
v -3.378494 -2.620157 18.745691
vn -2.009653 3.695546 4.592752
v -4.417647 -2.331285 18.135355
vn 0.442922 -0.599994 5.489654
v -2.360863 9.559658 22.252642
vn 1.525538 -0.485945 5.760489
v -2.807810 9.514200 22.322001
vn 1.003799 -3.014614 5.048044
v -3.369463 9.909580 22.590633
vn 1.407257 1.313137 5.722038
v -3.325525 9.528625 22.533117
vn -3.335998 1.249468 5.002486
v -5.643775 -1.587160 17.071867
vn -2.880887 3.597869 4.225857
v -5.702062 -2.407644 17.542976
vn -1.505821 3.761772 4.388779
v -2.592502 7.770125 25.909248
vn -2.283045 -0.056384 5.365252
v -4.407080 4.400795 26.814774
vn -3.200553 -2.135630 4.699389
v -5.572579 -0.864080 17.165953
vn -2.130630 4.766013 3.466928
v -5.699917 -2.738870 17.916859
vn -4.147865 2.124973 4.137491
v -6.185111 -2.092450 16.922245
vn -2.984257 4.314614 3.272376
v -6.200960 -2.578638 17.292494
vn 0.582679 -0.479020 5.681680
v -4.072075 9.540983 22.571100
vn -1.549597 1.043686 5.757688
v -2.549846 6.635560 26.445112
vn -1.557203 3.379132 4.639021
v -3.261405 4.888081 27.071739
vn -2.488344 2.688447 4.674951
v -4.791847 4.657779 26.554928
vn -4.530312 2.789378 3.104905
v -6.370659 -2.403946 16.831270
vn -1.331322 1.566844 5.799406
v -2.589013 5.677316 26.426943
vn -3.368834 -3.816576 3.643866
v -6.682384 -0.248876 16.766836
vn -3.933677 1.437935 4.332946
v -6.673879 -2.310874 16.376143
vn -1.899218 3.297747 3.279880
v -6.774803 -2.461113 16.354738
vn -3.999745 0.025874 4.779750
v -6.748372 -1.325663 16.207972
vn -3.979573 -2.101093 4.316295
v -7.157407 -0.690025 16.002363
vn -2.228124 3.903836 4.232956
v -7.333731 -2.315943 16.088739
vn -3.681190 1.998465 4.623322
v -7.346779 -1.874955 15.821480
vn -1.642810 5.381826 2.712334
v -7.434783 -2.502988 16.333464
vn -2.619001 4.447208 3.265488
v -8.037550 -2.447242 15.667665
vn -3.345188 3.573432 3.843074
v -8.073229 -2.232089 15.423679
vn -0.837429 0.303065 -0.522074
v -8.475040 -0.996506 14.606100
vn -3.054566 4.358453 2.913333
v -8.580770 -2.402650 15.113822
vn -0.297475 2.632702 5.676423
v 0.673960 -10.200957 27.866159
vn -4.350245 -3.218981 3.155742
v -10.129234 2.578641 16.525986
vn -5.434962 0.082095 2.422786
v -9.489854 4.817430 21.413216
vn -4.794855 2.779727 2.574711
v -9.346120 5.359787 21.288074
vn -2.489192 2.153956 5.309258
v -8.858327 -10.977186 25.655121
vn -2.899064 2.894139 4.700250
v -11.400540 -9.139412 23.387497
vn -3.243579 2.063486 4.930986
v -12.024678 -10.582489 23.709801
vn -4.569021 0.870814 4.198172
v -11.907740 6.791637 15.514249
vn -3.120391 1.447374 5.163478
v -10.965923 -11.472824 24.714325
vn -3.736425 1.223429 4.840806
v -13.228940 -11.446426 23.147978
vn -4.569512 1.064933 4.052674
v -13.811500 7.516445 13.590719
vn -2.853356 0.280467 5.501501
v -8.626945 -14.201898 26.481668
vn -3.569291 -0.983921 4.998245
v -11.937459 -17.544300 24.149115
vn -0.894928 3.782262 4.744771
v -22.412207 -6.869109 12.165698
vn 5.539630 -1.358762 2.211405
v 12.735418 5.985295 12.543743
vn 4.264044 1.918317 4.133569
v 10.995310 10.135309 14.797897
vn 4.978850 -2.665265 2.456982
v 12.091559 4.598377 12.761526
vn 5.119714 -3.059546 1.522054
v 12.339293 3.989832 11.189795
vn 5.917793 0.348141 -2.049988
v 12.628458 8.116160 4.023649
vn 3.711917 2.591521 4.285919
v 10.050621 11.087442 15.191970
vn 5.122997 -2.786303 2.042119
v 10.518150 1.870305 11.267107
vn 5.700292 1.865919 1.623296
v 11.030052 1.032454 9.424767
vn 4.386017 -3.686636 2.449219
v 9.880391 2.503382 14.028476
vn 5.829631 0.346598 2.080199
v 10.576515 1.288296 10.772933
vn 4.304346 4.245912 1.160725
v 11.323693 0.561578 9.327627
vn 4.590001 2.606688 3.383671
v 8.864835 8.979467 17.328760
vn 5.184442 2.436873 2.393718
v 10.502264 0.769851 11.231006
vn 4.831860 3.276890 1.779646
v 10.900064 0.660846 10.378391
vn 6.020892 1.647386 -0.314931
v 11.550111 13.890540 3.920017
vn 3.882320 2.586680 4.196513
v 8.708321 9.783185 16.939175
vn 5.412164 2.380715 1.452712
v 9.914999 0.889061 12.366616
vn 5.280472 -0.074887 3.135259
v 9.677653 1.295139 12.623508
vn 4.425392 3.205857 2.898247
v 10.252048 0.305846 12.200662
vn 5.454463 1.601836 2.563200
v 8.995207 8.312727 17.620750
vn 4.617068 -3.209923 2.607685
v 9.457582 1.668893 13.223395
vn 3.241012 4.754360 2.362632
v 10.764518 -0.045345 12.032078
vn 6.070153 0.254108 -1.339481
v 11.075634 1.733670 4.072979
vn 4.168622 -3.384001 3.147306
v 8.790034 2.609018 15.837010
vn 4.287737 2.775403 3.518025
v 9.651985 0.234896 13.108369
vn 3.093710 4.553381 2.914143
v 9.828266 -0.179308 13.393904
vn 3.938531 2.957926 3.872539
v 9.005942 0.011436 14.012847
vn 3.743723 -3.700987 3.409682
v 7.117071 1.942031 17.053864
vn 4.535161 1.714469 3.943065
v 8.935771 0.559968 13.745665
vn 4.271882 -3.524992 2.909096
v 7.106966 3.887776 19.036615
vn 4.037986 -2.702080 3.875440
v 6.729687 0.881076 16.326141
vn 3.236013 -3.092250 4.305258
v 5.397556 0.716592 17.390366
vn 5.342564 -1.245893 2.235949
v 7.903539 6.146955 20.688612
vn 4.694080 3.212577 2.637651
v 7.694705 6.926110 20.717913
vn 3.445030 -3.831787 3.586657
v 6.122849 2.257089 18.373253
vn 4.056063 2.856213 3.569881
v 7.055830 7.363890 21.130093
vn 5.578651 0.987007 2.413598
v 7.667408 6.544266 21.229559
vn 3.462280 -4.304492 2.961109
v 5.556616 2.714134 19.451885
vn 5.615438 2.272210 0.783060
v 7.508771 9.815696 21.390129
vn 3.343259 4.355597 2.972744
v 6.966657 7.256298 21.369020
vn 4.600831 2.884180 2.379660
v 7.500883 6.833972 21.407146
vn 5.051397 0.825839 3.134916
v 7.169369 6.410528 22.270544
vn 3.219518 4.605054 2.514065
v 6.873463 6.997042 22.082848
vn 2.753963 -4.651534 3.157113
v 4.379886 1.978351 19.563812
vn 5.393928 1.086151 2.304965
v 7.079148 10.444563 22.470900
vn 2.371323 3.924227 4.182229
v 6.395907 7.446898 21.644108
vn 1.667823 5.433944 2.593289
v 6.320236 7.300568 21.911184
vn 2.221824 4.484904 2.866020
v 5.946036 6.880221 23.366007
vn 4.220218 2.968756 3.298597
v 6.766849 6.656129 22.685198
vn 5.338781 1.408661 2.477658
v 6.799892 10.890477 22.825157
vn 1.574331 1.507604 5.482389
v 5.805075 7.652711 21.664974
vn 5.289609 -1.192438 2.645272
v 7.292950 6.158174 22.026562
vn 2.065265 -1.462571 5.626168
v 3.172682 -0.017535 18.198177
vn 3.040352 0.427607 4.723650
v 5.359411 7.709743 21.829010
vn 1.960348 3.962156 3.599461
v 5.449871 7.425455 21.927267
vn 1.810012 -3.808212 4.576414
v 3.242229 0.414084 18.418024
vn 5.291789 2.197563 2.216702
v 6.396628 11.574233 23.226814
vn 1.467733 -3.806872 4.290329
v 2.353698 0.560434 18.686792
vn 3.479862 -1.489883 4.782001
v 6.232436 10.921728 23.493877
vn 4.277939 2.137709 3.052829
v 4.941528 7.520048 22.293991
vn 4.753817 0.443623 3.836829
v 6.352099 11.308537 23.421747
vn 1.337321 -2.746385 5.435000
v 1.412292 -0.172319 18.660339
vn 1.941989 -5.076169 3.099020
v 2.995673 1.449474 19.759188
vn 3.471325 4.456455 2.694047
v 15.791321 -4.003001 16.153807
vn 1.405023 -4.638092 3.914432
v 1.395059 0.531450 19.217468
vn 3.931294 3.818496 0.620071
v 4.909355 13.562834 24.328962
vn 4.378129 1.685135 3.868670
v 4.889942 13.313434 24.580231
vn 1.406167 -5.688659 2.174436
v 1.168866 1.928388 22.297705
vn 3.690178 3.317883 2.919750
v 4.653069 13.656957 24.653639
vn 0.195117 2.748203 5.555862
v 1.132126 -1.352616 18.791828
vn 3.543634 4.107687 3.143501
v 17.283243 -5.326714 16.114359
vn 3.486698 4.010622 3.128736
v 3.952089 13.949414 25.031704
vn 3.503927 1.282722 4.774345
v 4.154933 5.611544 25.766180
vn -0.547125 2.485752 5.699929
v -0.379784 -1.566316 18.868069
vn 3.804259 3.882026 3.113598
v 16.278841 -5.352212 17.492252
vn 2.415002 3.864995 4.306200
v 17.849924 -6.123837 16.466637
vn -0.940656 3.664121 4.998692
v -0.921676 -2.113664 19.121162
vn 0.723845 5.336905 3.128866
v 7.293168 -3.185190 20.845757
vn 3.458649 3.095157 4.123212
v 14.282716 -7.703866 21.748852
vn 3.955039 3.353721 3.514016
v 16.922058 -6.837444 18.347631
vn 3.367435 3.369975 4.012066
v 18.153507 -7.040518 17.049223
vn 1.277371 3.163105 5.162763
v 18.991302 -6.880209 16.491016
vn 0.481677 4.593104 4.176035
v 3.308153 -5.134139 24.138704
vn 4.052807 2.812502 3.874338
v 18.182178 -7.861637 17.730713
vn 2.577547 2.599027 4.994468
v 18.991945 -7.846327 17.019951
vn 0.827439 1.562969 5.994220
v 19.827105 -8.079548 16.933178
vn 1.135584 0.783781 5.667787
v 0.919615 4.869454 27.422855
vn 3.488122 2.317554 4.674865
v 19.142651 -8.888685 17.430199
vn 4.220867 2.455728 3.929748
v 16.850338 -8.579240 19.793177
vn 4.140786 1.948687 4.271180
v 19.044708 -9.270139 17.691969
vn 3.748262 1.101954 4.861160
v 19.583658 -9.616357 17.304020
vn 2.346057 0.977878 5.634513
v 19.745493 -9.080187 17.115217
vn 2.206828 3.501889 4.453099
v 24.486809 -4.926470 14.577426
vn 3.594927 2.533087 4.370911
v 26.260408 -5.336531 13.579079
vn 3.574170 3.536338 3.435014
v 26.944654 -4.153133 12.120012
vn 4.360338 1.628925 4.030707
v 27.118982 -5.564802 12.890521
vn 4.921454 1.419266 3.346792
v 27.715652 -5.507897 12.137266
vn -0.563182 3.474562 5.204375
v -0.090221 -8.188190 26.633699
vn -0.679156 1.104711 1.763731
v -0.048849 -8.401760 26.783400
vn 0.075203 0.953836 6.134864
v 0.927664 -13.183893 28.904665
vn 3.980388 -4.129050 2.471378
v 23.258337 -14.005394 11.865753
vn 4.115917 -2.060872 4.208308
v 15.670885 -19.570652 22.510214
vn 3.346128 -1.181174 5.123695
v 13.159981 -17.736912 25.155756
vn 3.201397 -4.331711 2.917871
v 14.475422 -22.597994 21.386150
vn 1.384919 -0.805460 -2.141883
v 7.663702 15.054895 13.492618
vn -1.954572 -1.481023 -1.819829
v 8.084392 15.054577 13.426814
vn -0.220938 2.448300 -0.950427
v 7.942745 14.619494 13.352639
vn 1.076628 0.106263 0.597763
v 7.446439 14.899329 13.060691
vn -0.137027 -3.427314 0.942335
v 7.832892 15.194411 13.237104
vn -2.045169 0.334829 0.311393
v 8.231052 14.830857 13.236064
vn -0.880416 0.890842 3.463945
v 7.940778 14.817849 13.036469
vn 5.906580 0.314849 1.645607
v 13.377726 8.644856 11.332542
vn 6.132274 0.443095 0.390986
v 13.694319 8.615479 9.430184
vn 6.026956 -1.109796 0.705298
v 13.541413 6.432508 9.553111
vn 5.849514 1.816649 0.758544
v 13.297930 10.385382 10.024003
vn 6.174614 -0.212891 -0.512538
v 13.675420 7.635900 7.770075
vn 5.651442 -2.390423 0.573565
v 13.035830 4.521967 9.080588
vn 5.860957 1.918226 -0.638440
v 13.319204 10.291828 8.222935
vn 5.922461 1.248680 -1.116384
v 13.478980 9.186923 7.078342
vn 5.896275 -1.564549 -0.814847
v 13.254422 5.253659 6.799946
vn 5.465893 2.856894 -0.190732
v 12.930217 11.418773 8.960166
vn 5.062281 3.244110 1.154540
v 12.528893 11.901370 10.565124
vn 5.485218 2.994687 0.296451
v 11.679537 13.194098 8.088264
vn 4.947739 3.754588 0.826557
v 11.419452 13.412557 9.622009
vn 4.923666 -3.743176 0.588294
v 12.299335 3.333696 9.194835
vn 5.746004 1.485696 -1.888869
v 12.933444 9.391684 5.387610
vn 5.676948 2.484760 -0.959864
v 12.352246 11.729663 6.661003
vn 5.926511 -0.110695 -1.712276
v 13.280907 7.382118 5.576077
vn 5.979716 1.767112 -0.587433
v 12.044273 11.878615 5.228473
vn 5.344552 -3.049488 -0.400504
v 12.732975 3.872077 7.272311
vn 4.939452 -3.624985 1.331214
v 11.001271 2.110171 10.303684
vn 5.090905 -3.610510 0.396739
v 11.668823 2.588053 8.344332
vn 6.120892 1.243040 -0.605568
v 12.177110 11.116830 4.483201
vn 5.897781 -0.620914 1.350153
v 10.956577 1.572001 9.371117
vn 5.880115 1.167784 -1.851744
v 12.628035 9.184890 4.476942
vn 4.370852 3.837858 0.878748
v 11.421456 0.625645 8.322855
vn 5.994581 -0.919705 0.618074
v 11.244802 1.653092 7.848468
vn 5.719328 -2.298988 -0.406881
v 11.432098 2.176349 6.271885
vn 6.061085 0.274217 -1.545674
v 12.163265 8.945444 2.567606
vn 6.170457 0.560076 0.140577
v 11.307770 1.342555 6.852577
vn 5.613186 -1.968426 -1.641564
v 12.754068 4.744568 5.334832
vn 5.177621 2.992884 0.715718
v 11.401404 0.950808 7.431038
vn 5.890567 -0.763475 -2.021687
v 11.917096 6.209656 2.230458
vn 6.154553 0.309973 -0.351561
v 11.266215 1.554850 5.560339
vn 5.181318 3.087092 0.111341
v 11.382070 1.079076 6.284484
vn 5.295881 3.215121 -0.324057
v 11.355595 1.183153 4.989250
vn 6.029622 0.970917 -0.738674
v 11.219853 1.488333 4.883224
vn 5.768793 -1.851250 -1.350690
v 11.255957 2.404658 4.478403
vn 6.042491 0.946265 -1.179456
v 11.819941 11.659714 1.931293
vn 5.463595 -1.728874 -2.370908
v 11.126774 5.362056 0.435575
vn 5.538063 -1.986895 -2.156756
v 10.829698 2.952191 2.353619
vn 5.975328 0.881304 -1.525068
v 10.428939 1.717498 1.837940
vn 5.770648 -0.655018 -2.337111
v 10.457666 2.122699 1.922351
vn 5.800417 -0.452747 -2.181765
v 11.478757 8.362533 0.018074
vn 5.203421 0.812083 -2.824023
v 9.397916 1.959288 -0.102680
vn 4.946654 -2.252858 -3.100235
v 9.533166 3.082695 -0.418641
vn 5.833591 0.340134 -2.154960
v 11.280704 10.412549 -0.531735
vn 4.914569 -1.033270 -3.646991
v 9.117267 2.358190 -0.585660
vn 5.036300 -1.055503 -3.431850
v 9.730333 7.280711 -3.144168
vn 5.726979 0.954709 -2.279297
v 11.054268 11.398585 -0.822763
vn 5.088249 1.141783 -3.477944
v 8.927685 2.156720 -0.887519
vn 4.964618 -2.222188 -2.916430
v 10.156084 4.990392 -1.282142
vn 4.923581 -0.495244 -3.735890
v 8.365477 2.403831 -1.579690
vn 4.232658 -3.101028 -3.452165
v 8.249631 3.910639 -2.776062
vn 4.942904 1.115457 -3.559009
v 8.316210 2.148003 -1.669001
vn 5.410244 0.535539 -3.076208
v 10.250680 10.922515 -2.583971
vn 5.395304 -0.212492 -3.114986
v 10.364476 9.540388 -2.471549
vn 4.544822 -1.509878 -3.854701
v 7.838183 2.805625 -2.372948
vn 4.543642 -1.971425 -3.784136
v 8.741982 5.732051 -3.733846
vn 5.156019 1.115872 -3.314057
v 9.642081 12.441096 -3.221728
vn 4.208338 -2.857244 -3.604532
v 8.507076 4.992856 -3.525582
vn 4.510182 -0.056464 -4.361742
v 7.404726 2.406901 -2.805480
vn 4.151183 -1.665904 -4.213644
v 7.144254 2.842251 -3.122817
vn 4.399232 -0.707578 -4.333728
v 8.041632 8.625977 -5.430223
vn 4.751863 3.041904 -2.535619
v 8.985648 17.037907 -1.064932
vn 3.736577 -3.138073 -3.929864
v 7.803463 4.541444 -3.873615
vn 4.776613 1.844229 -3.476768
v 8.873757 14.081047 -3.695335
vn 3.362071 -2.763592 -4.488663
v 6.043718 3.330897 -4.352909
vn 4.240998 2.891364 -3.458527
v 7.772444 16.377010 -3.575363
vn 1.531847 -3.837971 -4.729877
v 2.763024 3.705481 -6.294025
vn 3.239556 2.451069 -4.738009
v 22.185818 -6.746380 -5.906207
vn 3.997467 1.597853 -4.326352
v 22.559309 -7.503538 -5.949094
vn 3.112426 -0.052578 -5.218506
v 23.094484 -8.117666 -5.635273
vn 5.259761 3.044660 0.959242
v 29.782150 -2.997360 3.667427
vn 5.177915 3.294145 0.230199
v 29.843079 -2.819125 2.177785
vn 5.208632 3.290831 -0.269449
v 29.711248 -2.651236 0.725627
vn 4.897434 3.391692 -1.174942
v 29.454462 -2.553241 -1.224020
vn 1.099902 -2.813893 -5.389660
v 26.227158 -6.503996 -4.766496
vn 5.966640 1.607656 0.108923
v 30.197266 -3.661014 2.114089
vn 3.107800 -1.078921 -5.283683
v 23.461786 -8.728780 -5.375970
vn 4.375489 4.127835 -1.745549
v 18.022215 -5.074273 -13.536931
vn 4.744631 0.607777 -3.749300
v 23.172049 -8.946114 -5.581521
vn 5.951509 1.385295 0.815156
v 30.157951 -4.099706 3.955321
vn 5.855484 1.796006 -0.882021
v 29.920019 -3.418326 -0.735348
vn 6.094823 0.131528 0.851968
v 30.167942 -5.254679 4.978906
vn 3.515341 -1.975916 -4.773059
v 26.194866 -7.604256 -4.195815
vn 4.318117 -0.900081 -4.422768
v 23.873863 -9.764327 -4.810929
vn 4.733673 0.070409 -4.090739
v 23.547993 -9.398229 -5.205504
vn 5.752624 1.225317 -1.863256
v 29.676586 -3.849505 -2.325065
vn 5.774371 1.515965 -1.899080
v 22.605972 -10.035554 -8.377533
vn 5.376938 1.233922 -2.725639
v 29.207945 -3.742926 -3.431777
vn 5.384204 0.798676 -3.057366
v 23.451168 -9.630862 -5.370970
vn 5.785367 1.408993 -1.987102
v 23.334946 -9.998692 -5.836445
vn 5.941243 0.046042 -1.528569
v 29.984774 -4.880463 -1.713861
vn 4.592002 1.956677 -3.474873
v 28.426149 -3.482097 -4.608025
vn 3.948428 0.075529 -4.705189
v 27.998661 -4.426311 -5.255260
vn 2.018973 -3.887605 -4.488846
v 27.279751 -6.880006 -4.145005
vn 4.313073 -1.214931 -4.179855
v 28.299261 -4.872500 -4.903069
vn 2.895107 -3.173570 -4.538540
v 26.571331 -7.443964 -4.015269
vn 5.853239 -1.736790 0.865464
v 29.613995 -7.753955 6.723944
vn 6.127258 0.131308 -0.391802
v 30.360538 -4.809423 1.002464
vn 4.422977 -1.856646 -4.055259
v 26.961912 -8.355043 -3.146478
vn 6.039698 -1.298936 -0.148907
v 30.225294 -6.334839 2.061810
vn 3.392435 -3.943750 -3.489788
v 27.760912 -8.007763 -2.653939
vn 5.176547 -0.748203 -3.070267
v 29.071243 -4.989846 -3.874912
vn 4.155614 -2.904872 -3.644762
v 27.357130 -8.363214 -2.695422
vn 4.227832 -2.453446 -3.841739
v 26.408871 -9.408628 -3.272889
vn 5.202484 2.066412 -2.761941
v 19.359932 -7.934676 -14.817248
vn 5.800903 1.073202 -2.146566
v 21.574020 -9.828579 -11.101418
vn 5.483728 1.652944 -2.505835
v 20.498882 -8.792693 -13.133877
vn 4.528676 -3.079891 -2.856941
v 26.727673 -10.380973 -2.089466
vn 3.502330 -3.254144 -3.957122
v 25.875843 -10.327559 -3.127741
vn 5.698627 -0.372277 -2.415436
v 24.027773 -10.975965 -4.362614
vn 4.581257 3.178996 -2.756295
v 16.179081 -5.775496 -18.356264
vn 4.997605 2.293958 -2.888781
v 18.302828 -7.397097 -16.347795
vn 3.472503 -3.925572 -3.372720
v 25.751575 -11.190736 -2.377013
vn 5.384372 -2.895263 -0.593502
v 29.604349 -8.075425 1.819306
vn 4.212999 4.148930 -1.887426
v 12.399562 -2.869646 -21.023088
vn 5.376231 1.074807 -3.015348
v 19.767769 -10.047499 -15.160676
vn 5.630626 0.669950 -2.605773
v 21.114782 -11.248096 -12.939912
vn 5.520881 -2.828280 -0.032194
v 29.382687 -8.635829 4.523838
vn 5.554226 -2.137281 1.331414
v 23.408548 -15.656124 8.586523
vn 4.796243 2.041302 -3.437147
v 16.091967 -7.222632 -19.644846
vn 4.566765 3.028783 -2.922370
v 13.014986 -4.014519 -21.591204
vn 5.188883 -3.531442 -0.166791
v 27.828472 -10.982342 5.355216
vn 4.896753 -3.395456 -1.607683
v 27.184282 -11.181809 0.022778
vn 5.781552 -1.541021 -1.464781
v 24.467285 -12.574642 -2.250729
vn 5.325700 -0.497684 -3.157277
v 20.361559 -14.234591 -14.580846
vn 5.071651 1.085645 -3.473555
v 17.596508 -9.196057 -18.370792
vn 5.278150 -3.336073 -0.582311
v 28.017195 -10.307027 2.740704
vn 3.804346 -4.594436 -1.613074
v 25.909027 -12.777164 0.539424
vn 6.106916 -0.802923 -1.023093
v 23.985193 -16.028893 -4.318530
vn 5.261630 0.390507 -3.350340
v 19.215481 -11.273959 -16.392538
vn 4.435107 2.946729 -3.200067
v 11.661580 -3.353457 -22.933937
vn 5.053829 -3.519942 -0.780194
v 27.179539 -11.690797 1.661246
vn 4.928717 -0.200190 -3.819628
v 17.519796 -12.205158 -18.844950
vn 6.077256 -1.296213 0.696496
v 23.821909 -15.721139 5.758565
vn 5.774956 -1.682487 -1.620139
v 23.096584 -18.004843 -6.504395
vn 2.574659 4.940839 -2.585095
v 3.028613 3.233896 -25.462067
vn 5.601228 -2.304562 0.265169
v 24.142462 -15.077731 3.935454
vn 5.900202 -1.777338 -0.918988
v 23.645981 -18.391329 -3.468016
vn 5.459755 -2.367881 -1.856227
v 22.254072 -19.543007 -7.419268
vn 6.176211 -0.944791 0.382770
v 24.079046 -17.351854 2.165970
vn 4.726868 -1.414782 -3.804893
v 17.907980 -15.926631 -17.572821
vn 4.297110 -1.765064 -4.186697
v 16.320887 -16.027588 -19.289682
vn 3.673038 -2.102758 -4.578057
v 13.199227 -16.821579 -21.866480
vn 4.153381 -3.768665 -2.743928
v 18.540672 -22.029438 -11.930761
vn 3.754992 -2.844410 -4.083523
v 14.480355 -19.356447 -19.302013
vn 3.122361 -3.317990 -4.235645
v 12.106111 -20.076849 -20.758280
vn 3.109825 -2.544894 -4.782773
v 11.198494 -17.878527 -22.766787
vn 1.795329 -1.574528 -5.730432
v 5.978389 -13.288998 -27.232393
vn 2.674328 -2.220744 -5.165482
v 8.881249 -16.136969 -24.998795
vn 2.420785 -4.228136 -3.916718
v 10.441674 -21.733507 -20.294973
vn 1.817315 -2.880632 -5.236652
v 5.649460 -18.078953 -25.389637
vn 2.342462 -3.358429 -4.675611
v 8.588730 -19.865250 -23.088396
vn 1.974300 -4.219291 -4.169523
v 8.106163 -21.322685 -22.017435
vn 1.616690 -4.153300 -4.377207
v 6.229295 -21.026985 -23.083511
vn 1.345994 -3.643232 -4.878600
v 4.528691 -19.934887 -24.569357
vn 0.421442 -2.152043 -5.809766
v 0.731837 -15.867238 -27.390734
vn 1.040564 -4.279959 -4.462633
v 4.186327 -21.131525 -23.585588
vn 0.953309 -2.815591 -5.460729
v 2.765356 -18.070297 -26.171959
vn 0.518470 -4.182719 -4.606587
v 1.568712 -20.689686 -24.507425
vn 4.942639 0.274865 -3.792194
v 9.234332 10.756358 -4.126142
vn 3.967556 -2.047738 -4.281680
v 7.636422 5.992887 -5.053215
vn 4.596219 0.075414 -4.221585
v 8.351145 10.317870 -5.196627
vn 4.289574 0.981851 -4.393002
v 7.907029 12.124472 -5.443321
vn 3.506351 1.412171 -4.939079
v 6.378119 13.640625 -6.330196
vn 3.600998 -1.226215 -4.927120
v 6.638886 7.567992 -6.405596
vn 3.071249 -2.766188 -4.582904
v 5.855247 5.340527 -6.122736
vn 2.953759 -0.228136 -5.424191
v 5.434781 9.389556 -7.491168
vn 3.719075 0.149712 -4.950412
v 6.971704 10.193381 -6.498356
vn 2.726031 -2.073536 -5.135575
v 4.810947 6.108191 -7.140553
vn 1.936731 0.546332 -5.885053
v 2.761827 11.365710 -8.520226
vn 1.585929 4.423202 -4.021815
v 2.351852 20.050367 -4.372890
vn 0.268369 4.844082 -3.873064
v -0.286960 20.692356 -4.212180
vn 1.024090 5.229484 -3.136672
v 1.370438 21.949217 -2.147650
vn 0.314103 3.836885 -4.788228
v -0.400986 18.851267 -6.151432
vn 0.909749 1.737505 -5.918964
v 0.667696 14.172088 -8.457233
vn 0.862250 2.662741 -5.539905
v 0.441276 15.870021 -7.852149
vn -0.017574 3.166364 -5.346474
v -0.957237 17.070063 -7.322534
vn -0.999387 -2.777284 -5.418855
v 25.716240 -4.855636 -5.752260
vn -0.869125 -3.323992 -5.239269
v 26.180744 -5.863877 -5.103810
vn 1.123222 -2.885398 -5.068300
v 27.016241 -5.537296 -5.433909
vn 3.355963 -1.900387 -4.700334
v 25.669928 -8.718527 -4.366609
vn 3.232516 -1.928282 -4.969916
v 24.129591 -9.863145 -4.585452
vn -1.794343 3.602439 -4.704135
v -4.887455 18.223196 -5.884732
vn -4.020107 -0.172183 -4.763387
v -9.916690 9.512988 -5.642191
vn 4.819406 1.234707 -3.807997
v 16.256979 -8.459424 -19.942089
vn 4.616375 1.844073 -3.763502
v 13.917210 -6.332783 -21.996542
vn 4.814967 0.634606 -3.955242
v 16.260571 -9.652623 -20.228401
vn 4.426941 1.802408 -4.025980
v 12.241712 -5.430832 -23.488033
vn 3.996377 2.342969 -4.163262
v 9.202230 -2.679823 -25.298990
vn 4.256227 2.176875 -4.024783
v 10.574029 -3.739212 -24.470911
vn 4.367084 0.856372 -4.385488
v 13.086977 -7.841169 -23.382675
vn 3.741794 1.137549 -4.815693
v 9.919689 -5.294978 -25.714067
vn 3.832128 0.137511 -4.902344
v 11.490124 -8.761939 -24.936804
vn 1.653034 1.336497 -5.837434
v 3.481856 -0.990514 -28.045664
vn 3.686024 -0.642319 -5.017158
v 11.268818 -10.823074 -24.941790
vn 0.775335 1.543713 -5.944272
v 1.165254 0.039253 -28.282385
vn -0.097111 1.599241 -6.010933
v -1.231366 0.176285 -28.341372
vn -3.966332 2.142048 -4.298690
v -9.541488 -2.896901 -26.160187
vn 3.274793 -3.745040 -3.759400
v 13.997293 -21.251884 -18.137184
vn 3.609436 -3.963911 -3.241229
v 15.738299 -21.779123 -15.826015
vn -1.784520 1.317357 -5.797413
v -5.812094 -2.083833 -28.182884
vn 1.729456 -2.195128 -5.576849
v 5.767647 -15.788165 -26.426453
vn 3.503618 4.034327 -3.081501
v -24.273157 -3.535556 -5.505597
vn 2.657014 3.238520 -4.564711
v -24.683016 -4.203126 -6.491018
vn 4.055077 2.334784 -3.503997
v -24.892506 -3.731891 -6.152353
vn 4.231700 2.892533 -3.100218
v -24.855167 -3.005813 -5.930817
vn 1.088907 -4.650695 -4.032293
v 4.465182 -21.891888 -22.748674
vn 1.822166 -3.232317 -4.954442
v 3.296778 5.128266 -7.296271
vn 1.306794 -2.544728 -5.524605
v 1.153792 3.321953 -6.530753
vn 1.204482 -3.575464 -5.023234
v 1.107622 4.428183 -7.286120
vn 1.570540 -2.270136 -5.523647
v 2.412504 6.203969 -8.147951
vn 0.204549 0.991579 -6.016683
v -0.118587 2.284199 -6.519502
vn 2.236746 -0.812113 -5.710469
v 3.661327 8.028552 -8.183636
vn 0.329004 -2.283877 -5.740091
v -0.241829 3.060364 -6.637912
vn 1.164851 -1.206207 -5.932221
v 1.175174 7.453593 -8.829285
vn 0.663204 -3.317054 -5.244252
v 0.130646 5.049809 -7.951130
vn 0.181037 -0.997144 -6.061260
v -0.439610 8.004444 -9.133162
vn 0.190316 -2.578792 -5.597785
v -0.422597 5.766127 -8.430455
vn -0.685263 -3.755830 -4.957870
v -3.102547 4.046207 -7.211680
vn -0.484253 -3.017835 -5.427649
v -2.556328 5.014459 -7.922337
vn -1.235138 -3.288661 -5.085114
v -4.135216 4.520316 -7.400573
vn -1.205307 -1.860234 -5.760832
v -3.694836 6.488107 -8.428450
vn -1.368014 1.589991 -5.840764
v -3.820833 13.493725 -8.571400
vn -1.989500 -3.130200 -4.877230
v -5.702147 4.413593 -6.861157
vn -2.446518 1.411678 -5.565273
v -5.748815 13.063587 -8.008346
vn -2.363708 0.703202 -5.704340
v -5.700093 12.005952 -8.242549
vn -2.441238 -3.821130 -4.282679
v -7.871966 2.713430 -4.097486
vn -2.693071 -3.386668 -4.399488
v -7.952373 4.022752 -5.435110
vn -3.572350 -3.514645 -3.719199
v -9.804970 3.595803 -3.567825
vn -4.028060 -3.563995 -3.203876
v -10.438958 3.162243 -2.386474
vn -4.311181 -2.920260 -3.420584
v -10.636580 4.128792 -3.143091
vn -4.578911 -2.069202 -3.653611
v -10.973462 5.470530 -3.689379
vn -4.221251 -4.491048 0.390926
v -13.778700 1.287525 9.243993
vn -4.493035 -4.310569 0.400798
v -12.371728 0.126052 8.543899
vn -4.460191 -3.270190 -2.960119
v -10.650037 1.871150 -0.542124
vn -4.802276 -2.872725 -2.703624
v -11.990972 3.743143 -0.772737
vn -4.990621 -3.352113 -0.622410
v -14.825170 2.522579 7.338209
vn -4.970470 -3.710948 -0.607574
v -12.290725 0.116150 7.026437
vn -5.902043 -1.663907 0.118075
v -11.922953 -0.553860 6.980297
vn -6.058849 -1.087473 -0.688921
v -11.916265 -0.247444 5.534729
vn -5.953438 1.499238 0.667174
v -11.930489 -0.981343 6.903852
vn -5.262372 -1.799405 -2.780069
v -12.699852 6.027076 -1.387529
vn -5.129535 -0.888053 -3.377877
v -12.347513 7.745995 -2.756936
vn -5.124829 -2.765775 -2.262792
v -11.359797 1.188018 1.591633
vn -5.853525 1.953939 0.700317
v -15.374476 9.108497 9.008427
vn -5.844992 -1.596099 -0.263070
v -15.636585 4.316711 7.741478
vn -5.623548 -2.339557 -1.401639
v -11.918934 0.278678 4.419710
vn -4.783443 -3.759595 -1.500986
v -12.406290 0.831077 4.938663
vn -5.283261 -2.270295 -2.454558
v -13.778574 4.005193 2.846692
vn -5.691413 -0.064805 -2.517443
v -13.357291 9.706116 -1.155098
vn -6.126598 0.290853 0.128877
v -15.895637 6.926554 8.213776
vn -4.743689 -3.392811 -2.304318
v -13.122761 2.624811 3.186296
vn -4.978966 -2.856296 -1.833140
v -14.654721 3.011021 5.425929
vn -5.781797 -0.878864 -1.929183
v -15.335883 5.530642 5.239390
vn -6.057212 1.077178 -0.854351
v -15.705247 7.784096 7.064285
vn 0.520140 2.403848 -5.724520
v 0.462050 0.965526 -28.029984
vn -3.052799 3.581137 -3.863801
v -4.397021 2.170168 -26.860353
vn -2.259283 1.671127 -2.337496
v -4.401980 2.168210 -26.851200
vn -5.100634 -1.768441 2.902680
v -21.534159 -13.786551 11.810521
vn 0.255057 2.629769 -5.616559
v -22.475889 -6.950503 -6.965038
vn 2.515557 2.639642 -5.074168
v -22.964880 -5.863243 -6.676096
vn -5.075304 0.276645 -3.648159
v -15.466025 -10.219893 -21.199165
vn -1.531156 0.816705 -5.956371
v -22.709959 -7.981287 -7.248510
vn 0.766060 1.586740 -6.013165
v -22.920851 -6.877384 -7.012378
vn -3.525464 0.907995 -5.059427
v -22.840048 -8.878086 -7.337746
vn -5.965648 -1.357464 1.430543
v -21.803125 -16.175787 9.206333
vn -3.740462 -0.181855 -4.974960
v -10.899674 -7.892907 -26.087059
vn -4.349551 -0.548971 -4.429376
v -13.521846 -10.773640 -23.548260
vn -4.813931 -0.570953 -3.944516
v -15.428444 -12.400209 -21.188187
vn -5.744805 -2.126865 1.263040
v -22.268469 -15.869392 7.536896
vn -3.417178 -1.005192 -5.119537
v -10.356743 -10.485941 -26.162653
vn -4.818294 -1.197658 -3.810689
v -23.296185 -10.714535 -6.778014
vn -4.349070 -1.164391 -4.355464
v -14.114558 -13.144876 -22.454798
vn -3.205526 -2.113641 -4.840846
v -23.623615 -10.495155 -6.524454
vn -2.935509 -2.482563 -4.773796
v -25.289192 -9.809760 -6.229110
vn -2.712817 -2.128863 -5.197709
v -26.155802 -8.068688 -6.254900
vn -5.726190 -1.220028 -2.125377
v -23.350880 -12.208737 -6.114102
vn -4.287988 -2.259431 -3.927307
v -23.675674 -11.483730 -6.001542
vn -5.677126 1.852162 1.597315
v -29.738497 -5.525805 3.420719
vn -5.979940 -0.011439 1.101481
v -30.074331 -7.008807 3.239866
vn -2.908453 -3.276645 -4.476022
v -24.080488 -11.314466 -5.782970
vn 0.026767 -0.075253 0.064225
v -27.248600 -8.085560 -5.805480
vn -0.852388 -2.304042 -2.109662
v -27.439259 -7.959256 -5.882755
vn -1.416094 -3.247356 -5.151789
v -26.703264 -7.830806 -6.188098
vn -5.744414 -1.479365 1.576160
v -29.063084 -9.618382 5.966701
vn -5.954570 -1.799486 0.820957
v -22.524187 -16.403486 4.918834
vn -4.544010 -1.483102 -4.035969
v -15.625935 -14.787357 -20.333452
vn -1.433905 0.001163 -5.814103
v -27.258894 -4.765788 -7.217357
vn -5.321093 -1.286454 -2.968622
v -19.750166 -15.850789 -14.109611
vn -4.830439 -2.748681 -2.840807
v -23.622395 -12.091053 -5.617568
vn -5.966812 -0.838361 -1.649138
v -22.775291 -13.717022 -7.835022
vn -4.970365 -1.100472 -3.608615
v -17.187958 -14.710811 -18.449570
vn -5.515979 2.769380 0.614549
v -29.877459 -4.310050 -0.056500
vn -5.784537 -2.180692 0.810369
v -21.738079 -19.478689 5.078221
vn -3.838858 -1.941206 -4.508335
v -13.297753 -14.873812 -22.669037
vn -5.108539 -2.694295 -2.254814
v -23.677494 -13.020275 -4.456580
vn -5.337929 3.129584 0.479380
v -29.774330 -3.942163 -1.177176
vn 0.291860 -3.460454 -5.150069
v 0.985401 -19.457121 -25.562466
vn -4.284724 -2.105611 -4.063646
v -15.356080 -16.890123 -19.648188
vn -5.176039 -3.083231 -1.623309
v -23.724392 -13.601587 -3.489608
vn -4.719458 -2.109132 -3.466619
v -17.269072 -17.780956 -17.004452
vn -5.954888 -1.566676 -1.196100
v -23.466276 -13.793571 -4.350589
vn -5.890125 -1.907316 0.362410
v -29.658928 -9.304469 2.669625
vn -6.014115 -1.695077 0.529471
v -22.552740 -17.771351 2.324661
vn -0.589307 -2.767562 -5.513573
v -2.191767 -17.363523 -26.709316
vn -6.031734 1.398721 0.405683
v -30.232912 -5.287201 -0.123657
vn -5.046346 -2.254391 -2.898463
v -18.844862 -17.995800 -14.393826
vn -6.087516 -0.501163 0.085876
v -30.351128 -6.576081 0.258141
vn -4.138132 -2.689742 -3.835910
v -15.628579 -18.734200 -18.307590
vn -5.758118 -2.400472 0.255235
v -22.040552 -19.485083 1.841215
vn -4.643367 -3.799292 -1.640308
v -23.784342 -14.204901 -1.970718
vn -4.366600 -3.095792 -3.208661
v -16.698858 -19.838699 -16.125917
vn -5.772634 -1.825488 -1.428674
v -22.337820 -16.773556 -6.990002
vn -0.725500 -3.669110 -4.991620
v -2.068714 -19.875006 -25.115463
vn -5.582538 -2.579547 -0.678909
v -29.386904 -9.587772 -0.997925
vn -3.333946 -2.794915 -4.501025
v -11.822339 -17.884394 -22.215897
vn -5.928858 -0.592192 -1.206883
v -30.079996 -6.243971 -3.538581
vn -0.328973 -4.310365 -4.491212
v -1.196401 -21.028561 -24.249313
vn -2.834875 -3.243365 -4.545251
v -10.275045 -18.710083 -22.719349
vn -5.354685 -2.197184 -2.350947
v -20.269291 -18.141438 -11.398401
vn -3.021769 -2.462684 -4.848571
v -10.059143 -16.140638 -24.479296
vn -2.926441 -3.617541 -4.181879
v -11.445515 -20.218578 -20.758871
vn -3.504232 -3.701334 -3.520881
v -14.360198 -20.976345 -17.798513
vn -2.079905 -2.754494 -5.182368
v -6.702330 -16.669149 -25.901421
vn -4.204443 -3.643606 -2.844852
v -16.916359 -20.895220 -14.625064
vn -1.223696 -4.089913 -4.574488
v -3.694169 -20.806854 -23.991503
vn -1.573288 -3.592495 -4.870508
v -4.930752 -19.498564 -24.685675
vn -2.079957 -3.487178 -4.768647
v -7.013567 -19.076427 -24.182306
vn -2.377730 -3.536469 -4.573316
v -8.371305 -19.410805 -23.300072
vn -4.898961 -3.872245 -0.433819
v -20.185345 -22.562523 0.079892
vn -2.267655 -4.265278 -3.961920
v -9.181582 -21.648569 -20.822237
vn -2.711202 -4.367616 -3.443269
v -12.328813 -21.925316 -18.488129
vn -3.303436 -4.477355 -2.785341
v -14.895415 -22.296331 -15.387787
vn -1.744110 -4.343558 -4.110677
v -6.198902 -21.525402 -22.464918
vn -1.794550 -5.015504 -3.235625
v -8.558341 -22.843868 -19.661037
vn 5.573295 1.822526 2.012402
v 12.878720 10.220906 11.865852
vn 5.432646 1.272339 2.728050
v 12.594474 9.538406 12.937842
vn 4.888524 2.846759 2.477480
v 12.094761 11.420929 12.475405
vn 5.137823 0.021323 3.269247
v 12.367240 8.017696 13.787351
vn 4.865540 -1.496973 3.544183
v 11.757741 5.787885 14.072030
vn 3.478194 3.380529 3.931521
v 9.882433 12.055435 14.628596
vn 4.617957 -2.558695 3.311363
v 9.754344 3.574161 15.392299
vn 3.455320 2.961534 4.330671
v 7.818547 11.480927 16.590420
vn 3.086249 5.348118 0.851980
v 11.971953 0.520078 7.183553
vn 4.080219 3.222515 3.486761
v 8.169777 9.959282 17.358900
vn 5.702192 -0.512151 2.367354
v 8.623938 6.643753 19.012754
vn 2.373156 5.672337 1.121350
v 12.457829 -0.043994 8.953120
vn 4.900287 2.029671 2.959107
v 9.013517 15.521215 12.974794
vn 4.033144 3.935226 2.524160
v 6.911598 10.893485 17.907736
vn 2.741500 5.366549 1.550926
v 11.856451 -0.184675 10.630986
vn 4.829051 2.808175 2.622738
v 8.472324 17.046593 12.535021
vn 2.141014 5.663905 1.659560
v 11.802882 -0.510203 12.007699
vn 1.905602 5.264483 2.766457
v 9.518724 -0.742947 14.696595
vn 2.109022 5.436005 2.307960
v 10.230026 -0.473097 13.603995
vn 5.586317 -0.203653 2.819816
v 8.348991 7.906385 19.516825
vn 2.247685 5.611637 1.628335
v 14.273569 -1.370468 12.138044
vn 3.858305 2.901436 3.893084
v 7.083660 17.149628 14.239874
vn 5.324255 1.307077 3.013584
v 7.926872 7.011362 20.220097
vn 3.402429 3.472661 3.789877
v 8.373837 -0.149674 14.755521
vn 5.058266 -0.612424 3.534211
v 7.891571 7.568633 20.157436
vn 4.417933 1.077393 4.156857
v 7.351693 7.431652 20.779377
vn 5.398549 -0.386872 2.567236
v 7.821764 8.855046 21.003666
vn 1.945715 5.662964 1.894679
v 12.644114 -1.310096 13.719162
vn 4.251447 -2.369882 3.829706
v 7.523026 8.710546 21.350248
vn 4.103172 -1.968020 4.201563
v 7.525975 7.756149 20.643589
vn 5.103993 -0.441795 2.944853
v 7.423947 9.528327 21.870329
vn 2.477511 5.367781 2.044152
v 14.289386 -1.898066 13.695770
vn 2.804223 5.332500 1.598060
v 15.854004 -1.523795 10.264543
vn 3.195118 -3.003576 4.371769
v 7.082376 9.027190 21.959919
vn 3.098242 -1.237310 5.050382
v 6.742042 7.815612 21.306339
vn 3.268752 1.899344 4.894993
v 6.635316 7.562461 21.401337
vn 3.778540 -2.189801 4.415707
v 6.998861 9.455894 22.288843
vn 1.989839 -1.752334 5.361119
v 5.735286 7.921793 21.696787
vn 2.147100 2.263724 5.416250
v 6.311324 7.660478 21.556904
vn 2.242846 4.430310 3.744990
v 7.479950 -0.888838 16.257492
vn 2.727195 2.930903 4.822450
v 3.948582 13.923746 18.028067
vn 4.374644 -0.974551 4.136909
v 6.905585 10.310826 22.714933
vn 2.448490 -3.010276 4.748349
v 6.607702 9.414586 22.541807
vn 1.866447 5.410289 2.461884
v 12.019893 -2.032570 16.352531
vn 3.044155 3.054363 4.524569
v 4.832547 18.017914 15.355289
vn 1.059281 5.490716 2.832251
v 7.875506 -1.630491 17.257055
vn 2.517037 5.506444 1.439283
v 18.030312 -2.598636 9.019759
vn 3.352171 5.240571 0.566201
v 16.936304 -0.947884 4.567676
vn 1.152003 5.882778 1.853456
v 18.269083 -2.919662 9.861950
vn 0.325147 6.093696 1.024397
v 18.715889 -2.838039 9.270790
vn 2.800764 4.925887 2.636710
v 14.332323 -3.062138 16.242828
vn 2.890614 5.478512 0.841699
v 18.195663 -2.208555 6.794021
vn 4.768818 0.914133 3.797404
v 4.746977 7.868279 22.499077
vn 3.050465 5.406940 0.365137
v 18.560852 -2.170300 4.364721
vn 2.212682 -1.295707 5.646332
v 4.716268 8.627151 22.580303
vn 2.507101 0.002843 5.429105
v 4.665368 8.300879 22.555056
vn 1.057500 -3.093915 5.312104
v 5.015898 8.963480 22.631384
vn 4.466846 2.682639 3.500808
v 4.765338 7.307099 22.863558
vn 2.889804 4.585807 3.136534
v 13.992734 -3.874325 17.885098
vn 3.881708 0.023236 4.744825
v 5.527111 12.094994 24.232302
vn 4.456106 1.969184 3.914695
v 4.408296 8.163510 22.854780
vn 0.806081 5.018382 3.566411
v 4.772431 -1.966606 18.682550
vn 2.020386 1.316949 5.649224
v 3.924621 8.877965 22.802013
vn 4.046553 0.741092 4.614276
v 5.242702 12.517546 24.408733
vn 3.963726 2.935373 3.707575
v 4.258151 7.153118 23.539776
vn 1.239608 5.403581 2.833768
v 9.320025 -2.682573 19.239843
vn 2.311668 -1.578007 5.351296
v 5.210907 11.889582 24.408010
vn 3.166784 2.683360 4.601320
v 4.122728 8.623458 22.836952
vn 1.985444 4.887199 3.006398
v 4.465183 6.904521 23.626070
vn 1.501042 3.523718 4.921937
v 1.074605 14.792186 18.702257
vn 1.884217 2.409478 4.956721
v 3.449391 9.041990 22.933783
vn 3.296658 0.036090 5.209949
v 4.776543 12.859611 24.749817
vn 2.735574 4.107453 3.797783
v 12.689690 -5.083675 20.552824
vn 3.339662 1.648524 4.773386
v 3.956816 13.737079 25.193909
vn 0.126803 5.210830 3.450240
v 2.936953 -2.345837 19.491236
vn 0.240299 -3.296249 5.307063
v 2.697407 12.582179 25.131927
vn -0.365151 -1.191956 5.502747
v 1.934294 9.857656 22.833555
vn 0.699865 4.270794 4.414502
v 18.795040 -5.982875 15.841044
vn 2.314105 -0.109049 5.643205
v 3.566638 13.641303 25.420769
vn 0.704174 2.712774 5.336113
v 1.821618 9.594452 22.894632
vn 1.379701 -2.003207 5.653708
v 3.613267 13.058509 25.282701
vn -0.749040 -3.033202 5.189888
v 1.098694 10.262897 22.949789
vn -0.399734 4.964452 3.661214
v 1.712464 -2.610157 19.820210
vn 0.764749 1.466229 5.756860
v 1.332057 9.786174 22.888786
vn -0.253731 -4.288749 4.576616
v 0.558909 11.765409 24.397175
vn 0.014458 5.307890 3.247593
v 2.853741 -3.778557 22.362778
vn 1.921933 0.614546 5.648091
v 2.301350 14.401695 25.873234
vn 1.570105 -0.885901 5.893433
v 2.686245 13.899125 25.707357
vn -0.854284 0.092920 5.913752
v 0.999103 9.995439 22.861494
vn 0.732495 4.445729 4.074104
v 1.076396 9.654771 23.026619
vn -0.430790 0.931148 5.359304
v 0.628308 9.956362 22.789454
vn -0.258979 3.897821 4.718330
v 21.227512 -5.203684 15.557117
vn -2.464529 0.977744 5.440947
v -0.184032 10.027700 22.759501
vn 0.340422 2.377679 5.762296
v 20.955681 -6.860065 16.452433
vn 0.706260 -2.529220 5.625566
v 0.263553 14.088266 26.161789
vn -0.693280 3.848032 4.383779
v -0.028972 9.821362 22.900112
vn -0.724604 -2.456747 5.116306
v -0.080042 10.313727 22.803268
vn -1.894142 0.867427 5.814142
v -0.472785 10.050473 22.663977
vn -2.284274 3.660248 4.034154
v -0.594964 9.759123 22.733028
vn -0.544798 5.414146 3.110047
v -0.482804 -3.051073 20.228724
vn 1.068309 3.012491 5.210695
v 22.484535 -5.761709 15.841026
vn -0.908335 -2.672926 4.974574
v -1.203048 9.987579 22.424372
vn -2.862596 0.825790 4.976626
v -1.133457 9.678719 22.393181
vn 1.333836 1.391676 5.856956
v 22.215563 -7.051095 16.380196
vn 2.150855 2.193870 5.400667
v 23.351133 -6.218503 15.763764
vn -1.165800 0.287159 5.222369
v -1.464681 9.587779 22.249516
vn -1.758386 4.120533 2.953955
v -1.497360 9.289241 22.399147
vn -1.833134 5.740772 1.714103
v -1.021539 9.270148 23.575716
vn -0.285734 5.432594 2.818637
v -0.496696 9.051900 24.564161
vn -0.190325 4.932449 2.779843
v -2.066963 9.148862 22.460566
vn -0.721961 5.304217 3.224654
v -0.082823 -4.171541 22.588890
vn 0.541466 2.328896 5.025657
v -2.059425 9.376588 22.250710
vn 3.030458 1.951152 5.050351
v 24.920418 -6.037625 14.906013
vn 2.591129 0.603908 5.501661
v 23.590597 -7.175232 15.950200
vn 1.052986 3.120157 3.874932
v -2.743466 9.294746 22.335791
vn 1.747746 -0.146426 5.872798
v 21.252670 -8.783361 16.810036
vn 3.670736 1.150603 4.812679
v 25.223040 -6.233239 14.773561
vn 3.060116 -0.937295 5.311780
v 23.761181 -8.147627 15.790030
vn 3.691913 0.143935 4.961899
v 24.946077 -7.080282 15.088836
vn 0.896042 5.105135 3.213095
v -3.240435 9.270434 22.700518
vn -1.079948 5.582948 2.570318
v -2.519066 8.605309 24.590170
vn 2.387733 2.676718 5.111229
v 9.814956 -9.692706 25.895927
vn 4.530499 1.959007 3.851092
v 18.318626 -9.919250 18.925875
vn -1.790902 5.013733 3.052303
v -3.539568 8.370049 24.654070
vn -0.914975 4.287776 4.448715
v -1.622007 -6.485023 25.069910
vn 4.133099 0.999003 4.549632
v 26.430380 -5.852394 13.626905
vn -0.720448 3.930489 4.506296
v -3.878303 9.263867 22.690416
vn -3.290829 2.238791 4.826921
v -8.106145 17.219303 15.830038
vn 2.638633 2.051690 5.278922
v 10.383285 -10.599913 26.026306
vn 3.829678 -2.184097 4.412042
v 24.914572 -9.506052 14.515192
vn 0.256446 3.130620 5.366052
v 2.215079 -8.991457 27.304276
vn 3.537030 -1.638490 4.890925
v 24.522146 -8.928233 15.054160
vn -0.086702 -0.068607 0.053695
v 6.618560 -9.893680 27.096201
vn 0.504715 -0.660147 1.886577
v 6.352910 -9.916740 27.159201
vn 4.987572 2.307664 2.786687
v 27.961353 -4.770098 11.254210
vn -0.367236 3.625841 5.122407
v 0.234910 -8.094493 26.607426
vn 5.610310 0.522270 2.587322
v 28.426916 -6.094532 10.967603
vn 5.231064 2.448618 2.134383
v 28.694048 -4.222544 9.213943
vn 3.328069 1.940648 4.918941
v 12.526125 -11.171185 25.003746
vn -1.354012 3.721905 5.910203
v -0.054351 -8.403051 26.781092
vn 3.811658 2.064612 4.499412
v 14.349435 -10.931181 23.518017
vn 4.088885 1.484506 4.503880
v 15.225064 -12.710312 23.423021
vn -3.595584 1.785519 4.609276
v -4.950334 6.800909 25.166599
vn -3.942062 2.847643 3.716230
v -6.021784 7.121009 24.016781
vn -4.044349 1.603233 4.447805
v -5.535212 5.773214 24.796169
vn -4.527524 1.811642 3.822764
v -6.541049 5.867043 23.720636
vn 4.438287 1.208387 4.206089
v 16.478737 -13.079231 22.344604
vn -3.605288 3.663060 3.551744
v -6.647984 5.612695 23.806723
vn 3.728019 0.793014 4.886195
v 14.194331 -13.877306 24.645805
vn -4.358872 1.053478 4.325158
v -5.915954 6.618159 24.323841
vn -1.521248 3.662493 4.778419
v -4.672814 -8.049621 25.680370
vn -4.640688 1.649430 3.692875
v -6.415967 6.870628 23.708708
vn -2.348494 5.190053 2.484129
v -7.050478 5.423783 23.677198
vn -0.677521 2.877817 5.516607
v -0.547687 -9.667815 27.498800
vn -3.812886 3.624865 3.180142
v -7.074969 5.717640 23.161957
vn 2.943294 -0.249869 5.460264
v 11.777851 -15.776224 26.273867
vn -4.988859 1.337539 3.510931
v -7.417722 6.136572 22.433250
vn -1.160101 2.987597 5.351800
v -2.920315 -9.354766 26.962172
vn 3.561867 -0.193173 5.118599
v 13.570867 -15.682236 25.156883
vn -4.885849 2.046221 3.255086
v -11.173691 17.142244 12.822598
vn -5.021409 1.921876 3.171385
v -11.522528 15.894286 12.765700
vn -0.457401 1.832284 5.933465
v 0.088397 -12.073409 28.606512
vn 3.962824 -1.078624 4.707871
v 15.180669 -17.359999 23.697687
vn -4.917349 2.130237 2.977310
v -12.454202 14.885521 12.347816
vn -5.041237 -0.097235 2.283536
v -12.885328 12.512263 12.604909
vn -1.078236 1.911595 5.829577
v -1.995607 -11.908180 28.277552
vn -0.838196 0.597704 6.138061
v -1.515460 -14.196114 28.846251
vn -5.482826 -0.250750 2.405770
v -12.725907 11.724692 12.678246
vn -1.620073 0.856772 5.934097
v -3.480977 -13.899457 28.425411
vn -0.078635 -0.200026 6.216164
v 0.427003 -15.151544 29.022247
vn -3.608806 2.290804 4.545041
v -13.714334 -9.900222 22.174425
vn -1.028225 -0.673802 6.055942
v -2.555213 -16.362652 28.703352
vn -1.619319 -1.241231 5.886992
v -3.736884 -17.282995 28.262247
vn -0.948033 -2.375444 5.626671
v -2.216943 -20.156588 27.761301
vn -0.255549 -1.732368 5.989264
v 0.543424 -18.832554 28.428261
vn -4.074144 1.852781 4.342459
v -15.479314 -10.203824 20.781925
vn -4.194594 0.797056 4.560022
v -14.904918 -11.992638 21.833923
vn 2.265970 5.776271 0.546485
v -22.541183 -3.354629 3.033157
vn -0.630029 6.082168 1.242869
v -26.230043 -2.685167 2.369469
vn 4.928810 1.685115 3.390362
v 12.115141 9.864917 13.585726
vn 4.450038 2.611232 3.490180
v 11.362166 11.229593 13.745762
vn 4.280431 3.844018 2.377313
v 11.252391 12.538454 12.433297
vn 5.336444 2.921858 1.516191
v 10.862349 14.223179 9.671067
vn 4.662564 3.874389 1.637120
v 10.900595 13.503840 11.108342
vn 4.217681 4.000653 2.361294
v 10.652145 13.280931 12.137211
vn 3.960610 3.398195 3.360114
v 10.813281 11.994267 13.767554
vn 3.947128 3.878923 2.967414
v 10.206819 13.267290 12.811169
vn 5.812472 2.298269 0.423555
v 11.405547 14.084134 7.059403
vn 5.006309 3.057519 2.188137
v 10.215678 14.297944 11.341059
vn 4.908054 2.772991 2.565217
v 9.660403 13.912982 12.779370
vn 4.115521 3.248579 3.355978
v 9.608992 13.400001 13.367268
vn 4.483434 1.601836 3.811654
v 8.641979 15.079911 13.434383
vn 3.599108 3.407201 3.838450
v 9.009796 12.874406 14.602494
vn 5.594913 2.425846 1.475789
v 10.452447 15.427305 9.171638
vn 5.371500 2.401884 2.166169
v 9.363151 15.441510 11.942160
vn 4.902497 3.385758 1.907466
v 8.372077 9.280569 17.907730
vn 5.862253 1.628334 -1.360951
v 11.283423 13.708293 1.534285
vn 5.425572 2.651691 1.618550
v 9.746157 17.109766 9.133961
vn 4.161295 2.227092 4.091099
v 8.408972 13.427541 14.769582
vn 5.031080 3.047559 2.124497
v 8.652285 17.945784 10.860134
vn 4.494431 1.554819 3.579684
v 8.212361 14.664960 14.670375
vn 5.630332 2.584760 0.802990
v 10.197531 17.002533 7.307369
vn 4.550284 2.386987 3.583243
v 8.041976 15.861516 13.965633
vn 5.294374 3.185649 0.945488
v 8.045804 9.140270 19.611111
vn 5.745015 1.041410 2.036945
v 8.695738 8.158109 18.732033
vn 2.943278 2.206046 4.801776
v 6.633701 15.650662 15.605935
vn 5.185091 3.181866 1.417869
v 9.099055 18.475424 8.785879
vn 5.805285 1.492515 1.532646
v 8.207175 8.716884 19.792273
vn 5.768900 2.271775 -0.407211
v 11.008321 15.573513 3.631543
vn 3.700869 2.400838 4.422330
v 7.155633 13.137212 15.983618
vn 3.474181 2.472316 4.588848
v 5.140233 14.332088 17.082338
vn 5.373573 3.021604 -0.850421
v 9.966835 17.594810 2.924294
vn 3.356045 2.156119 4.746015
v 5.869099 14.547233 16.270395
vn 5.341148 3.137775 0.273229
v 9.740396 18.273273 5.861770
vn 2.642684 5.476470 1.214186
v 15.884338 -0.880571 7.903736
vn 5.448699 2.397517 -1.764842
v 10.324978 15.791211 0.603892
vn 4.855770 3.642497 1.415786
v 8.384791 19.578053 8.709584
vn 4.469634 4.357574 0.253686
v 7.084554 10.279070 19.794859
vn 2.320867 5.716825 0.881024
v 15.504268 -0.312920 5.580917
vn 3.147030 2.571647 4.775697
v 5.685767 16.688730 15.474620
vn 4.521704 3.725255 2.199151
v 7.483964 19.717121 10.621652
vn 5.452407 1.724785 -2.464860
v 10.317823 13.731744 -1.309753
vn 3.189333 2.521423 4.758055
v 4.656363 16.763161 16.210228
vn 4.009031 3.481092 3.284496
v 6.945183 18.497032 13.130434
vn 4.613914 4.115545 0.479933
v 8.047308 20.503403 6.794234
vn 5.016697 3.343427 -0.039592
v 6.934459 10.894526 22.229025
vn 3.296030 3.489659 4.024931
v 5.220963 19.085939 14.226917
vn 4.129079 3.812526 2.738431
v 6.594940 19.974211 11.816214
vn 3.613024 4.996902 -1.107674
v 5.451645 11.759954 20.751310
vn 4.721329 3.930390 -0.814620
v 8.629838 19.694996 3.409032
vn 3.252994 4.870607 2.172352
v 15.855006 -2.799460 13.786005
vn 2.816810 5.383454 -1.473759
v 3.590196 12.994283 21.234251
vn 3.769747 4.451045 2.166852
v 5.901573 21.248787 10.872239
vn 3.608107 4.058333 3.108319
v 5.556068 20.587017 12.348230
vn 2.602733 5.278738 2.047739
v 17.804935 -3.462476 11.977232
vn 4.006068 4.706223 -0.526194
v 7.063758 21.466526 4.548758
vn 3.317918 4.540683 2.754040
v 4.964194 21.496912 11.702954
vn 4.132215 4.412767 1.417247
v 7.067247 21.033205 8.873398
vn 3.996270 4.468031 -1.681320
v 5.873127 12.188181 22.708988
vn 1.162553 6.075143 0.971499
v 18.809343 -2.562171 7.717933
vn 1.478352 6.039383 0.498846
v 18.759850 -2.402298 6.510835
vn 4.952522 3.466513 0.185341
v 6.383931 11.718590 22.983643
vn 4.776797 1.885568 3.146067
v 5.649061 12.389338 24.045113
vn 3.487515 5.083577 0.295062
v 5.756361 22.558699 6.589825
vn 4.719110 3.621041 -1.758628
v 8.889456 18.621059 1.249852
vn 3.977420 4.383067 -1.338944
v 5.272715 13.012890 23.422150
vn 4.989393 2.738266 1.900037
v 5.321692 12.933355 24.122118
vn 3.211856 4.813243 2.380872
v 17.418848 -3.855797 13.348574
vn 0.158856 5.734109 2.169500
v 18.610195 -3.719983 12.016216
vn -0.683303 6.114574 1.195277
v 19.094269 -2.802346 9.218209
vn -0.333029 6.218745 0.370541
v 19.396616 -2.462845 6.551006
vn 0.589857 6.117479 -0.153606
v 19.357096 -2.453117 4.500700
vn 2.288747 5.683437 -0.077027
v 19.086517 -2.434789 3.115637
vn 2.168653 4.881406 3.201215
v 11.683453 -3.337764 19.027573
vn 3.231214 4.624609 2.701639
v 17.216944 -4.746261 15.285592
vn -0.389342 5.241534 3.377071
v 18.954483 -4.746673 14.426985
vn 1.801916 5.410406 2.532701
v 17.923885 -4.201602 13.541530
vn -0.922035 6.203352 -0.244461
v 19.672104 -2.430078 4.310445
vn 0.215909 6.253318 -0.391934
v 19.615534 -2.525683 2.695404
vn 2.892683 5.086411 -2.128108
v 4.621377 13.430757 23.369646
vn 1.757201 4.852379 3.492260
v 18.211849 -5.117546 15.035587
vn 3.418479 4.003933 3.353476
v 15.467384 -5.077217 18.092871
vn -0.844855 6.180936 0.279256
v 21.033669 -2.150671 7.000251
vn -0.680440 6.199951 -0.605385
v 19.883385 -2.537152 2.355691
vn -0.828155 6.177552 -0.315826
v 20.910759 -2.178278 3.829634
vn 1.648595 5.544731 -2.405745
v 1.985261 14.371267 23.099360
vn -0.820753 5.654583 2.336285
v 21.732010 -3.064101 12.416290
vn 0.161337 6.242726 -0.347778
v 21.581629 -2.162754 3.565995
vn 2.526426 5.627193 -0.930657
v 14.434317 0.126225 -3.898745
vn 0.377301 3.608415 5.071630
v -0.986220 14.939557 18.933456
vn -0.194862 6.268260 -0.127620
v 21.449337 -2.123506 5.454690
vn 1.526151 5.977524 -0.657051
v 19.481413 -2.610727 1.501212
vn 3.006114 5.116396 0.026372
v 3.750625 14.280222 24.601517
vn -0.467337 6.080914 -1.018672
v 21.481991 -2.348577 1.411423
vn 2.934894 2.414463 4.320595
v 2.874449 14.481155 25.600658
vn -0.437600 6.115417 -1.145739
v 20.013798 -2.647340 1.522223
vn 3.012024 4.767852 1.371095
v 2.773493 14.831882 25.262009
vn -1.062422 6.097600 0.925679
v 22.344456 -2.127460 8.975385
vn 0.073782 4.658229 3.863858
v 21.942104 -4.379869 14.777369
vn 1.823188 5.534272 -1.714293
v 1.739207 15.234612 24.640141
vn 2.555110 5.562371 0.749941
v 2.169455 15.095850 25.301950
vn 2.804227 3.951259 3.581066
v 2.021737 15.011307 25.706854
vn 3.917725 3.057602 3.795218
v 16.362993 -7.625648 19.654541
vn -1.362540 6.032044 0.606434
v 23.787540 -1.619547 6.939473
vn 3.124030 5.282468 -1.199899
v 15.618703 -0.868707 -5.696742
vn -2.773477 5.589937 0.212551
v 24.003736 -1.333649 3.897746
vn -0.369182 6.009301 1.540230
v 23.750332 -2.133068 10.130954
vn -0.368401 4.801662 3.876678
v -2.331102 14.479710 19.392565
vn -0.158948 5.713442 -2.021535
v -1.383847 15.905065 25.073895
vn 2.295296 5.285275 1.675982
v 1.083960 15.564621 25.698952
vn -1.782079 4.301324 4.107117
v -3.827836 14.249566 19.212341
vn 1.232545 4.519817 3.122656
v 0.752535 15.585630 25.932791
vn 0.823660 5.069602 3.377133
v 23.722916 -3.426122 13.172793
vn 1.788053 5.807821 0.047545
v 1.015815 15.606589 25.558151
vn 0.915501 6.014214 0.485474
v -0.350536 15.876648 25.471378
vn 0.688593 5.589425 2.503121
v 24.406414 -2.550881 11.381508
vn 0.095357 6.157806 0.017508
v -1.311190 15.959751 25.474493
vn -0.765250 5.720468 1.171429
v -2.811654 15.867515 25.851061
vn 0.401208 6.068075 1.270471
v 25.657852 -1.570244 7.576427
vn 1.192366 5.715381 2.079673
v 25.512789 -2.266664 10.186258
vn -1.205485 5.715892 -1.671346
v -3.035278 15.774957 25.274450
vn 2.196484 4.625540 3.452195
v 25.514109 -3.509816 12.471895
vn 1.334481 6.009985 1.022011
v 26.779366 -1.279061 5.086984
vn -0.033679 6.191037 0.877723
v 25.638119 -1.011615 4.145904
vn 2.406642 5.113354 2.489449
v 26.336264 -2.605416 10.359383
vn 1.809862 5.726130 1.622245
v 26.541611 -1.728001 7.520866
vn -2.762152 5.328294 1.784329
v -5.071054 13.358185 19.793221
vn 2.412973 5.522152 1.387809
v 27.496292 -1.673914 6.118141
vn -1.808872 4.849840 3.042352
v -4.434506 15.344882 26.124348
vn -2.376933 5.398321 1.279470
v -4.874204 15.267220 25.858185
vn 2.932575 5.359365 1.090011
v 28.147409 -1.744222 4.946632
vn -2.296289 3.011379 4.336251
v -5.312184 14.824440 26.211800
vn -3.395200 4.619034 -0.688038
v -6.817275 14.138021 25.086918
vn -3.145864 4.757579 1.582281
v -5.617526 14.886602 25.827379
vn 3.883247 3.966320 2.648800
v 27.494967 -3.465170 10.512776
vn 3.707441 4.408786 2.030081
v 27.979582 -2.748806 8.441441
vn 3.914433 4.676104 0.777445
v 28.981171 -2.021227 3.568612
vn 5.096854 2.850543 2.193850
v 28.795019 -3.761162 8.279252
vn 4.130990 4.297981 1.586822
v 28.654367 -2.466604 6.235350
vn 5.150659 2.794175 1.984737
v 29.140657 -3.754034 7.517984
vn 5.106147 3.289149 1.330198
v 29.425074 -2.955240 4.944377
vn -4.093109 4.445465 -1.634629
v -8.378062 11.100892 21.439480
vn 3.912209 4.601644 -1.618474
v 16.580359 -3.652061 -13.472503
vn 5.155274 1.542980 -3.043732
v 22.794371 -8.296768 -5.995667
vn 5.741836 1.539962 1.718270
v 29.554707 -4.551117 7.242303
vn 5.745823 2.045594 1.331329
v 29.717003 -4.031489 5.835516
vn -4.062595 4.722595 -0.030071
v -7.546239 11.532852 20.300047
vn 0.556256 6.127203 -1.263936
v 5.438711 0.530834 -15.724956
vn 5.694297 1.267123 -2.128687
v 21.485641 -9.489408 -11.212484
vn 0.899315 6.179664 -0.577228
v 6.170077 0.369213 -16.273842
vn 0.708699 6.180362 0.610434
v 4.391477 0.532413 -17.445507
vn 5.672503 1.870976 -1.932475
v 21.666161 -9.137361 -10.298528
vn 4.810867 3.301167 -2.183976
v 19.006672 -6.425620 -13.919214
vn 5.230271 2.680379 -2.020910
v 20.399477 -7.567576 -12.283359
vn 0.398392 6.259937 0.079845
v 2.364325 0.685107 -16.611422
vn 4.414406 3.783723 -2.267967
v 17.125656 -5.286694 -15.920371
vn -0.313573 6.260941 0.290319
v 0.224753 0.622169 -16.410175
vn 4.109562 4.323853 -1.933409
v 14.656756 -3.843430 -17.839806
vn -0.087420 6.239496 0.707338
v 1.203799 0.742859 -17.276037
vn -0.720046 6.227569 0.261784
v -1.830816 0.435429 -15.996200
vn 1.434322 6.080993 0.474842
v 6.719979 0.253416 -18.231813
vn 0.453269 6.085854 1.376121
v 2.477369 0.827218 -18.075357
vn 1.947568 5.812782 1.337720
v 6.429978 0.743921 -20.685715
vn -0.171481 6.006873 1.817342
v 0.062894 0.847407 -17.896173
vn 1.457739 5.741501 1.987078
v 4.299284 1.155732 -20.022533
vn -0.187013 5.742918 2.510273
v -0.468330 1.124789 -18.728897
vn 2.235799 5.514693 1.638517
v 2.824600 3.408262 -23.528080
vn 2.959947 5.262609 -0.354795
v 3.533016 3.245966 -24.533707
vn 1.293961 5.583361 2.332099
v 1.182076 3.818871 -23.194290
vn 2.251507 5.581656 -0.846798
v 2.754269 3.582976 -24.847448
vn 1.085382 4.373525 -4.237484
v 0.756166 3.233582 -26.494198
vn -4.199522 4.540795 0.139659
v -8.262688 0.764652 -23.218100
vn -3.281327 4.123704 -3.276805
v -5.146702 2.803230 -25.799412
vn 0.759175 6.114952 -0.350560
v -20.497919 -4.401966 1.124881
vn 2.005123 5.791021 0.169612
v -20.815229 -4.318196 3.229969
vn 1.460783 6.028693 0.482068
v -20.573761 -4.389708 4.537209
vn 2.924260 5.554104 -0.133989
v -21.463062 -3.877761 1.763696
vn 2.168630 5.864220 -0.110153
v -20.680923 -4.267108 2.067277
vn 2.290903 5.707208 -0.307906
v -20.834763 -4.358609 0.323361
vn 3.239599 5.356785 -0.273636
v -21.829758 -3.721999 -0.229709
vn 2.241253 5.634165 -0.975516
v -20.899334 -4.552763 -2.149145
vn 2.894483 5.113528 -1.340833
v -22.469549 -3.670841 -3.824716
vn 2.477597 3.787512 -4.136631
v -23.751577 -4.304810 -6.157279
vn 3.155154 4.493735 -2.679843
v -22.690115 -3.992145 -4.888059
vn 2.063204 5.839438 0.376746
v -23.715555 -2.732133 0.682196
vn 0.143576 6.091209 1.265685
v -25.899181 -2.326644 0.662302
vn -0.025481 6.059247 0.854898
v -26.062361 -2.163280 -0.005392
vn 3.387650 5.136995 0.024190
v 11.643116 0.860440 4.741180
vn 5.235573 2.996802 -0.839868
v 11.175688 1.249748 4.016957
vn 5.511498 2.275409 -1.024745
v 10.999973 1.409634 3.524477
vn 4.880828 3.126265 -1.772880
v 10.895360 1.354314 2.900284
vn 5.940397 -0.377453 -1.810181
v 10.816907 2.041404 3.025866
vn 1.751290 5.969137 0.833584
v 13.294240 0.130466 6.391990
vn 4.713957 2.123714 -1.435740
v 10.537979 1.493562 2.378301
vn 1.703508 6.026601 0.288651
v 11.876085 0.824471 3.286019
vn 3.206397 5.248151 -0.522729
v 11.184455 1.080682 2.851992
vn 4.361246 4.036011 -1.392620
v 10.467012 1.436140 1.541010
vn 5.376657 1.481935 -2.832422
v 10.239120 1.770315 1.398837
vn 1.983551 5.853665 0.587588
v 14.926279 0.161552 3.764817
vn 4.614254 2.610503 -2.268803
v 9.849482 1.612678 0.669074
vn 2.553523 5.675484 -0.457928
v 10.784401 1.191699 1.292346
vn 3.329523 4.690712 -1.371594
v 9.716550 1.466595 -0.058988
vn 1.202265 6.156692 -0.127694
v 11.198630 1.041226 -0.460822
vn 4.742708 2.847642 -2.821300
v 8.989557 1.784212 -0.987563
vn 1.302336 6.048709 -0.635590
v 9.456858 1.236856 -1.886824
vn 4.402287 1.996958 -3.695992
v 7.885780 1.990555 -2.341226
vn 1.848039 5.909476 -0.089139
v 14.063556 0.598575 -0.142835
vn 2.942500 5.074409 -1.967530
v 8.769342 1.487905 -1.882057
vn 3.019428 5.437719 0.048050
v 16.050335 -0.243891 2.046589
vn 3.029105 4.314020 -2.971681
v 6.919817 1.696401 -3.656732
vn 4.113903 1.529570 -4.287366
v 6.661538 2.143453 -3.575063
vn 3.724761 1.444939 -4.818864
v 5.905107 2.119813 -4.288040
vn 3.350568 5.212248 -0.605162
v 16.572863 -0.786363 -2.266173
vn 0.766028 6.226261 -0.061047
v 10.735929 1.109196 -4.548874
vn 3.721885 -0.675346 -4.917946
v 5.916898 2.723915 -4.203780
vn 3.447806 5.217778 -0.454576
v 18.926058 -2.374098 1.002556
vn 2.872294 3.448712 -4.218545
v 5.526775 1.879142 -4.680387
vn 2.430270 4.997289 -2.918303
v 6.066321 1.625440 -4.593244
vn 2.795989 -2.524047 -4.950035
v 4.851252 3.183987 -5.017889
vn 1.630929 5.431502 -2.432678
v 5.517650 1.568054 -5.097476
vn 3.065177 -0.883968 -5.381370
v 4.761394 2.754643 -4.939855
vn 1.503649 5.243577 -2.724493
v 4.728120 1.605399 -5.438253
vn 3.138089 1.041193 -5.281721
v 5.160160 2.355841 -4.704073
vn 3.994076 2.116967 -4.281117
v 7.086718 14.639450 -5.357024
vn 3.583770 4.013491 -3.102186
v 5.913239 19.449930 -2.504886
vn 3.096623 5.309681 -0.610299
v 19.276693 -2.809040 -0.259453
vn 2.609875 3.029621 -4.556170
v 4.255703 1.916722 -5.339111
vn 3.623008 3.217002 -3.938788
v 6.001229 17.335356 -4.554445
vn 2.743984 -1.714967 -5.345098
v 4.009703 3.115106 -5.436021
vn 2.259870 -3.026782 -4.978033
v 3.688516 3.455198 -5.760595
vn -0.699053 6.224948 -0.141205
v 22.237289 -2.094679 6.261837
vn 1.271344 5.984122 -1.138769
v 19.829245 -2.994525 -0.161172
vn -1.159068 6.032203 -0.535687
v 22.594088 -2.199000 4.499617
vn -1.296667 5.943022 -0.607221
v 22.776699 -2.377558 1.777206
vn 2.627765 0.993037 -5.456612
v 3.677630 2.416021 -5.502930
vn 2.464217 4.853419 -2.997828
v 3.960623 21.070145 -2.054739
vn -2.067936 5.901834 -0.069521
v 22.971395 -1.934328 6.275026
vn 1.792704 4.394263 -3.724381
v 3.472975 1.715167 -5.993855
vn 1.835166 0.651797 -5.635016
v 2.448110 2.485941 -5.928906
vn 2.965020 3.917291 -3.827747
v 4.934550 18.862522 -4.083596
vn 1.633485 5.785878 -1.706354
v 20.122784 -3.335674 -1.484905
vn 0.276086 6.205184 -0.718167
v 4.024242 1.394201 -6.647686
vn 2.964693 2.770184 -4.688128
v 5.191916 16.276123 -5.961777
vn -0.594960 5.971925 -1.775847
v 20.363075 -3.240065 -1.133511
vn 0.465513 5.657194 -1.775020
v 20.352316 -3.520745 -1.824298
vn 2.061215 5.786946 -1.091426
v 10.343102 0.718029 -10.232678
vn 3.199468 2.162995 -4.886403
v 5.790773 14.968532 -6.230319
vn 2.531585 4.480280 -3.535237
v 4.087451 20.188583 -3.185427
vn -2.723451 5.610468 0.167450
v 23.691225 -1.543612 5.401408
vn 3.015983 5.383745 -0.927081
v 19.781080 -3.194596 -1.467066
vn 2.719229 3.528117 -4.349449
v 4.658117 17.926968 -5.140689
vn 1.565016 5.889111 -1.457792
v 20.257355 -3.550489 -2.118058
vn -0.212179 5.797316 -2.226039
v 20.630249 -3.654226 -2.335296
vn 3.438088 5.008085 -1.389151
v 19.938822 -3.757810 -3.407082
vn -0.777789 6.071864 -1.342822
v 22.481367 -2.658559 -0.021797
vn -0.969751 5.778328 -2.110261
v 21.534088 -3.147382 -1.663717
vn 2.082234 5.655548 -1.601757
v 20.222681 -3.766817 -2.879152
vn 3.909268 4.755457 -1.110326
v 18.152910 -2.451691 -4.788072
vn 1.252244 0.683997 -5.834569
v 1.255416 2.429116 -6.289981
vn -0.010196 6.268045 0.336796
v 4.507473 1.385474 -7.517709
vn 0.994649 4.006826 -4.512064
v 1.470504 1.806322 -6.551421
vn 0.525343 5.504071 -2.640898
v 20.787254 -4.064475 -3.240748
vn 2.714628 1.128201 -5.477737
v 4.665157 12.889919 -7.528514
vn -2.451552 5.271885 -1.794589
v 22.969225 -2.944379 -1.556008
vn -2.163487 4.769218 -3.239190
v 23.040001 -3.774512 -3.454904
vn 2.345068 5.142066 -2.615541
v 20.419889 -4.108762 -3.580750
vn 2.126843 2.308123 -5.367800
v 3.529362 15.065767 -7.359123
vn 1.743372 3.439268 -4.842838
v 2.768187 17.992153 -6.044439
vn 2.108624 1.563293 -5.680589
v 3.319819 13.932450 -7.812984
vn -4.690038 3.932756 -1.284768
v 23.368673 -2.596814 -1.603832
vn 0.657646 5.246862 -3.179829
v 21.073355 -4.639569 -4.277112
vn 0.277090 5.828553 -1.972757
v 1.398824 1.398821 -7.203362
vn 1.157959 6.020899 0.736577
v 26.695047 -0.947884 3.311708
vn 1.085322 6.067649 -0.961086
v 7.432692 1.349494 -10.902461
vn 3.175883 4.842260 -2.122547
v 20.578030 -4.689618 -4.726591
vn 4.421737 4.142134 -1.614426
v 20.630013 -5.333742 -6.459279
vn -2.710521 5.255403 -1.444555
v 24.613846 -1.462397 -2.502981
vn 0.743496 6.172289 0.070083
v 26.536148 -0.813628 1.429454
vn 0.935637 4.612432 -4.045922
v 21.364969 -5.126019 -4.910912
vn 3.501927 4.323197 -2.754909
v 21.235207 -5.536683 -5.495876
vn -0.836213 5.476526 -2.821384
v -1.604785 1.339698 -7.120646
vn 0.906595 6.109518 -0.519757
v 26.693640 -0.891345 -1.099163
vn -2.749991 2.912620 -4.181162
v 23.495934 -4.298093 -4.251740
vn 3.081427 3.935850 -3.699013
v 21.689556 -6.078614 -5.749316
vn 1.519295 1.696836 -5.803346
v 1.961079 14.012600 -8.230562
vn 1.114033 3.362609 -5.103176
v 21.994997 -5.962674 -5.512051
vn 1.070178 0.440373 -6.080794
v 0.847715 10.992469 -9.058829
vn -3.809334 -0.438129 -4.738914
v 24.243982 -4.648954 -4.971724
vn 0.500549 2.737625 -5.431897
v 22.908533 -5.637248 -5.336560
vn -1.347937 2.725591 -5.280616
v 23.804234 -4.947805 -4.799083
vn 1.603268 2.058903 -5.684152
v 22.504677 -6.517658 -5.659594
vn 2.397130 5.684081 0.237232
v 27.810558 -1.129595 1.566767
vn 0.623849 2.081069 -5.863438
v 23.987417 -5.478241 -5.055207
vn -2.002146 0.732000 -5.835010
v 24.164343 -5.064606 -4.955961
vn 4.338277 3.659604 -2.675249
v 21.490196 -6.275841 -6.279666
vn 4.753980 3.748946 -1.576536
v 20.054052 -6.129898 -10.454187
vn 2.626455 5.571346 -1.171873
v 11.754786 -1.156481 -15.695787
vn 0.563580 6.106069 -1.116422
v 5.397309 1.451817 -12.045347
vn 2.442705 5.601820 -0.705594
v 27.734745 -1.183641 -1.269303
vn -1.381742 4.670560 -3.431697
v -2.691252 1.353465 -6.581441
vn 3.889842 4.703918 -1.035900
v 28.621433 -1.768853 -1.384760
vn 3.888494 4.788945 -0.109173
v 28.935909 -1.786431 0.694839
vn -2.894559 1.759048 -4.738518
v 24.672342 -3.574493 -5.752762
vn -2.813324 -2.009010 -4.889892
v 24.825027 -4.817569 -5.270963
vn 0.059943 6.131176 -1.348649
v 3.507292 0.973724 -14.309189
vn 0.051766 1.277516 -6.097320
v -1.388533 13.069896 -8.916308
vn 1.754874 0.966871 -5.915519
v 22.959442 -7.115571 -5.705935
vn 1.194994 6.027214 -1.306354
v 6.956995 0.546544 -14.564577
vn -0.090718 2.025632 -5.886569
v -1.450600 14.330268 -8.574640
vn -2.476732 -1.673018 -4.657104
v 24.798336 -4.209885 -5.849634
vn 5.036790 3.159183 -1.986772
v 21.904545 -7.198087 -6.844303
vn 5.086257 2.740239 -2.077504
v 29.240145 -3.100293 -2.843179
vn 2.127610 -0.318620 -5.652919
v 24.211222 -7.446844 -5.444542
vn 3.720657 4.230824 -2.024063
v 28.192713 -1.940139 -3.315583
vn -1.040081 0.923485 -5.681707
v 25.230480 -3.678837 -5.991221
vn 0.630536 0.033091 -6.082795
v 24.576738 -5.936551 -5.097550
vn 2.553886 -0.843589 -5.620924
v 25.280207 -7.167780 -4.880697
vn -2.471472 -2.327802 -5.154808
v -5.393854 2.560674 -5.373248
vn -0.499289 3.145375 -5.026831
v 25.521519 -3.227943 -5.848241
vn 0.438180 -1.081385 -5.793596
v 26.135288 -4.408766 -5.985025
vn -0.175957 -3.275380 -4.472234
v 25.515388 -5.781976 -4.998879
vn 0.795712 1.714678 -5.746408
v 26.018240 -3.525250 -5.937899
vn -2.469943 0.602092 -5.658576
v -4.666088 1.892871 -5.584063
vn -1.554748 -3.979095 -4.597990
v -5.092222 3.405978 -6.145537
vn 5.559223 2.275721 -1.774563
v 22.298180 -8.538982 -7.781322
vn 1.162633 4.011015 -4.223095
v 26.919006 -2.310556 -5.041157
vn 2.673648 -0.723657 -5.212379
v 27.574493 -4.590744 -5.567861
vn 3.253612 4.014453 -3.069547
v 27.671007 -2.183516 -4.409637
vn 3.352208 5.089815 -1.439308
v 14.612673 -2.186650 -13.434253
vn 1.683036 1.675921 -5.518371
v 26.863232 -3.486736 -5.752780
vn 3.207380 2.796555 -4.308040
v 27.581675 -2.864884 -5.109037
vn -3.228098 -1.785387 -4.853493
v -6.965680 2.071174 -4.199146
vn 4.618868 0.816727 -3.886738
v 28.396545 -4.005139 -4.831470
vn 2.850649 1.882741 -5.028558
v 27.371601 -3.362868 -5.486931
vn 1.840773 5.958630 -0.686219
v 9.028732 -0.271268 -16.455622
vn -2.306424 -3.764804 -4.454272
v -6.554142 2.865638 -5.001319
vn -3.884662 1.543253 -4.491256
v -6.985206 1.151460 -4.173578
vn 2.192344 5.877105 0.032603
v 9.023175 -0.384960 -18.535395
vn -4.135962 2.299750 -4.034167
v -7.764217 0.831030 -3.592233
vn -4.126467 0.261264 -4.658098
v -7.707187 1.317235 -3.508500
vn -2.477584 5.417802 -1.527133
v -7.247104 0.501674 -4.643985
vn 3.668024 4.957772 -1.169431
v 12.086208 -2.191889 -19.333658
vn 2.972949 5.483400 -0.547533
v 10.535810 -1.055328 -18.719475
vn -3.627624 3.967015 -3.049675
v -7.478384 0.621216 -4.080269
vn -3.889759 -1.578668 -4.552548
v -7.905387 1.683219 -3.383660
vn -3.222848 4.310104 -2.476375
v -8.276065 0.421235 -3.377780
vn 2.662081 5.645200 0.536213
v 8.030896 0.198070 -21.136290
vn -3.536279 4.502914 -1.665805
v -9.032155 0.164534 -2.676024
vn -4.525833 1.536251 -3.921176
v -8.247197 0.940847 -3.029705
vn -4.557036 -0.482781 -4.133660
v -8.697626 1.116775 -2.454492
vn -3.682806 -2.828041 -4.121931
v -8.543665 1.896845 -2.921515
vn -4.162934 -2.786877 -3.706182
v -9.299661 1.721342 -2.078279
vn -1.657194 6.025068 -0.017081
v -9.812066 -0.227136 -3.787556
vn -4.887710 2.014458 -3.081955
v -9.451873 0.490068 -1.640222
vn -2.887005 4.921339 -1.271373
v -9.694998 -0.148175 -2.089387
vn -4.706433 -1.145584 -3.938970
v -9.152916 1.230715 -2.006987
vn 3.513315 5.107460 -0.513429
v 8.539013 -0.036180 -22.356556
vn -5.202033 0.461613 -3.344966
v -9.870633 0.768994 -0.894976
vn 2.839642 5.414745 1.115049
v 6.220885 1.361673 -22.514200
vn -2.099962 5.859558 -0.784053
v -10.317937 -0.275685 -1.751830
vn -5.107579 -1.749660 -3.098010
v -10.339962 1.037616 -0.249885
vn 4.091220 4.142342 -2.139510
v 9.269180 -0.990944 -23.623106
vn 4.189312 3.239748 -3.301778
v 9.387754 -1.684892 -24.334427
vn 3.871211 3.453118 -3.425005
v 7.438578 -0.361338 -25.360060
vn 3.557041 3.964087 -3.219312
v 5.719096 1.208742 -25.531952
vn 3.408566 3.067525 -4.220006
v 6.189652 0.013698 -26.223322
vn -6.020134 0.460269 -1.688282
v -11.369139 0.023316 2.555573
vn 4.636640 -0.165986 -4.199014
v 16.119616 -11.459288 -20.513384
vn -2.841330 5.470665 0.301461
v -12.233894 -1.166506 2.869385
vn -5.670675 2.233163 -1.138536
v -11.473879 -0.421788 2.659248
vn 3.590698 2.529141 -4.437000
v 7.488517 -1.534950 -26.158852
vn 4.498413 0.395181 -4.314007
v 14.903629 -9.759693 -21.795126
vn 4.512048 -0.963146 -4.225408
v 16.327511 -13.837067 -19.969688
vn 3.208808 1.579130 -5.066328
v 7.379068 -2.853816 -26.849386
vn 4.195870 -0.521517 -4.613072
v 14.237182 -11.739554 -22.381405
vn 2.811470 0.094082 -5.518313
v 8.177821 -7.759694 -27.112453
vn 2.376571 0.960032 -5.658084
v 6.175782 -3.573776 -27.639442
vn -2.221494 5.812975 0.197454
v -15.897750 -1.779516 -1.196595
vn -4.088769 4.180625 -1.924865
v -6.466306 2.197252 -24.938080
vn -2.313010 3.861510 -4.257230
v -4.363443 2.690228 -26.515245
vn -4.526452 4.062581 -1.222060
v -9.182974 -0.275203 -23.835838
vn -3.733114 3.555521 -3.495438
v -6.594624 1.313438 -25.917809
vn 3.940763 -1.292705 -4.671679
v 13.805357 -14.211794 -22.298733
vn 1.741504 0.330409 -5.988726
v 5.025775 -5.579989 -28.217199
vn -2.737442 3.194319 -4.535934
v -4.997406 1.831870 -26.831495
vn -4.321731 3.519679 -2.771244
v -8.742334 -0.514981 -25.216845
vn -2.064920 5.697221 -0.121854
v -19.900366 -4.380175 0.616258
vn 2.859770 -0.852163 -5.453995
v 8.831418 -11.115758 -26.509903
vn 3.154789 -1.435489 -5.173930
v 10.003238 -13.301564 -25.358328
vn -1.249840 5.956804 -0.497318
v -20.237026 -4.523015 -1.479865
vn -1.190626 6.100749 -0.801442
v -20.307755 -4.603347 -2.332854
vn 0.309967 6.138691 -1.130033
v -20.596134 -4.607986 -2.186242
vn -3.682304 4.902619 -0.997204
v -19.972321 -4.834639 -4.494342
vn -4.236203 4.568977 -0.800357
v -19.681549 -4.828279 -6.300227
vn -0.605085 5.808219 -1.419586
v -20.582687 -4.946712 -3.674854
vn -4.670035 2.048138 -3.531804
v -11.856247 -4.911132 -24.664236
vn -2.021371 5.553828 -2.037216
v -20.680685 -5.399926 -5.165969
vn -3.359221 5.000488 -1.580749
v -20.706276 -5.646912 -5.849376
vn -0.970629 5.257873 -2.956363
v -21.108505 -5.847949 -5.869291
vn 0.117856 5.749732 -2.417068
v -20.988243 -5.342415 -4.875911
vn -5.198165 1.354932 -3.221936
v -16.804689 -9.031157 -18.830984
vn 2.917052 5.024142 -2.075095
v -21.267397 -4.830213 -3.896920
vn 1.709444 -0.685027 -5.932406
v 5.504954 -10.035073 -28.011726
vn 2.019226 4.565078 -3.629394
v -21.624517 -5.663113 -5.711145
vn 2.976387 5.456888 -0.546945
v -22.388851 -3.455240 -1.480296
vn -1.631014 4.634504 -3.524666
v -21.566221 -6.493121 -6.707823
vn 1.315145 3.703080 -4.804255
v -22.135118 -6.285184 -6.540853
vn 2.942010 5.525107 -0.423836
v -23.211407 -3.032875 -1.117412
vn 3.141466 5.110478 -1.328006
v -23.759729 -3.323574 -4.079166
vn 3.566740 5.053540 -0.679145
v -24.184916 -2.642174 -2.942093
vn -5.314489 0.881187 -3.219786
v -19.298073 -10.419433 -15.274663
vn 2.817344 5.579757 -0.262994
v -24.127800 -2.530339 -1.550652
vn 1.998981 5.890807 -0.067195
v -24.678885 -2.294749 -1.809255
vn 1.028782 6.114751 0.593560
v -25.286507 -2.222896 -0.393806
vn -5.210691 -0.196551 -3.455955
v -17.720810 -12.537244 -18.033915
vn 3.133015 5.150831 -0.476113
v -24.728067 -2.288216 -3.821430
vn 1.703597 5.991618 0.133638
v -25.189774 -2.152921 -2.853729
vn -0.288737 -1.574249 -6.023795
v -1.956104 -13.101338 -28.236158
vn 0.398114 6.242630 0.301178
v -25.988092 -2.063633 -2.127691
vn 3.167945 4.697947 -1.734356
v -24.990534 -2.382818 -5.155528
vn 1.144674 6.010923 -0.416786
v -25.413269 -2.061535 -4.103082
vn 4.495903 0.897875 4.197244
v 11.201608 8.848198 15.049315
vn 4.134822 1.335250 4.519045
v 9.623844 9.000338 16.460541
vn 4.367589 1.951706 4.039194
v 9.180625 9.182993 16.814434
vn 4.917060 0.292639 3.847437
v 9.753523 7.512423 16.655273
vn 5.620798 -0.325038 2.724596
v 9.102511 6.793392 17.732668
vn 4.340355 -3.321044 3.028322
v 8.197841 1.380975 14.947613
vn 4.625787 -1.399601 3.930851
v 7.803112 0.811040 15.064040
vn 4.234328 0.851008 4.487284
v 7.356508 0.321745 15.494797
vn 3.643116 2.617097 4.306934
v 7.409400 -0.118207 15.615322
vn 4.003041 -0.340581 4.720624
v 6.578155 0.256362 16.240456
vn 3.314206 2.373725 4.613162
v 6.889073 -0.245885 16.087008
vn 2.875812 1.586848 5.304358
v 5.335496 -0.475633 17.218086
vn 3.121332 -0.612673 5.325135
v 5.216555 -0.000963 17.230145
vn 2.403652 3.321027 4.712626
v 5.535042 -0.904488 17.323053
vn 1.268454 -3.052145 5.114142
v 5.427736 10.471815 23.677412
vn 3.408813 -4.757174 2.268234
v 5.013933 3.604158 21.866991
vn 1.676294 1.230010 5.875735
v 3.065436 -0.700514 18.243544
vn 4.485091 0.735639 3.626317
v 6.228094 6.171904 23.638809
vn 1.489377 3.327214 5.060235
v 3.710108 -1.214574 18.248343
vn 4.789021 -2.458102 2.829650
v 6.753238 5.754286 22.703917
vn -0.367166 -3.789506 4.973960
v 3.354472 10.928611 23.989677
vn 2.603750 -5.208060 2.337491
v 3.507025 2.705920 21.901453
vn 0.918884 4.053558 4.651426
v 3.058816 -1.698839 18.729120
vn 0.458989 1.410178 5.977231
v 3.119912 9.320302 22.929075
vn 3.999233 1.621319 4.101440
v 5.491302 6.079262 24.482054
vn 4.401208 -1.372088 3.839951
v 5.144715 5.438721 24.849236
vn 3.347921 -4.749127 2.217966
v 4.336168 4.001122 23.979925
vn 1.172736 -5.588940 2.582166
v 1.209826 1.251592 20.467793
vn 3.616018 2.476283 4.151870
v 3.167273 7.862119 24.507217
vn 1.449149 4.294454 4.059178
v 2.943817 9.075932 23.095106
vn 3.934841 -3.559993 3.041428
v 4.730216 4.809497 24.869600
vn 4.154740 -0.556915 4.491594
v 4.200339 5.304372 25.744631
vn 1.910977 -5.504334 2.227219
v 1.767484 2.967242 24.591328
vn 0.363979 -5.391759 3.104481
v -0.604741 0.771967 19.937958
vn 2.571365 3.157972 4.266631
v 3.608042 5.777015 26.075336
vn 3.937448 -2.367115 3.986353
v 4.101799 5.052986 25.766415
vn 2.788684 -4.826432 2.723169
v 2.806638 3.963557 25.821709
vn 3.533168 -0.200575 4.784979
v 3.703683 5.271673 26.167168
vn 1.729209 -5.015083 3.110759
v 1.436796 3.613440 26.314220
vn 2.689771 1.292803 5.299845
v 3.094844 5.384767 26.524878
vn 1.882976 1.549445 5.598802
v 1.965871 5.178395 27.039686
vn 2.904442 -3.831537 3.791918
v 2.738814 4.269012 26.321863
vn 2.609504 -1.394696 5.039814
v 2.474615 4.789698 26.868347
vn 0.145040 -5.951163 1.980908
v -1.977608 1.646073 22.478241
vn -0.658034 -5.761681 2.367499
v -3.712217 1.120345 20.789244
vn -0.239594 -5.265024 3.353572
v -2.733953 0.498014 19.512749
vn 1.890218 2.336306 5.366916
v 0.900955 7.530486 26.005350
vn 0.268607 -5.662711 2.420213
v -1.644014 2.476498 25.204029
vn 1.581859 -2.800555 4.878536
v 1.042053 4.287801 27.277172
vn 0.593845 -4.172977 4.185815
v -0.598076 3.695842 27.171669
vn 0.722196 4.148749 4.522585
v 1.146824 6.048148 26.288305
vn 0.772380 3.702883 4.710271
v 1.452172 5.448897 27.045498
vn -1.733007 -4.494268 3.889499
v -4.775408 0.066339 18.406752
vn 0.435612 2.877964 5.235878
v -0.452325 7.559011 26.337900
vn 0.493673 -0.926813 5.896191
v -0.159283 4.569873 27.555313
vn 0.262440 -3.900685 4.898723
v -0.449114 12.926787 25.434723
vn 0.909714 0.859191 6.135297
v -0.218127 6.036729 26.488804
vn 0.233923 1.767888 5.902984
v -0.216886 4.900716 27.516476
vn -0.500129 -4.902776 3.650383
v -2.778330 3.228413 26.527689
vn -0.895085 -5.845201 2.025136
v -3.843882 1.998615 23.330475
vn -0.143407 3.450838 4.994107
v -0.570116 5.799957 26.589636
vn -0.135461 3.801825 4.660474
v -0.292812 5.234724 27.361282
vn 3.082264 2.734210 4.692714
v 11.960103 -9.273831 24.461098
vn 0.467760 0.937631 6.025257
v -0.611858 6.952822 26.533873
vn 0.029519 1.091173 6.107475
v -0.850372 5.983521 26.532185
vn -0.398274 0.147631 5.993392
v -1.288958 4.587399 27.570229
vn -0.323040 -2.719846 5.328637
v -1.330692 4.067685 27.450165
vn 0.322242 -4.549206 4.313937
v -1.788859 11.477415 24.064238
vn -0.776080 4.043497 4.479240
v -1.258592 5.538652 26.702539
vn -1.031843 4.150898 4.329397
v -1.826617 5.092724 27.260214
vn -0.687703 2.808504 5.392102
v -1.398368 4.930340 27.459669
vn 0.904843 1.279973 5.767407
v -0.673221 15.166014 26.479609
vn -0.732330 1.302165 5.796662
v -1.966950 6.808946 26.532393
vn -2.102656 -5.335851 2.349055
v -5.662669 2.832674 24.452810
vn -2.667642 -5.102605 2.482362
v -6.416291 1.380447 19.627348
vn 0.829776 -1.393198 5.992420
v -0.149027 14.433220 26.343081
vn 0.824741 -4.023922 4.737246
v -4.541713 12.476353 25.498899
vn -1.024060 0.757347 5.770900
v -2.167461 4.599563 27.449322
vn -1.504754 -0.374848 5.544438
v -3.244083 4.379672 27.248180
vn -1.518584 -3.509990 4.594802
v -3.661173 3.656200 26.811844
vn -0.613572 1.383724 5.932906
v -1.735621 5.778220 26.513153
vn -1.409592 -5.209933 2.946171
v -4.451407 2.968687 25.596727
vn -2.750718 -4.546149 3.308461
v -6.340311 0.279150 17.754580
vn 1.542922 3.221299 5.066342
v 7.745317 -8.602124 26.139341
vn 0.176114 0.319737 5.910674
v -2.557971 14.815219 26.693024
vn -1.334053 4.234766 4.311428
v -2.810350 5.372731 26.547134
vn -3.034642 -4.743700 2.785493
v -7.046849 1.440762 19.036381
vn -2.631316 -4.110773 3.656842
v -5.628334 3.490031 25.635668
vn -2.053440 -5.539364 2.048796
v -5.961798 1.778035 21.156498
vn 4.179467 2.126815 4.162065
v 15.977361 -10.186578 21.577822
vn -0.951800 -0.017008 5.955317
v -4.343428 14.485748 26.567343
vn -2.583225 2.411069 4.980468
v -3.796829 6.959030 25.862553
vn -2.945733 -1.093772 4.817939
v -5.415159 4.193878 26.281353
vn -2.874794 0.967541 5.402679
v -3.922583 6.644186 25.885380
vn -3.702617 -2.070901 4.249226
v -6.255078 4.016554 25.573135
vn -3.057243 -4.404434 2.981808
v -6.539877 3.502749 24.781876
vn -2.345382 -5.452125 1.938114
v -6.471216 2.495573 22.656359
vn -4.177325 0.206978 4.434548
v -6.699031 4.445203 25.240961
vn -2.127026 3.462772 4.610557
v -3.928440 5.449604 26.073935
vn -3.482291 1.754752 4.691568
v -5.833466 4.581799 25.920132
vn -3.488831 -4.170744 3.109840
v -8.520718 0.985031 16.685644
vn -2.522399 1.148506 5.597483
v -3.819898 5.806238 25.987576
vn -2.619446 3.959775 3.879673
v -5.538158 4.893625 25.913929
vn -3.411720 -4.482373 2.446877
v -7.380105 3.318570 23.554237
vn -3.489815 -4.682211 2.261585
v -7.782187 2.085430 19.301018
vn -3.806179 3.573071 2.785776
v -6.694836 14.082440 25.664589
vn -2.406549 1.033904 5.164926
v -6.327767 13.843398 26.109968
vn 1.603958 -3.486463 4.833814
v -4.675826 9.667141 22.791267
vn -2.881972 3.342926 4.255394
v -4.805204 5.522928 25.542103
vn -3.439272 -4.196859 3.147352
v -8.921948 0.345508 15.429771
vn -0.657653 -1.573120 5.930945
v -5.589073 13.551992 26.229752
vn -3.581806 1.201544 4.994444
v -4.766026 5.885411 25.430676
vn -4.204799 -2.400831 3.672741
v -7.308915 4.029429 24.490393
vn -2.850362 4.116499 3.340090
v -5.818932 5.405984 24.766178
vn 4.890389 0.983246 3.758071
v 18.991833 -12.999617 19.330271
vn 1.666345 -4.164649 4.397663
v -4.763601 11.038713 24.206884
vn -3.638667 2.733684 4.011832
v -6.761008 4.828581 25.055389
vn -4.508059 0.489923 3.851466
v -7.747541 4.567947 24.145084
vn -4.649717 -3.354827 1.905615
v -9.188441 3.962792 21.419544
vn -3.458390 -3.739548 3.583129
v -7.901609 -0.263234 15.581972
vn 2.847413 1.168373 5.392776
v 11.313014 -12.676353 26.242523
vn -1.088846 -1.556288 5.822033
v -6.684882 12.815576 25.884314
vn 1.078669 -2.618814 5.378357
v -6.529619 8.438643 22.645752
vn -2.491833 4.733179 2.906033
v -6.676824 5.133666 24.796345
vn -4.136619 2.794444 3.403907
v -8.201159 4.991063 23.382269
vn -3.930038 -2.791702 3.655410
v -8.517706 -0.516694 14.744740
vn -5.187617 -0.421104 2.868724
v -9.018066 4.608682 22.415249
vn -4.521402 -2.557795 2.848802
v -8.560807 4.107372 22.937040
vn -4.511049 -3.695815 2.263570
v -9.516192 3.148865 18.181150
vn -1.628132 -0.402302 1.451815
v -8.626440 -0.929794 14.454800
vn -5.557004 -1.384548 1.573979
v -9.972664 4.623980 20.080481
vn -5.524437 -1.972950 2.027750
v -10.370579 4.398806 18.066618
vn 5.349428 -0.802028 3.068116
v 20.272114 -16.756647 17.443171
vn -2.984407 0.053028 5.212501
v -7.657836 12.489820 25.511740
vn -5.011699 1.891150 3.089346
v -8.718362 11.655703 24.723579
vn -4.325018 0.559354 4.172748
v -8.691005 11.511643 24.821476
vn 0.230256 -3.035550 5.281624
v -7.485069 10.957997 25.047953
vn -5.005307 3.358268 -0.611377
v -9.186954 11.245318 23.562090
vn -2.280980 -1.231418 5.421953
v -8.328275 11.334293 25.063293
vn -3.031563 3.508959 3.570371
v -8.180402 5.929420 21.578934
vn -5.434994 1.789980 2.366842
v -8.877824 11.557076 24.482904
vn -5.746870 2.277561 -0.156109
v -9.847168 9.777299 22.550789
vn -5.657637 2.011788 1.133163
v -9.383571 10.824835 23.732677
vn 4.618510 0.103715 4.165329
v 16.771589 -15.378736 22.402802
vn 0.808659 -3.847081 4.756319
v -7.911474 9.227863 23.879698
vn -5.868290 0.832007 1.493317
v -9.854534 9.623236 22.945242
vn -3.322850 -1.322992 4.878412
v -8.930241 10.485288 24.529314
vn -1.213442 -2.793593 5.297722
v -8.611454 10.242579 24.564648
vn -1.019100 -2.011191 5.315821
v -7.470907 7.574713 22.336657
vn -0.860710 -3.699796 4.781698
v -8.915752 9.069429 23.761921
vn -1.485053 -2.964449 5.145113
v -7.990872 7.099948 22.016663
vn -4.582089 -1.512360 3.384060
v -9.694810 9.063891 23.296160
vn -3.049165 -2.306810 4.727223
v -9.174688 9.661260 24.025667
vn -2.050507 -3.617926 4.222420
v -9.426412 8.242229 22.934145
vn -1.926355 2.637420 5.332321
v -5.772943 -10.175821 26.550732
vn 4.234683 -0.342339 4.566751
v 15.880975 -16.206181 23.267277
vn -2.627340 -3.277519 4.459498
v -9.363531 8.744997 23.362282
vn -5.031344 -1.410872 2.777927
v -10.016584 8.367204 22.431023
vn -2.173307 -3.522829 4.628593
v -8.920952 6.563743 21.325115
vn 4.532359 -1.084035 4.153697
v 16.680916 -17.645151 22.192261
vn -3.484755 -3.410486 3.472272
v -9.858457 7.728196 22.148336
vn -4.060238 -3.799593 2.826798
v -9.885414 -0.075990 13.533190
vn -1.766902 2.001386 5.629270
v -4.838153 -11.163539 27.301174
vn -4.853251 -2.369349 2.482376
v -10.237854 7.118425 20.955008
vn 4.966659 -1.017878 3.609763
v 18.256008 -17.679226 20.269104
vn -3.748609 -4.514359 2.180861
v -12.574924 1.068218 11.558782
vn -2.563109 1.265002 5.534650
v -8.615870 -12.327025 26.203358
vn 1.012540 -3.211209 5.212609
v 6.478192 -21.993013 26.553854
vn 0.433970 -3.835130 4.857456
v 4.592649 -22.407993 26.506907
vn 0.444911 -4.725257 4.067315
v 5.156771 -22.756447 26.093658
vn 0.220692 -5.542508 2.818221
v 5.135000 -23.118153 25.578854
vn -0.955137 -0.557234 3.731894
v 3.008071 -22.864895 26.125568
vn -4.450642 0.016958 4.402494
v -15.799196 -13.956396 21.116552
vn -3.732005 0.133856 4.983771
v -12.884000 -13.896850 23.745733
vn -0.444128 -3.921051 4.746800
v -1.111245 -22.465006 26.545877
vn -4.217089 -0.574286 4.579802
v -14.672018 -16.110826 22.097319
vn -4.262941 -1.441388 4.319888
v -14.869146 -18.190607 21.469896
vn -3.662903 -2.556533 4.370023
v -12.534160 -20.553177 22.513407
vn -4.081466 -2.426814 4.076325
v -14.180476 -20.134224 21.217052
vn -4.499433 -2.098282 3.752793
v -16.099741 -19.463308 19.586803
vn -3.682925 -3.199576 3.914231
v -12.942645 -21.939356 21.174105
vn -3.788889 -3.445519 3.535293
v -13.872020 -22.226612 20.005157
vn -3.909353 -3.472525 3.402377
v -14.537088 -22.264133 19.220926
vn -4.215214 -3.223804 3.253488
v -15.789476 -21.731579 18.260132
vn -4.450099 -3.551939 2.511955
v -16.910767 -22.253998 15.978074
vn -3.852298 -4.500893 1.860472
v -17.210583 -22.959146 14.065063
vn 3.675802 3.109076 4.006526
v 6.917072 11.596506 17.233082
vn 3.739135 4.314196 2.206637
v 6.278175 11.249002 18.257671
vn 3.354182 2.721570 4.552423
v 5.085314 13.184531 17.708483
vn 3.380929 3.761510 3.655413
v 4.404232 12.877597 18.480755
vn 3.553578 4.708556 2.023089
v 4.432134 12.563177 18.909994
vn 3.640251 5.080114 0.283019
v 5.174759 11.853218 19.766336
vn 3.164391 4.981246 2.112603
v 3.455630 13.153843 19.074242
vn 2.610670 4.562602 3.224082
v 2.849957 13.626573 18.878252
vn 2.780505 5.508318 0.732054
v 2.803065 13.267756 19.939615
vn 1.988334 5.860500 0.848776
v 1.587489 13.783502 20.040102
vn 2.688273 4.338465 2.552999
v 4.977028 7.225540 22.629263
vn 2.389027 2.784361 5.049617
v 3.441824 17.091127 16.738773
vn 2.839393 5.309540 1.418904
v 4.046071 23.156593 9.216196
vn 3.073207 3.978040 3.667721
v 4.608164 20.520765 13.422359
vn 2.362394 3.697984 4.409644
v 3.205452 19.811407 15.036383
vn 2.164180 4.308427 3.495392
v 5.126191 6.397946 24.528776
vn 1.568727 3.207016 5.070909
v 1.572642 18.589733 16.641573
vn 3.737771 2.270416 4.470818
v 3.087334 6.884681 24.875071
vn 1.345459 5.098227 3.386362
v 3.088466 6.287627 25.579767
vn 2.827873 1.724781 5.203207
v 1.690916 7.360552 25.711637
vn 2.960847 1.571300 5.292614
v 2.230327 6.775495 25.515436
vn 2.237910 4.138132 4.071616
v 2.858651 6.570696 25.286440
vn 1.213009 4.331290 4.249085
v 0.718660 21.350388 14.699157
vn 1.403978 3.946801 4.166517
v 2.809057 5.820151 26.431469
vn 1.432513 4.618937 3.852911
v 8.239996 -4.305786 22.214262
vn 0.620416 3.472370 5.116582
v -0.614853 19.372814 16.585991
vn 0.154739 2.926448 5.498577
v -1.539149 17.742641 17.601107
vn 1.690713 1.115387 5.832904
v 0.487329 7.073724 26.280539
vn 1.972501 1.849058 5.592526
v 1.164756 6.344794 26.114920
vn -0.274101 4.911218 3.769690
v -2.310304 22.208733 14.069451
vn -0.568384 3.182009 5.365315
v -2.549520 15.362841 18.696100
vn 1.292695 -0.079511 5.977694
v 1.134296 14.701901 26.167109
vn -0.726995 3.275993 5.229226
v -3.300862 19.075075 16.745409
vn -1.092622 4.671738 3.920368
v -2.201039 -2.733825 19.292231
vn 2.050492 2.890505 4.587737
v 1.301301 15.218409 26.020952
vn -1.572450 2.971339 5.292385
v -4.166539 14.972584 18.606358
vn 0.244886 5.542883 2.354991
v -1.346172 15.875675 26.007212
vn 2.499861 3.519921 4.493142
v 10.572831 -7.497938 24.115808
vn 1.629073 3.996950 4.474292
v 8.390090 -6.281205 24.136087
vn 0.451070 6.226054 -0.244659
v -0.439640 24.587309 5.738383
vn 0.336358 3.635420 4.655828
v -1.323650 15.624623 26.353060
vn -1.137206 5.398346 2.991841
v -3.199965 -3.449409 20.269381
vn -2.323009 2.597321 5.149420
v -6.432604 17.553492 16.663204
vn -2.372922 3.155906 4.821924
v -5.312025 14.075953 18.641268
vn -1.547003 5.586289 1.358298
v -3.849716 15.598160 25.911461
vn -0.834545 4.822545 3.645463
v -3.124117 15.623671 26.223297
vn -1.504860 5.010332 3.452242
v -4.353354 -2.961511 18.881348
vn -0.385100 4.761569 3.988332
v 1.348533 -4.890528 23.873461
vn -2.790668 4.557243 3.176372
v -5.211674 13.537551 19.213751
vn -0.937575 2.782200 4.905093
v -3.724960 15.192343 26.547579
vn -3.463647 3.905680 3.386087
v -6.325446 13.010101 18.874575
vn -3.497699 4.884452 1.779847
v -6.129120 12.746763 19.647711
vn -2.687231 5.325955 -1.825329
v -5.527350 13.196628 21.995668
vn 0.284964 3.946514 4.777833
v 2.646791 -6.634951 25.643282
vn -0.118173 -1.789882 5.958589
v -3.568644 14.322433 26.573687
vn -3.121918 2.573562 4.768754
v -6.430264 13.741445 18.251575
vn 0.356273 -2.343091 5.720108
v -2.615512 14.341580 26.574463
vn -0.951363 5.596568 2.274491
v -6.888471 -2.616052 16.958126
vn -1.414205 5.561638 2.495610
v -6.583214 -2.686355 17.194695
vn -0.685351 3.740787 4.963537
v -0.713729 -7.709405 26.251165
vn -3.977260 3.403603 3.459422
v -7.091134 12.691096 18.399700
vn 0.297349 -2.944262 5.505465
v -5.529411 12.925737 25.954348
vn -1.371760 5.421865 2.826533
v -6.112903 -3.440622 18.817539
vn -4.216020 4.044201 2.166798
v -7.373518 12.056172 18.803864
vn -4.167410 2.718408 3.758605
v -7.985550 12.079741 17.885042
vn -4.798501 3.186552 2.345098
v -8.675935 10.879423 18.052322
vn -3.870733 1.848297 4.324883
v -7.425270 13.146822 25.547304
vn -4.030358 2.062429 4.253309
v -8.163926 -1.756402 15.003948
vn -4.328734 2.309800 3.883389
v -8.552378 11.748080 17.487165
vn -4.742464 0.081271 4.320579
v -8.547175 -1.195363 14.503631
vn -4.504943 2.237535 3.712236
v -9.152387 -1.768119 13.986791
vn -3.761497 3.710722 3.312501
v -9.329226 -2.113866 14.062871
vn -2.621292 5.083380 2.408216
v -9.544026 -2.481740 14.360574
vn -4.537082 2.777747 3.161657
v -9.780898 -1.905378 13.241965
vn -4.951457 -0.013888 3.226923
v -9.340730 10.392826 24.113100
vn -5.128227 0.614687 3.487592
v -9.700534 -1.308475 13.083053
vn -2.335618 3.099674 4.867915
v -9.105708 -8.975595 24.542793
vn -4.328561 3.551484 2.707496
v -10.596405 -1.901229 12.026630
vn -2.874291 5.118382 2.175355
v -10.680311 -2.326451 12.710738
vn -5.073023 0.117355 3.614638
v -12.228539 12.705235 13.215481
vn -4.857823 -2.030372 3.347596
v -10.950875 3.672988 16.216557
vn -5.082108 2.431979 2.564355
v -11.086763 -1.656114 10.876632
vn -5.218657 -0.376764 3.336987
v -11.217562 5.626915 16.372757
vn -4.657057 -0.031125 4.099664
v -13.705359 6.161545 13.884524
vn -4.869094 -1.347699 3.469637
v -13.997998 4.693438 13.314236
vn -5.551663 2.755936 0.459456
v -12.713739 18.339565 6.967660
vn -3.452640 4.170696 3.108745
v -15.998893 -6.265695 17.068111
vn -5.246534 2.784999 1.983736
v -14.231378 11.106036 9.909033
vn -5.113390 1.659726 3.022038
v -14.553277 8.436593 12.258519
vn -5.500960 1.754956 2.312286
v -14.886975 8.719793 11.359162
vn -5.434432 0.093547 2.780411
v -14.922700 6.644799 12.200789
vn -5.661516 2.079408 1.507369
v -15.133453 9.115853 10.250865
vn -2.686407 -0.799493 5.549493
v -7.565964 -16.713642 26.913237
vn -5.920911 0.692474 1.565550
v -15.520576 7.432438 10.406545
vn -4.036322 3.776574 2.804891
v -18.690367 -6.920755 14.544086
vn -2.749052 5.439398 1.335702
v -17.290089 -3.646377 8.835441
vn -2.820123 4.941815 2.579704
v -19.531679 -6.140070 11.836535
vn -0.750006 5.566211 2.551773
v -20.138760 -5.800687 10.597458
vn -2.791367 4.328661 3.563508
v -19.982611 -6.918447 12.586271
vn -3.976072 3.754188 3.044826
v -19.720568 -7.157932 13.191624
vn -4.218106 2.580143 3.784580
v -20.264687 -8.299308 13.549019
vn -0.981710 4.818932 3.813971
v -20.450827 -6.541899 11.932087
vn 0.040714 -0.016191 -0.015236
v -17.119101 -15.485800 19.537500
vn -3.345978 5.271351 -0.092010
v -17.748913 -2.737527 -1.788307
vn -3.143196 5.404613 -0.077999
v -19.566460 -4.160100 1.614851
vn -2.858546 5.526048 0.363546
v -17.137833 -2.464796 1.341491
vn -3.888085 4.854800 -0.537121
v -18.750063 -3.592137 -4.306041
vn -3.615302 5.132205 -0.007899
v -19.447937 -4.045588 -0.650148
vn -0.558391 6.207469 0.341233
v -20.167530 -4.394897 4.219574
vn -1.461272 1.069959 5.886587
v -22.625696 -8.861133 13.028252
vn 0.327748 6.232729 -0.094166
v -20.316307 -4.345292 2.268639
vn -1.131971 6.107723 -0.186885
v -20.036058 -4.333782 2.238084
vn -2.023068 2.204456 5.390289
v -23.583395 -7.995523 12.467403
vn -3.220520 5.281175 -0.654645
v -19.999552 -4.577346 -2.984776
vn 0.303998 6.219852 -0.263906
v -20.375515 -4.449691 0.030261
vn -3.572112 2.170418 4.582381
v -25.781157 -7.692935 11.078759
vn -2.832532 1.996545 5.135401
v -24.648228 -8.086607 12.001734
vn -3.125379 -1.498639 5.060092
v -24.643000 -10.733727 12.125908
vn -2.808165 0.303263 5.455172
v -24.413509 -9.339279 12.417712
vn -3.933253 -0.610078 4.749636
v -25.771427 -9.726302 11.478876
vn -3.686846 0.879535 4.875805
v -25.626995 -8.778843 11.579644
vn -4.359414 -1.376551 4.133699
v -26.172884 -10.202850 11.008572
vn -1.032116 5.548694 2.507643
v -25.482031 -3.968141 7.133221
vn -4.137933 2.193114 4.116274
v -26.649008 -7.146749 10.014425
vn -4.603911 0.404781 3.986082
v -26.655077 -8.848148 10.660799
vn 0.864136 6.067896 1.092342
v -24.258371 -2.973390 3.591130
vn -4.302332 2.557356 3.681193
v -27.151251 -6.612457 9.151508
vn -3.659927 4.161152 2.638050
v -27.841141 -4.627696 6.398720
vn -5.199811 1.493374 3.010522
v -28.426514 -6.820689 7.475327
vn -5.682930 0.787688 2.217635
v -29.234644 -7.014205 5.916771
vn 0.914463 5.421204 -2.047795
v -25.795065 -2.212205 -5.592599
vn -0.724494 6.152399 0.069955
v -26.886944 -2.020544 -2.901829
vn -0.526637 6.172174 -0.663069
v -26.813864 -2.090236 -4.598407
vn -0.131207 3.442760 -3.656030
v -27.251400 -2.181610 -4.686660
vn -5.360222 2.789379 1.186066
v -29.624357 -4.504730 2.222340
vn -4.148627 4.296008 1.482568
v -29.068787 -3.879362 2.551294
vn 2.052316 5.097701 2.861689
v 1.552647 14.025071 19.283993
vn 1.859203 5.871716 -0.993424
v 1.807966 13.723163 21.122288
vn 3.011446 5.000549 2.215393
v 4.261038 22.381229 10.923167
vn 2.736415 4.676624 3.079613
v 3.718536 21.885023 12.440404
vn 1.938155 4.716432 3.494393
v 2.376253 22.070595 13.186651
vn 0.969641 5.978621 1.535235
v 0.188109 14.216871 19.779982
vn 1.029232 6.179836 0.198077
v 0.479882 14.021923 20.879747
vn 1.021224 5.988984 -1.447011
v 1.003716 13.968834 21.476295
vn 0.666477 5.143433 3.471219
v -0.114475 14.436546 19.363379
vn 2.136384 5.335053 2.416627
v 2.788944 22.939228 11.324040
vn 1.805249 5.856377 1.201174
v 2.281760 23.892443 8.946810
vn 0.244827 6.132770 -1.242292
v -0.663775 14.157209 21.518576
vn -0.038835 6.270544 -0.151794
v -0.931738 14.118427 21.095472
vn 0.076329 5.804839 -2.388530
v -0.847497 14.381999 22.189714
vn 0.245424 5.598557 -2.794262
v -0.510076 14.976458 23.484596
vn 0.906570 6.179010 0.219910
v 0.586852 24.476999 6.830651
vn 1.243076 6.056873 0.730631
v 1.532997 24.230173 8.057378
vn 1.415580 5.801124 1.723228
v 1.725633 23.782772 10.035863
vn -0.443967 6.240734 -0.013518
v -2.135138 14.064150 20.906858
vn 0.685891 5.682499 -2.006786
v -0.322892 15.807102 24.936815
vn 1.227501 5.527843 2.604126
v 0.965907 23.288713 11.777161
vn -1.620600 6.044687 0.340397
v -3.087764 13.918386 20.707359
vn 0.417940 5.894597 1.944487
v -0.628298 23.920662 10.753137
vn -0.962763 5.891596 1.803777
v -2.627131 14.141029 20.049528
vn -0.961177 6.002857 -1.424699
v -2.474110 14.127807 21.667046
vn 0.014647 6.122707 0.900245
v -1.637218 24.555103 8.376345
vn -0.057333 4.198148 4.527629
v -1.978102 21.046997 15.386631
vn -2.064259 5.919869 0.144899
v -4.103846 13.597346 20.744551
vn 0.507960 5.249726 3.200894
v -0.515028 22.940626 12.969126
vn -1.341849 5.504987 -2.665805
v -3.194900 14.427030 22.824347
vn -1.440549 3.315554 5.052092
v -4.680984 19.361284 16.272387
vn -3.105065 5.396673 0.157164
v -5.469106 12.978867 20.543785
vn -1.219239 4.878939 3.650979
v -3.721061 -5.085504 22.984068
vn -1.392042 4.192105 4.332284
v -4.796284 20.796574 15.124468
vn 1.670870 5.916578 -1.260650
v 8.836809 0.069928 -14.857829
vn -0.530476 5.816478 2.092652
v -3.094787 23.790047 11.071444
vn -2.894231 4.875344 -2.705978
v -6.981352 12.941610 23.176250
vn -2.296175 5.396506 -1.347754
v -5.019605 15.205744 25.389030
vn -1.143773 5.460928 2.813834
v -7.549521 -4.180068 19.961205
vn -1.127493 5.232009 3.067666
v -4.242175 22.906597 12.672792
vn -0.992247 6.053120 1.092182
v -4.257065 24.220791 8.725564
vn -1.856301 5.873359 1.105228
v -5.624494 23.822224 9.081627
vn -1.487561 5.749741 1.798449
v -5.141484 23.690645 10.310452
vn -2.493515 3.676111 4.298107
v -6.700223 19.983976 15.007821
vn -3.060661 3.023149 4.493412
v -7.788304 18.702665 15.256545
vn -3.938720 4.235854 -0.935753
v -7.739417 13.265094 24.522379
vn -0.392567 6.148614 -1.066482
v 1.998313 1.364549 -12.506634
vn -2.308081 5.268699 2.388293
v -6.539670 22.791681 11.334541
vn -3.705641 1.592889 4.780228
v -8.900555 15.080267 16.112902
vn -3.859781 1.704102 4.643009
v -8.355463 13.056918 17.102449
vn -3.975427 2.198418 4.284819
v -9.509251 16.995399 14.840389
vn -4.612419 2.933905 2.310343
v -7.813245 13.042530 25.147476
vn -1.796826 4.538092 3.850229
v -9.250927 -5.789332 21.728260
vn -2.278183 4.684043 3.349398
v -6.416173 21.875551 13.085113
vn -3.663946 2.902213 4.116296
v -8.843890 18.463270 14.589338
vn -4.421266 2.591146 3.572854
v -10.429978 17.770994 13.367533
vn -1.559625 5.591841 2.348580
v -8.490820 -3.115321 16.758070
vn -5.269015 2.784483 1.036507
v -8.868336 11.726808 24.325768
vn -2.654180 5.456903 1.374173
v -7.072611 23.167025 9.576468
vn -4.449607 1.272451 4.237379
v -9.404233 12.510818 16.318729
vn 0.099943 6.246699 -0.519049
v 2.701237 0.687671 -15.906157
vn -3.131409 4.699989 2.674202
v -7.787680 21.966728 11.594322
vn -3.293877 4.096876 3.327600
v -8.214345 20.687220 13.082135
vn -4.633852 2.007124 3.687292
v -9.021209 11.363632 17.144411
vn -3.852572 3.430574 3.460441
v -9.289289 19.439514 13.353406
vn -4.442235 1.392690 4.077817
v -10.345779 15.411443 14.765527
vn -3.986890 4.065819 2.565402
v -9.546010 20.542538 11.570907
vn -4.257312 0.719523 4.451077
v -10.949655 12.768737 14.424170
vn -4.822216 1.912829 3.511193
v -9.894866 10.271735 16.602049
vn -1.816537 4.016419 4.444244
v -7.507999 -7.265407 23.887262
vn -0.534523 6.202882 -0.719781
v -0.147183 0.635145 -14.958992
vn -3.310645 4.861902 2.001082
v -8.199310 22.172369 10.665652
vn -0.672611 6.164683 -1.002166
v -2.119545 0.599704 -13.859466
vn -1.734843 5.142199 3.009918
v -10.511982 -4.502143 19.284428
vn -2.588490 3.812266 4.191149
v -11.247703 -6.916214 21.800869
vn -4.037325 4.430352 1.508958
v -9.850404 21.346167 9.510071
vn -1.659243 5.838808 1.609385
v -10.973217 -3.153750 14.982947
vn -4.547868 3.300790 2.653175
v -10.938711 19.035570 11.494572
vn -4.161756 0.608847 4.158651
v -11.915606 13.231709 13.805206
vn -5.267827 1.994434 2.695977
v -10.627401 8.350780 16.707323
vn -5.220929 2.159922 2.504507
v -12.137563 17.292452 11.104251
vn -1.870401 5.807828 1.452129
v -11.654156 -2.962745 13.402744
vn -5.019363 3.041066 2.207419
v -11.434666 18.795788 10.773139
vn -4.735308 1.741576 3.730193
v -11.303638 8.534185 15.625240
vn -5.638873 1.043394 2.345555
v -10.939179 7.225719 16.799826
vn -1.452762 5.980587 -1.175678
v -9.044482 0.017242 -12.116448
vn -4.873536 3.775986 0.406533
v -11.732636 19.933573 6.998486
vn -4.850791 3.469622 1.736552
v -11.491298 19.313671 9.867265
vn -4.774724 1.138166 3.819655
v -11.937950 10.978867 13.673795
vn -1.612252 5.614522 2.121350
v -11.097589 -3.836869 17.497730
vn -4.299290 2.448936 3.852546
v -12.530366 9.892241 13.584311
vn -4.226710 1.669278 4.326644
v -12.157726 8.069469 14.901462
vn -2.822290 4.634677 3.077836
v -13.455226 -5.254194 18.253595
vn -0.689518 6.052000 1.450472
v -1.703516 0.664812 -17.714020
vn -1.883758 5.775129 1.529798
v -13.600450 -3.538532 13.712338
vn -5.576956 2.412692 1.466941
v -12.757126 17.195253 9.395838
vn -5.463507 1.868551 2.415481
v -12.589335 15.862416 10.952525
vn -5.615257 1.665068 1.756200
v -13.293205 14.231793 11.006528
vn -5.615922 0.031942 2.611220
v -13.004198 13.070956 11.835470
vn -2.485248 5.161653 2.482301
v -13.249432 -4.633820 17.353514
vn -5.321458 3.011132 1.249727
v -12.262910 18.669369 8.548549
vn -5.813742 0.342527 1.606959
v -13.641406 12.832227 10.691804
vn -5.039002 0.130315 2.045308
v -12.743650 11.869248 11.688325
vn -2.457998 5.401494 1.976308
v -14.260062 -4.282810 15.334491
vn -5.117424 2.955234 1.733568
v -11.542756 -1.709170 9.834558
vn -4.299566 1.986216 4.050565
v -13.710220 8.421744 13.340962
vn -5.038646 2.112918 2.745252
v -12.849214 10.905176 12.334424
vn -2.434530 5.559762 1.445468
v -12.036949 -2.510845 11.009307
vn -2.334017 5.551216 1.775374
v -14.913448 -3.727708 12.638396
vn -2.777871 4.230774 3.609221
v -12.737677 -5.883708 19.717543
vn -0.196822 5.246404 3.433577
v -0.918873 1.552546 -19.521980
vn -4.365846 2.576867 3.631918
v -13.847125 9.118417 12.775078
vn -2.720179 5.418737 1.147480
v -12.615810 -2.270966 8.514278
vn -4.670776 3.790829 1.281621
v -11.895436 -1.738131 8.720441
vn -1.047604 5.353492 3.022617
v -3.414333 0.913533 -19.033154
vn -4.475114 2.830616 3.072845
v -13.091540 11.059019 11.687313
vn -6.097116 1.192791 0.542141
v -11.753364 -1.170226 8.281704
vn -5.879005 1.354016 1.645972
v -13.415437 14.483479 9.578130
vn -5.875478 1.162507 1.566766
v -13.765862 12.345548 9.682301
vn -4.472720 3.017700 3.111171
v -13.966000 9.793001 12.061154
vn -2.005088 5.742189 1.482577
v -15.054221 -3.350423 11.167333
vn 0.692996 5.545441 2.817674
v 1.876784 1.418991 -19.508215
vn -5.565615 0.847044 -2.517023
v -10.389585 0.424258 -0.023181
vn -5.119306 2.702561 2.321398
v -14.585460 9.627655 11.135023
vn -5.569124 0.043948 0.728893
v -11.729719 -0.934225 7.729571
vn -4.145910 3.878091 -1.693363
v -10.353728 -0.038367 -0.545681
vn -1.494672 5.967952 1.254054
v -14.398094 -3.089321 10.789716
vn -3.190594 4.792130 2.432426
v -15.881388 -5.306572 15.631712
vn -0.183161 4.857760 3.976584
v -1.374061 2.090236 -20.274996
vn -2.030052 5.399866 2.414695
v -5.800491 0.267926 -19.029200
vn -1.431194 6.000309 0.900872
v -5.225121 0.020126 -17.645493
vn -3.537735 5.116562 -0.315650
v -11.276837 -0.536963 0.482763
vn -1.499210 6.009037 0.995415
v -13.306778 -2.596518 9.188782
vn -2.875790 5.219826 1.893160
v -16.442314 -4.447253 12.768908
vn 0.114481 5.061189 3.640187
v -1.218345 3.250423 -21.612650
vn -3.766857 3.311656 3.709055
v -16.107616 -7.727003 18.542477
vn -5.881029 0.744648 -1.731465
v -11.019564 0.093579 1.470066
vn 0.510123 5.549883 2.695174
v -0.614859 3.878393 -22.677244
vn -3.880441 4.381217 1.072972
v -12.304517 -1.782887 7.141391
vn -3.500319 3.131969 4.088215
v -14.450110 -8.266159 20.566736
vn -0.875522 5.088315 3.349950
v -2.802290 3.428565 -21.938766
vn -1.578356 4.970370 3.500315
v -5.077662 1.026628 -19.844887
vn 1.492706 5.930170 0.851352
v 1.272141 4.051980 -24.094828
vn -2.628343 4.757507 3.065774
v -5.804917 1.776009 -21.329605
vn 1.747034 5.849871 -0.832604
v 1.708623 3.936855 -24.812531
vn -5.948390 1.570895 -0.075595
v -11.936127 -0.877935 5.662461
vn -3.992369 3.506016 3.304069
v -16.981853 -7.208114 17.046047
vn -4.383430 4.178211 0.607387
v -12.199018 -1.377985 5.775605
vn -1.485577 5.975029 1.135341
v -13.948260 -2.317634 6.738268
vn -0.506763 5.816464 2.086228
v -2.205494 4.076633 -23.152945
vn -4.362146 2.669691 3.595176
v -17.720938 -8.899872 17.673466
vn -4.238091 2.068506 4.071776
v -16.588875 -9.847202 19.532000
vn -6.136661 1.045561 -0.503538
v -11.853339 -0.684622 4.890170
vn -1.927796 5.325759 2.058899
v -3.822582 3.713552 -22.893620
vn -6.037427 -0.028163 -1.057000
v -11.713207 -0.254579 4.130351
vn -1.334279 6.051659 1.016657
v -15.264273 -2.380497 5.834731
vn -5.436532 2.884235 -0.206922
v -11.857477 -0.805198 4.133454
vn -2.102593 5.811170 0.877441
v -13.126976 -1.815275 5.269432
vn -1.683051 5.909413 1.154147
v -15.581519 -2.858561 8.245268
vn -0.170912 5.827207 -1.445984
v -1.385343 4.403638 -25.069347
vn -3.335354 4.841105 1.884553
v -6.638956 1.935030 -22.486485
vn -2.656568 5.340003 1.920911
v -19.433407 -5.378741 10.213196
vn -1.040272 6.063541 0.681974
v -2.552299 4.283822 -24.235106
vn -1.589238 6.044043 0.619128
v -13.662770 -1.475271 2.090446
vn -0.928455 5.927796 -1.256527
v -2.436332 4.287022 -25.084986
vn -1.751021 5.816889 -0.609441
v -3.369246 4.113594 -24.848574
vn -3.546645 4.955895 0.276489
v -5.782894 2.964694 -24.264849
vn -2.139349 5.783937 0.860710
v -16.469868 -2.551095 5.070747
vn -1.368194 5.772841 1.985959
v -19.830545 -5.293830 9.518568
vn -3.421234 4.813445 -1.436471
v -5.544256 3.079544 -24.820551
vn -5.762596 -0.992350 -2.228402
v -14.505662 6.191490 3.064516
vn -1.444143 5.849158 1.693135
v -19.473665 -4.904558 8.641823
vn -2.349083 5.420998 -1.875476
v -3.971762 3.784063 -25.264027
vn -2.661356 4.726120 -2.966566
v -4.444078 3.339722 -25.712872
vn -1.156725 4.731853 -3.384740
v -2.941424 3.829633 -26.030537
vn -6.011288 0.031843 -1.746777
v -14.682401 7.726930 3.244439
vn -1.057493 5.985544 1.481177
v -19.992102 -5.002557 8.407715
vn 0.550108 5.919535 1.902668
v -20.595184 -5.216042 9.109759
vn 0.535339 6.020811 1.325187
v -20.333134 -4.777969 7.336189
vn -2.928007 5.434908 0.953330
v -17.863810 -3.254257 5.233493
vn -2.725779 5.519554 1.199291
v -19.233435 -4.526058 7.525572
vn -1.398177 6.018488 1.030074
v -19.845394 -4.654435 7.009842
vn 0.553734 6.084256 0.669764
v -20.408377 -4.522201 5.628469
vn -2.169887 5.764800 0.629668
v -19.655962 -4.358281 5.182834
vn -1.043902 1.838024 -0.171272
v -4.401970 2.168210 -26.851200
vn 0.000346 5.488977 2.704538
v -23.171247 -4.796893 9.410262
vn -2.430692 5.707249 0.263249
v -19.689060 -4.237502 3.397702
vn -1.533790 3.302347 -5.029083
v -3.722002 2.206334 -27.136831
vn 1.414826 5.867913 1.450921
v -22.486771 -3.939773 6.673980
vn -1.861217 2.262603 -5.467577
v -4.611083 0.187870 -27.884474
vn -2.119558 3.607565 4.479578
v -24.339464 -6.566358 11.312893
vn -0.778717 4.861034 3.696425
v -23.306271 -5.558999 10.608699
vn -2.734421 2.237933 -5.130610
v -6.427641 -0.884208 -27.520458
vn 0.375592 5.970788 1.734739
v -24.026314 -3.562918 6.124533
vn -2.080003 4.616512 3.532611
v -25.628305 -5.240373 9.183980
vn -3.183476 3.305962 4.148458
v -25.960007 -6.464732 10.202902
vn -2.455462 4.934744 2.858622
v -26.883795 -4.428549 7.080961
vn -3.300845 3.911269 3.465801
v -26.954998 -5.248366 8.178742
vn -4.416494 2.970076 3.192152
v -27.858856 -5.518851 7.402566
vn -4.996187 2.648655 2.529864
v -28.638033 -5.356317 5.971794
vn -0.985162 6.079979 0.635520
v -26.897512 -2.143432 -1.053417
vn -1.182643 5.897191 -1.565634
v -27.048454 -2.203215 -5.057296
vn -2.204399 4.810325 -1.391378
v -27.502893 -2.266403 -4.777141
vn -1.751678 5.825871 -1.438612
v -27.300301 -2.228330 -4.871590
vn -0.708594 4.687340 -2.553404
v -27.364531 -2.189924 -4.707263
vn -2.295828 1.922226 -5.257542
v -27.456467 -3.930021 -6.994868
vn 1.753114 5.939200 -0.571652
v 12.283481 0.842606 -4.601433
vn 1.201919 5.972003 -0.963846
v 7.655028 1.305227 -3.982337
vn 3.774058 4.702559 -1.482055
v 6.583230 21.343904 2.180516
vn 3.729680 4.317548 -2.436510
v 6.362730 20.267035 -0.690533
vn 2.898139 5.145145 -1.938138
v 4.830744 22.125414 1.015204
vn 0.341965 6.249183 0.286364
v 7.927035 1.424677 -7.648272
vn 0.669508 6.170003 -0.748790
v 5.796633 1.369956 -5.739666
vn 2.627485 5.526385 -0.898623
v 4.191873 23.262413 3.936771
vn -1.253017 5.886501 -0.441147
v 22.718708 -2.272088 3.515020
vn 2.362080 5.720674 0.303308
v 3.578043 23.699482 7.154216
vn 2.038796 5.665490 -1.712729
v 2.927674 23.255676 2.012051
vn -3.182020 5.392134 -0.258068
v 23.216124 -1.862967 5.144487
vn 1.108033 6.127558 -0.463837
v 8.503104 1.358907 -9.087481
vn 0.137652 6.269104 0.175462
v 6.256738 1.322891 -6.532708
vn -3.807290 4.851663 -0.477282
v 23.182709 -2.189721 1.617756
vn 1.446835 5.909349 -1.396369
v 1.689241 23.824566 2.664345
vn 1.461737 6.028187 -0.497830
v 1.681736 24.246593 5.160421
vn -3.218573 5.068668 -0.813089
v 23.028515 -2.468641 0.274788
vn -3.706648 4.931559 -0.165629
v 23.862707 -1.392832 2.221350
vn 2.085817 5.344102 -2.439815
v 3.299798 22.278006 -0.322246
vn 0.105514 6.138438 -0.856458
v 2.979523 1.365560 -7.122859
vn 0.295778 6.238421 0.104354
v 6.051205 1.599158 -9.398819
vn -2.220195 5.840410 0.099465
v 24.399397 -1.127708 2.872292
vn -4.123960 4.523455 -0.749617
v 23.812674 -1.616744 -0.249424
vn -1.242602 6.055664 0.527371
v 24.803555 -1.035594 3.835173
vn -0.114002 6.252325 0.453806
v 4.742618 1.610888 -9.536119
vn 0.114743 6.236795 -0.345244
v 4.642045 1.637972 -10.730097
vn 1.078557 5.733236 -2.154458
v 1.074805 23.423931 0.857709
vn -2.335581 5.654546 -0.377569
v 24.587688 -1.034087 0.402495
vn -0.129874 6.250492 0.407479
v 25.832472 -0.837406 2.304709
vn -0.768631 6.172827 0.036779
v 25.483469 -0.816936 1.506898
vn 0.028624 4.302684 -4.219621
v -0.013550 1.681087 -6.811111
vn -0.242617 6.260547 0.446233
v 3.624840 1.426960 -8.161592
vn -1.218630 5.955659 -1.010187
v 25.558537 -0.960347 -1.626694
vn -1.276446 3.195220 -5.080241
v -1.846271 1.726900 -6.598910
vn -4.176419 3.894661 -1.787662
v 23.975338 -2.217236 -3.377822
vn -4.733349 3.115570 -2.507577
v 23.341166 -3.530237 -3.507703
vn -0.384105 6.257780 0.290898
v 3.448717 1.585037 -10.175952
vn 0.034477 5.705891 -2.442407
v -1.089825 23.410448 0.290849
vn 0.448827 6.069028 -1.260222
v -0.293609 24.313320 3.347987
vn -0.621814 6.213559 -0.110897
v -2.886253 24.570520 6.135657
vn -0.515130 6.072955 -1.257813
v -0.692665 1.233841 -7.751201
vn -0.721586 -0.099591 -6.089368
v -1.770153 2.405378 -6.420598
vn -0.602572 6.248108 -0.052742
v -2.000987 1.066290 -8.528500
vn -0.118849 6.191173 -0.685460
v 26.053846 -0.890942 -1.377892
vn -0.173566 6.218708 -0.515131
v -1.851485 24.591393 5.170132
vn -0.865416 6.181422 0.458025
v -3.539988 24.432777 7.803070
vn -5.165953 0.471324 -3.459435
v 23.904022 -3.852070 -4.667641
vn -0.311711 6.226725 -0.378834
v 2.934374 1.574914 -11.184584
vn -0.434824 6.260098 0.014140
v 0.027012 1.217787 -8.925093
vn -1.843214 2.047164 -5.491011
v -3.177093 1.731048 -6.161079
vn -1.034273 -3.210381 -5.258397
v -2.898919 3.161971 -6.544381
vn -4.464516 2.946271 -2.603316
v 23.930479 -2.840955 -4.300609
vn -1.636019 -1.042089 -5.836832
v -2.964978 2.378706 -6.168480
vn -0.798019 5.219655 -3.224567
v -2.685182 22.012638 -2.179760
vn -4.407382 2.030819 -3.403612
v 24.292091 -3.365208 -5.284725
vn -4.527472 -0.281888 -3.856101
v 24.407400 -3.864292 -5.561858
vn -0.561047 6.083735 -1.298231
v -2.759337 24.291475 3.539828
vn -1.522970 4.839401 -2.987212
v 25.331028 -1.891582 -4.450188
vn -2.550512 3.956236 -3.816288
v 24.759634 -2.819622 -5.222939
vn -0.569181 6.210635 -0.329695
v -1.967474 1.162447 -10.663821
vn -1.001607 6.070043 -1.187365
v -3.003402 1.022908 -7.507423
vn -0.049309 5.808933 -1.864373
v 26.473255 -1.244079 -3.222981
vn 1.658538 5.560094 -1.870778
v 27.036194 -1.344522 -3.292332
vn -1.193348 -2.043751 -5.406034
v 24.974653 -5.517600 -5.293130
vn -1.074371 6.094744 -0.902360
v -3.883474 24.280806 4.380162
vn -0.753815 5.774990 -2.175839
v -2.711861 23.611294 1.085616
vn 1.102026 5.111907 -3.115405
v 26.934010 -1.872737 -4.447631
vn -0.608989 6.211659 -0.403383
v -0.597078 1.254281 -11.047029
vn -0.088502 0.197133 -6.206524
v -1.336259 10.488878 -9.252354
vn -1.408824 5.808874 -1.784941
v -4.585284 23.738588 2.527107
vn -1.515503 5.499486 -2.510163
v -4.226817 1.020770 -6.593314
vn -2.026120 3.720266 -4.493145
v -4.311723 1.471513 -5.922434
vn -0.821782 4.281653 -4.366338
v -2.821181 19.629107 -5.273192
vn -2.028371 5.846464 0.332730
v -6.011973 23.956387 7.364338
vn -1.767277 5.849674 -1.367516
v -5.347071 23.716560 3.282114
vn -1.665619 5.972335 -0.409850
v -5.453773 24.111713 5.682454
vn -1.399113 5.964345 -1.326060
v -4.568495 0.823951 -6.956579
vn -3.069134 1.399886 -4.858902
v -5.305618 1.653172 -5.263740
vn -1.203046 -0.486187 -6.049146
v -3.323516 9.249576 -9.025136
vn -2.180025 5.355085 2.430888
v -8.654707 -2.565212 15.433930
vn -1.004234 0.847051 -6.052400
v -3.179637 12.332050 -8.944057
vn -3.457083 3.844297 -3.485434
v -6.420366 0.976023 -4.822282
vn -0.705116 6.170975 -0.856473
v -4.771495 0.735902 -11.727765
vn -2.533101 4.902118 -2.748584
v -5.651793 0.915173 -5.717213
vn -2.296429 -1.398044 -5.557027
v -5.600569 7.086791 -8.005541
vn -2.252965 -0.118300 -5.793138
v -5.474724 10.372149 -8.412543
vn -1.713481 4.544864 -3.883398
v -4.959060 19.909698 -4.241683
vn -0.626017 6.242982 -0.006907
v -5.581741 0.773417 -9.770046
vn -1.062018 2.724940 -5.419130
v -3.481456 15.919982 -7.777874
vn -1.821526 5.327043 -2.674876
v -5.500101 22.503876 0.117509
vn -2.269607 5.507574 -1.889937
v -6.449657 23.043562 2.291706
vn -2.559622 5.562934 -0.939714
v -7.256748 23.304865 4.390590
vn -2.570091 5.241581 2.018297
v -10.013858 -2.564127 13.919749
vn -3.239923 5.249348 0.551988
v -8.469529 22.767054 7.637561
vn -0.865159 6.197908 -0.169090
v -4.076703 0.815264 -7.766740
vn -1.707065 5.909960 -1.220745
v -6.247200 0.574946 -6.144531
vn -2.679319 5.180106 -2.228822
v -7.270091 22.269266 1.244197
vn -3.437026 5.163372 -0.357018
v -8.926031 22.497898 5.616159
vn -2.311990 4.454277 -3.620653
v -6.565815 19.956827 -3.356275
vn -3.315920 5.063267 -1.440089
v -8.578947 22.372765 3.589713
vn -0.904473 6.095685 -1.096995
v -7.072416 0.406010 -12.091083
vn -2.357861 2.403509 -5.187422
v -5.797861 15.478347 -7.213501
vn -2.241193 5.590971 1.521564
v -11.829808 -2.724043 11.980197
vn -1.174367 6.152039 -0.071565
v -7.604600 0.285285 -5.983428
vn -3.181836 0.118982 -5.349785
v -7.466964 10.833582 -7.418264
vn -3.902450 4.471089 1.866667
v -11.477748 -2.100724 10.801161
vn -2.787724 4.690632 -2.993103
v -7.851819 20.545858 -1.487588
vn -3.242805 -1.002846 -5.194873
v -7.986060 7.615744 -6.867271
vn -2.919585 3.355891 -4.349580
v -7.663866 17.565392 -4.878680
vn -0.838139 6.191061 -0.044624
v -7.429677 0.595804 -9.787886
vn -4.255206 4.518000 0.183883
v -10.596834 21.185034 6.614990
vn -0.804148 6.217293 -0.329399
v -3.519723 0.243400 -15.429510
vn -3.245754 -2.074825 -4.867844
v -8.490738 5.347854 -5.833766
vn -3.359422 2.442123 -4.612515
v -8.416249 15.848163 -5.483773
vn -3.453235 4.561401 -2.426843
v -9.276538 20.502533 0.050211
vn -0.990895 6.185828 0.450319
v -8.978230 0.153843 -6.929987
vn -3.278205 1.345247 -5.119038
v -7.949994 13.267175 -6.777875
vn -1.084583 6.067976 -1.189983
v -6.494466 -0.018411 -14.166471
vn -3.700734 -2.646414 -4.236073
v -9.600745 4.675704 -4.623135
vn -3.967144 1.396853 -4.600534
v -9.661719 13.695313 -5.361240
vn -3.225173 3.910053 -3.646537
v -8.330008 19.010006 -3.017981
vn -4.306313 4.336256 -0.979606
v -10.718644 20.850271 4.214461
vn -1.124429 6.140972 -0.589519
v -5.837337 -0.093674 -15.421003
vn -4.192760 4.028059 -2.103997
v -10.706157 19.654037 0.795098
vn -4.286797 -1.563772 -4.229189
v -10.612550 6.144750 -4.395017
vn -1.380590 6.060497 -0.493899
v -9.147885 0.287587 -10.292752
vn -3.742260 0.570711 -4.972992
v -8.700521 11.817268 -6.500808
vn -5.676692 1.642019 1.972421
v -12.997412 16.238449 9.818172
vn -1.355382 6.015673 -1.185568
v -8.670347 -0.539010 -14.766623
vn -3.802664 3.126470 -3.834526
v -9.499498 17.231152 -3.594891
vn -4.133029 -1.026342 -4.548710
v -10.346461 7.314117 -4.989356
vn -3.775102 3.817336 -3.176878
v -9.455487 18.932980 -1.959937
vn -1.909428 5.820298 -1.329121
v -10.633942 -0.635416 -13.063303
vn -2.310807 5.691914 -1.109168
v -12.146667 -0.844698 -11.620463
vn -5.756503 -0.970734 -2.220501
v -11.018630 0.431096 1.399088
vn 3.676262 4.939445 -0.722377
v 7.580411 0.550221 -23.420599
vn -5.164956 3.165008 -1.233241
v -11.005719 -0.150952 1.087676
vn -5.691384 1.407346 -2.233554
v -10.781830 0.159848 0.740187
vn -1.664503 5.932810 -1.214835
v -9.323642 -0.816640 -15.320299
vn -5.893730 2.015989 0.535803
v -13.572701 16.138618 7.006834
vn -2.000871 5.916626 0.137652
v -11.887418 -0.823759 -0.802826
vn -5.864368 1.573092 1.514530
v -14.127503 12.132033 8.905695
vn -1.758599 6.003408 -0.425381
v -8.100566 -0.741250 -17.103252
vn -2.327707 5.805968 -0.199579
v -13.800974 -1.006237 -7.032825
vn -4.662953 -0.466187 -4.121401
v -11.348947 8.640066 -4.177717
vn -5.981083 1.749296 -0.186179
v -13.864429 15.473310 5.106756
vn 3.763933 4.529207 -1.925983
v 6.344301 1.183511 -24.682999
vn -1.671123 5.990283 -0.072280
v -11.479239 -0.203175 -8.108769
vn -5.314747 3.078087 -0.603135
v -12.714894 18.311466 4.241299
vn -5.087947 0.089897 -3.603517
v -12.156661 10.292377 -3.239025
vn -4.562383 1.267756 -4.071414
v -10.950151 13.467020 -4.161142
vn -4.273274 2.193778 -3.953180
v -10.525795 15.327387 -3.864519
vn -5.695777 2.248002 -1.024942
v -13.246869 16.793530 3.013059
vn -6.121794 1.267281 0.257806
v -14.130452 14.284233 6.081297
vn -5.873814 1.527428 1.294731
v -13.633271 15.326218 8.528342
vn -2.496246 5.675286 0.837442
v -8.789659 -0.936819 -18.864975
vn -1.552326 6.070376 0.311873
v -12.903248 -0.781688 -4.652554
vn -4.469982 0.509166 -4.324903
v -10.948945 11.483816 -4.584512
vn -4.593276 2.859469 -2.998940
v -11.279508 16.899981 -1.812889
vn 3.390097 4.599708 -2.444862
v 4.800419 2.069472 -25.354816
vn -5.762064 2.282915 0.975474
v -14.430062 11.209178 8.961044
vn 0.125830 6.060619 1.069227
v -0.957794 4.401650 -24.155045
vn 1.603125 5.948892 -1.112642
v 0.761233 4.129821 -24.970129
vn 0.915230 5.980985 -0.015067
v -0.030020 4.398831 -24.677382
vn -2.592705 5.651301 -0.591185
v -10.411290 -1.698800 -17.849277
vn -4.411458 4.358947 -0.368145
v -11.787568 -0.819296 3.043326
vn -4.961042 3.175857 -1.847750
v -12.081201 18.207748 1.308436
vn 2.130025 4.227072 -3.913081
v 2.846566 2.870968 -26.109026
vn 1.419860 5.314269 -2.772537
v 1.209304 3.859925 -25.498245
vn 0.831563 5.612843 -2.242631
v -0.060897 4.303277 -25.157866
vn -2.808086 5.374775 -1.568725
v -12.522408 -1.793683 -14.518358
vn 3.014927 4.016511 -3.695323
v 4.382344 1.871482 -26.047037
vn -5.083603 1.705200 -3.085409
v -12.177524 14.505530 -2.186245
vn -5.679151 -0.845121 -2.411235
v -13.329940 7.622907 -0.853495
vn -5.565369 1.909234 -1.955532
v -13.165221 15.147155 0.408076
vn -6.046175 1.611980 0.281330
v -14.580344 11.303894 7.139058
vn -3.122505 5.064749 1.945004
v -8.349935 -0.159062 -20.721205
vn -5.116333 0.715488 -3.494386
v -12.216718 11.874448 -2.979552
vn -6.169384 0.901210 -0.517979
v -14.529555 11.814581 4.305712
vn -6.198226 0.794562 0.324995
v -14.744095 10.628025 5.921474
vn -5.948719 1.833338 0.060525
v -15.472571 8.974179 8.100692
vn 2.665905 2.214255 -5.153139
v 4.967360 -0.329967 -27.244135
vn 2.746376 3.229779 -4.517019
v 4.562153 0.946206 -26.761395
vn -4.104284 4.621123 0.624533
v -9.500790 -0.532958 -22.127958
vn -3.548101 4.871549 -1.756695
v -13.897573 -3.412356 -16.556204
vn -5.797266 1.115453 -1.994361
v -13.514850 13.306107 0.100677
vn 1.498390 3.089662 -5.147560
v 2.069225 1.493518 -27.489819
vn -3.048603 5.458763 -0.421563
v -16.218277 -2.138033 -6.312282
vn -6.050435 1.202463 -0.973639
v -14.060636 13.608195 2.666013
vn 1.839506 2.414022 -5.420672
v 3.136889 0.455412 -27.676386
vn -2.538066 5.580488 -0.013460
v -4.375878 3.750161 -24.513918
vn -5.928658 1.762806 -0.777413
v -15.398117 8.916935 6.827475
vn -3.498514 5.110004 -0.886777
v -11.998104 -2.681514 -18.588387
vn -2.747964 5.553224 -0.803548
v -14.425120 -1.457021 -9.142512
vn -5.595037 0.649029 -2.677085
v -13.109093 11.807652 -1.440580
vn -3.735501 5.004361 0.376015
v -10.734161 -1.745891 -20.658018
vn -6.010554 0.446492 -1.602069
v -14.047738 11.222281 0.984406
vn 0.075433 4.498238 -4.096325
v -1.241922 3.635296 -26.410206
vn -6.034742 0.155145 -1.309484
v -15.673610 6.823302 6.236459
vn 0.567303 3.362558 -5.186278
v 0.179037 2.205021 -27.421230
vn -3.259445 5.135375 -1.421607
v -15.362691 -2.570105 -11.881804
vn -4.342517 4.315363 -1.304579
v -12.997518 -3.748789 -20.042715
vn -6.110262 1.068574 -0.864656
v -14.864547 9.882352 5.154685
vn -4.228294 4.241241 -1.738758
v -18.107121 -4.599288 -11.294520
vn -4.182660 4.183101 -2.070406
v -14.976003 -4.615668 -17.389866
vn -0.617661 2.907873 -5.383367
v -2.413121 1.833824 -27.666876
vn -4.727649 3.372980 -2.359017
v -15.313065 -5.832020 -18.782869
vn -3.644369 4.965469 -0.953041
v -17.256380 -2.998973 -8.291123
vn -4.939752 2.913707 -2.394455
v -12.424378 -4.395213 -23.285435
vn -4.749810 3.376828 -2.118701
v -10.698745 -2.184719 -23.942692
vn -3.730228 4.601382 -1.859959
v -16.068045 -3.453503 -13.145782
vn -3.906447 3.316420 -3.594586
v -7.685343 -0.037178 -26.034771
vn -4.321161 2.911587 -3.418323
v -9.391383 -1.666942 -25.493319
vn -4.475836 2.613023 -3.473835
v -10.073602 -2.690936 -25.450495
vn -4.341268 4.363613 -1.074669
v -19.687029 -5.063206 -7.885973
vn -3.546709 2.617499 -4.357774
v -7.664621 -0.826426 -26.698238
vn -5.123413 2.403703 -2.702342
v -15.261703 -6.959806 -20.175592
vn -5.125938 1.776259 -3.094055
v -13.813992 -6.716426 -22.675369
vn 1.098246 -0.137129 -6.148826
v 3.288436 -7.344643 -28.654083
vn 0.753062 0.500708 -6.174582
v 1.844888 -4.113062 -28.766960
vn -4.748910 3.567137 -1.945524
v -19.958309 -6.364264 -10.443133
vn -0.967818 1.593239 -5.939322
v -3.742693 -0.333805 -28.259989
vn -5.063008 2.490947 -2.700175
v -19.425842 -8.237607 -13.989500
vn -4.655314 3.364970 -2.431350
v -18.172882 -6.382381 -14.324193
vn -4.489588 1.145323 -4.189062
v -11.970148 -6.036994 -24.952097
vn -4.830276 0.968945 -3.804238
v -13.049767 -7.037067 -23.950949
vn -4.067729 1.347171 -4.531453
v -10.544239 -4.817710 -25.992952
vn -2.974922 1.482607 -5.247818
v -7.574393 -3.025821 -27.664923
vn -5.110142 0.777222 -3.533840
v -14.884071 -9.069626 -21.862522
vn -4.275928 0.390130 -4.532939
v -11.865126 -6.962924 -25.224712
vn -3.410506 1.290584 -5.049915
v -8.756883 -3.930448 -27.158735
vn -4.711870 0.133860 -4.099745
v -13.833616 -9.259541 -23.270115
vn 0.678980 -1.139754 -6.083873
v 1.793568 -11.370811 -28.496071
vn -0.421138 0.701961 -6.171861
v -2.858338 -3.055699 -28.849712
vn -3.426181 0.281560 -5.169644
v -9.726081 -6.192073 -26.889935
vn -0.208912 0.120541 -6.247003
v -2.489318 -5.833518 -29.014856
vn -2.085691 5.439518 2.153285
v -27.050226 -3.700441 5.378859
vn -1.905742 0.815822 -5.858847
v -6.588042 -3.746643 -28.246031
vn -0.663403 5.952436 1.662805
v -25.841776 -3.198104 4.733664
vn 0.415533 -0.437156 -6.211003
v 0.829131 -8.667301 -28.905386
vn -2.524159 0.232625 -5.655202
v -7.702081 -5.893656 -28.037424
vn 1.412700 1.680519 -5.708973
v -23.514565 -5.808434 -6.908997
vn -1.829375 -0.897672 -5.875589
v -23.386028 -9.097681 -7.088692
vn -0.572378 0.252323 -6.120982
v -24.137524 -7.333925 -7.184210
vn 1.941400 2.595866 -5.262340
v -23.635004 -5.379073 -6.768003
vn -1.225812 0.179565 -6.121694
v -5.555040 -5.875688 -28.659416
vn -4.406790 -0.322904 -4.376580
v -23.088547 -9.806400 -7.155877
vn -1.893865 5.769022 1.235034
v -27.557930 -2.672937 1.154105
vn -1.615225 5.855520 1.463305
v -27.210608 -2.967312 2.808692
vn 3.788809 2.290190 -4.320525
v -24.952185 -4.114505 -6.650742
vn 1.297909 1.144260 -5.977773
v -24.826286 -5.028782 -6.851535
vn 4.284959 1.908412 -4.062598
v -25.208031 -3.633319 -6.656419
vn -4.573147 3.531852 2.071919
v -28.917692 -4.516857 4.291891
vn -1.821493 -1.261994 -5.596568
v -24.653923 -8.625498 -7.016891
vn -1.352277 -1.133579 -5.958411
v -25.653709 -7.010777 -6.771270
vn 0.005392 -0.160729 -6.227955
v -25.207502 -5.797630 -6.920613
vn 2.230939 3.262005 -3.939869
v -25.436752 -2.974061 -6.571497
vn -2.858754 5.135916 1.842193
v -27.957081 -3.557322 3.954569
vn 2.134859 1.702847 -5.357210
v -25.549301 -3.634223 -6.919017
vn -3.623026 -1.544322 -4.823769
v -11.977834 -13.354124 -24.310295
vn -0.540959 -0.368754 -6.214624
v -3.476096 -8.174613 -28.912434
vn -1.775063 -0.470321 -5.938187
v -6.602530 -8.256410 -28.373304
vn 0.418018 0.007336 -6.017329
v -26.492033 -4.620082 -7.274708
vn 0.117238 2.917040 -5.335887
v -26.474998 -3.497484 -7.036288
vn -0.301816 1.885071 -5.694393
v -26.609222 -3.700457 -7.126390
vn -0.563770 4.794036 -3.388975
v -26.548306 -2.537349 -6.248954
vn -3.555791 -2.546253 -4.479177
v -26.419924 -8.815432 -5.691601
vn -3.959504 4.518796 0.922408
v -29.086214 -3.223661 0.123627
vn -0.621703 -0.974782 -6.119707
v -3.601812 -10.388666 -28.689672
vn -2.385271 4.986702 -2.556421
v -27.424248 -2.541197 -5.718614
vn -0.230126 0.748115 -0.128148
v -27.493700 -2.271500 -4.776310
vn -1.215924 -1.604896 -5.712266
v -27.318819 -6.015582 -6.986836
vn -1.833751 3.690952 -4.344204
v -27.118462 -3.100478 -6.665814
vn -2.786893 -0.782489 -5.515601
v -8.378455 -9.444389 -27.502811
vn -2.331568 -3.702615 -4.476253
v -27.025322 -8.620663 -5.431558
vn -1.736643 -1.244186 -5.840737
v -6.261560 -10.973107 -28.077799
vn -2.604845 5.531255 0.133519
v -28.236217 -2.376586 -2.482770
vn -3.286438 5.087641 0.634117
v -28.718830 -2.726555 -1.302072
vn -3.122872 -0.404841 -5.191427
v -28.238119 -5.176437 -6.776781
vn -3.664006 1.051714 -4.780375
v -28.397388 -4.624669 -6.622346
vn -3.467529 4.862312 -1.071901
v -28.527943 -2.648958 -4.204091
vn -4.722865 3.781014 0.004132
v -29.509592 -3.353354 -2.227819
vn -3.639696 2.696630 -4.126771
v -28.228422 -3.783653 -6.406616
vn -4.734371 -0.054296 -3.897988
v -29.099884 -5.282738 -6.005870
vn -4.839211 3.341408 -1.516702
v -29.296455 -3.464120 -4.308488
vn -3.816292 3.731304 -2.873560
v -28.373816 -3.243383 -5.776503
vn -3.763914 -2.587541 -4.283892
v -13.623100 -17.922079 -20.756754
vn -3.501107 -3.150640 -4.122540
v -13.528344 -19.191904 -19.975576
vn -5.815481 2.116168 -0.233052
v -29.946224 -4.215038 -2.140046
vn -4.783538 1.659731 -3.291967
v -29.122620 -4.540130 -5.855488
vn -1.311028 -1.926819 -5.780845
v -4.991894 -13.878954 -27.597479
vn -5.664082 2.268888 -1.192682
v -29.564957 -3.913190 -4.069264
vn -5.469356 -0.630788 -2.730456
v -29.510139 -5.874439 -5.302738
vn -6.025548 1.321996 -0.833862
v -29.996264 -4.675631 -2.941615
vn -2.489830 -1.852351 -5.385709
v -7.878293 -13.641090 -26.725567
vn -1.354280 -2.765605 -5.416401
v -4.440561 -16.881073 -26.510693
vn -2.325232 2.056509 0.040248
v -11.125808 -2.106523 -20.284742
vn -0.017912 0.015929 0.000316
v -11.128500 -2.111950 -20.163700
vn -0.512655 -2.951105 0.786120
v -11.097022 -2.060231 -20.987040
vn 0.057119 -2.707608 0.081613
v -11.088693 -2.059850 -20.980206
vn -0.072745 -0.246619 0.102437
v -11.098400 -2.068240 -21.007299
vn 2.974596 0.043553 5.412980
v 20.253645 -10.047235 16.951567
vn 4.558398 1.230162 4.108274
v 19.570053 -10.600411 17.636372
vn 2.775448 -1.537837 5.385055
v 22.368004 -9.569998 16.158163
vn 3.566334 -0.606769 5.040382
v 20.508326 -10.650818 16.756609
vn 4.947769 0.109978 3.817969
v 20.805302 -12.128445 16.434145
vn 3.280057 -2.294567 4.790277
v 23.347683 -10.330005 15.296337
vn 4.711807 0.122349 4.043468
v 27.269054 -6.674700 12.899199
vn 5.157893 0.139836 3.521271
v 19.502821 -14.352744 18.827406
vn 3.749797 -1.425023 4.734937
v 21.246630 -11.477906 16.044167
vn 4.030783 -1.113322 4.604290
v 25.417871 -8.158790 14.578892
vn 4.444900 -0.984916 4.137219
v 26.658220 -7.816400 13.487874
vn 1.210030 1.345439 5.689099
v 6.355584 -9.904039 27.171549
vn 1.451292 2.391963 5.611039
v 6.721592 -10.284398 27.264204
vn 4.390289 -1.376823 4.243256
v 21.418081 -12.286608 15.637883
vn 2.040241 1.959918 5.558452
v 8.157448 -10.969522 27.112276
vn 3.732553 -2.335212 4.464059
v 22.012430 -12.167090 15.177611
vn 1.037581 2.361576 5.718665
v 5.648133 -10.792261 27.698290
vn 0.646750 2.474703 5.713538
v 3.347715 -10.532879 27.941296
vn 3.865135 -3.093390 3.839285
v 22.518856 -12.659611 14.403014
vn 3.558217 -3.026613 4.141343
v 23.910530 -11.564872 14.119138
vn 5.203209 -0.891143 3.044919
v 27.940409 -7.506914 11.947611
vn 4.148019 -2.433527 3.960849
v 25.408451 -9.892700 13.844204
vn 3.937577 -3.352445 3.482282
v 24.630621 -11.819404 13.202255
vn 5.389216 -2.405792 1.783880
v 28.282063 -9.427998 9.788723
vn 5.754189 0.516253 2.037776
v 29.298742 -5.893564 8.915149
vn 1.124227 1.351346 5.930094
v 5.574946 -12.279948 28.278469
vn 5.788714 -1.144010 1.976138
v 28.945280 -7.579954 9.437260
vn 0.301830 2.011047 5.901143
v 2.158881 -11.372180 28.372591
vn 4.998754 -1.272619 3.419426
v 21.736368 -13.094102 15.008324
vn 4.775438 -2.522115 2.982979
v 27.211945 -9.735372 11.762066
vn 6.057062 -0.305097 1.329027
v 29.727873 -6.345205 7.274907
vn 1.889806 0.776343 5.840737
v 7.732851 -13.332623 27.909010
vn 2.859582 -3.013535 -4.443830
v 27.801252 -5.822606 -4.873832
vn 4.948017 -3.379159 1.580983
v 27.190298 -11.388613 9.609932
vn 4.160486 -2.588275 -3.748980
v 28.432833 -5.973531 -4.205165
vn 4.575773 -2.945961 2.926887
v 22.611448 -13.815027 13.139683
vn 5.742074 -0.926578 2.266208
v 22.235907 -14.602477 13.364269
vn 5.777634 -1.006564 2.044594
v 22.081463 -16.950790 13.469309
vn 4.520143 -1.972321 -3.630873
v 24.209135 -10.540732 -4.197542
vn 5.616010 -1.544611 -1.718418
v 29.868628 -5.817621 -1.761717
vn 3.087010 -3.823294 -3.774415
v 28.155504 -6.819072 -3.728592
vn 4.098764 -3.931112 2.341282
v 25.536444 -12.736430 11.006539
vn 4.478998 -2.915897 -2.988554
v 28.810621 -6.659151 -3.186375
vn 5.445119 -2.075109 1.931747
v 22.846333 -14.799620 11.527464
vn 3.816629 -4.030494 -2.812244
v 28.645517 -7.503155 -2.366820
vn 4.069861 -3.008572 -3.583523
v 24.510199 -11.142023 -3.437385
vn 0.835880 0.030615 6.171825
v 4.157824 -15.199317 28.767784
vn 5.386169 -3.101150 0.482677
v 28.691343 -9.724991 6.660945
vn 4.513660 -3.315180 -2.749328
v 27.698868 -8.776900 -1.793068
vn 3.525673 -3.757778 -3.528235
v 24.857370 -11.538733 -2.711119
vn 5.907243 0.778307 -1.887046
v 23.089083 -11.351870 -7.750120
vn 2.267299 -0.139816 5.785371
v 9.286367 -15.487328 27.443733
vn 4.394496 -4.033592 1.895341
v 23.523308 -14.964261 9.594494
vn 4.504288 -2.060163 3.783302
v 16.878485 -19.411451 21.301413
vn 5.424191 -1.622769 2.614686
v 20.733124 -18.490793 15.782760
vn 5.169747 -3.125852 -1.253209
v 29.346329 -7.899120 -0.116889
vn 4.584183 -4.070299 1.041336
v 26.425497 -12.652167 8.724636
vn 5.780108 -0.131267 -2.319442
v 22.270342 -14.156507 -10.643165
vn 4.611742 -3.419288 -2.196988
v 29.012094 -7.666259 -1.561561
vn 4.368134 -3.507780 -2.348513
v 24.749004 -12.028371 -2.220518
vn 5.144024 -3.548796 0.457600
v 27.615883 -11.264514 7.319757
vn 1.382995 -2.009524 5.738453
v 6.784583 -19.941605 27.421228
vn 4.859322 -2.251898 3.155152
v 18.473701 -19.729492 18.962519
vn 3.801978 -4.151343 -2.569465
v 26.025480 -11.832132 -1.208463
vn 6.063312 -0.187607 -1.484021
v 23.826643 -14.483798 -5.743958
vn 4.958345 -3.471283 -1.582963
v 28.171671 -9.323339 -0.063934
vn 5.846418 -0.871635 -1.955162
v 23.083822 -15.970015 -7.987294
vn 4.372200 -3.892949 -2.009065
v 24.790150 -13.129372 -0.460343
vn 4.210386 -3.093567 3.405682
v 16.299818 -21.179039 20.724987
vn 2.228682 -1.510569 5.560944
v 9.108670 -18.914108 27.065083
vn 5.102260 -2.580629 2.490471
v 20.262461 -20.404619 15.194607
vn 3.020752 -1.858591 5.117560
v 11.879824 -19.650475 25.394932
vn 4.284976 -3.584057 2.696119
v 17.990713 -22.051214 17.433905
vn 4.231004 -4.541708 0.772131
v 24.364000 -14.840952 7.679249
vn 5.402803 -2.296621 2.109649
v 21.142265 -20.589157 12.953105
vn 5.992666 -1.110777 1.324595
v 23.118486 -17.866144 8.956635
vn 5.587544 -2.267872 1.581087
v 21.856550 -21.014837 10.323380
vn 4.934450 -3.591163 0.373689
v 23.931143 -15.274928 6.269489
vn 2.765183 -5.171999 2.065242
v 14.700932 -22.782484 20.711441
vn 6.027609 -1.503010 -0.307589
v 24.434359 -14.390432 0.668910
vn 5.562426 -1.093209 -2.631539
v 21.497347 -16.034796 -11.861882
vn 4.478806 -4.255954 -0.026885
v 26.045614 -13.540896 5.456100
vn 5.651069 -2.399462 1.010987
v 22.559498 -21.018866 7.328145
vn 2.673202 -4.051069 3.930302
v 11.556970 -22.684231 23.779211
vn 4.704441 -3.488857 1.875474
v 20.640442 -22.306932 12.031089
vn 4.163514 -4.503817 -0.914641
v 25.877796 -13.373887 2.534700
vn 4.750036 -3.841208 -0.940495
v 24.692762 -13.994539 1.463742
vn 1.903407 -3.043459 5.029262
v 8.371199 -21.990217 26.042856
vn 2.007616 -4.216853 4.030012
v 9.642439 -22.769606 24.860140
vn 2.126008 -4.988432 3.004922
v 11.453859 -22.892647 23.593363
vn 1.163508 -4.391874 4.130532
v 7.351607 -22.788334 25.753771
vn 4.789089 -3.690232 1.171970
v 21.393997 -22.533621 9.051287
vn 0.551702 -5.248789 3.211298
v 6.650401 -23.037315 25.572075
vn 4.296711 -4.520503 -0.534387
v 24.578691 -14.535041 3.762464
vn 0.047978 -4.569707 4.223015
v 1.248737 -22.649172 26.449100
vn 1.155591 -5.428686 2.672812
v 8.886585 -23.172455 24.631420
vn 5.994550 -1.455696 0.779781
v 23.463310 -19.051903 5.745558
vn 6.117545 -1.136584 -0.289842
v 24.148542 -17.343758 -0.973832
vn 5.049021 -1.763668 -3.192109
v 19.938032 -17.246931 -14.166930
vn 0.127309 -5.492722 2.771524
v 2.045076 -23.086145 25.836382
vn 1.083683 -6.137202 0.792283
v 14.380762 -23.464340 16.984581
vn 0.001188 -0.007771 0.011571
v 16.483299 -23.719900 12.726900
vn 5.276303 -2.034012 -2.599845
v 21.056297 -18.373655 -11.457888
vn 1.222289 -7.484706 2.793141
v 16.258476 -23.761480 12.722052
vn 0.061032 -0.399331 0.594579
v 16.254400 -23.759501 12.723800
vn 1.063747 -5.991085 1.315835
v 10.421936 -23.593933 22.407839
vn 5.510730 -2.718150 -0.997260
v 22.633030 -21.024006 -3.359776
vn 4.594360 -2.246352 -3.591644
v 18.254438 -17.852842 -16.165335
vn 0.269753 -6.184925 0.520422
v 5.620834 -24.471529 20.083149
vn 4.963277 -3.348687 -1.779864
v 20.859835 -22.201557 -7.193111
vn 4.910420 -2.972935 -2.435591
v 20.482475 -20.895193 -10.077848
vn 4.239098 -2.437772 -3.919496
v 16.513371 -18.367626 -17.834896
vn 4.271373 -4.250934 -1.608940
v 20.441164 -22.681013 -7.269358
vn 4.289453 -3.961958 -2.104947
v 19.953314 -22.461992 -8.873936
vn 0.720185 -6.186375 0.401108
v 12.176572 -24.142406 15.170930
vn 5.893747 -1.991530 0.055650
v 23.544481 -19.880142 1.654150
vn 4.773665 -3.718966 -1.291584
v 21.378618 -22.481846 -4.970888
vn 3.884975 -4.266376 -2.253607
v 19.294264 -22.578058 -9.870481
vn 5.413457 -3.055663 -0.215005
v 22.595396 -22.000677 1.004293
vn 4.777832 -3.870988 -0.667437
v 21.988882 -22.564085 -1.518868
vn 4.577903 -2.912106 -3.087540
v 18.987165 -20.197498 -13.356876
vn 3.664857 -4.954273 -0.722558
v 21.197992 -22.943211 -3.607580
vn 3.343230 -4.733283 -2.308348
v 18.211561 -22.677973 -11.342578
vn 4.480708 -4.297577 -0.451947
v 21.916668 -22.814377 -0.101967
vn 3.931249 -3.353618 -3.515137
v 16.089962 -20.941061 -16.363346
vn 3.598186 -4.291978 -2.763073
v 17.370918 -22.357069 -13.067347
vn 4.255518 -2.908380 -3.572142
v 16.740110 -20.053556 -16.353558
vn 4.048674 -3.581732 -3.169129
v 17.182461 -21.507238 -14.390635
vn 1.324552 -6.009847 -0.861417
v 17.759342 -23.356508 -9.798345
vn 3.046185 -4.523615 -3.017854
v 14.934389 -22.404013 -15.877955
vn 2.845540 -4.148649 -3.691469
v 12.225943 -21.794573 -19.011024
vn 2.552992 -5.192194 -2.138619
v 15.837974 -23.003403 -13.826565
vn 2.433119 -4.953880 -2.818616
v 13.149508 -22.783993 -16.939253
vn 1.236632 -5.863651 -1.416007
v 12.266330 -23.390928 -16.214888
vn 1.974686 -5.103108 -2.906482
v 10.722433 -22.846472 -18.694000
vn 0.387096 -6.240312 0.204935
v 10.462890 -23.670879 -14.106121
vn 0.670390 -6.138118 -0.893218
v 7.233612 -23.704597 -18.418888
vn -2.073418 -5.854651 -0.707234
v 5.618453 -24.149204 4.195986
vn -1.438450 -5.701516 -1.917130
v 3.970241 -24.238327 6.528576
vn 0.246805 -5.459718 -2.988583
v 0.432559 -23.709986 6.765452
vn 0.197004 -5.909295 -1.587548
v -0.079840 -24.357725 7.774345
vn 0.924266 -4.226652 -3.770729
v -0.257372 -22.145807 4.084047
vn 2.866683 -4.997333 -2.272977
v -0.950606 -22.883799 4.195171
vn 1.538004 -5.220663 -3.040168
v -0.095170 -22.907104 4.917900
vn 4.997359 -2.696422 -2.419031
v -0.845164 -22.565699 3.763368
vn 2.210932 -3.120515 -3.450821
v -0.606016 -21.887789 3.780135
vn 5.240245 -1.984972 -1.807276
v -0.827382 -22.062412 3.565481
vn 4.927352 -1.887865 0.388298
v -0.877025 -21.969925 3.054946
vn 0.387228 -4.956202 0.815836
v -0.395826 -21.641499 2.684177
vn 6.002425 -1.118381 1.349472
v -0.841659 -22.366688 2.874772
vn 2.508279 -3.137091 4.083127
v -0.468056 -21.923899 2.307364
vn 5.056592 -3.167825 1.508000
v -0.802884 -22.545412 2.522139
vn 5.058395 -1.327382 3.294482
v -0.630306 -22.210121 2.359752
vn 3.776781 -3.008278 2.042281
v -0.670419 -21.835726 2.567219
vn 3.508804 -3.441019 3.792269
v -0.440566 -22.445032 2.045269
vn 1.362557 -5.202479 3.092827
v 0.091803 -22.769928 1.296414
vn 2.563611 -5.479321 1.459782
v -1.084739 -22.915459 2.016340
vn 0.255487 -6.170824 0.246504
v -9.153393 -23.491238 -11.609128
vn 3.660536 -2.131044 4.578997
v 14.270753 -19.888685 23.601858
vn 1.237433 -0.839252 6.011787
v 5.587622 -17.034422 28.435846
vn 3.767142 -2.966775 3.990616
v 14.528470 -21.406612 22.472069
vn 3.522699 -3.689975 3.627676
v 13.987143 -22.205231 22.283495
vn -0.005445 0.033259 0.016063
v 5.912670 -20.479900 27.362400
vn -0.753586 -0.379293 1.865174
v 5.985200 -20.260599 27.436300
vn 0.924838 -2.290158 5.740515
v 5.699027 -20.376892 27.464119
vn 0.395406 -3.651664 4.113224
v 5.989380 -20.264469 27.440229
vn 2.886366 -4.597406 3.132431
v 13.854409 -22.607313 21.910637
vn 3.756396 -4.107337 2.847291
v 15.534460 -22.391487 20.287893
vn 3.350042 -4.698842 2.398166
v 16.373211 -22.542206 18.891800
vn 3.259060 -4.795184 2.196278
v 17.411093 -22.612345 17.365108
vn 2.795675 -2.944443 4.668082
v 11.221885 -21.753399 24.807302
vn 2.474560 -4.866347 2.960680
v 12.564660 -22.828634 22.843061
vn 3.156491 -3.808455 3.708752
v 13.084471 -22.480032 22.864059
vn 3.524108 -4.705072 2.135083
v 17.814297 -22.537086 16.831747
vn 4.329746 -3.813297 2.282956
v 19.283884 -22.458958 14.505752
vn 4.263730 -3.831796 2.218265
v 19.639662 -22.541370 13.725666
vn 2.759832 -5.306154 1.510685
v 19.136816 -22.990416 13.556164
vn 0.164282 -2.680514 5.611125
v 1.639171 -20.817183 27.693504
vn 1.861969 -5.609451 1.714342
v 12.783205 -23.178621 21.895250
vn 2.037454 -5.663379 1.435013
v 17.051678 -23.028606 16.703445
vn 1.416461 -6.021537 0.953294
v 17.654877 -23.361027 14.052599
vn 2.881876 -5.147002 1.710280
v 18.626654 -22.912470 14.724881
vn 3.324151 -5.036686 1.310857
v 20.050880 -22.996986 11.639899
vn 3.522640 -4.951981 1.142590
v 20.604015 -22.966497 10.162174
vn 1.678252 -5.297132 2.728660
v 10.131125 -23.070408 24.156542
vn 1.965751 -5.857046 0.844484
v 19.624973 -23.190081 11.630964
vn 3.837613 -4.821052 0.797214
v 21.120144 -23.047663 7.865400
vn -0.524377 -4.844101 3.807185
v -1.484220 -22.890268 26.073038
vn 3.850214 -4.832527 0.646211
v 21.361700 -23.070562 6.345067
vn 4.475714 -4.256402 0.650658
v 21.758007 -22.873959 5.106945
vn 1.275154 -6.120230 0.611438
v 17.673996 -23.650991 11.350914
vn 2.327725 -5.708678 0.575821
v 20.826565 -23.234690 7.784998
vn 2.500989 -5.601893 0.335645
v 21.219723 -23.259800 5.279161
vn -1.527380 -3.511993 4.795230
v -4.519020 -22.249067 26.048340
vn -1.111121 -4.803459 3.819274
v -4.534104 -23.026489 25.229952
vn -1.827129 -4.281800 3.996290
v -6.356695 -22.786261 24.845192
vn 3.800417 -4.751928 0.278578
v 21.704260 -23.121515 3.593766
vn 2.598499 -5.410879 -1.571348
v 18.574688 -23.080305 -9.803082
vn -0.806560 -5.570146 2.405398
v -4.629725 -23.335688 24.741056
vn 2.882026 -5.232763 -1.254310
v 19.945272 -23.012606 -7.534858
vn 5.349751 -3.104123 0.442529
v 22.426361 -22.173931 3.940233
vn 3.235898 -5.136785 -0.882864
v 20.886549 -23.007036 -4.732694
vn 3.285661 -5.220747 -0.538388
v 21.413452 -23.039446 -1.752924
vn 1.483571 -6.042280 -0.497600
v 19.767286 -23.379339 -5.028863
vn 4.388476 -4.350427 -0.140742
v 21.977478 -22.866716 1.305611
vn 3.130634 -5.326955 -0.405950
v 21.601583 -23.074442 -0.081449
vn 2.025151 -5.872111 -0.394579
v 20.632172 -23.248810 -3.446735
vn -0.306259 -6.132675 1.300797
v -2.398592 -24.027275 22.220201
vn 0.835686 -6.177363 0.208929
v 17.478815 -24.043837 7.547966
vn 2.436942 -5.606834 -0.069304
v 21.459852 -23.281805 2.608021
vn 1.432714 -5.945920 -1.238230
v 15.023629 -23.310865 -13.666244
vn 0.183595 -6.276119 -0.142010
v 5.862026 -24.374710 18.320040
vn 0.386548 -6.259035 -0.342184
v 14.928529 -23.794270 -6.931606
vn -2.984018 -3.994955 3.662186
v -24.151222 -12.950410 10.974030
vn 0.625600 -6.206715 -0.566628
v 13.528601 -23.480692 -14.165534
vn -2.596185 -5.081695 2.490315
v -23.838385 -14.068079 9.526727
vn -4.321261 -3.161294 2.936062
v -26.363436 -12.054736 9.617120
vn -2.419723 -4.516851 3.459982
v -23.649433 -13.444866 10.760632
vn -3.164753 -4.633931 2.532702
v -14.412347 -22.960569 18.486349
vn -3.750067 -4.363828 2.368029
v -16.116188 -22.894623 16.257179
vn -3.659475 -4.280603 2.633431
v -25.573231 -13.077079 9.247396
vn 0.130806 -6.280194 -0.036371
v 11.128267 -24.232698 4.159687
vn -2.343578 -5.545740 1.477471
v -23.902063 -14.805722 7.563751
vn -2.500146 -5.324477 1.740114
v -15.414634 -23.341675 16.365591
vn 0.053439 -6.274483 -0.061703
v 1.518514 -24.608963 13.580754
vn 0.213941 -6.278936 0.002247
v 9.673153 -24.193790 10.875647
vn -2.517773 -5.441353 1.061277
v -17.226969 -23.374187 12.732511
vn -3.507831 -4.737256 1.833360
v -25.565596 -13.735418 8.010126
vn -1.436886 -5.976823 1.087510
v -14.748199 -23.562508 16.242136
vn -0.460714 -6.227565 -0.256220
v 6.091567 -24.281775 4.504013
vn -0.587452 -6.213245 0.061655
v 6.124243 -24.257097 2.044060
vn 1.194535 -5.644234 -2.282208
v 7.468744 -23.390869 -19.534727
vn 1.650595 -4.871948 -3.503249
v 8.027432 -22.676462 -20.520187
vn -0.199564 -6.238089 -0.455771
v 4.522936 -24.342112 6.777371
vn -4.800438 -3.842986 0.977428
v -27.581476 -12.410412 6.071827
vn -0.447565 0.305593 -1.919821
v 2.177272 -24.296646 7.599141
vn -2.397084 -5.269196 -1.965855
v 3.905982 -23.548014 5.327816
vn 0.897085 -5.583065 -2.425422
v 5.550025 -23.493629 -20.151960
vn -5.299192 -3.171497 0.317323
v -28.763056 -11.157575 3.600048
vn -4.629386 -4.183993 0.135537
v -27.191557 -13.155031 3.639159
vn -2.195916 -5.842380 -0.095623
v 3.614276 -23.109228 3.092280
vn -2.717808 -5.467444 0.268073
v 4.941947 -23.603704 2.631936
vn -5.431392 -3.034675 -0.258740
v -29.138826 -10.475046 1.658788
vn -1.264513 -5.334960 -2.891380
v 2.752245 -23.721376 6.449620
vn 0.875453 -5.298402 -3.077299
v 4.194245 -23.271736 -21.016672
vn -1.649530 -5.773404 -1.115033
v 2.469508 -22.725073 4.165568
vn -2.248069 -5.785945 0.695108
v 5.722599 -24.156658 2.016898
vn 0.102254 -6.267443 0.212656
v 7.130596 -23.790312 -14.984192
vn 0.357445 -6.048590 -1.426409
v 3.510520 -23.731249 -19.975817
vn 0.502148 -6.056034 -1.058271
v -2.162161 -24.323606 7.152435
vn 0.230399 -4.892899 -3.832452
v 1.000442 -22.551874 -22.609474
vn -0.100225 -6.279483 -0.169482
v -11.061283 -24.167843 10.950665
vn -0.299597 -5.351739 -3.217880
v 0.410488 -22.585773 4.557349
vn -2.337294 -5.365860 1.920578
v 4.130048 -23.816231 0.220628
vn 0.209023 -6.245688 -0.150422
v 4.395594 -23.974537 -17.450281
vn 0.192089 -5.666499 -2.447961
v 1.059134 -23.544119 -21.035181
vn -0.947967 -5.938131 1.087929
v 4.215412 -24.171764 -0.488370
vn -0.127638 -6.197862 0.897889
v 3.269816 -23.841173 -15.444069
vn 1.429301 -5.592955 -2.349491
v -1.646904 -23.939005 6.546616
vn -1.852503 -5.811232 1.056433
v 1.465418 -22.460501 2.258435
vn 1.325979 -4.172402 -1.273483
v -0.603204 -21.694431 3.509202
vn -1.522353 -5.733271 -1.740898
v 0.751094 -22.318293 3.944433
vn 0.097656 -6.275239 -0.208686
v 7.617098 -24.166285 -4.781770
vn -0.115195 -4.642832 3.072544
v -0.103908 -21.863285 2.249628
vn -1.149143 -5.500195 2.647083
v 2.483424 -23.650438 -0.484118
vn -0.850788 -4.680340 -4.031512
v -3.206287 -22.021137 -22.907898
vn -0.375332 -5.453944 -2.909132
v -2.191236 -23.550167 -20.959658
vn 2.323880 -5.636216 -1.192323
v -2.731400 -23.578119 4.372917
vn 4.177331 -4.139127 -0.350251
v -1.047095 -22.756559 3.384006
vn -1.133743 -5.013414 -3.559088
v -4.067619 -22.688887 -21.811728
vn 0.038412 -6.209776 0.645746
v -0.355251 -23.945856 -16.508715
vn -5.444693 -3.086602 -0.054145
v -21.219021 -21.119926 1.271882
vn 0.462107 -5.520580 2.763745
v 0.195114 -23.539768 -0.614929
vn 0.949934 -6.069112 -0.521681
v -4.020892 -24.204517 4.680899
vn 2.518338 -5.640446 0.544450
v -2.748798 -23.460938 2.299732
vn 1.806729 -5.715047 1.722240
v -1.950238 -23.499470 0.704307
vn 1.148005 -6.030025 0.164471
v -4.043267 -24.140047 2.016017
vn 0.700637 -6.013495 1.220996
v -1.632209 -24.110853 -1.031235
vn -0.089690 -6.277018 -0.100914
v -1.189270 -24.170891 -3.793513
vn 0.718130 -6.103357 0.555758
v -3.363841 -24.153439 0.070275
vn -1.235576 -5.434656 -2.753191
v -5.885697 -23.437040 -19.958006
vn -1.229976 -5.562339 -2.022801
v -9.738622 -23.641703 -17.565720
vn -0.517368 -5.953307 -1.889997
v -9.275623 -23.620075 -17.674286
vn -0.523644 -6.196357 -0.730215
v -9.039783 -23.820786 -16.859360
vn -0.008648 -6.260492 0.008773
v -3.463733 -24.025770 -17.360178
vn 0.137281 -6.208346 0.870777
v -2.927314 -23.904985 -15.879498
vn -0.246139 -6.250468 -0.217435
v -9.733767 -23.857756 -15.593661
vn 0.266353 -6.239718 0.639596
v -8.224002 -23.723110 -13.630809
vn 0.492956 -6.246026 0.376941
v -11.884870 -23.803602 -11.061428
vn 0.023106 -6.181212 0.293119
v -4.074852 -23.536070 -13.862452
vn -0.166476 -3.577242 5.079052
v 0.662851 -22.050568 26.973158
vn -2.938104 -1.700958 5.193986
v -9.225608 -18.616087 25.616201
vn -4.698659 0.817191 3.986301
v -17.588770 -11.498538 19.034536
vn -4.759097 1.783218 3.626742
v -18.228346 -9.846322 17.628458
vn 0.414051 -5.958549 1.804814
v 6.930237 -23.500986 24.374477
vn -3.704549 -1.833250 4.678298
v -12.580296 -19.153399 23.155804
vn 0.652178 -6.213367 0.522236
v 14.290539 -23.963848 13.338651
vn -5.203822 0.647590 3.321036
v -19.359238 -11.355376 16.598276
vn -4.933029 -0.106088 3.843472
v -17.757982 -13.801559 18.931047
vn -4.096267 -0.423450 3.161365
v -17.042150 -15.692647 19.623505
vn 0.051449 -6.188593 0.766022
v 1.644053 -24.510683 20.298969
vn -5.006814 -0.526644 3.757792
v -17.586233 -15.168338 18.983927
vn 0.424359 0.563361 1.163936
v -17.041901 -15.692500 19.609400
vn -0.109832 -5.735624 2.324259
v -0.930893 -23.313412 25.392735
vn 0.634840 -6.197896 0.452938
v 15.601737 -24.051218 11.356024
vn 0.591906 -6.222229 0.322258
v 9.418063 -24.260334 17.496115
vn -2.878012 0.354654 3.982662
v -17.049044 -15.692487 19.611998
vn -4.741446 -0.863397 3.962421
v -16.809774 -16.435413 19.825645
vn -2.505707 -3.245194 4.658772
v -7.972288 -22.204905 24.509398
vn -1.954795 -4.676790 3.547374
v -7.678881 -22.924637 23.988953
vn -5.233868 -0.790339 3.298973
v -18.801582 -15.653234 17.261166
vn -3.154701 -2.736068 4.627835
v -10.862087 -21.226793 23.396200
vn -2.599963 -3.131117 4.728310
v -21.776928 -12.875319 12.158463
vn -2.780589 -3.606161 4.269407
v -9.968033 -22.317862 23.216890
vn -2.113339 -4.692487 3.463882
v -9.454304 -22.979198 22.865179
vn -4.986213 -1.706301 3.342812
v -17.520714 -18.666382 18.088270
vn -1.095144 -5.723442 2.044159
v -7.864183 -23.401493 23.016092
vn -5.539850 -0.576294 2.789098
v -20.113823 -14.531705 15.220799
vn -3.202562 -3.691969 3.860616
v -11.846917 -22.552265 21.629116
vn 0.797736 -6.207185 -0.055552
v 18.107189 -23.955561 3.441733
vn 0.667260 -6.234773 -0.274259
v 17.459888 -23.800964 -3.151972
vn -4.843998 -2.604666 2.935613
v -17.350294 -20.687740 16.971037
vn -2.806045 -4.569773 3.017582
v -12.196388 -22.902948 20.917311
vn -2.260560 -4.800854 3.061731
v -10.583185 -23.072359 22.019857
vn -5.399370 -1.681779 2.627762
v -19.395502 -18.194523 15.113750
vn -4.328381 4.051050 -1.981870
v -21.259722 -6.636189 -7.436721
vn -5.241392 0.641302 -3.388654
v -17.545666 -10.612088 -18.112247
vn -3.589376 3.886976 -3.351200
v -21.722061 -7.022202 -7.276356
vn -4.735293 2.869536 -2.825974
v -21.874138 -7.712600 -7.785199
vn -2.263514 3.300458 -4.736960
v -22.090611 -7.222193 -7.196164
vn -5.245396 1.642903 -2.966709
v -19.711266 -9.134132 -14.141294
vn -3.511243 2.043041 -4.686320
v -22.250109 -7.803359 -7.415728
vn -1.351265 1.866565 -5.788353
v -22.533508 -7.528769 -7.184660
vn -1.244938 -5.840023 1.655859
v -10.223486 -23.537661 21.156923
vn -0.277424 -6.198789 0.647657
v -2.080726 -24.501587 19.929945
vn -0.384321 -6.216566 0.633190
v -5.706319 -24.344938 18.905230
vn -5.271038 2.465648 -2.184157
v -21.518229 -8.413595 -9.846493
vn -5.101110 1.611744 -3.076297
v -22.539532 -9.126308 -7.702867
vn -1.787174 -5.611597 1.696891
v -12.811283 -23.493116 19.105354
vn 0.288143 -6.271250 -0.167894
v 14.810695 -24.053925 -1.184808
vn -4.825195 -3.606601 1.644953
v -22.423145 -15.373563 7.912989
vn -5.335605 -2.381539 2.163390
v -19.288908 -20.205605 13.635209
vn -5.544998 1.610905 -2.330606
v -21.272161 -9.373616 -11.217269
vn -5.829765 -1.816733 1.342401
v -21.361959 -18.631380 8.718380
vn -5.759009 -1.330769 1.974540
v -20.933493 -16.507801 12.469032
vn -5.646752 1.369148 -2.236111
v -22.181374 -9.794247 -9.383081
vn -5.334137 0.779556 -3.053988
v -22.822441 -9.882627 -7.490871
vn -4.927784 -3.252802 1.944379
v -18.703035 -21.883705 12.859801
vn -5.360654 0.152052 -3.223523
v -19.337660 -11.667137 -15.460111
vn -5.460933 0.909791 -2.905652
v -20.803854 -10.449102 -12.704629
vn -5.703397 0.195891 -2.549012
v -22.949617 -10.507877 -7.392021
vn -4.335385 -4.130000 1.794201
v -18.177168 -22.645588 12.588360
vn -4.509604 -4.112791 1.160095
v -22.655025 -15.564982 6.511599
vn -2.724602 -5.494608 0.902080
v -23.205030 -15.234404 6.158295
vn -5.034157 -3.526628 0.647312
v -22.717077 -15.739977 5.503336
vn -5.267995 -2.683495 1.642088
v -28.252777 -11.265367 6.598251
vn -2.585792 -5.552008 0.588394
v -24.557596 -14.938441 5.424295
vn -5.633781 0.407168 -2.592435
v -21.548800 -11.218813 -11.454355
vn -5.863945 0.082120 -2.113290
v -22.433937 -11.698040 -9.335290
vn -5.520208 -2.572265 1.368378
v -20.501810 -20.616474 9.157463
vn -4.804524 -3.710569 1.356041
v -19.104532 -22.488091 10.288003
vn -3.883513 -4.605432 1.370693
v -18.146936 -22.988289 11.836975
vn -4.675822 -3.578501 0.597374
v -22.824116 -15.619874 4.618641
vn -4.016288 -4.653504 0.971175
v -18.913513 -22.913568 9.441983
vn -5.526553 -0.518225 -2.880697
v -20.744024 -13.633440 -12.885699
vn -3.071290 -5.321280 0.268264
v -23.096247 -15.398059 4.758443
vn -0.511476 -6.208551 0.455034
v -9.592993 -24.322912 16.625832
vn -3.781934 -2.721064 -4.135927
v -25.770134 -10.413810 -5.466160
vn 0.016522 -0.143341 0.102799
v -27.645000 -8.014990 -5.768820
vn -5.690123 -1.139988 -2.240665
v -21.823410 -14.768848 -10.243619
vn -1.893508 -4.367691 -3.393476
v -27.432129 -7.970144 -5.860440
vn -1.716722 -2.927350 -5.101713
v -27.707941 -7.308814 -6.326421
vn 0.127078 -6.273668 -0.084019
v 8.016146 -23.681637 -12.934101
vn -3.377049 -3.816362 -3.614378
v -24.030186 -11.890989 -5.317225
vn -3.115649 -3.545132 -3.998987
v -25.570267 -10.973798 -5.221763
vn -2.843508 -5.555726 -0.088175
v -23.622858 -15.219796 2.979453
vn -5.409952 -2.834141 0.675063
v -22.880524 -15.770436 3.754526
vn -3.999898 -2.952281 -3.809682
v -26.895422 -9.867990 -4.554318
vn -2.466472 -3.614191 -4.308046
v -28.089006 -7.880837 -5.737950
vn -3.771110 -4.890132 -0.042160
v -26.469549 -13.874590 3.392760
vn -1.266698 -6.137956 0.427097
v -15.741675 -23.734653 12.095177
vn -4.184580 -3.179325 -3.263433
v -26.433952 -11.027188 -4.298185
vn -4.287282 -4.530814 0.271880
v -23.153883 -15.556764 2.729208
vn -5.090868 -3.445290 1.007321
v -19.910929 -22.129356 8.013988
vn -2.912308 -3.861883 -3.977933
v -27.364178 -9.426088 -4.524031
vn -5.538274 -2.636865 0.456962
v -23.071093 -15.723791 2.057657
vn -2.159827 -5.708649 0.551480
v -18.077246 -23.485033 9.277308
vn -3.382026 -4.380784 -2.839092
v -24.157583 -12.777471 -4.003238
vn -3.089060 -2.212332 -4.827587
v -28.345852 -6.884264 -6.228010
vn -4.506900 -2.938003 -3.221825
v -26.923573 -10.467725 -4.017473
vn -4.012517 -2.438881 -4.050392
v -28.870653 -7.095944 -5.662570
vn -2.651670 -5.619399 -0.348625
v -24.931484 -14.769587 3.263173
vn -4.283338 -1.269677 -4.225851
v -28.951279 -6.143681 -6.016701
vn -3.231412 -5.246317 0.540835
v -18.952400 -23.239016 7.350684
vn -3.750669 -3.404715 -3.474576
v -28.764421 -8.037307 -5.067605
vn -4.423079 -4.409985 -0.379797
v -23.488819 -15.255697 1.119980
vn -3.549156 -4.475451 -2.357030
v -24.139559 -13.277382 -3.136486
vn -3.406798 -4.245744 -2.748096
v -25.994339 -12.119994 -3.559063
vn -4.455330 -3.485352 -2.729276
v -27.200687 -10.917430 -3.139380
vn -3.697849 -3.904786 -3.214012
v -27.526638 -10.162995 -3.588126
vn -5.403684 -3.101090 0.615697
v -20.851336 -21.421429 4.451259
vn -3.409272 -4.014663 -3.256718
v -28.564260 -8.867714 -4.327256
vn -4.970787 -2.054260 -2.844754
v -29.314596 -7.214392 -5.063273
vn -0.694853 -6.183908 0.181291
v -13.564585 -24.210638 12.180788
vn -6.162262 0.190809 -0.365380
v -30.319277 -5.888627 -1.338308
vn -4.530636 -4.181463 0.609625
v -19.756321 -22.696720 6.385774
vn -4.617683 -3.400263 -2.440856
v -29.117332 -8.697748 -3.732737
vn -5.340880 -2.380141 -1.814259
v -29.489292 -8.032427 -3.841928
vn -4.854312 -3.853111 -0.781160
v -28.629299 -11.092189 0.812245
vn -4.255889 -3.835794 -2.338034
v -28.931707 -9.532799 -2.843528
vn -4.539241 -4.237366 -0.638070
v -27.157652 -13.082286 2.094253
vn -3.192224 -5.307261 -0.861577
v -23.971365 -14.900095 1.332780
vn -0.050590 -6.184894 0.007804
v 3.757421 -23.583652 -14.053287
vn -5.198406 -3.062747 -1.473285
v -29.174175 -9.501227 -2.286478
vn -5.541897 1.154789 -2.162796
v -29.576433 -4.787844 -5.116880
vn -5.471850 -2.723468 -1.132854
v -21.501648 -19.532478 -5.788647
vn -5.986345 -1.655203 -0.691832
v -23.037876 -16.006598 -4.047536
vn -4.144995 -4.054813 -2.380662
v -27.613008 -10.794830 -2.604048
vn -5.704893 -2.493025 -0.116421
v -23.270638 -15.509413 0.480915
vn -0.601616 -6.234390 -0.026091
v -15.753466 -23.951916 5.880993
vn -3.377107 -4.910339 -1.896973
v -24.142372 -14.047435 -1.620978
vn -4.449164 -3.978441 -1.497476
v -28.871058 -10.205978 -1.633613
vn -4.746197 -4.002696 -0.865524
v -23.649332 -14.641390 -1.167164
vn -5.066225 -3.646769 0.377510
v -20.529154 -22.095909 3.250705
vn -5.740091 -2.332035 -0.620758
v -23.447876 -14.760261 -2.017335
vn 0.105275 -6.230575 -0.670728
v 4.906865 -23.805683 -12.655511
vn -3.439355 -4.961396 -1.180578
v -26.168943 -13.753157 0.753267
vn -3.293019 -4.888473 -1.954066
v -25.823500 -13.291283 -1.305653
vn -4.468501 -4.025447 -1.571981
v -27.251488 -12.302295 -0.618659
vn -4.637231 -4.068033 -1.156782
v -27.899622 -11.799451 0.583177
vn -4.569500 -4.084564 -1.337156
v -28.002401 -11.474189 -0.166831
vn -3.890839 -4.807317 0.325374
v -19.754642 -22.959673 3.453922
vn -1.954294 -5.869460 0.134122
v -18.686499 -23.486368 4.739752
vn -0.589095 -5.547493 2.768253
v 0.797145 -22.679890 1.307274
vn -5.821086 -2.210691 -0.226875
v -22.505665 -18.365246 -1.245403
vn -5.004369 -3.696363 -0.042078
v -20.500753 -22.296907 1.407341
vn -4.773604 -3.049193 -2.647131
v -18.398176 -20.358486 -12.855416
vn -0.051310 -6.277522 0.084802
v 2.746709 -24.204018 -1.711971
vn -5.197651 -2.824782 -1.944249
v -20.123682 -19.781319 -9.941734
vn -4.003415 -4.716279 -0.087987
v -19.905560 -22.960264 1.048539
vn -0.127048 -6.163855 0.791786
v 1.045231 -24.184834 -1.996306
vn -4.791181 -3.312292 -2.267177
v -18.681103 -20.942114 -11.584397
vn -0.611781 -6.221055 -0.241604
v -15.777364 -23.855589 0.897313
vn -0.026439 -6.070619 0.137939
v 0.472273 -23.477434 -14.634758
vn -0.829297 -6.226952 -0.073077
v -17.266212 -23.682537 2.883958
vn -0.131100 -6.279505 -0.141771
v -6.917138 -24.145321 3.506609
vn 0.014111 -5.928550 1.707598
v 0.566656 -24.104965 -1.603701
vn -2.733131 -5.595614 0.046839
v -19.371302 -23.295086 1.272284
vn -4.352400 -3.905360 -2.173568
v -18.173594 -21.612049 -11.556852
vn -4.954874 -3.637077 -1.157254
v -20.299477 -21.398680 -5.813737
vn -4.664899 -3.845078 -1.508648
v -19.330145 -21.848751 -8.163701
vn -3.662766 -4.537910 -2.144001
v -16.736694 -22.800402 -11.978897
vn -5.035062 -3.691959 -0.587581
v -20.343670 -21.957382 -3.063867
vn -1.680114 -5.884318 -0.083536
v -18.776291 -23.525068 -1.462350
vn -0.441401 -5.863240 -1.596576
v -3.271671 -23.884102 -19.986969
vn -1.975203 -5.451231 -2.074885
v -12.806170 -23.519575 -15.271429
vn -3.369131 -5.215588 -0.398573
v -19.180706 -23.281504 -2.312985
vn 0.077522 -6.189568 0.040442
v -1.523819 -23.555246 -14.390007
vn -0.150427 -6.279432 -0.145077
v -12.751194 -23.936045 2.878751
vn -0.040382 -6.192329 -0.849879
v -0.145315 -23.764158 -13.462169
vn -1.556196 -5.665819 -1.750010
v -10.198199 -23.629786 -17.178230
vn -4.301693 -4.413401 -0.751636
v -19.596457 -22.805264 -3.619202
vn -2.367828 -5.393146 -1.695482
v -15.199964 -23.616119 -12.420018
vn -2.557520 -5.481005 -1.206796
v -16.611406 -23.602934 -9.852254
vn -3.441502 -4.950876 -1.182088
v -17.973087 -23.252502 -8.016050
vn -2.798598 -5.456471 -0.600763
v -18.405968 -23.463081 -5.087081
vn -0.863968 -6.101063 -0.713377
v -14.385870 -23.867222 -12.191525
vn -1.238914 -6.015409 -0.239985
v -16.479628 -23.815306 -8.555552
vn -0.606610 -6.229096 -0.185395
v -16.581997 -23.604092 -0.848365
vn -1.345940 -5.985733 -0.285153
v -17.275158 -23.704855 -6.976311
vn -0.233692 -6.239662 -0.002305
v -15.199098 -23.909418 -9.756989
vn -0.062887 -6.278676 0.018861
v -14.539709 -23.674084 -5.432733
vn -0.311984 -6.239196 -0.569827
v -5.692692 -23.692333 -11.960524
vn 0.140322 -6.266977 0.049339
v -12.155202 -23.633829 -8.226006
vn -0.200082 -6.277493 -0.171548
v -10.204448 -23.911907 -1.929724
# 2515 vertices, 0 vertices normals


usemtl material_0
vt 0.870014 0.378143
vt 0.869809 0.383760
vt 0.856398 0.377822
f 223/1/223 226/2/226 1/3/1
vt 0.867751 0.374673
f 104/4/104 223/1/223 1/3/1
vt 0.854027 0.372605
f 104/4/104 1/3/1 106/5/106
vt 0.490680 0.903668
vt 0.493827 0.910522
vt 0.488410 0.909555
f 108/6/108 231/7/231 235/8/235
vt 0.483562 0.907630
f 238/9/238 108/6/108 235/8/235
vt 0.477920 0.904948
f 3/10/3 108/6/108 238/9/238
vt 0.836495 0.376570
vt 0.837466 0.382540
f 2/11/2 1/3/1 1256/12/1256
vt 0.840232 0.371332
f 4/13/4 1/3/1 2/11/2
f 4/13/4 106/5/106 1/3/1
vt 0.839447 0.364134
f 110/14/110 106/5/106 4/13/4
vt 0.481396 0.897674
f 108/6/108 3/10/3 709/15/709
vt 0.824085 0.370219
f 5/16/5 4/13/4 2/11/2
vt 0.466698 0.904935
f 1430/17/1430 709/15/709 3/10/3
vt 0.820006 0.378925
f 1263/18/1263 2/11/2 1256/12/1256
vt 0.825263 0.364220
f 115/19/115 110/14/110 4/13/4
f 115/19/115 4/13/4 5/16/5
vt 0.078773 0.633377
vt 0.090927 0.633353
vt 0.091848 0.636104
f 1286/20/1286 704/21/704 1428/22/1428
vt 0.822642 0.359032
f 117/23/117 110/14/110 115/19/115
vt 0.075292 0.637638
vt 0.092911 0.640768
f 1282/24/1282 1428/22/1428 1431/25/1431
f 1282/24/1282 1286/20/1286 1428/22/1428
vt 0.813958 0.365366
f 122/26/122 115/19/115 5/16/5
vt 0.069782 0.641522
f 1431/25/1431 1437/27/1437 1282/24/1282
vt 0.807557 0.387975
vt 0.814447 0.386170
f 1285/28/1285 1263/18/1263 6/29/6
vt 0.806936 0.380312
f 1285/28/1285 1293/30/1293 1263/18/1263
vt 0.814051 0.371217
f 126/31/126 5/16/5 1263/18/1263
f 126/31/126 122/26/122 5/16/5
vt 0.460283 0.953005
vt 0.473573 0.944965
vt 0.477659 0.955932
f 730/32/730 113/33/113 718/34/718
vt 0.459840 0.939838
f 124/35/124 113/33/113 730/32/730
vt 0.567565 0.031097
vt 0.570603 0.030524
vt 0.579191 0.035301
f 1285/36/1285 6/37/6 1299/38/1299
vt 0.448784 0.966551
vt 0.454509 0.966613
vt 0.453247 0.969235
f 736/39/736 729/40/729 121/41/121
vt 0.454293 0.913616
vt 0.467290 0.914337
vt 0.458637 0.919808
f 132/42/132 1280/43/1280 1296/44/1296
vt 0.840055 0.300177
vt 0.846517 0.300206
vt 0.846001 0.303904
f 130/45/130 121/46/121 120/47/120
vt 0.840880 0.298463
f 130/45/130 736/48/736 121/46/121
vt 0.440402 0.945105
vt 0.451493 0.950535
f 13/49/13 124/35/124 733/50/733
vt 0.443271 0.965809
vt 0.445886 0.967650
f 7/51/7 736/39/736 130/52/130
vt 0.441596 0.962691
f 7/51/7 8/53/8 736/39/736
vt 0.833926 0.297955
vt 0.834739 0.301350
f 10/54/10 130/45/130 1318/55/1318
vt 0.836261 0.296872
f 7/56/7 130/45/130 10/54/10
vt 0.438428 0.963521
f 11/57/11 8/53/8 7/51/7
vt 0.830984 0.293990
f 11/58/11 7/56/7 10/54/10
f 13/49/13 733/50/733 8/53/8
vt 0.820170 0.290868
f 1333/59/1333 10/54/10 1318/55/1318
vt 0.431755 0.958741
f 13/49/13 8/53/8 12/60/12
vt 0.834408 0.270251
vt 0.841591 0.270056
vt 0.840999 0.277040
f 1322/61/1322 1312/62/1312 1304/63/1304
vt 0.832891 0.277613
f 752/64/752 1322/61/1322 1304/63/1304
vt 0.557716 0.044744
vt 0.566007 0.037093
vt 0.581271 0.052192
f 1339/65/1339 1315/66/1315 1329/67/1329
f 12/60/12 8/53/8 11/57/11
vt 0.794698 0.030047
vt 0.786426 0.049189
vt 0.783057 0.035032
f 20/68/20 1460/69/1460 1462/70/1462
vt 0.825140 0.291306
f 14/71/14 11/58/11 10/54/10
vt 0.433075 0.961441
f 14/72/14 12/60/12 11/57/11
vt 0.426342 0.954042
f 15/73/15 13/49/13 12/60/12
vt 0.778309 0.033204
vt 0.779134 0.038921
f 1596/74/1596 1462/70/1462 1465/75/1465
vt 0.431306 0.944269
f 753/76/753 13/49/13 15/73/15
vt 0.524907 0.030480
vt 0.538376 0.022768
vt 0.546937 0.027083
f 54/77/54 1320/78/1320 1311/79/1311
vt 0.819514 0.286108
vt 0.823531 0.287791
f 17/80/17 12/81/12 14/71/14
vt 0.426428 0.956685
f 17/82/17 15/73/15 12/60/12
vt 0.527054 0.135947
vt 0.525619 0.148586
vt 0.521220 0.150565
f 1598/83/1598 1583/84/1583 1588/85/1588
f 17/80/17 14/71/14 1333/59/1333
vt 0.423831 0.951724
f 16/86/16 753/76/753 15/73/15
vt 0.544876 0.039883
f 54/77/54 1311/79/1311 149/87/149
vt 0.523276 0.018657
vt 0.532906 0.015672
f 1372/88/1372 1336/89/1336 1320/78/1320
vt 0.825031 0.040751
vt 0.808047 0.041049
vt 0.808485 0.023493
f 1348/90/1348 931/91/931 29/92/29
vt 0.424031 0.955471
f 18/93/18 15/73/15 17/82/17
f 16/86/16 15/73/15 18/93/18
vt 0.427286 0.945650
f 761/94/761 753/76/753 16/86/16
vt 0.588569 0.059837
vt 0.588863 0.057477
vt 0.596047 0.060222
f 19/95/19 1337/96/1337 1335/97/1335
vt 0.777587 0.027310
f 1601/98/1601 1462/70/1462 1596/74/1596
f 29/92/29 931/91/931 20/68/20
vt 0.812405 0.283190
f 1359/99/1359 17/80/17 1333/59/1333
vt 0.816976 0.283474
f 1359/99/1359 18/100/18 17/80/17
vt 0.411350 0.938495
vt 0.414124 0.932769
vt 0.412548 0.939558
f 21/101/21 1335/102/1335 22/103/22
vt 0.591502 0.061828
f 21/104/21 19/95/19 1335/97/1335
vt 0.920390 0.038600
vt 0.926428 0.037756
vt 0.927499 0.041518
f 151/105/151 19/106/19 21/107/21
vt 0.582201 0.061011
vt 0.580676 0.059059
f 151/108/151 150/109/150 19/95/19
vt 0.531982 0.010613
vt 0.530753 0.013400
vt 0.523108 0.013157
f 1466/110/1466 23/111/23 24/112/24
vt 0.511586 0.149338
vt 0.516959 0.150494
f 769/113/769 1598/83/1598 1588/114/1588
vt 0.777578 0.019942
f 28/115/28 1462/70/1462 1601/98/1601
vt 0.815261 0.280654
f 1359/99/1359 16/116/16 18/100/18
vt 0.586700 0.073902
vt 0.595962 0.073963
vt 0.588198 0.076192
f 25/117/25 761/118/761 16/119/16
vt 0.587564 0.068788
vt 0.597198 0.066633
f 766/120/766 755/121/755 761/118/761
vt 0.924058 0.042440
f 22/122/22 151/105/151 21/107/21
vt 0.798009 0.015781
f 26/123/26 29/92/29 20/68/20
vt 0.818819 0.027832
f 1352/124/1352 1348/90/1348 29/92/29
vt 0.813372 0.277779
f 25/125/25 16/116/16 1359/99/1359
f 766/120/766 761/118/761 25/117/25
f 1372/88/1372 1320/78/1320 54/77/54
f 23/111/23 1336/89/1336 1372/88/1372
vt 0.921384 0.041251
f 27/126/27 151/105/151 22/122/22
vt 0.569509 0.065886
vt 0.556341 0.054717
vt 0.571130 0.056811
f 40/127/40 1342/128/1342 1341/129/1341
f 24/112/24 23/111/23 1372/88/1372
vt 0.520310 0.133155
vt 0.511480 0.140189
f 48/130/48 769/113/769 770/131/770
vt 0.783628 0.014308
f 34/132/34 1462/70/1462 28/115/28
f 26/123/26 20/68/20 34/132/34
vt 0.811291 0.273085
vt 0.808328 0.279029
f 37/133/37 1359/99/1359 1361/134/1361
f 37/133/37 25/125/25 1359/99/1359
vt 0.812249 0.274489
f 766/135/766 25/125/25 37/133/37
vt 0.408582 0.946202
vt 0.414206 0.948248
f 27/136/27 22/103/22 1350/137/1350
vt 0.919432 0.043379
f 31/138/31 151/105/151 27/126/27
vt 0.918252 0.042668
f 32/139/32 151/105/151 31/138/31
vt 0.916611 0.040258
f 33/140/33 151/105/151 32/139/32
vt 0.917241 0.036738
f 33/140/33 150/141/150 151/105/151
vt 0.576019 0.065133
f 40/127/40 150/109/150 33/142/33
vt 0.561030 0.065588
f 41/143/41 1342/128/1342 40/127/40
vt 0.515946 0.013887
f 42/144/42 24/112/24 1372/88/1372
vt 0.521009 0.009045
f 42/144/42 1472/145/1472 24/112/24
vt 0.438191 0.818359
vt 0.463044 0.821279
vt 0.447880 0.836917
f 1365/146/1365 767/147/767 760/148/760
f 34/132/34 20/68/20 1462/70/1462
vt 0.814178 0.020799
vt 0.808150 0.016838
f 36/149/36 29/92/29 35/150/35
f 36/149/36 1352/124/1352 29/92/29
vt 0.591150 0.096103
vt 0.585145 0.092816
vt 0.584785 0.090039
f 1356/151/1356 1352/152/1352 36/153/36
vt 0.574932 0.067236
f 38/154/38 40/127/40 33/142/33
vt 0.552814 0.065698
f 47/155/47 1342/128/1342 41/143/41
vt 0.544557 0.084183
vt 0.545364 0.092142
vt 0.542607 0.098051
f 1612/156/1612 28/157/28 1601/158/1601
f 35/150/35 29/92/29 26/123/26
vt 0.580659 0.089024
vt 0.578892 0.084439
f 36/153/36 35/159/35 44/160/44
vt 0.587777 0.086416
f 1368/161/1368 1356/151/1356 36/153/36
vt 0.806842 0.271541
f 43/162/43 37/133/37 1361/134/1361
vt 0.809219 0.271801
vt 0.811004 0.271072
f 39/163/39 30/164/30 37/133/37
vt 0.415528 0.950228
vt 0.416681 0.947742
f 39/165/39 1350/137/1350 30/166/30
vt 0.410070 0.948956
f 31/167/31 27/136/27 1350/137/1350
vt 0.413235 0.950688
f 43/168/43 31/167/31 1350/137/1350
vt 0.797174 0.269221
vt 0.797926 0.267784
vt 0.802629 0.270655
f 38/169/38 33/170/33 32/171/32
vt 0.542275 0.048435
vt 0.542646 0.063024
f 1477/172/1477 1342/128/1342 1479/173/1479
vt 0.801412 0.010717
f 50/174/50 35/150/35 26/123/26
vt 0.576513 0.086907
vt 0.572086 0.082218
f 44/160/44 35/175/35 50/176/50
f 1368/161/1368 36/153/36 44/160/44
f 43/162/43 39/163/39 37/133/37
f 43/168/43 1350/137/1350 39/165/39
vt 0.803866 0.268419
f 32/171/32 31/177/31 43/162/43
vt 0.795328 0.272430
f 45/178/45 38/169/38 32/171/32
vt 0.575482 0.070671
f 40/127/40 38/154/38 45/179/45
f 1479/173/1479 1342/128/1342 47/155/47
vt 0.801063 0.274624
f 1369/180/1369 32/171/32 43/162/43
vt 0.577216 0.076294
f 1374/181/1374 40/127/40 45/179/45
vt 0.565628 0.071810
f 52/182/52 41/143/41 40/127/40
vt 0.556775 0.072131
f 46/183/46 41/143/41 52/182/52
f 47/155/47 41/143/41 46/183/46
vt 0.545782 0.075485
f 1617/184/1617 47/155/47 46/183/46
vt 0.509703 0.011733
f 56/185/56 1472/145/1472 42/144/42
vt 0.792811 0.005405
f 53/186/53 50/174/50 26/123/26
f 1369/180/1369 43/162/43 1361/134/1361
f 45/178/45 32/171/32 1369/180/1369
f 52/182/52 40/127/40 1374/181/1374
f 1617/184/1617 1479/173/1479 47/155/47
vt 0.780187 0.008697
vt 0.778300 0.012619
f 49/187/49 34/132/34 1612/188/1612
f 53/186/53 26/123/26 34/132/34
f 1374/181/1374 44/160/44 50/176/50
f 1368/161/1368 44/160/44 1374/181/1374
vt 0.507795 0.007334
f 57/189/57 1472/145/1472 56/185/56
vt 0.584058 0.079441
f 1371/190/1371 1368/161/1368 1374/181/1374
vt 0.503288 0.017262
f 60/191/60 56/185/56 42/144/42
vt 0.520348 0.120562
vt 0.508857 0.132938
f 1611/192/1611 48/130/48 773/193/773
vt 0.548690 0.081163
f 1617/184/1617 49/194/49 1612/156/1612
vt 0.784250 0.005360
f 49/187/49 51/195/51 34/132/34
f 53/186/53 34/132/34 51/195/51
f 1374/181/1374 50/176/50 52/182/52
vt 0.793323 0.282669
f 1371/196/1371 45/178/45 1369/180/1369
vt 0.560646 0.076219
f 53/197/53 46/183/46 52/182/52
vt 0.553542 0.076407
f 51/198/51 46/183/46 53/197/53
f 51/198/51 1617/184/1617 46/183/46
vt 0.551170 0.079623
f 51/198/51 49/199/49 1617/184/1617
f 52/182/52 50/176/50 53/197/53
f 45/179/45 1371/190/1371 1374/181/1374
f 60/191/60 42/144/42 1372/88/1372
vt 0.520699 0.094530
vt 0.536106 0.085569
vt 0.520711 0.103698
f 1623/200/1623 1616/201/1616 1621/202/1621
vt 0.507974 0.026617
f 60/191/60 54/77/54 1376/203/1376
vt 0.508229 0.004595
vt 0.510792 0.005470
f 57/189/57 1478/204/1478 1474/205/1474
vt 0.510966 0.122967
f 55/206/55 1611/192/1611 773/193/773
f 1372/88/1372 54/77/54 60/191/60
vt 0.758334 0.796779
vt 0.762593 0.813838
vt 0.741578 0.804838
f 779/207/779 261/208/261 776/209/776
vt 0.530014 0.088437
f 1624/210/1624 1616/201/1616 1623/200/1623
vt 0.499637 0.010519
f 61/211/61 57/189/57 56/185/56
vt 0.503891 0.005395
f 61/211/61 1478/212/1478 57/189/57
vt 0.505450 0.118956
vt 0.511660 0.115289
f 1631/213/1631 774/214/774 55/206/55
vt 0.535915 0.072222
f 155/215/155 1479/173/1479 1617/184/1617
f 61/211/61 56/185/56 60/191/60
vt 0.498776 0.128150
f 55/206/55 773/193/773 1630/216/1630
vt 0.531817 0.080719
f 155/215/155 1616/201/1616 1624/217/1624
vt 0.518942 0.038800
vt 0.509951 0.038709
f 1376/203/1376 58/218/58 62/219/62
vt 0.497909 0.005414
f 1637/220/1637 1478/212/1478 61/211/61
vt 0.504825 0.109867
vt 0.512467 0.109190
f 1635/221/1635 777/222/777 774/214/774
vt 0.487480 0.011126
f 61/211/61 60/191/60 65/223/65
vt 0.492557 0.005931
f 63/224/63 1637/220/1637 61/211/61
vt 0.520459 0.055513
f 62/219/62 58/218/58 1481/225/1481
vt 0.490475 0.027524
f 60/191/60 1376/203/1376 507/226/507
vt 0.485855 0.018259
f 65/223/65 60/191/60 508/227/508
f 65/223/65 63/224/63 61/211/61
vt 0.500913 0.119475
f 1635/221/1635 1631/213/1631 59/228/59
vt 0.510394 0.102865
f 1639/229/1639 777/222/777 1635/221/1635
vt 0.501042 0.028115
f 64/230/64 1376/203/1376 62/219/62
f 507/226/507 508/227/508 60/191/60
vt 0.360119 0.891579
vt 0.383721 0.880633
vt 0.377817 0.892118
f 1483/231/1483 1642/232/1642 1625/233/1625
vt 0.496724 0.117079
f 1634/234/1634 59/228/59 1630/216/1630
f 1634/234/1634 1635/221/1635 59/228/59
vt 0.524208 0.067178
f 155/215/155 1480/235/1480 1479/173/1479
vt 0.264320 0.915074
vt 0.279187 0.922965
vt 0.272043 0.924208
f 1645/236/1645 1845/237/1845 1637/238/1637
vt 0.498717 0.105159
f 66/239/66 1635/221/1635 1634/234/1634
vt 0.495135 0.034898
vt 0.501053 0.051779
f 70/240/70 62/219/62 69/241/69
f 70/240/70 64/230/64 62/219/62
f 507/226/507 64/230/64 70/240/70
vt 0.733737 0.785864
vt 0.723868 0.807321
vt 0.710865 0.792081
f 781/242/781 778/243/778 67/244/67
f 69/241/69 62/219/62 1481/225/1481
vt 0.484342 0.008119
f 63/224/63 65/223/65 1649/245/1649
vt 0.363799 0.898843
f 1483/231/1483 1625/233/1625 1660/246/1660
vt 0.489272 0.113228
f 66/239/66 1634/234/1634 1651/247/1651
vt 0.357987 0.875539
f 1668/248/1668 1642/232/1642 1483/231/1483
vt 0.479923 0.009577
f 1649/245/1649 65/223/65 1657/249/1657
vt 0.475024 0.036860
f 511/250/511 507/226/507 70/240/70
vt 0.722994 0.778049
f 782/251/782 781/242/781 67/244/67
vt 0.330767 0.883817
vt 0.321820 0.889298
vt 0.318522 0.865841
f 1483/252/1483 1660/253/1660 1491/254/1491
vt 0.690621 0.784244
vt 0.681752 0.805129
f 1489/255/1489 67/244/67 159/256/159
vt 0.807151 0.756060
vt 0.813189 0.759470
vt 0.803938 0.755266
f 2206/257/2206 2102/258/2102 2205/259/2205
f 782/251/782 67/244/67 1489/255/1489
vt 0.473112 0.008936
vt 0.474080 0.012357
f 515/260/515 1657/249/1657 513/261/513
vt 0.286456 0.985124
vt 0.281958 0.988915
vt 0.279584 0.979765
f 1656/262/1656 1484/263/1484 1488/264/1488
vt 0.476798 0.051111
f 70/240/70 69/241/69 520/265/520
vt 0.770441 0.750221
vt 0.774561 0.773630
vt 0.760079 0.765984
f 2218/266/2218 68/267/68 784/268/784
vt 0.333303 0.874119
f 1679/269/1679 1483/252/1483 1491/254/1491
vt 0.710542 0.761313
f 72/270/72 782/251/782 1489/255/1489
vt 0.511028 0.070710
vt 0.491694 0.060745
f 1487/271/1487 71/272/71 69/241/69
f 511/250/511 70/240/70 520/265/520
f 71/272/71 520/265/520 69/241/69
vt 0.503768 0.086639
vt 0.501813 0.089301
vt 0.493697 0.087650
f 1486/273/1486 1656/274/1656 1488/275/1488
vt 0.736994 0.754973
f 783/276/783 782/251/782 72/270/72
vt 0.496459 0.076234
f 1490/277/1490 1486/273/1486 1488/275/1488
f 1490/277/1490 71/272/71 1487/271/1487
vt 0.479684 0.072112
f 525/278/525 520/265/520 71/272/71
vt 0.718230 0.738858
f 2234/279/2234 783/276/783 72/270/72
vt 0.313582 0.852227
vt 0.323193 0.855058
f 1497/280/1497 73/281/73 1491/254/1491
vt 0.740346 0.692428
vt 0.754037 0.697899
vt 0.741148 0.700644
f 76/282/76 73/283/73 1497/284/1497
vt 0.689387 0.740418
f 2234/279/2234 72/270/72 2349/285/2349
vt 0.756535 0.446708
vt 0.758982 0.445817
vt 0.756371 0.450228
f 77/286/77 1497/287/1497 74/288/74
vt 0.765253 0.677553
f 2338/289/2338 73/283/73 76/282/76
vt 0.738001 0.700073
f 76/282/76 1497/284/1497 77/290/77
vt 0.878402 0.134390
vt 0.881297 0.137218
vt 0.881522 0.144241
f 75/291/75 76/292/76 77/293/77
vt 0.742992 0.459625
vt 0.757642 0.463188
vt 0.736378 0.474871
f 161/294/161 1498/295/1498 1724/296/1724
f 74/288/74 1498/295/1498 161/294/161
vt 0.878916 0.146414
vt 0.873278 0.146091
f 77/293/77 74/297/74 80/298/80
vt 0.867694 0.139947
f 1506/299/1506 77/293/77 80/298/80
vt 0.879322 0.127935
f 79/300/79 76/292/76 75/291/75
vt 0.743475 0.450011
f 80/301/80 74/288/74 161/294/161
vt 0.741567 0.674418
f 2338/289/2338 76/282/76 78/302/78
f 75/291/75 77/293/77 1506/299/1506
vt 0.739906 0.683234
f 78/302/78 76/282/76 79/303/79
vt 0.865998 0.128427
f 1506/299/1506 83/304/83 75/291/75
vt 0.738604 0.673549
f 84/305/84 78/302/78 79/303/79
vt 0.876056 0.124315
f 81/306/81 75/291/75 83/304/83
f 81/306/81 79/300/79 75/291/75
vt 0.756187 0.651487
f 78/302/78 2358/307/2358 2338/289/2338
vt 0.733790 0.451489
f 1509/308/1509 80/301/80 161/294/161
vt 0.878759 0.119700
f 81/306/81 84/309/84 79/300/79
vt 0.876270 0.116740
f 82/310/82 84/309/84 81/306/81
f 83/304/83 82/310/82 81/306/81
vt 0.875888 0.109388
vt 0.877770 0.113881
f 2353/311/2353 84/312/84 82/310/82
vt 0.863962 0.114065
f 88/313/88 82/310/82 83/304/83
vt 0.728794 0.655250
f 533/314/533 78/302/78 84/305/84
vt 0.719707 0.483055
vt 0.737889 0.485439
f 1727/315/1727 1724/296/1724 1718/316/1718
f 2353/311/2353 82/310/82 88/313/88
vt 0.732226 0.663154
f 533/314/533 84/305/84 2353/317/2353
f 2358/307/2358 78/302/78 533/314/533
vt 0.727807 0.657868
f 533/314/533 2353/317/2353 85/318/85
vt 0.734593 0.633840
f 2385/319/2385 2358/307/2358 533/314/533
vt 0.721842 0.500591
f 1519/320/1519 1727/315/1727 1718/316/1718
vt 0.856668 0.115288
vt 0.853277 0.125154
f 87/321/87 88/313/88 1514/322/1514
vt 0.871726 0.105995
vt 0.875842 0.105465
f 89/323/89 85/324/85 2353/311/2353
vt 0.848273 0.123956
vt 0.845107 0.133314
f 92/325/92 1514/322/1514 1516/326/1516
vt 0.851536 0.119473
f 86/327/86 1514/322/1514 92/325/92
f 86/327/86 87/321/87 1514/322/1514
vt 0.866731 0.107881
f 89/323/89 88/313/88 2258/328/2258
f 89/323/89 2353/311/2353 88/313/88
vt 0.722818 0.653775
f 533/314/533 85/318/85 89/329/89
vt 0.845582 0.126619
f 92/325/92 1516/326/1516 1518/330/1518
vt 0.858767 0.110991
f 2254/331/2254 88/313/88 87/321/87
vt 0.718505 0.649659
f 90/332/90 533/314/533 89/329/89
vt 0.862249 0.108968
f 2258/333/2258 88/313/88 2254/331/2254
vt 0.714724 0.644938
f 93/334/93 533/314/533 90/332/90
vt 0.719985 0.661647
vt 0.724888 0.666271
vt 0.724450 0.671879
f 2254/335/2254 87/336/87 86/337/86
vt 0.024605 0.126879
vt 0.019717 0.130840
vt 0.014679 0.119848
f 90/338/90 89/339/89 2258/340/2258
vt 0.710120 0.665827
f 2254/335/2254 86/337/86 2257/341/2257
vt 0.720604 0.675187
f 2257/341/2257 86/337/86 92/342/92
vt 0.020801 0.113655
f 90/338/90 2258/340/2258 2256/343/2256
vt 0.709326 0.644993
f 95/344/95 93/334/93 90/332/90
f 2385/319/2385 533/314/533 93/334/93
vt 0.272274 0.830184
vt 0.283546 0.832583
vt 0.275004 0.835957
f 1524/345/1524 1730/346/1730 1729/347/1729
vt 0.280296 0.825217
f 1731/348/1731 1730/346/1730 1524/345/1524
vt 0.706785 0.681035
vt 0.720846 0.682221
f 94/349/94 92/342/92 1518/350/1518
vt 0.716708 0.693198
f 94/349/94 1518/350/1518 1521/351/1521
vt 0.034500 0.114689
f 96/352/96 90/338/90 2256/343/2256
f 2257/341/2257 92/342/92 94/349/94
vt 0.029406 0.123416
f 96/352/96 95/353/95 90/338/90
vt 0.708698 0.634750
f 2385/319/2385 93/334/93 540/354/540
vt 0.690521 0.691836
vt 0.706143 0.700916
vt 0.689921 0.708082
f 98/355/98 91/356/91 1525/357/1525
vt 0.694781 0.636091
f 544/358/544 93/334/93 95/344/95
f 94/349/94 1521/351/1521 91/356/91
f 94/349/94 91/356/91 98/355/98
f 540/354/540 93/334/93 544/358/544
vt 0.030931 0.104608
f 96/352/96 2256/343/2256 2263/359/2263
vt 0.694821 0.663685
f 97/360/97 2257/341/2257 94/349/94
vt 0.676167 0.705396
f 98/355/98 1525/357/1525 1526/361/1526
vt 0.702134 0.659614
f 97/360/97 2268/362/2268 2257/341/2257
vt 0.677404 0.683477
f 559/363/559 94/349/94 98/355/98
vt 0.688815 0.658333
vt 0.693261 0.657667
f 99/364/99 2268/365/2268 97/360/97
vt 0.257337 0.822925
vt 0.252732 0.833892
vt 0.243644 0.825022
f 1992/366/1992 1997/367/1997 1532/368/1532
f 559/363/559 98/355/98 1526/361/1526
vt 0.683636 0.670535
f 559/363/559 2396/369/2396 94/349/94
f 97/360/97 94/349/94 2396/369/2396
vt 0.654359 0.717256
vt 0.653129 0.704038
f 1526/361/1526 553/370/553 554/371/554
vt 0.680161 0.660942
f 99/364/99 97/360/97 2275/372/2275
vt 0.241793 0.817767
f 1992/366/1992 1532/368/1532 1531/373/1531
f 2275/372/2275 97/360/97 2396/369/2396
vt 0.254103 0.818182
f 553/374/553 1992/366/1992 1531/373/1531
vt 0.673832 0.630303
vt 0.678222 0.636190
vt 0.671303 0.636721
f 560/375/560 2395/376/2395 2403/377/2403
vt 0.662418 0.655092
vt 0.675466 0.657031
f 2280/378/2280 99/379/99 2275/372/2275
vt 0.037790 0.064598
vt 0.043098 0.067791
vt 0.024735 0.080263
f 2280/380/2280 2420/381/2420 99/382/99
vt 0.072696 0.074607
vt 0.066902 0.083531
vt 0.062268 0.087331
f 2436/383/2436 2426/384/2426 2423/385/2423
vt 0.636826 0.635687
vt 0.650569 0.634694
vt 0.641046 0.638032
f 2459/386/2459 2426/387/2426 2436/388/2436
vt 0.624399 0.612868
vt 0.653894 0.619114
f 2475/389/2475 578/390/578 2459/386/2459
vt 0.650440 0.605156
f 2475/389/2475 584/391/584 578/390/578
vt 0.596107 0.707313
vt 0.627673 0.705987
vt 0.613598 0.711278
f 591/392/591 582/393/582 2445/394/2445
vt 0.645540 0.592432
f 2312/395/2312 584/391/584 2475/389/2475
vt 0.607673 0.594809
vt 0.589477 0.602121
f 100/396/100 2475/389/2475 2456/397/2456
vt 0.440132 0.063260
vt 0.457224 0.059202
vt 0.463789 0.071180
f 1703/398/1703 528/399/528 1938/400/1938
vt 0.708321 0.880245
vt 0.718513 0.896780
vt 0.699685 0.898832
f 616/401/616 614/402/614 101/403/101
vt 0.686285 0.894174
f 102/404/102 616/401/616 101/403/101
vt 0.704657 0.872337
f 102/404/102 185/405/185 616/401/616
vt 0.698585 0.910185
vt 0.689961 0.904606
f 101/403/101 1214/406/1214 1215/407/1215
f 102/404/102 101/403/101 1215/407/1215
vt 0.680071 0.881939
f 191/408/191 185/405/185 102/404/102
vt 0.679847 0.903681
f 620/409/620 102/404/102 1215/407/1215
vt 0.695150 0.867042
f 189/410/189 185/405/185 191/408/191
vt 0.667489 0.899485
f 194/411/194 102/404/102 620/409/620
f 191/408/191 102/404/102 194/411/194
vt 0.658360 0.879968
vt 0.636241 0.889053
f 1226/412/1226 191/408/191 1241/413/1241
vt 0.651641 0.895966
f 1241/413/1241 191/408/191 1230/414/1230
vt 0.676697 0.873250
f 199/415/199 191/408/191 1226/412/1226
vt 0.922078 0.288895
vt 0.928796 0.301634
vt 0.915998 0.297476
f 647/416/647 652/417/652 666/418/666
vt 0.913270 0.294763
f 664/419/664 647/416/647 666/418/666
vt 0.644796 0.899776
vt 0.655382 0.901625
vt 0.651323 0.903107
f 1228/420/1228 203/421/203 210/422/210
vt 0.882156 0.392066
vt 0.894014 0.396509
vt 0.884671 0.399392
f 224/423/224 205/424/205 1232/425/1232
vt 0.536736 0.945484
vt 0.540205 0.950625
vt 0.533764 0.948419
f 1228/426/1228 210/427/210 209/428/209
vt 0.887146 0.370223
vt 0.883810 0.374258
vt 0.875850 0.367786
f 1229/429/1229 1227/430/1227 103/431/103
vt 0.883720 0.379653
f 104/4/104 214/432/214 223/1/223
f 1227/430/1227 214/432/214 104/4/104
vt 0.867741 0.368144
f 231/433/231 103/431/103 1227/430/1227
vt 0.880849 0.367279
f 1233/434/1233 1229/429/1229 103/431/103
f 231/433/231 1227/430/1227 104/4/104
vt 0.499273 0.903338
vt 0.510008 0.914721
vt 0.502417 0.914000
f 692/435/692 1233/436/1233 103/437/103
vt 0.901457 0.314016
vt 0.918869 0.310595
vt 0.895702 0.328487
f 1231/438/1231 1225/439/1225 685/440/685
vt 0.497247 0.911943
f 231/7/231 692/435/692 103/441/103
vt 0.890035 0.304406
vt 0.902780 0.302065
f 686/442/686 105/443/105 1231/438/1231
f 106/5/106 231/433/231 104/4/104
vt 0.898063 0.300830
f 1234/444/1234 105/443/105 686/442/686
vt 0.855963 0.366295
f 235/445/235 231/433/231 106/5/106
vt 0.509377 0.956496
vt 0.507301 0.964441
vt 0.496928 0.960398
f 107/446/107 1240/447/1240 109/448/109
f 692/435/692 231/7/231 108/6/108
vt 0.588945 0.884999
vt 0.580548 0.903926
vt 0.553141 0.880709
f 682/449/682 863/450/863 1421/451/1421
vt 0.494512 0.946190
f 111/452/111 107/446/107 109/448/109
vt 0.509865 0.948818
f 111/452/111 1239/453/1239 107/446/107
f 235/445/235 106/5/106 110/14/110
vt 0.554615 0.857720
f 1435/454/1435 682/449/682 1421/451/1421
vt 0.851644 0.361528
f 238/455/238 235/445/235 110/14/110
vt 0.489981 0.937789
vt 0.496824 0.938001
f 1257/456/1257 1416/457/1416 111/452/111
vt 0.878561 0.320490
vt 0.868631 0.330851
f 694/458/694 685/440/685 1266/459/1266
vt 0.477793 0.936021
f 1264/460/1264 1257/456/1257 111/452/111
vt 0.878340 0.281772
vt 0.887154 0.283721
vt 0.881244 0.284196
f 1424/461/1424 1416/462/1416 1257/463/1257
vt 0.843408 0.358801
f 112/464/112 238/455/238 110/14/110
vt 0.844847 0.357797
f 3/465/3 238/455/238 112/464/112
vt 0.469652 0.906915
f 1430/17/1430 3/10/3 112/466/112
vt 0.875053 0.341157
f 1266/459/1266 685/440/685 704/467/704
f 718/34/718 111/452/111 109/448/109
vt 0.494231 0.914038
vt 0.500867 0.916971
vt 0.495350 0.918397
f 248/468/248 1251/469/1251 1262/470/1262
vt 0.864998 0.420599
vt 0.877614 0.419808
vt 0.874373 0.423246
f 248/471/248 1253/472/1253 1251/473/1251
f 113/33/113 1264/460/1264 111/452/111
vt 0.840574 0.357247
f 1430/474/1430 112/464/112 110/14/110
f 113/33/113 111/452/111 718/34/718
vt 0.830733 0.356888
f 1430/474/1430 110/14/110 116/475/116
vt 0.858493 0.317726
vt 0.873208 0.307797
f 1278/476/1278 706/477/706 694/458/694
vt 0.863785 0.304770
f 711/478/711 706/477/706 1278/476/1278
f 116/475/116 110/14/110 117/23/117
vt 0.834434 0.356118
f 114/479/114 1430/474/1430 116/475/116
vt 0.602015 0.862154
vt 0.573584 0.851071
vt 0.584587 0.837865
f 240/480/240 1434/481/1434 1273/482/1273
vt 0.456854 0.906912
vt 0.459157 0.894909
vt 0.461265 0.903632
f 116/483/116 1438/484/1438 114/485/114
vt 0.825307 0.355817
f 1443/486/1443 116/475/116 117/23/117
vt 0.449982 0.904795
f 1443/487/1443 1438/484/1438 116/483/116
vt 0.550375 0.832317
f 1294/488/1294 1434/481/1434 1435/454/1435
vt 0.813316 0.358758
f 123/489/123 117/23/117 115/19/115
f 126/31/126 1263/18/1263 1293/30/1293
f 123/489/123 115/19/115 122/26/122
vt 0.854522 0.300737
f 120/47/120 118/490/118 711/478/711
vt 0.850809 0.300316
vt 0.852567 0.299220
f 119/491/119 724/492/724 118/490/118
vt 0.449199 0.908867
vt 0.439331 0.910828
f 1443/487/1443 117/493/117 127/494/127
f 119/491/119 118/490/118 120/47/120
f 121/46/121 119/491/119 120/47/120
vt 0.461851 0.930842
vt 0.466383 0.931905
f 131/495/131 1283/496/1283 124/35/124
vt 0.454922 0.911707
vt 0.463372 0.910524
f 1289/497/1289 1288/498/1288 132/42/132
vt 0.819380 0.415135
vt 0.825824 0.408891
vt 0.829237 0.415251
f 125/499/125 1290/500/1290 1289/501/1289
vt 0.805190 0.376228
f 136/502/136 126/31/126 1293/30/1293
vt 0.804895 0.367466
f 139/503/139 122/26/122 126/31/126
vt 0.809496 0.361186
f 123/489/123 122/26/122 128/504/128
vt 0.810537 0.358905
f 129/505/129 123/489/123 128/504/128
vt 0.813611 0.356809
f 127/506/127 117/23/117 123/489/123
vt 0.317003 0.946642
vt 0.320081 0.947868
vt 0.318260 0.948931
f 129/507/129 127/508/127 123/509/123
vt 0.450687 0.933996
f 1302/510/1302 131/495/131 124/35/124
vt 0.859267 0.270300
vt 0.858167 0.279243
vt 0.852616 0.277522
f 1291/511/1291 1283/512/1283 131/513/131
vt 0.852796 0.269810
f 135/514/135 1291/511/1291 131/513/131
vt 0.824608 0.417492
f 125/499/125 1289/501/1289 132/515/132
vt 0.813385 0.416261
vt 0.811134 0.412904
f 133/516/133 1303/517/1303 125/499/125
f 128/504/128 122/26/122 139/503/139
vt 0.317410 0.944560
f 1455/518/1455 127/508/127 129/507/129
vt 0.441263 0.914841
vt 0.445247 0.912398
f 133/519/133 125/520/125 132/42/132
vt 0.547927 0.022101
vt 0.549417 0.021203
vt 0.552579 0.022810
f 1330/521/1330 136/522/136 1293/523/1293
vt 0.800966 0.372328
f 140/524/140 126/31/126 136/502/136
vt 0.313851 0.946525
vt 0.314661 0.948108
f 134/525/134 129/507/129 128/526/128
vt 0.436026 0.901721
vt 0.432761 0.914223
f 1459/527/1459 127/494/127 1455/528/1455
vt 0.449622 0.922595
vt 0.460531 0.922013
f 1309/529/1309 1296/44/1296 135/530/135
f 1330/521/1330 1293/523/1293 1311/79/1311
f 139/503/139 126/31/126 140/524/140
vt 0.805988 0.359710
f 137/531/137 128/504/128 139/503/139
vt 0.311432 0.944248
f 138/532/138 129/507/129 134/525/134
f 1455/518/1455 129/507/129 138/532/138
f 1318/55/1318 130/45/130 120/47/120
f 1312/62/1312 135/514/135 131/513/131
vt 0.432814 0.917453
vt 0.435363 0.919760
f 1310/533/1310 133/519/133 1313/534/1313
vt 0.806978 0.415802
f 1310/535/1310 1303/517/1303 133/516/133
vt 0.795831 0.375587
f 140/524/140 136/502/136 1330/536/1330
vt 0.807374 0.359254
f 137/531/137 134/537/134 128/504/128
vt 0.311616 0.945885
f 138/532/138 134/525/134 137/538/137
vt 0.315962 0.943211
f 1454/539/1454 1455/518/1455 138/532/138
vt 0.845072 0.268443
f 1309/540/1309 135/514/135 1312/62/1312
vt 0.800133 0.362660
f 142/541/142 137/531/137 139/503/139
vt 0.429983 0.916029
vt 0.417492 0.913940
f 1459/527/1459 1454/542/1454 1589/543/1589
vt 0.312506 0.941092
f 143/544/143 1454/539/1454 138/532/138
vt 0.425589 0.918670
f 1589/543/1589 1454/542/1454 143/545/143
vt 0.822686 0.836155
vt 0.841818 0.839728
vt 0.832162 0.842774
f 2055/546/2055 738/547/738 731/548/731
vt 0.008854 0.686234
vt 0.012110 0.703360
vt 0.010411 0.700783
f 1581/549/1581 737/550/737 1583/551/1583
vt 0.800531 0.359574
f 141/552/141 137/531/137 142/541/142
vt 0.804894 0.358398
f 141/552/141 138/553/138 137/531/137
vt 0.310468 0.942793
f 141/554/141 143/544/143 138/532/138
vt 0.009750 0.710418
vt 0.014145 0.716153
f 1587/555/1587 737/550/737 1577/556/1577
vt 0.796191 0.369556
f 1466/557/1466 139/503/139 140/524/140
vt 0.795317 0.363800
f 1464/558/1464 142/541/142 139/503/139
vt 0.761476 0.090498
vt 0.763381 0.079858
vt 0.766760 0.085417
f 1587/559/1587 1583/560/1583 737/561/737
vt 0.308833 0.938752
vt 0.307970 0.941409
f 144/562/144 141/554/141 142/563/142
f 143/544/143 141/554/141 144/562/144
vt 0.795100 0.360864
f 145/564/145 142/541/142 1464/558/1464
vt 0.306873 0.939691
f 144/562/144 142/563/142 145/565/145
vt 0.422628 0.920715
vt 0.421192 0.922117
f 1589/543/1589 143/566/143 144/567/144
vt 0.481980 0.815641
vt 0.488456 0.827448
vt 0.485763 0.828977
f 763/568/763 9/569/9 749/570/749
vt 0.504895 0.822371
f 763/568/763 740/571/740 9/569/9
vt 0.307848 0.936676
f 1819/572/1819 144/562/144 145/565/145
vt 0.416332 0.923484
f 1589/543/1589 144/567/144 1819/573/1819
vt 0.820551 0.814829
f 2072/574/2072 738/547/738 2055/546/2055
vt 0.535687 0.013564
f 1336/89/1336 1466/110/1466 140/575/140
vt 0.304923 0.935779
f 1819/572/1819 145/565/145 147/576/147
vt 0.532067 0.011980
f 146/577/146 1466/110/1466 1336/89/1336
vt 0.303942 0.940060
f 147/576/147 145/565/145 1464/578/1464
vt 0.527863 0.005852
vt 0.534506 0.006307
f 1467/579/1467 1464/580/1464 1466/110/1466
vt 0.300758 0.938240
f 1467/581/1467 147/576/147 1464/578/1464
vt 0.493021 0.811231
f 148/582/148 740/571/740 763/568/763
vt 0.503370 0.808776
f 2068/583/2068 740/571/740 148/582/148
f 149/87/149 1339/65/1339 1342/128/1342
vt 0.488250 0.809818
f 771/584/771 148/582/148 763/568/763
vt 0.772330 0.830680
vt 0.758834 0.839025
vt 0.755023 0.824325
f 2068/585/2068 148/586/148 771/587/771
vt 0.833935 0.797489
vt 0.849984 0.822861
f 2092/588/2092 1331/589/1331 2072/574/2072
f 261/208/261 2068/585/2068 771/587/771
vt 0.412494 0.836824
f 1365/146/1365 760/148/760 1473/590/1473
vt 0.789939 0.797215
f 2087/591/2087 261/208/261 779/207/779
vt 0.678542 0.833655
vt 0.711872 0.831157
vt 0.688586 0.836619
f 152/592/152 1373/593/1373 1365/594/1365
vt 0.736891 0.826299
f 776/209/776 771/587/771 775/595/775
vt 0.417792 0.819557
f 152/596/152 1365/146/1365 1473/590/1473
vt 0.394722 0.840753
vt 0.395297 0.863417
f 153/597/153 1473/590/1473 1607/598/1607
vt 0.681483 0.821108
f 1377/599/1377 1373/593/1373 152/592/152
vt 0.832842 0.768416
vt 0.854281 0.797202
f 2110/600/2110 765/601/765 2092/588/2092
f 152/596/152 1473/590/1473 153/597/153
f 68/267/68 2087/591/2087 779/207/779
vt 0.399738 0.827627
f 156/602/156 152/596/152 153/597/153
vt 0.662836 0.829779
f 1377/599/1377 152/592/152 156/603/156
vt 0.396758 0.827961
vt 0.389787 0.831203
f 156/604/156 153/597/153 154/605/154
vt 0.918640 0.011732
vt 0.928678 0.008282
vt 0.918505 0.018798
f 158/606/158 1624/607/1624 1638/608/1638
vt 0.377240 0.842431
f 780/609/780 154/605/154 153/597/153
vt 0.522236 0.077163
f 158/610/158 1480/235/1480 155/215/155
vt 0.644316 0.829687
vt 0.653734 0.836583
f 157/611/157 156/603/156 154/612/154
f 1624/217/1624 158/610/158 155/215/155
f 156/603/156 159/256/159 1377/599/1377
f 158/610/158 1487/271/1487 1480/235/1480
vt 0.510305 0.085009
vt 0.517365 0.085036
vt 0.513991 0.088703
f 1485/613/1485 1638/614/1638 1644/615/1644
f 1485/613/1485 158/610/158 1638/614/1638
vt 0.647315 0.808598
f 156/603/156 157/611/157 1384/616/1384
f 1384/616/1384 159/256/159 156/603/156
vt 0.656049 0.778708
f 160/617/160 159/256/159 1384/616/1384
f 160/617/160 1489/255/1489 159/256/159
vt 0.678091 0.768794
f 2332/618/2332 1489/255/1489 160/617/160
f 2349/285/2349 72/270/72 2332/618/2332
vt 0.651809 0.766255
f 2336/619/2336 2332/618/2332 160/617/160
vt 0.666304 0.749435
f 2352/620/2352 2332/618/2332 2336/619/2336
vt 0.728575 0.465103
f 1723/621/1723 161/294/161 1724/296/1724
f 1509/308/1509 161/294/161 1723/621/1723
vt 0.860082 0.145121
vt 0.866837 0.146850
f 1509/622/1509 1506/299/1506 80/623/80
vt 0.854129 0.135959
f 83/304/83 1506/299/1506 1515/624/1515
f 88/313/88 83/304/83 1514/322/1514
f 158/610/158 1485/613/1485 1487/271/1487
vt 0.755801 0.902234
vt 0.756876 0.920052
vt 0.741156 0.919749
f 275/625/275 274/626/274 273/627/273
vt 0.731736 0.898967
f 162/628/162 275/625/275 273/627/273
vt 0.721516 0.914658
f 162/628/162 273/627/273 613/629/613
vt 0.758847 0.887535
f 162/628/162 278/630/278 275/625/275
vt 0.412494 0.189387
vt 0.417665 0.180388
vt 0.426905 0.191260
f 612/631/612 610/632/610 283/633/283
vt 0.741911 0.882669
f 165/634/165 278/630/278 162/628/162
vt 0.729686 0.887648
f 614/402/614 164/635/164 162/628/162
vt 0.757723 0.877990
f 286/636/286 278/630/278 165/634/165
f 614/402/614 162/628/162 613/629/613
f 164/635/164 165/634/165 162/628/162
vt 0.396816 0.186898
vt 0.399995 0.184307
vt 0.402420 0.191174
f 163/637/163 789/638/789 790/639/790
vt 0.795724 0.923884
vt 0.786363 0.910073
vt 0.798502 0.915346
f 296/640/296 289/641/289 166/642/166
vt 0.396360 0.188695
f 167/643/167 163/637/163 790/639/790
vt 0.749048 0.868554
f 292/644/292 286/636/286 165/634/165
vt 0.434066 0.206075
vt 0.445601 0.204059
f 285/645/285 283/633/283 284/646/284
f 164/635/164 614/402/614 616/401/616
vt 0.719389 0.871738
f 170/647/170 164/635/164 616/401/616
f 165/634/165 164/635/164 170/647/170
vt 0.740881 0.866698
f 168/648/168 292/644/292 165/634/165
vt 0.454312 0.210974
vt 0.457110 0.191302
vt 0.468404 0.193461
f 797/649/797 288/650/288 290/651/290
f 284/646/284 288/650/288 797/649/797
vt 0.172381 0.676249
vt 0.165738 0.665988
vt 0.174370 0.672111
f 795/652/795 167/653/167 790/654/790
vt 0.429631 0.210629
vt 0.434233 0.213899
f 798/655/798 285/645/285 792/656/792
vt 0.424529 0.208399
f 793/657/793 285/645/285 798/655/798
f 168/648/168 165/634/165 170/647/170
vt 0.166840 0.672369
f 615/658/615 167/653/167 795/652/795
vt 0.809297 0.922398
vt 0.811380 0.900624
f 300/659/300 166/642/166 304/660/304
vt 0.160916 0.645874
vt 0.166279 0.647177
f 1213/661/1213 1212/662/1212 167/653/167
vt 0.725258 0.865005
f 182/663/182 168/648/168 170/647/170
vt 0.755740 0.863988
f 295/664/295 292/644/292 168/648/168
vt 0.744601 0.861992
f 171/665/171 295/664/295 168/648/168
vt 0.761969 0.859304
vt 0.755709 0.860018
f 297/666/297 295/664/295 169/667/169
vt 0.767271 0.860290
f 297/666/297 303/668/303 295/664/295
vt 0.478294 0.208807
f 176/669/176 797/649/797 290/651/290
vt 0.386106 0.204131
vt 0.391596 0.200083
vt 0.396395 0.202890
f 617/670/617 167/671/167 615/672/615
vt 0.156533 0.648328
f 1213/661/1213 167/653/167 177/673/177
f 169/667/169 295/664/295 171/665/171
vt 0.812407 0.944128
vt 0.796662 0.941424
f 310/674/310 294/675/294 300/659/300
vt 0.793288 0.954394
vt 0.789842 0.951789
f 176/676/176 290/677/290 294/675/294
f 185/405/185 170/647/170 616/401/616
vt 0.729946 0.861901
f 168/648/168 182/663/182 179/678/179
f 171/665/171 168/648/168 179/678/179
vt 0.748442 0.859390
f 175/679/175 169/667/169 171/665/171
vt 0.082541 0.528258
vt 0.081987 0.532444
vt 0.075058 0.530811
f 172/680/172 169/681/169 175/682/175
vt 0.148979 0.661160
f 617/683/617 177/673/177 167/653/167
vt 0.090240 0.528341
f 297/684/297 169/681/169 172/680/172
vt 0.828491 0.916924
f 315/685/315 300/659/300 304/660/304
vt 0.740582 0.857964
f 174/686/174 171/665/171 179/678/179
f 175/679/175 171/665/171 174/686/174
vt 0.158474 0.643947
f 173/687/173 1213/661/1213 177/673/177
vt 0.732549 0.858747
f 178/688/178 174/686/174 179/678/179
vt 0.480603 0.223190
f 818/689/818 797/649/797 176/669/176
vt 0.691157 0.916729
vt 0.696574 0.921081
vt 0.693658 0.920528
f 181/690/181 1213/691/1213 173/692/173
f 181/690/181 1214/406/1214 1213/691/1213
vt 0.711702 0.862960
f 1216/693/1216 182/663/182 170/647/170
vt 0.061381 0.531596
vt 0.069014 0.532819
vt 0.063831 0.533839
f 180/694/180 174/695/174 178/696/178
vt 0.073250 0.520575
f 624/697/624 172/680/172 175/682/175
vt 0.479246 0.202060
vt 0.489907 0.199418
f 176/669/176 294/698/294 310/699/310
vt 0.905315 0.015470
vt 0.906947 0.018953
vt 0.904851 0.024588
f 173/700/173 177/701/177 619/702/619
vt 0.063485 0.526682
f 183/703/183 175/682/175 174/695/174
vt 0.900743 0.019453
f 805/704/805 173/700/173 619/702/619
f 1216/693/1216 170/647/170 185/405/185
f 183/703/183 174/695/174 180/694/180
f 624/697/624 175/682/175 183/703/183
vt 0.796888 0.865496
vt 0.793471 0.870914
vt 0.790362 0.863485
f 184/705/184 309/706/309 308/707/308
vt 0.795521 0.862950
f 978/708/978 184/705/184 308/707/308
vt 0.396062 0.346138
vt 0.393680 0.334855
vt 0.406442 0.343679
f 819/709/819 617/710/617 802/711/802
vt 0.710751 0.858490
f 179/678/179 182/663/182 1217/712/1217
vt 0.731668 0.856360
f 180/713/180 178/688/178 179/678/179
vt 0.117163 0.529155
vt 0.105892 0.531799
vt 0.099320 0.525463
f 977/714/977 306/715/306 618/716/618
vt 0.114891 0.532380
vt 0.122428 0.533690
vt 0.116008 0.534678
f 307/717/307 978/718/978 308/719/308
vt 0.497214 0.207598
f 806/720/806 176/669/176 310/699/310
vt 0.903188 0.011792
f 181/721/181 173/700/173 805/704/805
vt 0.720315 0.856194
f 190/722/190 179/678/179 1217/712/1217
vt 0.726088 0.855268
f 186/723/186 180/713/180 179/678/179
f 806/720/806 818/689/818 176/669/176
vt 0.682005 0.915495
f 814/724/814 1215/407/1215 181/690/181
f 186/723/186 179/678/179 190/722/190
f 978/718/978 307/717/307 977/714/977
vt 0.721444 0.853721
f 188/725/188 186/723/186 190/722/190
vt 0.053205 0.529706
f 187/726/187 183/703/183 180/694/180
vt 0.054077 0.525958
f 628/727/628 183/703/183 187/726/187
vt 0.800917 0.863463
f 979/728/979 184/705/184 978/708/978
vt 0.055082 0.533168
f 187/726/187 180/694/180 186/729/186
vt 0.062062 0.519291
f 626/730/626 183/703/183 628/727/628
vt 0.562708 0.951398
vt 0.559502 0.952277
vt 0.557018 0.950287
f 187/731/187 186/732/186 188/733/188
vt 0.831223 0.940956
vt 0.818543 0.944978
f 321/734/321 806/735/806 310/674/310
vt 0.887099 0.030848
vt 0.901696 0.035428
f 827/736/827 805/704/805 623/737/623
vt 0.889092 0.019159
f 813/738/813 805/704/805 827/736/827
f 1216/693/1216 185/405/185 189/410/189
vt 0.567235 0.948729
vt 0.561238 0.941595
f 628/739/628 187/731/187 627/740/627
vt 0.555918 0.951957
vt 0.551939 0.945113
f 188/733/188 190/741/190 633/742/633
f 633/742/633 187/731/187 188/733/188
f 627/740/627 187/731/187 633/742/633
vt 0.700404 0.859129
f 192/743/192 1216/693/1216 189/410/189
vt 0.898538 0.040460
f 827/736/827 623/737/623 1398/744/1398
vt 0.684627 0.870095
f 196/745/196 189/410/189 191/408/191
vt 0.709817 0.852647
vt 0.706964 0.854591
f 633/746/633 190/722/190 1218/747/1218
vt 0.902344 0.386605
vt 0.912100 0.394457
vt 0.907651 0.398574
f 193/748/193 189/749/189 196/750/196
vt 0.694765 0.863409
f 192/743/192 189/410/189 193/751/193
vt 0.544496 0.941019
vt 0.545734 0.944020
f 1219/752/1219 633/742/633 1218/753/1218
vt 0.875795 0.025245
f 200/754/200 813/738/813 827/736/827
vt 0.886804 0.017288
f 200/754/200 817/755/817 813/738/813
f 1230/414/1230 191/408/191 194/411/194
vt 0.900595 0.380490
vt 0.911459 0.388066
f 1223/756/1223 192/757/192 193/748/193
vt 0.701060 0.855640
f 1220/758/1220 1217/712/1217 192/743/192
f 199/415/199 196/745/196 191/408/191
vt 0.911317 0.382700
f 1220/759/1220 192/757/192 1223/756/1223
vt 0.664802 0.920339
vt 0.673554 0.919531
vt 0.662643 0.926445
f 636/760/636 817/761/817 200/762/200
f 205/424/205 193/748/193 196/750/196
vt 0.879149 0.004314
vt 0.881607 0.004616
vt 0.881643 0.006569
f 198/763/198 632/764/632 195/765/195
vt 0.663202 0.902637
vt 0.669978 0.906032
f 198/766/198 194/411/194 632/767/632
vt 0.876522 0.006487
vt 0.878755 0.011707
f 202/768/202 195/765/195 197/769/197
f 202/768/202 198/763/198 195/765/195
vt 0.656953 0.899508
f 213/770/213 194/411/194 198/766/198
f 1230/414/1230 194/411/194 213/770/213
vt 0.877077 0.011361
f 201/771/201 202/768/202 197/769/197
vt 0.903053 0.400699
f 205/424/205 196/750/196 199/772/199
vt 0.870878 0.028739
vt 0.869306 0.034833
f 206/773/206 200/754/200 835/774/835
vt 0.653817 0.932341
vt 0.657777 0.925578
f 206/775/206 640/776/640 200/762/200
vt 0.872556 0.010130
f 204/777/204 202/768/202 201/771/201
vt 0.662142 0.903899
f 213/770/213 198/766/198 202/778/202
f 203/421/203 213/770/213 202/778/202
vt 0.884947 0.383366
f 217/779/217 193/748/193 205/424/205
vt 0.651225 0.931440
f 651/780/651 640/776/640 206/775/206
vt 0.874816 0.013001
vt 0.876125 0.013620
f 208/781/208 201/771/201 207/782/207
f 204/777/204 201/771/201 208/781/208
vt 0.540746 0.958463
vt 0.536522 0.958654
f 209/428/209 204/783/204 208/784/208
vt 0.870329 0.008086
vt 0.872372 0.005441
f 210/785/210 203/786/203 202/768/202
vt 0.673010 0.869340
f 205/787/205 199/415/199 1226/412/1226
f 214/432/214 193/748/193 217/779/217
f 210/785/210 202/768/202 204/777/204
f 224/423/224 217/779/217 205/424/205
f 214/432/214 1223/756/1223 193/748/193
vt 0.864794 0.035034
vt 0.867508 0.032061
f 211/788/211 206/789/206 835/774/835
vt 0.650674 0.936133
f 651/780/651 206/775/206 211/790/211
vt 0.921852 0.286588
vt 0.926355 0.286668
f 212/791/212 648/792/648 647/416/647
vt 0.531873 0.962265
vt 0.537584 0.961267
vt 0.536201 0.963060
f 212/793/212 207/794/207 648/795/648
vt 0.542163 0.954996
f 210/427/210 204/796/204 209/428/209
vt 0.863022 0.042413
f 211/788/211 835/774/835 851/797/851
vt 0.925835 0.314536
vt 0.930960 0.307694
f 220/798/220 652/417/652 651/799/651
vt 0.529175 0.959317
f 216/800/216 207/794/207 212/793/212
f 216/800/216 208/784/208 207/794/207
vt 0.861044 0.041462
f 218/801/218 211/788/211 851/797/851
vt 0.645719 0.939024
f 222/802/222 651/780/651 211/790/211
f 1225/439/1225 652/417/652 220/798/220
vt 0.918232 0.286907
f 212/791/212 647/416/647 215/803/215
vt 0.527957 0.961304
f 216/800/216 212/793/212 215/804/215
f 1230/414/1230 213/770/213 203/421/203
vt 0.657996 0.873029
f 1232/805/1232 205/787/205 1226/412/1226
vt 0.861629 0.039153
f 222/806/222 211/788/211 218/801/218
vt 0.646297 0.935890
f 220/807/220 651/780/651 222/802/222
f 215/803/215 647/416/647 664/419/664
vt 0.915451 0.288963
f 662/808/662 215/803/215 664/419/664
vt 0.655000 0.909606
vt 0.657143 0.911510
vt 0.653159 0.912187
f 221/809/221 215/810/215 662/811/662
vt 0.524962 0.958095
f 216/800/216 215/804/215 221/812/221
vt 0.877585 0.384214
f 219/813/219 224/423/224 226/2/226
f 219/813/219 217/779/217 224/423/224
f 214/432/214 217/779/217 219/813/219
vt 0.912819 0.291940
f 662/808/662 664/419/664 665/814/665
vt 0.525138 0.954470
f 1407/815/1407 216/800/216 221/812/221
vt 0.855586 0.048643
f 218/801/218 851/797/851 852/816/852
vt 0.644823 0.941549
vt 0.647137 0.941118
f 852/817/852 222/802/222 218/818/218
vt 0.916657 0.323512
f 676/819/676 1225/439/1225 220/798/220
vt 0.867852 0.389493
f 1238/820/1238 226/2/226 224/423/224
f 223/1/223 219/813/219 226/2/226
f 223/1/223 214/432/214 219/813/219
vt 0.920304 0.323895
vt 0.924251 0.320052
f 669/821/669 220/798/220 222/822/222
vt 0.530089 0.937004
f 1235/823/1235 1228/426/1228 209/428/209
f 676/819/676 220/798/220 669/821/669
vt 0.652853 0.871447
vt 0.657058 0.870658
f 229/824/229 224/825/224 1232/805/1232
vt 0.867723 0.395695
f 1238/820/1238 224/423/224 229/826/229
vt 0.526552 0.938784
f 1235/823/1235 209/428/209 1412/827/1412
vt 0.608334 0.907271
vt 0.608195 0.911707
vt 0.599338 0.906942
f 871/828/871 225/829/225 668/830/668
vt 0.850591 0.061440
vt 0.851640 0.057254
vt 0.853020 0.059914
f 230/831/230 228/832/228 227/833/227
vt 0.854711 0.053989
f 228/832/228 856/834/856 227/833/227
vt 0.643983 0.874662
f 1243/835/1243 229/824/229 1232/805/1232
vt 0.037594 0.469617
vt 0.031416 0.481083
vt 0.031682 0.465715
f 864/836/864 225/837/225 232/838/232
vt 0.021148 0.470294
vt 0.019082 0.478630
f 236/839/236 225/837/225 871/840/871
vt 0.851289 0.068968
f 882/841/882 230/831/230 227/833/227
vt 0.717114 0.345497
vt 0.710856 0.345454
vt 0.712487 0.341068
f 870/842/870 864/843/864 232/844/232
vt 0.848083 0.066272
f 233/845/233 230/831/230 882/841/882
vt 0.117219 0.634794
vt 0.125955 0.634419
vt 0.123096 0.637011
f 683/846/683 228/847/228 230/848/230
f 236/839/236 232/838/232 225/837/225
vt 0.117469 0.637217
f 683/846/683 230/848/230 233/849/233
vt 0.511835 0.965059
f 107/446/107 680/850/680 1240/447/1240
vt 0.715027 0.332413
f 870/842/870 232/844/232 237/851/237
vt 0.023544 0.451154
vt 0.027846 0.459782
f 242/852/242 237/853/237 232/838/232
f 242/852/242 232/838/232 236/839/236
vt 0.722790 0.336551
f 687/854/687 870/842/870 237/851/237
vt 0.846856 0.071009
f 884/855/884 233/845/233 882/841/882
vt 0.107868 0.637948
f 683/846/683 233/849/233 884/856/884
vt 0.610411 0.897288
f 240/480/240 871/857/871 682/449/682
vt 0.114461 0.632500
f 884/856/884 688/858/688 683/846/683
vt 0.014130 0.458879
vt 0.014552 0.467048
f 241/859/241 236/839/236 871/860/871
vt 0.724725 0.327838
f 687/854/687 237/851/237 243/861/243
f 241/859/241 242/852/242 236/839/236
vt 0.717171 0.323871
f 243/861/243 237/851/237 242/862/242
vt 0.513843 0.864358
vt 0.543744 0.894761
vt 0.508994 0.883113
f 244/863/244 239/864/239 695/865/695
f 1421/451/1421 239/864/239 244/863/244
vt 0.018575 0.445791
f 242/852/242 241/859/241 245/866/245
vt 0.741214 0.342239
f 701/867/701 687/854/687 243/861/243
vt 0.725102 0.318453
f 246/868/246 243/861/243 242/862/242
vt 0.617461 0.873628
vt 0.617260 0.880877
f 892/869/892 241/870/241 871/857/871
vt 0.006204 0.454903
f 245/866/245 241/859/241 892/871/892
vt 0.719618 0.315410
f 246/868/246 242/862/242 245/872/245
vt 0.730270 0.321798
f 247/873/247 243/861/243 246/868/246
f 1434/481/1434 682/449/682 1435/454/1435
vt 0.006292 0.448972
f 250/874/250 245/866/245 892/871/892
vt 0.737439 0.326963
f 703/875/703 243/861/243 247/873/247
vt 0.865730 0.415274
f 248/471/248 1259/876/1259 1253/472/1253
f 240/480/240 682/449/682 1434/481/1434
vt 0.725393 0.310539
f 249/877/249 246/868/246 245/872/245
vt 0.400918 0.526253
vt 0.393683 0.533091
vt 0.390496 0.520389
f 251/878/251 245/879/245 732/880/732
vt 0.893355 0.561851
vt 0.894341 0.570371
vt 0.889898 0.568235
f 253/881/253 247/882/247 246/883/246
vt 0.912222 0.579307
vt 0.906971 0.582059
vt 0.901810 0.579300
f 713/884/713 710/885/710 703/886/703
vt 0.618250 0.864820
f 250/887/250 892/869/892 240/480/240
vt 0.722343 0.309124
f 251/888/251 249/877/249 245/872/245
f 713/884/713 703/886/703 247/882/247
vt 0.774065 0.369412
vt 0.760435 0.366148
vt 0.767360 0.350434
f 911/889/911 902/890/902 254/891/254
vt 0.855418 0.417425
f 1265/892/1265 1259/876/1259 248/471/248
vt 0.382737 0.532066
f 250/893/250 732/880/732 245/879/245
vt 0.727309 0.312216
f 253/894/253 246/868/246 249/877/249
vt 0.889050 0.563259
vt 0.889570 0.559904
f 253/881/253 249/895/249 251/896/251
vt 0.905403 0.564619
f 713/884/713 247/882/247 725/897/725
vt 0.892217 0.556960
f 252/898/252 253/881/253 251/896/251
f 725/897/725 247/882/247 253/881/253
vt 0.615190 0.849742
f 250/887/250 240/480/240 1300/899/1300
vt 0.370526 0.520894
f 1300/900/1300 732/880/732 250/893/250
vt 0.401837 0.514452
f 2042/901/2042 251/878/251 732/880/732
vt 0.897237 0.553938
f 2041/902/2041 253/881/253 252/898/252
vt 0.783384 0.367173
f 256/903/256 911/889/911 254/891/254
vt 0.403753 0.522302
f 2042/901/2042 252/904/252 251/878/251
vt 0.404682 0.517712
f 2041/905/2041 252/904/252 2042/901/2042
f 2041/902/2041 725/897/725 253/881/253
vt 0.913402 0.558373
f 2043/906/2043 725/897/725 2041/902/2041
vt 0.780338 0.353552
f 255/907/255 256/903/256 254/891/254
vt 0.407724 0.513346
f 2044/908/2044 2041/905/2041 2042/901/2042
vt 0.604589 0.833145
f 750/909/750 1300/899/1300 240/480/240
vt 0.780063 0.350374
vt 0.775601 0.345203
f 735/910/735 255/907/255 726/911/726
vt 0.782210 0.353182
f 257/912/257 255/907/255 735/910/735
vt 0.443402 0.542701
vt 0.443946 0.552885
vt 0.436810 0.550199
f 2047/913/2047 257/914/257 735/915/735
vt 0.053417 0.420627
vt 0.056968 0.428144
vt 0.052170 0.422442
f 257/916/257 256/917/256 255/918/255
vt 0.057421 0.418575
f 258/919/258 256/917/256 257/916/257
vt 0.064655 0.420035
vt 0.069679 0.429550
f 744/920/744 924/921/924 256/917/256
vt 0.507657 0.846543
f 1294/488/1294 1450/922/1450 740/571/740
f 744/920/744 256/917/256 258/919/258
vt 0.930667 0.565004
vt 0.924057 0.570427
vt 0.921012 0.553247
f 741/923/741 727/924/727 2046/925/2046
vt 0.450153 0.553025
f 258/926/258 257/914/257 2047/913/2047
vt 0.451917 0.535728
f 2061/927/2061 258/926/258 2047/913/2047
vt 0.538386 0.817880
f 2052/928/2052 1294/488/1294 740/571/740
vt 0.460827 0.547447
f 746/929/746 258/926/258 2061/927/2061
vt 0.458542 0.559226
f 746/929/746 744/930/744 258/926/258
vt 0.930391 0.558215
f 2046/925/2046 739/931/739 741/923/741
vt 0.485662 0.831140
vt 0.480132 0.836481
f 259/932/259 1456/933/1456 749/570/749
vt 0.486052 0.828976
f 260/934/260 259/932/259 749/570/749
vt 0.488658 0.832192
f 260/934/260 745/935/745 259/932/259
vt 0.930317 0.555599
f 2062/936/2062 739/931/739 2046/925/2046
vt 0.478737 0.549589
vt 0.475796 0.563173
f 2065/937/2065 747/938/747 746/929/746
vt 0.423598 0.492109
vt 0.418567 0.499663
vt 0.411357 0.500945
f 2069/939/2069 2054/940/2054 2045/941/2045
vt 0.924667 0.549125
vt 0.923720 0.544906
f 2062/942/2062 2046/925/2046 2060/943/2060
vt 0.428780 0.496642
vt 0.422878 0.499643
f 2059/944/2059 2056/945/2056 2069/939/2069
vt 0.493934 0.560158
vt 0.491508 0.565302
f 934/946/934 929/947/929 2065/937/2065
vt 0.458609 0.492683
vt 0.439652 0.500852
vt 0.439754 0.486061
f 2082/948/2082 2063/949/2063 2076/950/2076
f 765/601/765 1331/589/1331 2092/588/2092
vt 0.801399 0.822897
f 2066/951/2066 2068/585/2068 261/208/261
vt 0.497755 0.532553
vt 0.474343 0.534382
vt 0.470950 0.518976
f 371/952/371 2067/953/2067 2064/954/2064
vt 0.865888 0.781398
vt 0.868966 0.798787
f 264/955/264 768/956/768 765/601/765
vt 0.497134 0.515825
f 2088/957/2088 371/952/371 2064/954/2064
vt 0.362131 0.444869
vt 0.364269 0.459865
vt 0.357775 0.458242
f 263/958/263 1370/959/1370 772/960/772
vt 0.380739 0.458428
vt 0.372209 0.445319
f 1375/961/1375 1370/959/1370 2094/962/2094
vt 0.417727 0.449111
vt 0.437173 0.460630
vt 0.403750 0.463852
f 2095/963/2095 2078/964/2078 1343/965/1343
f 2094/962/2094 1370/959/1370 263/958/263
vt 0.469198 0.476544
vt 0.450313 0.484232
f 2093/966/2093 2082/948/2082 262/967/262
vt 0.477115 0.470678
vt 0.453285 0.477783
f 2078/964/2078 393/968/393 2084/969/2084
vt 0.855723 0.765024
f 2112/970/2112 264/955/264 765/601/765
vt 0.873977 0.764583
vt 0.882703 0.786443
f 2199/971/2199 772/972/772 264/955/264
vt 0.882882 0.767353
f 2199/971/2199 263/973/263 772/972/772
vt 0.516626 0.525022
f 392/974/392 371/952/371 2088/957/2088
f 2112/970/2112 765/601/765 2110/600/2110
vt 0.474994 0.452834
f 2116/975/2116 393/968/393 2078/964/2078
vt 0.879951 0.760869
f 2199/971/2199 2201/976/2201 263/973/263
vt 0.376538 0.431860
f 2109/977/2109 2094/962/2094 263/958/263
vt 0.362919 0.432007
f 2109/977/2109 263/958/263 2201/978/2201
vt 0.803045 0.782703
f 2205/259/2205 2102/258/2102 2200/979/2200
vt 0.403146 0.423558
vt 0.380030 0.423096
f 2113/980/2113 2109/977/2109 2208/981/2208
vt 0.810803 0.742969
f 1378/982/1378 2102/258/2102 2206/257/2206
vt 0.371301 0.422868
vt 0.364231 0.426331
vt 0.366931 0.423597
f 265/983/265 2202/984/2202 2207/985/2207
vt 0.373352 0.422182
f 2208/981/2208 265/983/265 2119/986/2119
vt 0.129025 0.399649
vt 0.137862 0.404438
vt 0.133371 0.403956
f 2219/987/2219 265/988/265 2207/989/2207
vt 0.145959 0.403522
f 2119/990/2119 265/988/265 2219/987/2219
vt -0.000000 0.000000
f 268/991/268 266/991/266 267/991/267
f 270/991/270 266/991/266 269/991/269
f 269/991/269 266/991/266 268/991/268
f 267/991/267 266/991/266 270/991/270
f 268/991/268 267/991/267 271/991/271
f 271/991/271 267/991/267 270/991/270
f 272/991/272 271/991/271 270/991/270
f 269/991/269 272/991/272 270/991/270
f 268/991/268 272/991/272 269/991/269
f 268/991/268 271/991/271 272/991/272
vt 0.769693 0.911825
f 277/992/277 274/626/274 275/625/275
vt 0.752885 0.932199
f 273/627/273 274/626/274 276/993/276
vt 0.737364 0.932238
f 610/994/610 273/627/273 276/993/276
vt 0.763108 0.930001
f 276/993/276 274/626/274 279/995/279
vt 0.430696 0.178218
f 610/632/610 276/996/276 283/633/283
vt 0.777659 0.923342
f 274/626/274 277/992/277 280/997/280
vt 0.439673 0.186789
vt 0.445566 0.177147
f 282/998/282 276/996/276 279/999/279
vt 0.768846 0.927299
f 279/1000/279 274/626/274 280/997/280
f 289/641/289 280/997/280 277/992/277
vt 0.777090 0.893052
f 281/1001/281 277/992/277 275/625/275
f 283/633/283 276/996/276 282/998/282
f 281/1001/281 275/625/275 278/630/278
f 289/641/289 277/992/277 281/1001/281
vt 0.773256 0.881940
f 291/1002/291 281/1001/281 278/630/278
vt 0.455718 0.171110
f 288/650/288 279/999/279 280/1003/280
f 288/650/288 282/998/282 279/999/279
f 291/1002/291 278/630/278 286/636/286
vt 0.789625 0.923094
f 287/1004/287 280/997/280 289/641/289
vt 0.788634 0.888740
f 289/641/289 281/1001/281 302/1005/302
f 287/1004/287 289/641/289 296/640/296
vt 0.468029 0.173349
f 288/650/288 280/1003/280 287/1006/287
f 284/646/284 283/633/283 282/998/282
vt 0.412744 0.200781
f 791/1007/791 612/631/612 283/633/283
vt 0.420047 0.206528
f 793/1008/793 283/633/283 285/645/285
vt 0.402535 0.199600
f 795/1009/795 612/631/612 791/1007/791
vt 0.475773 0.174330
f 290/651/290 287/1006/287 296/1010/296
f 290/651/290 288/650/288 287/1006/287
vt 0.763877 0.872082
f 291/1002/291 286/636/286 293/1011/293
f 293/1011/293 286/636/286 292/644/292
vt 0.779669 0.869047
f 299/1012/299 291/1002/291 293/1011/293
f 302/1005/302 281/1001/281 291/1002/291
vt 0.767514 0.864792
f 298/1013/298 293/1011/293 292/644/292
vt 0.474628 0.189238
f 294/1014/294 290/651/290 296/1010/296
f 304/660/304 166/642/166 289/641/289
vt 0.824238 0.893545
f 304/660/304 302/1005/302 311/1015/311
f 304/660/304 289/641/289 302/1005/302
f 298/1013/298 292/644/292 295/664/295
vt 0.479088 0.181633
f 300/1016/300 294/1014/294 296/1010/296
f 299/1012/299 293/1011/293 298/1013/298
f 309/706/309 291/1002/291 299/1012/299
f 309/706/309 302/1005/302 291/1002/291
f 303/668/303 298/1013/298 295/664/295
f 300/659/300 296/640/296 166/642/166
vt 0.775062 0.862167
f 301/1017/301 298/1013/298 303/668/303
vt 0.096292 0.530680
f 618/716/618 303/1018/303 297/684/297
f 301/1017/301 299/1012/299 298/1013/298
vt 0.785551 0.863930
f 305/1019/305 299/1012/299 301/1017/301
vt 0.099725 0.532658
f 306/715/306 301/1020/301 303/1018/303
vt 0.780628 0.861779
f 306/1021/306 305/1019/305 301/1017/301
f 309/706/309 299/1012/299 305/1019/305
vt 0.810037 0.875113
f 312/1022/312 302/1005/302 309/706/309
f 306/715/306 303/1018/303 618/716/618
vt 0.785309 0.861615
f 307/1023/307 305/1019/305 306/1021/306
f 308/707/308 309/706/309 305/1019/305
f 311/1015/311 302/1005/302 312/1022/312
vt 0.112126 0.533950
f 308/719/308 305/1024/305 307/717/307
vt 0.804842 0.867462
f 981/1025/981 309/706/309 184/705/184
f 315/685/315 304/660/304 311/1015/311
f 981/1025/981 312/1022/312 309/706/309
vt 0.832630 0.933142
f 318/1026/318 300/659/300 315/685/315
f 310/674/310 300/659/300 318/1026/318
f 979/728/979 981/1025/981 184/705/184
f 321/734/321 310/674/310 318/1026/318
vt 0.804852 0.863441
f 980/1027/980 981/1025/981 979/728/979
vt 0.812880 0.868474
f 314/1028/314 312/1022/312 981/1025/981
vt 0.809421 0.863757
f 314/1028/314 981/1025/981 983/1029/983
vt 0.851178 0.908369
f 320/1030/320 315/685/315 311/1015/311
vt 0.813436 0.865410
f 313/1031/313 314/1028/314 983/1029/983
vt 0.830217 0.876094
f 317/1032/317 311/1015/311 312/1022/312
vt 0.837237 0.890713
f 317/1032/317 323/1033/323 311/1015/311
vt 0.827505 0.867706
f 316/1034/316 312/1022/312 314/1028/314
vt 0.817196 0.866195
f 987/1035/987 314/1028/314 313/1031/313
f 320/1030/320 311/1015/311 323/1033/323
vt 0.846509 0.925892
f 328/1036/328 315/685/315 320/1030/320
f 328/1036/328 318/1026/318 315/685/315
vt 0.518978 0.213295
vt 0.516240 0.195252
f 831/1037/831 806/720/806 321/1038/321
f 316/1034/316 314/1028/314 987/1035/987
f 317/1032/317 312/1022/312 316/1034/316
vt 0.485855 0.240795
vt 0.481650 0.260057
vt 0.462800 0.245844
f 821/1039/821 839/1040/839 823/1041/823
vt 0.830924 0.870423
f 319/1042/319 317/1032/317 316/1034/316
vt 0.839475 0.939697
vt 0.848856 0.936568
f 321/1043/321 318/1026/318 327/1044/327
vt 0.533645 0.207252
f 331/1045/331 831/1037/831 321/1038/321
f 327/1044/327 318/1026/318 328/1036/328
vt 0.499068 0.252430
vt 0.504141 0.226913
f 854/1046/854 821/1039/821 825/1047/825
vt 0.830774 0.868221
f 322/1048/322 319/1042/319 316/1034/316
vt 0.160162 0.546252
vt 0.159313 0.548944
vt 0.153747 0.545509
f 993/1049/993 322/1050/322 316/1051/316
vt 0.516848 0.240800
f 831/1037/831 336/1052/336 825/1047/825
f 854/1046/854 825/1047/825 336/1052/336
vt 0.837789 0.870836
f 324/1053/324 317/1032/317 319/1042/319
vt 0.847142 0.882715
f 325/1054/325 323/1033/323 317/1032/317
f 839/1040/839 821/1039/821 854/1046/854
vt 0.834739 0.869904
f 324/1053/324 319/1042/319 322/1055/322
vt 0.843708 0.873893
f 324/1053/324 329/1056/329 317/1032/317
vt 0.530560 0.195904
f 331/1045/331 321/1038/321 327/1057/327
vt 0.165462 0.551376
f 326/1058/326 322/1050/322 993/1049/993
f 329/1056/329 325/1054/325 317/1032/317
vt 0.852112 0.890427
f 332/1059/332 323/1033/323 325/1054/325
vt 0.854793 0.896100
f 332/1059/332 330/1060/330 323/1033/323
f 330/1060/330 320/1030/320 323/1033/323
vt 0.537391 0.221622
f 338/1061/338 336/1052/336 831/1037/831
vt 0.164211 0.552205
f 324/1062/324 322/1050/322 326/1058/326
vt 0.768421 0.179072
vt 0.764651 0.178976
vt 0.766553 0.176158
f 337/1063/337 332/1064/332 325/1065/325
vt 0.857675 0.934691
f 434/1066/434 327/1044/327 328/1036/328
vt 0.170174 0.552446
f 995/1067/995 326/1058/326 993/1049/993
vt 0.848390 0.878728
f 334/1068/334 325/1054/325 329/1056/329
vt 0.850128 0.882690
f 337/1069/337 325/1054/325 334/1068/334
vt 0.540642 0.198763
f 331/1045/331 327/1057/327 434/1070/434
vt 0.843503 0.869430
vt 0.839069 0.868886
f 995/1071/995 324/1053/324 326/1072/326
f 329/1056/329 324/1053/324 995/1071/995
vt 0.860065 0.902618
f 320/1030/320 330/1060/330 435/1073/435
f 338/1061/338 831/1037/831 331/1045/331
vt 0.536529 0.241412
f 340/1074/340 336/1052/336 338/1061/338
vt 0.845277 0.871520
f 333/1075/333 329/1056/329 995/1071/995
vt 0.773944 0.166870
vt 0.770524 0.166507
vt 0.772328 0.163032
f 334/1076/334 329/1077/329 333/1078/333
f 434/1066/434 328/1036/328 320/1030/320
vt 0.178318 0.557560
vt 0.173402 0.555721
f 1000/1079/1000 333/1080/333 995/1067/995
vt 0.764110 0.183586
vt 0.768820 0.190301
vt 0.762676 0.187595
f 332/1081/332 435/1082/435 330/1083/330
vt 0.864104 0.929685
f 436/1084/436 434/1066/434 320/1030/320
vt 0.781303 0.170384
f 337/1063/337 334/1076/334 339/1085/339
f 435/1082/435 332/1081/332 337/1063/337
vt 0.864781 0.916647
f 436/1084/436 320/1030/320 335/1086/335
vt 0.777203 0.161408
f 1000/1087/1000 334/1076/334 333/1078/333
vt 0.550525 0.211784
f 338/1061/338 331/1045/331 437/1088/437
vt 0.513851 0.272857
f 854/1046/854 336/1052/336 1742/1089/1742
vt 0.783105 0.165682
f 1004/1090/1004 339/1085/339 334/1076/334
f 1004/1090/1004 334/1076/334 1000/1087/1000
vt 0.789989 0.169498
f 1008/1091/1008 339/1085/339 1004/1090/1004
vt 0.790497 0.166326
f 1010/1092/1010 1008/1091/1008 1004/1090/1004
vt 0.782378 0.185150
f 440/1093/440 339/1085/339 1008/1091/1008
vt 0.550199 0.233371
f 1013/1094/1013 338/1061/338 437/1088/437
f 1013/1094/1013 340/1074/340 338/1061/338
vt 0.798964 0.172283
f 440/1093/440 1008/1091/1008 1019/1095/1019
vt 0.773390 0.255339
vt 0.776181 0.247431
vt 0.781277 0.257042
f 1013/1096/1013 438/1097/438 1036/1098/1036
vt 0.848801 0.638593
vt 0.839312 0.646203
vt 0.837734 0.645588
f 1028/1099/1028 1019/1100/1019 1018/1101/1018
vt 0.801963 0.183640
vt 0.805360 0.174689
f 482/1102/482 1019/1095/1019 341/1103/341
vt 0.789552 0.191903
f 482/1102/482 443/1104/443 440/1093/440
vt 0.846730 0.644826
vt 0.857627 0.640720
f 341/1105/341 1019/1100/1019 483/1106/483
vt 0.807248 0.193130
f 485/1107/485 443/1104/443 482/1102/482
vt 0.828995 0.190433
vt 0.825482 0.184212
f 492/1108/492 485/1107/485 490/1109/490
vt 0.817969 0.229782
vt 0.816299 0.203080
vt 0.828909 0.207618
f 1076/1110/1076 489/1111/489 491/1112/491
vt 0.255490 0.480894
vt 0.199344 0.502169
vt 0.192077 0.480805
f 932/1113/932 894/1114/894 1047/1115/1047
vt 0.600537 0.308671
vt 0.601190 0.313474
vt 0.599090 0.310458
f 342/1116/342 1075/1117/1075 1080/1118/1080
vt 0.603522 0.312132
f 342/1116/342 1073/1119/1073 1075/1117/1075
vt 0.602641 0.308478
f 342/1116/342 1084/1120/1084 1073/1119/1073
vt 0.681773 0.341359
vt 0.685164 0.345949
vt 0.681582 0.350249
f 1096/1121/1096 1080/1122/1080 1078/1123/1078
vt 0.685488 0.339373
vt 0.687771 0.344320
f 343/1124/343 342/1125/342 1080/1122/1080
vt 0.135797 0.422207
vt 0.124248 0.432074
vt 0.123794 0.420821
f 346/1126/346 926/1127/926 345/1128/345
f 343/1124/343 1080/1122/1080 1096/1121/1096
vt 0.147608 0.434098
f 1091/1129/1091 926/1127/926 346/1126/346
vt 0.199994 0.422795
vt 0.206906 0.434227
vt 0.199681 0.429367
f 933/1130/933 1100/1131/1100 343/1132/343
vt 0.681309 0.333981
f 344/1133/344 343/1124/343 1096/1121/1096
vt 0.673153 0.338691
f 1102/1134/1102 344/1133/344 1096/1121/1096
vt 0.682872 0.334003
f 933/1135/933 343/1124/343 344/1133/344
vt 0.117719 0.415630
vt 0.113371 0.423239
f 354/1136/354 345/1128/345 930/1137/930
vt 0.130556 0.418470
f 350/1138/350 346/1126/346 345/1128/345
vt 0.148336 0.424562
f 346/1126/346 347/1139/347 1091/1129/1091
vt 0.538486 0.567859
vt 0.523221 0.569507
vt 0.521912 0.564067
f 350/1140/350 345/1141/345 354/1142/354
vt 0.681306 0.329782
vt 0.678781 0.329603
f 353/1143/353 344/1133/344 351/1144/351
vt 0.196602 0.417145
vt 0.197684 0.422690
f 353/1145/353 933/1130/933 344/1146/344
vt 0.114784 0.416013
vt 0.111254 0.415767
f 354/1147/354 930/1137/930 935/1148/935
f 351/1144/351 344/1133/344 1102/1134/1102
vt 0.157393 0.419802
vt 0.163554 0.426592
f 355/1149/355 348/1150/348 347/1139/347
vt 0.513686 0.553854
vt 0.505191 0.564582
f 356/1151/356 354/1142/354 935/1152/935
vt 0.145570 0.418452
f 350/1153/350 347/1139/347 346/1126/346
f 355/1149/355 347/1139/347 350/1153/350
vt 0.663525 0.329308
f 351/1144/351 1102/1134/1102 455/1154/455
vt 0.678382 0.324222
f 359/1155/359 353/1143/353 351/1144/351
vt 0.548003 0.557870
f 372/1156/372 350/1140/350 354/1142/354
vt 0.170669 0.418433
f 360/1157/360 348/1150/348 355/1149/355
vt 0.176193 0.423908
f 1101/1158/1101 348/1150/348 360/1157/360
vt 0.206522 0.414352
vt 0.213630 0.423832
f 364/1159/364 1114/1160/1114 933/1130/933
vt 0.259692 0.452992
vt 0.233715 0.450027
vt 0.246879 0.439371
f 942/1161/942 1085/1162/1085 943/1163/943
f 356/1151/356 935/1152/935 934/946/934
f 372/1156/372 354/1142/354 356/1151/356
vt 0.181250 0.420195
vt 0.175077 0.419287
f 362/1164/362 1101/1158/1101 360/1165/360
vt 0.189939 0.425491
vt 0.180093 0.436861
f 366/1166/366 1103/1167/1103 1101/1158/1101
vt 0.198965 0.412666
f 364/1168/364 933/1130/933 353/1145/353
vt 0.274325 0.468609
vt 0.256048 0.465589
f 942/1161/942 945/1169/945 352/1170/352
f 945/1169/945 932/1113/932 352/1170/352
f 366/1166/366 1101/1158/1101 362/1164/362
vt 0.659855 0.337658
vt 0.658889 0.345521
vt 0.655795 0.338639
f 357/1171/357 349/1172/349 370/1173/370
vt 0.675090 0.320936
f 456/1174/456 351/1144/351 455/1154/455
vt 0.676768 0.321764
f 358/1175/358 351/1144/351 456/1174/456
f 358/1175/358 359/1155/359 351/1144/351
vt 0.592706 0.521065
vt 0.592858 0.524343
vt 0.591404 0.522476
f 363/1176/363 353/1177/353 359/1178/359
vt 0.196304 0.412822
f 364/1168/364 353/1145/353 363/1179/363
vt 0.614567 0.519584
vt 0.605459 0.522701
vt 0.596677 0.518397
f 361/1180/361 1114/1181/1114 364/1182/364
vt 0.563699 0.569157
f 355/1183/355 350/1140/350 372/1156/372
vt 0.493641 0.544988
f 356/1151/356 934/946/934 2071/1184/2071
vt 0.538241 0.544853
f 374/1185/374 372/1156/372 356/1151/356
vt 0.651167 0.343031
vt 0.651983 0.352506
f 368/1186/368 349/1172/349 454/1187/454
f 368/1186/368 370/1173/370 349/1172/349
vt 0.588717 0.519616
f 363/1176/363 359/1178/359 358/1188/358
vt 0.570472 0.557610
vt 0.574695 0.566598
f 365/1189/365 360/1190/360 355/1183/355
vt 0.587413 0.557038
f 376/1191/376 360/1190/360 365/1189/365
vt 0.658058 0.332449
vt 0.661945 0.328503
f 373/1192/373 455/1193/455 357/1171/357
vt 0.585297 0.509514
f 364/1182/364 363/1176/363 384/1194/384
vt 0.612674 0.507424
f 2091/1195/2091 361/1180/361 364/1182/364
f 371/952/371 2071/1184/2071 2067/953/2067
f 365/1189/365 355/1183/355 372/1156/372
vt 0.570473 0.549397
f 2080/1196/2080 376/1191/376 365/1189/365
vt 0.584277 0.567214
f 362/1197/362 360/1190/360 376/1191/376
vt 0.590058 0.568194
f 376/1191/376 366/1198/366 362/1197/362
vt 0.586827 0.517124
f 384/1194/384 358/1188/358 456/1199/456
f 384/1194/384 363/1176/363 358/1188/358
f 2091/1195/2091 364/1182/364 384/1194/384
vt 0.228723 0.419290
vt 0.232715 0.423397
vt 0.217087 0.414711
f 380/1200/380 941/1201/941 361/1202/361
vt 0.643518 0.356481
vt 0.647441 0.359295
vt 0.644547 0.360675
f 369/1203/369 1116/1204/1116 367/1205/367
vt 0.646762 0.350582
f 369/1203/369 2073/1206/2073 1116/1204/1116
vt 0.655399 0.333594
f 373/1207/373 357/1171/357 370/1173/370
vt 0.635985 0.521209
f 380/1208/380 361/1180/361 2091/1195/2091
vt 0.253886 0.430416
vt 0.239783 0.423312
f 381/1209/381 943/1163/943 938/1210/938
vt 0.266637 0.441882
f 379/1211/379 942/1161/942 943/1163/943
f 2080/1196/2080 365/1189/365 372/1156/372
vt 0.594777 0.565147
f 1122/1212/1122 366/1198/366 376/1191/376
vt 0.595032 0.558003
vt 0.596635 0.561028
f 369/1213/369 367/1214/367 1122/1212/1122
vt 0.583726 0.513069
f 2079/1215/2079 384/1194/384 456/1199/456
vt 0.636253 0.523962
vt 0.631566 0.524927
f 380/1208/380 938/1216/938 941/1217/941
f 371/952/371 356/1151/356 2071/1184/2071
f 369/1213/369 1122/1212/1122 376/1191/376
vt 0.653720 0.334615
f 377/1218/377 373/1207/373 370/1173/370
vt 0.650438 0.528586
vt 0.641953 0.527668
f 381/1219/381 938/1220/938 380/1208/380
f 379/1211/379 943/1163/943 381/1209/381
vt 0.277903 0.450573
f 386/1221/386 945/1169/945 942/1161/942
f 374/1185/374 356/1151/356 371/952/371
vt 0.589646 0.549218
f 376/1191/376 2075/1222/2075 369/1213/369
vt 0.652377 0.335237
f 375/1223/375 377/1218/377 370/1173/370
vt 0.578932 0.520816
vt 0.581517 0.526209
vt 0.578941 0.529816
f 378/1224/378 455/1225/455 373/1226/373
vt 0.663854 0.318367
vt 0.660549 0.325332
f 383/1227/383 455/1154/455 378/1228/378
f 2080/1196/2080 372/1156/372 374/1185/374
vt 0.331539 0.329919
vt 0.333097 0.324291
vt 0.337630 0.325236
f 375/1229/375 370/1230/370 2081/1231/2081
vt 0.575823 0.529631
f 378/1224/378 373/1226/373 377/1232/377
f 392/974/392 374/1185/374 371/952/371
vt 0.581864 0.543042
f 2083/1233/2083 376/1191/376 2080/1196/2080
vt 0.673287 0.312041
f 2086/1234/2086 455/1154/455 383/1227/383
vt 0.674587 0.316328
f 2086/1234/2086 2079/1235/2079 455/1154/455
f 386/1221/386 942/1161/942 379/1211/379
vt 0.291870 0.469956
f 385/1236/385 945/1169/945 386/1221/386
vt 0.539585 0.530256
f 388/1237/388 374/1185/374 392/974/392
vt 0.569422 0.512695
f 382/1238/382 378/1224/378 377/1232/377
f 388/1237/388 2080/1196/2080 374/1185/374
vt 0.567827 0.525330
f 2089/1239/2089 382/1238/382 377/1232/377
vt 0.575091 0.512590
f 383/1240/383 378/1224/378 382/1238/382
vt 0.596554 0.481855
f 2091/1195/2091 384/1194/384 2105/1241/2105
vt 0.650682 0.510085
f 391/1242/391 380/1208/380 2091/1195/2091
f 381/1219/381 380/1208/380 391/1242/391
vt 0.555562 0.531837
f 2096/1243/2096 2080/1196/2080 388/1237/388
vt 0.310768 0.504525
vt 0.297431 0.509546
vt 0.287727 0.488662
f 389/1244/389 1131/1245/1131 947/1246/947
vt 0.666108 0.312345
f 387/1247/387 2086/1234/2086 383/1227/383
vt 0.672187 0.309256
f 2090/1248/2090 2086/1234/2086 387/1247/387
vt 0.271812 0.430734
f 379/1211/379 381/1209/381 390/1249/390
vt 0.570277 0.506781
f 387/1250/387 383/1240/383 382/1238/382
vt 0.568208 0.495840
f 2105/1241/2105 384/1194/384 398/1251/398
vt 0.300959 0.461235
f 385/1236/385 386/1221/386 394/1252/394
vt 0.668304 0.522299
f 391/1242/391 390/1253/390 381/1219/381
vt 0.553876 0.520149
f 2106/1254/2106 382/1238/382 2089/1239/2089
vt 0.562006 0.501191
f 2104/1255/2104 387/1250/387 382/1238/382
vt 0.671152 0.307774
f 2100/1256/2100 2090/1248/2090 387/1247/387
vt 0.584717 0.468843
f 403/1257/403 2105/1241/2105 398/1251/398
vt 0.666795 0.309438
f 2100/1256/2100 387/1247/387 2104/1258/2104
vt 0.291320 0.441491
f 400/1259/400 386/1221/386 379/1211/379
f 394/1252/394 386/1221/386 400/1259/400
vt 0.508487 0.506227
vt 0.491574 0.503780
f 396/1260/396 2088/957/2088 2101/1261/2101
vt 0.552485 0.505516
f 397/1262/397 382/1238/382 2106/1254/2106
f 400/1259/400 379/1211/379 390/1249/390
vt 0.304148 0.453414
f 459/1263/459 394/1252/394 400/1259/400
vt 0.318119 0.537351
f 1146/1264/1146 1131/1245/1131 389/1244/389
vt 0.505467 0.486157
f 396/1260/396 2101/1261/2101 2122/1265/2122
f 392/974/392 2088/957/2088 396/1260/396
vt 0.567929 0.500226
vt 0.553311 0.490814
f 2100/1266/2100 2104/1255/2104 2108/1267/2108
vt 0.674576 0.512075
f 404/1268/404 390/1253/390 391/1242/391
vt 0.530702 0.511976
f 401/1269/401 388/1237/388 392/974/392
f 2108/1267/2108 398/1251/398 2100/1266/2100
vt 0.686478 0.526500
vt 0.680716 0.525622
f 400/1270/400 390/1271/390 404/1268/404
vt 0.314153 0.494006
vt 0.318088 0.476284
f 395/1272/395 385/1236/385 460/1273/460
f 2104/1255/2104 382/1238/382 397/1262/397
f 460/1273/460 385/1236/385 394/1252/394
f 396/1260/396 401/1269/401 392/974/392
vt 0.613537 0.469910
f 403/1257/403 2107/1274/2107 2105/1241/2105
vt 0.662115 0.486435
f 404/1268/404 391/1242/391 399/1275/399
vt 0.537572 0.500751
f 406/1276/406 397/1262/397 2106/1254/2106
vt 0.546774 0.493128
f 402/1277/402 2104/1255/2104 397/1262/397
vt 0.324256 0.504333
f 405/1278/405 389/1244/389 395/1272/395
f 402/1277/402 2108/1267/2108 2104/1255/2104
vt 0.690920 0.505139
f 407/1279/407 400/1270/400 404/1268/404
vt 0.328060 0.528632
f 405/1278/405 1151/1280/1151 389/1244/389
vt 0.501332 0.469676
f 408/1281/408 393/968/393 2116/975/2116
vt 0.497893 0.473745
f 2118/1282/2118 393/968/393 408/1281/408
vt 0.485886 0.476814
f 2114/1283/2114 393/968/393 2118/1282/2118
vt 0.557305 0.457211
f 2138/1284/2138 403/1257/403 398/1251/398
vt 0.698685 0.525186
f 461/1285/461 400/1270/400 407/1279/407
vt 0.304257 0.445729
f 461/1286/461 459/1263/459 400/1259/400
vt 0.333379 0.524173
f 1152/1287/1152 1151/1280/1151 405/1278/405
f 406/1276/406 396/1260/396 2122/1265/2122
f 406/1276/406 2106/1254/2106 401/1269/401
vt 0.601604 0.453067
f 409/1288/409 2107/1274/2107 403/1257/403
vt 0.642145 0.471184
vt 0.633843 0.485784
f 2121/1289/2121 2098/1290/2098 2107/1274/2107
f 402/1277/402 397/1262/397 406/1276/406
vt 0.311220 0.450646
f 1161/1291/1161 459/1263/459 461/1286/461
f 460/1273/460 394/1252/394 459/1263/459
vt 0.327686 0.488374
f 462/1292/462 395/1272/395 460/1273/460
f 462/1292/462 405/1278/405 395/1272/395
vt 0.576946 0.448754
f 409/1288/409 403/1257/403 412/1293/412
f 406/1276/406 401/1269/401 396/1260/396
vt 0.529760 0.488043
f 2126/1294/2126 402/1277/402 406/1276/406
vt 0.335178 0.506350
f 464/1295/464 1152/1287/1152 405/1278/405
f 2126/1294/2126 2108/1267/2108 402/1277/402
vt 0.638237 0.452566
f 2143/1296/2143 2121/1289/2121 2107/1274/2107
f 407/1279/407 404/1268/404 399/1275/399
vt 0.321124 0.467697
f 465/1297/465 460/1273/460 459/1263/459
vt 0.501537 0.443456
f 408/1281/408 2116/975/2116 2137/1298/2137
vt 0.537891 0.483901
f 2127/1299/2127 2108/1267/2108 2126/1294/2126
vt 0.543975 0.480905
f 2138/1284/2138 398/1251/398 2120/1300/2120
f 2143/1296/2143 2107/1274/2107 409/1288/409
vt 0.339983 0.516101
vt 0.340400 0.540888
f 463/1301/463 1153/1302/1153 1152/1287/1152
f 412/1293/412 403/1257/403 2138/1284/2138
vt 0.607507 0.441187
f 413/1303/413 2143/1296/2143 409/1288/409
vt 0.338338 0.580130
vt 0.331937 0.577439
vt 0.339134 0.566548
f 410/1304/410 957/1305/957 1899/1306/1899
vt 0.518123 0.474995
f 411/1307/411 2118/1282/2118 408/1281/408
f 411/1307/411 2120/1300/2120 2127/1299/2127
vt 0.334352 0.583883
f 410/1304/410 959/1308/959 957/1305/957
vt 0.236753 0.741829
vt 0.234349 0.752992
vt 0.220199 0.740410
f 466/1309/466 464/1310/464 462/1311/462
vt 0.531824 0.456718
f 411/1307/411 414/1312/414 2120/1300/2120
f 2138/1284/2138 2120/1300/2120 414/1312/414
f 414/1312/414 408/1281/408 2137/1298/2137
f 413/1303/413 409/1288/409 412/1293/412
vt 0.692892 0.490351
vt 0.681583 0.475891
f 1162/1313/1162 407/1279/407 415/1314/415
f 411/1307/411 408/1281/408 414/1312/414
vt 0.625903 0.432420
f 2151/1315/2151 2143/1296/2143 413/1303/413
vt 0.575377 0.428382
f 413/1303/413 412/1293/412 2147/1316/2147
vt 0.691797 0.484068
f 416/1317/416 1162/1313/1162 415/1314/415
vt 0.267347 0.756365
vt 0.277656 0.785294
vt 0.256987 0.762501
f 1166/1318/1166 1921/1319/1921 1163/1320/1163
vt 0.289890 0.779327
f 468/1321/468 1921/1319/1921 1166/1318/1166
vt 0.535480 0.435832
f 2156/1322/2156 2138/1284/2138 414/1312/414
vt 0.209909 0.670039
vt 0.190733 0.674731
vt 0.191714 0.657842
f 1172/1323/1172 1162/1324/1162 416/1325/416
vt 0.586522 0.418586
f 2147/1316/2147 2157/1326/2157 413/1303/413
vt 0.191078 0.639799
vt 0.184831 0.653120
f 2152/1327/2152 416/1325/416 415/1328/415
vt 0.603889 0.421903
f 2150/1329/2150 413/1303/413 2157/1326/2157
vt 0.215530 0.649384
f 417/1330/417 1172/1323/1172 416/1325/416
vt 0.206809 0.631280
f 419/1331/419 416/1325/416 2152/1327/2152
f 417/1330/417 416/1325/416 419/1331/419
vt 0.277628 0.740405
vt 0.251152 0.720966
f 1173/1332/1173 1166/1318/1166 1165/1333/1165
vt 0.195271 0.625912
f 419/1331/419 2152/1327/2152 2167/1334/2167
vt 0.873213 0.479197
vt 0.854433 0.492612
vt 0.863617 0.481328
f 1722/1335/1722 1945/1336/1945 1961/1337/1961
vt 0.237987 0.675638
f 1178/1338/1178 1172/1323/1172 417/1330/417
vt 0.225685 0.624325
f 420/1339/420 417/1330/417 419/1331/419
vt 0.248801 0.652725
f 423/1340/423 1178/1338/1178 417/1330/417
vt 0.231609 0.640139
f 421/1341/421 417/1330/417 420/1339/420
f 423/1340/423 417/1330/417 421/1341/421
vt 0.366640 0.232042
vt 0.368849 0.237891
vt 0.360875 0.259429
f 2170/1342/2170 474/1343/474 2166/1344/2166
vt 0.210273 0.617107
vt 0.225561 0.614532
f 419/1331/419 473/1345/473 2171/1346/2171
vt 0.271742 0.675019
f 422/1347/422 1178/1338/1178 423/1340/423
f 420/1339/420 419/1331/419 2171/1346/2171
vt 0.369038 0.772600
vt 0.359782 0.784764
vt 0.350987 0.786285
f 475/1348/475 1722/1349/1722 1961/1350/1961
vt 0.365433 0.216785
vt 0.374063 0.215934
f 2173/1351/2173 473/1352/473 2170/1342/2170
vt 0.372896 0.202747
f 2171/1353/2171 473/1352/473 2173/1351/2173
vt 0.252873 0.624373
f 426/1354/426 421/1341/421 420/1339/420
vt 0.239851 0.613393
f 424/1355/424 420/1339/420 2171/1346/2171
vt 0.372268 0.180915
vt 0.364805 0.194151
f 424/1356/424 2171/1353/2171 2175/1357/2175
f 423/1340/423 421/1341/421 426/1354/426
f 424/1355/424 426/1354/426 420/1339/420
vt 0.275367 0.637406
vt 0.274419 0.654937
f 425/1358/425 476/1359/476 423/1340/423
f 425/1358/425 423/1340/423 426/1354/426
vt 0.258681 0.614024
f 427/1360/427 426/1354/426 424/1355/424
vt 0.371058 0.159372
vt 0.363245 0.168852
f 427/1361/427 424/1356/424 2273/1362/2273
vt 0.273155 0.615118
f 428/1363/428 426/1354/426 427/1360/427
vt 0.299384 0.636897
f 432/1364/432 476/1359/476 425/1358/425
vt 0.316153 0.655171
f 430/1365/430 476/1359/476 432/1364/432
f 430/1365/430 422/1347/422 476/1359/476
vt 0.358678 0.134929
f 481/1366/481 427/1361/427 2273/1362/2273
vt 0.368079 0.142870
f 428/1367/428 427/1361/427 481/1366/481
vt 0.286237 0.622493
f 429/1368/429 426/1354/426 428/1363/428
f 426/1354/426 429/1368/429 425/1358/425
f 432/1364/432 425/1358/425 429/1368/429
vt 0.289868 0.615090
f 431/1369/431 429/1368/429 428/1363/428
vt 0.315100 0.626594
f 572/1370/572 432/1364/432 429/1368/429
vt 0.341068 0.643572
vt 0.337706 0.677668
f 579/1371/579 1207/1372/1207 430/1365/430
vt 0.310859 0.616714
f 433/1373/433 572/1370/572 429/1368/429
vt 0.364197 0.672210
f 2030/1374/2030 1207/1372/1207 579/1371/579
vt 0.325032 0.617028
f 592/1375/592 572/1370/572 433/1373/433
vt 0.359954 0.647669
f 2030/1374/2030 579/1371/579 2035/1376/2035
f 491/1112/491 489/1111/489 492/1108/492
f 399/1275/399 391/1242/391 2098/1290/2098
f 490/1109/490 485/1107/485 482/1102/482
f 335/1086/335 320/1030/320 435/1073/435
f 437/1088/437 331/1045/331 434/1070/434
vt 0.547923 0.201606
f 437/1088/437 434/1070/434 436/1377/436
f 339/1085/339 440/1093/440 337/1063/337
f 440/1093/440 435/1082/435 337/1063/337
vt 0.775696 0.202107
vt 0.765555 0.209247
f 439/1378/439 335/1379/335 435/1082/435
vt 0.772795 0.222176
vt 0.766576 0.237352
vt 0.762975 0.222219
f 442/1380/442 437/1381/437 436/1382/436
f 442/1380/442 436/1382/436 335/1379/335
f 439/1378/439 435/1082/435 440/1093/440
f 438/1097/438 437/1381/437 442/1380/442
f 442/1380/442 335/1379/335 439/1378/439
vt 0.783977 0.216771
f 442/1380/442 439/1378/439 441/1383/441
vt 0.552280 0.229102
f 438/1384/438 1013/1094/1013 437/1088/437
f 443/1104/443 439/1378/439 440/1093/440
f 482/1102/482 440/1093/440 1019/1095/1019
f 441/1383/441 439/1378/439 443/1104/443
vt 0.789352 0.242719
f 1052/1385/1052 438/1097/438 442/1380/442
vt 0.797728 0.207141
f 487/1386/487 441/1383/441 443/1104/443
f 1052/1385/1052 442/1380/442 441/1383/441
f 485/1107/485 487/1386/487 443/1104/443
vt 0.639542 0.247629
vt 0.637283 0.237645
vt 0.649804 0.231085
f 1025/1387/1025 1037/1388/1037 445/1389/445
vt 0.803459 0.232117
f 1052/1385/1052 441/1383/441 444/1390/444
f 444/1390/444 441/1383/441 487/1386/487
vt 0.659813 0.252721
vt 0.648253 0.262714
f 447/1391/447 1758/1392/1758 1025/1387/1025
vt 0.665532 0.274042
f 1766/1393/1766 1758/1392/1758 447/1391/447
f 485/1107/485 489/1111/489 487/1386/487
f 447/1391/447 1025/1387/1025 445/1389/445
f 1076/1110/1076 444/1390/444 487/1386/487
vt 0.670663 0.235083
f 446/1394/446 447/1391/447 445/1389/445
vt 0.648222 0.175395
vt 0.661186 0.187059
vt 0.636573 0.185295
f 1074/1395/1074 450/1396/450 1056/1397/1056
vt 0.669429 0.214451
vt 0.644484 0.210045
f 448/1398/448 445/1389/445 1057/1399/1057
f 450/1396/450 448/1398/448 1057/1399/1057
vt 0.659668 0.173357
f 449/1400/449 450/1396/450 1074/1395/1074
f 446/1394/446 445/1389/445 448/1398/448
vt 0.672501 0.197033
f 451/1401/451 448/1398/448 450/1396/450
vt 0.692448 0.250883
f 1793/1402/1793 447/1391/447 446/1394/446
vt 0.674628 0.172543
f 450/1396/450 449/1400/449 1098/1403/1098
vt 0.689564 0.222598
f 1812/1404/1812 446/1394/446 448/1398/448
f 1793/1402/1793 446/1394/446 1812/1404/1812
f 451/1401/451 450/1396/450 1098/1403/1098
vt 0.692394 0.186055
f 1828/1405/1828 448/1398/448 451/1401/451
f 451/1401/451 1098/1403/1098 1828/1405/1828
vt 0.658521 0.350389
vt 0.666982 0.353227
vt 0.661144 0.357627
f 453/1406/453 1803/1407/1803 452/1408/452
vt 0.663526 0.351065
f 453/1406/453 1110/1409/1110 1803/1407/1803
f 1828/1405/1828 1812/1404/1812 448/1398/448
vt 0.657660 0.360850
f 452/1408/452 1109/1410/1109 454/1187/454
f 454/1187/454 453/1406/453 452/1408/452
vt 0.665999 0.340761
f 455/1154/455 1102/1134/1102 1106/1411/1106
vt 0.705732 0.208962
f 457/1412/457 1812/1404/1812 1828/1405/1828
vt 0.694839 0.165710
f 497/1413/497 1828/1405/1828 1098/1403/1098
f 357/1171/357 1106/1411/1106 349/1172/349
f 455/1154/455 1106/1411/1106 357/1171/357
f 1116/1204/1116 454/1187/454 1109/1410/1109
vt 0.707974 0.227459
f 1826/1414/1826 1812/1404/1812 457/1412/457
f 453/1406/453 454/1187/454 349/1172/349
vt 0.868066 0.201308
vt 0.853605 0.196316
vt 0.869039 0.180877
f 1824/1415/1824 496/1416/496 498/1417/498
f 2073/1206/2073 454/1187/454 1116/1204/1116
vt 0.861205 0.245509
vt 0.849034 0.240945
vt 0.867937 0.238944
f 497/1418/497 1820/1419/1820 500/1420/500
vt 0.889680 0.188486
f 1824/1415/1824 498/1417/498 1852/1421/1852
vt 0.706460 0.160639
vt 0.710066 0.163006
f 500/1422/500 499/1423/499 497/1413/497
f 2079/1235/2079 456/1174/456 455/1154/455
vt 0.885727 0.178156
vt 0.875608 0.169245
vt 0.885141 0.168407
f 502/1424/502 1125/1425/1125 501/1426/501
f 1852/1421/1852 498/1417/498 502/1424/502
vt 0.711753 0.184334
f 1841/1427/1841 457/1412/457 1828/1405/1828
f 1841/1427/1841 497/1413/497 499/1423/499
f 1828/1405/1828 497/1413/497 1841/1427/1841
vt 0.728958 0.207379
f 1841/1427/1841 1848/1428/1848 457/1412/457
vt 0.866735 0.225753
vt 0.881419 0.230340
f 500/1420/500 1825/1429/1825 1844/1430/1844
vt 0.728969 0.169124
vt 0.716007 0.158160
f 1856/1431/1856 499/1423/499 500/1432/500
vt 0.889951 0.162933
f 1140/1433/1140 502/1424/502 501/1426/501
vt 0.885604 0.205658
f 1847/1434/1847 1824/1415/1824 1852/1421/1852
vt 0.724504 0.157890
f 1844/1435/1844 1856/1431/1856 500/1432/500
f 1841/1427/1841 499/1423/499 1856/1431/1856
vt 0.734575 0.192066
f 1853/1436/1853 1848/1428/1848 1841/1427/1841
vt 0.736259 0.160167
f 1866/1437/1866 1856/1431/1856 1844/1435/1844
vt 0.899920 0.220322
f 458/1438/458 1844/1430/1844 1847/1434/1847
vt 0.903001 0.202973
f 1870/1439/1870 1847/1434/1847 1852/1421/1852
vt 0.413583 0.041777
vt 0.402316 0.036138
vt 0.415806 0.027866
f 510/1440/510 504/1441/504 509/1442/509
f 458/1438/458 1847/1434/1847 1870/1439/1870
vt 0.890359 0.235972
f 1866/1443/1866 1844/1430/1844 458/1438/458
vt 0.744884 0.178011
f 1853/1436/1853 1856/1431/1856 1859/1444/1859
vt 0.751921 0.168700
f 1897/1445/1897 1859/1444/1859 1866/1437/1866
vt 0.751498 0.176318
f 1890/1446/1890 1859/1444/1859 1897/1445/1897
vt 0.396210 0.071887
vt 0.386325 0.058055
vt 0.391307 0.053202
f 517/1447/517 1864/1448/1864 506/1449/506
vt 0.908607 0.213809
f 458/1438/458 1870/1439/1870 1884/1450/1884
vt 0.622193 0.047806
vt 0.617341 0.041900
vt 0.620862 0.033366
f 1891/1451/1891 1859/1452/1859 1890/1453/1890
vt 0.749173 0.194490
f 1891/1454/1891 1853/1436/1853 1859/1444/1859
vt 0.619996 0.019661
vt 0.617012 0.008964
vt 0.621599 0.005493
f 1897/1455/1897 458/1456/458 1884/1457/1884
vt 0.630628 0.009370
f 1889/1458/1889 1897/1455/1897 1884/1457/1884
vt 0.211931 0.720973
vt 0.199242 0.715567
vt 0.199841 0.706709
f 465/1459/465 459/1460/459 1161/1461/1161
f 464/1295/464 405/1278/405 462/1292/462
f 463/1301/463 1152/1287/1152 464/1295/464
vt 0.342897 0.528389
f 1160/1462/1160 1153/1302/1153 463/1301/463
vt 0.191748 0.704345
vt 0.191354 0.693716
f 1161/1461/1161 461/1463/461 1157/1464/1157
vt 0.211645 0.731545
f 462/1311/462 460/1465/460 465/1459/465
vt 0.256722 0.774235
vt 0.244591 0.765200
f 1163/1320/1163 1160/1466/1160 463/1467/463
f 463/1467/463 464/1310/464 466/1309/466
vt 0.267630 0.783512
f 1921/1319/1921 1155/1468/1155 1160/1466/1160
f 466/1309/466 462/1311/462 465/1459/465
vt 0.274662 0.786984
f 1922/1469/1922 1155/1468/1155 1921/1319/1921
f 1163/1320/1163 463/1467/463 466/1309/466
vt 0.225535 0.713796
f 467/1470/467 466/1309/466 465/1459/465
vt 0.829490 0.511137
vt 0.827315 0.521025
vt 0.813211 0.512130
f 960/1471/960 1908/1472/1908 1907/1473/1907
f 467/1470/467 465/1459/465 1161/1461/1161
vt 0.205210 0.689581
f 1164/1474/1164 467/1470/467 1161/1461/1161
vt 0.291185 0.791531
f 1929/1475/1929 1921/1319/1921 468/1321/468
vt 0.227583 0.696824
f 469/1476/469 467/1470/467 1164/1474/1164
f 1165/1333/1165 466/1309/466 467/1470/467
f 1173/1332/1173 468/1321/468 1166/1318/1166
vt 0.833380 0.499049
vt 0.831105 0.488958
f 1945/1336/1945 1939/1477/1939 530/1478/530
vt 0.304161 0.753320
f 1959/1479/1959 468/1321/468 1173/1332/1173
vt 0.308710 0.788512
f 470/1480/470 468/1321/468 1959/1479/1959
vt 0.847416 0.485140
f 471/1481/471 1945/1336/1945 530/1478/530
vt 0.246983 0.693659
f 1177/1482/1177 1165/1333/1165 467/1470/467
vt 0.329410 0.790147
vt 0.315331 0.795790
f 471/1483/471 530/1484/530 470/1480/470
vt 0.655962 0.432634
vt 0.649820 0.440465
vt 0.638515 0.426644
f 2168/1485/2168 2161/1486/2161 418/1487/418
vt 0.343887 0.762809
f 1973/1488/1973 470/1480/470 1959/1479/1959
vt 0.649221 0.428087
f 2166/1489/2166 2168/1485/2168 418/1487/418
vt 0.337708 0.795938
f 1961/1350/1961 1945/1490/1945 471/1483/471
vt 0.662292 0.432488
vt 0.668596 0.437866
f 474/1491/474 2165/1492/2165 2168/1485/2168
f 1973/1488/1973 471/1483/471 470/1480/470
f 1961/1350/1961 471/1483/471 1973/1488/1973
vt 0.197890 0.620589
f 473/1345/473 419/1331/419 2165/1493/2165
vt 0.203506 0.615636
f 474/1494/474 473/1345/473 2165/1493/2165
f 422/1347/422 1177/1482/1177 1178/1338/1178
vt 0.018549 0.874906
vt 0.011125 0.894201
vt 0.010810 0.889163
f 1185/1495/1185 1953/1496/1953 472/1497/472
f 2170/1342/2170 473/1352/473 474/1343/474
vt 0.937874 0.449317
vt 0.931613 0.458527
vt 0.925057 0.452347
f 1964/1498/1964 1185/1499/1185 1966/1500/1966
vt 0.899009 0.457972
vt 0.888925 0.473254
vt 0.886079 0.465199
f 1967/1501/1967 1725/1502/1725 475/1503/475
vt 0.314055 0.714216
vt 0.291823 0.725102
f 1979/1504/1979 1959/1479/1959 1958/1505/1958
vt 0.381684 0.764956
vt 0.375605 0.757364
f 1967/1506/1967 475/1348/475 1977/1507/1977
f 422/1347/422 423/1340/423 476/1359/476
vt 0.341283 0.738952
f 1975/1508/1975 1959/1479/1959 1979/1504/1979
vt 0.843417 0.568939
vt 0.836500 0.557682
vt 0.843247 0.559668
f 972/1509/972 535/1510/535 1984/1511/1984
vt 0.848511 0.576425
vt 0.835921 0.577221
f 477/1512/477 973/1513/973 972/1509/972
vt 0.844885 0.584866
vt 0.834941 0.584298
f 477/1512/477 1198/1514/1198 971/1515/971
f 971/1515/971 973/1513/973 477/1512/477
vt 0.850850 0.567261
f 478/1516/478 972/1509/972 1984/1511/1984
f 478/1516/478 477/1512/477 972/1509/972
vt 0.852922 0.571740
f 479/1517/479 477/1512/477 478/1516/478
vt 0.853116 0.577251
f 480/1518/480 477/1512/477 479/1517/479
vt 0.376721 0.719402
vt 0.385501 0.739891
vt 0.367180 0.739761
f 2001/1519/2001 1980/1520/1980 1985/1521/1985
vt 0.854734 0.570838
f 480/1518/480 479/1517/479 1991/1522/1991
vt 0.349855 0.157305
f 481/1366/481 2273/1362/2273 2278/1523/2278
vt 0.361682 0.126351
f 481/1366/481 431/1524/431 428/1367/428
vt 0.351622 0.700703
f 2008/1525/2008 1207/1372/1207 2030/1374/2030
vt 0.374045 0.696162
f 2015/1526/2015 2008/1525/2008 2030/1374/2030
vt 0.387794 0.675362
f 2034/1527/2034 2015/1526/2015 2030/1374/2030
vt 0.353301 0.107917
f 433/1528/433 431/1524/431 481/1366/481
f 429/1368/429 431/1369/431 433/1373/433
vt 0.342356 0.116192
f 2291/1529/2291 433/1528/433 481/1366/481
vt 0.378779 0.649709
vt 0.405021 0.656338
f 598/1530/598 595/1531/595 2034/1527/2034
vt 0.339804 0.091720
f 592/1532/592 433/1528/433 2291/1529/2291
vt 0.322798 0.087758
f 2306/1533/2306 592/1532/592 2291/1529/2291
vt 0.364112 0.627019
vt 0.340641 0.622955
f 601/1534/601 2035/1376/2035 588/1535/588
vt 0.326361 0.077142
f 2306/1533/2306 600/1536/600 592/1532/592
vt 0.311518 0.088565
vt 0.317434 0.106211
f 2310/1537/2310 2306/1533/2306 2307/1538/2307
vt 0.857472 0.636069
f 1048/1539/1048 483/1106/483 1028/1099/1028
vt 0.851852 0.644627
vt 0.849666 0.644794
f 484/1540/484 482/1541/482 341/1105/341
f 483/1106/483 484/1540/484 341/1105/341
vt 0.819196 0.179729
f 490/1109/490 482/1102/482 484/1542/484
vt 0.859497 0.643975
vt 0.868423 0.637728
f 484/1543/484 483/1106/483 488/1544/488
f 492/1108/492 489/1111/489 485/1107/485
vt 0.880439 0.633511
vt 0.867666 0.633323
f 1781/1545/1781 488/1544/488 486/1546/486
vt 0.871430 0.642570
f 490/1547/490 484/1543/484 488/1544/488
vt 0.880621 0.628351
f 1781/1545/1781 486/1546/486 1773/1548/1773
f 1076/1110/1076 487/1386/487 489/1111/489
vt 0.889038 0.637148
f 1790/1549/1790 488/1544/488 1781/1545/1781
vt 0.844675 0.184401
f 494/1550/494 492/1108/492 490/1109/490
vt 0.883512 0.641470
f 494/1551/494 490/1547/490 488/1544/488
vt 0.890814 0.639948
f 493/1552/493 488/1544/488 1790/1549/1790
f 494/1551/494 488/1544/488 493/1552/493
f 496/1416/496 491/1112/491 492/1108/492
vt 0.857316 0.181059
vt 0.850493 0.179331
f 495/1553/495 494/1550/494 493/1554/493
f 496/1416/496 492/1108/492 494/1550/494
vt 0.850403 0.217857
vt 0.835321 0.226704
f 1818/1555/1818 1808/1556/1808 491/1112/491
vt 0.906667 0.639289
f 1113/1557/1113 493/1552/493 1790/1549/1790
vt 0.909497 0.637030
f 1107/1558/1107 1113/1557/1113 1790/1549/1790
vt 0.900005 0.640028
f 495/1559/495 493/1552/493 1113/1557/1113
f 496/1416/496 494/1550/494 495/1553/495
f 1818/1555/1818 491/1112/491 496/1416/496
vt 0.867546 0.172878
f 498/1417/498 495/1553/495 1113/1560/1113
f 496/1416/496 495/1553/495 498/1417/498
vt 0.680581 0.166702
f 497/1413/497 1098/1403/1098 1095/1561/1095
f 1824/1415/1824 1818/1555/1818 496/1416/496
vt 0.885474 0.160546
f 501/1426/501 1134/1562/1134 1140/1433/1140
vt 0.899306 0.174742
f 503/1563/503 502/1424/502 1140/1433/1140
vt 0.897919 0.183287
f 1858/1564/1858 1852/1421/1852 502/1424/502
f 1858/1564/1858 502/1424/502 503/1563/503
vt 0.899178 0.168268
vt 0.894712 0.161344
f 504/1565/504 1140/1433/1140 1141/1566/1141
f 504/1565/504 503/1563/503 1140/1433/1140
vt 0.395846 0.043500
vt 0.394254 0.039384
f 504/1441/504 505/1567/505 503/1568/503
vt 0.900847 0.180626
f 1858/1564/1858 503/1563/503 505/1569/505
vt 0.389410 0.045326
f 506/1449/506 1858/1570/1858 505/1567/505
vt 0.904369 0.193622
vt 0.902685 0.185293
f 1864/1571/1864 1858/1564/1858 506/1572/506
f 510/1440/510 505/1567/505 504/1441/504
f 506/1449/506 505/1567/505 510/1440/510
vt 0.385668 0.077277
vt 0.383925 0.065206
f 1884/1573/1884 1870/1574/1870 1864/1448/1864
vt 0.473749 0.017834
f 512/1575/512 65/223/65 508/227/508
vt 0.407394 0.059425
f 516/1576/516 506/1449/506 510/1440/510
vt 0.432927 0.023627
vt 0.418860 0.021467
f 518/1577/518 509/1442/509 1150/1578/1150
f 512/1575/512 508/227/508 507/226/507
f 1657/249/1657 65/223/65 512/1575/512
f 510/1440/510 509/1442/509 518/1577/518
f 513/261/513 1657/249/1657 512/1575/512
f 517/1447/517 506/1449/506 516/1576/516
f 511/250/511 512/1575/512 507/226/507
vt 0.440073 0.046294
f 516/1576/516 510/1440/510 523/1579/523
vt 0.463072 0.014092
f 514/1580/514 513/261/513 512/1575/512
vt 0.440248 0.014902
vt 0.431294 0.017494
vt 0.432785 0.014765
f 1156/1581/1156 1874/1582/1874 1669/1583/1669
vt 0.391806 0.091033
f 1889/1584/1889 1884/1573/1884 517/1447/517
vt 0.459698 0.039561
vt 0.457353 0.022378
f 527/1585/527 522/1586/522 512/1575/512
f 515/260/515 513/261/513 514/1580/514
vt 0.453926 0.017629
f 521/1587/521 1874/1582/1874 1156/1581/1156
f 521/1587/521 518/1577/518 1874/1582/1874
vt 0.411037 0.071432
f 517/1447/517 516/1576/516 1913/1588/1913
f 511/250/511 527/1585/527 512/1575/512
vt 0.464733 0.009096
f 1678/1589/1678 515/260/515 514/1580/514
vt 0.443552 0.035093
f 526/1590/526 510/1440/510 518/1577/518
f 1703/398/1703 516/1576/516 523/1579/523
f 514/1580/514 512/1575/512 521/1587/521
vt 0.451583 0.013355
f 1687/1591/1687 521/1587/521 1156/1581/1156
vt 0.407061 0.087441
f 524/1592/524 517/1447/517 1913/1588/1913
f 522/1586/522 518/1577/518 521/1587/521
f 526/1590/526 523/1579/523 510/1440/510
f 1703/398/1703 1913/1588/1913 516/1576/516
vt 0.264482 0.974104
vt 0.270961 0.976366
vt 0.269068 0.993388
f 1920/1593/1920 519/1594/519 1900/1595/1900
f 522/1586/522 521/1587/521 512/1575/512
f 1687/1591/1687 514/1580/514 521/1587/521
f 526/1590/526 518/1577/518 522/1586/522
vt 0.482985 0.086636
f 1490/277/1490 1488/275/1488 519/1596/519
f 525/278/525 1490/277/1490 519/1596/519
vt 0.476494 0.085018
f 525/278/525 519/1596/519 1920/1597/1920
f 526/1590/526 522/1586/522 527/1585/527
f 527/1585/527 511/250/511 520/265/520
f 1938/400/1938 520/265/520 525/278/525
vt 0.440321 0.075723
f 1708/1598/1708 1913/1588/1913 1703/398/1703
f 527/1585/527 520/265/520 528/399/528
f 526/1590/526 527/1585/527 523/1579/523
f 528/399/528 1703/398/1703 523/1579/523
f 528/399/528 520/265/520 1938/400/1938
vt 0.658911 0.039515
vt 0.675599 0.028281
vt 0.678644 0.052593
f 1914/1599/1914 1928/1600/1928 1892/1601/1892
f 523/1579/523 527/1585/527 528/399/528
vt 0.422824 0.100195
vt 0.447776 0.107582
vt 0.433697 0.119365
f 1936/1602/1936 1918/1603/1918 1928/1604/1928
vt 0.658357 0.024562
f 1928/1600/1928 1914/1599/1914 1925/1605/1925
vt 0.416188 0.113248
f 1936/1602/1936 1928/1604/1928 1925/1606/1925
vt 0.145955 0.875664
vt 0.177335 0.869306
vt 0.158950 0.887471
f 1947/1607/1947 1503/1608/1503 1927/1609/1927
vt 0.872650 0.498477
vt 0.872660 0.503640
vt 0.872374 0.498345
f 532/1610/532 1169/1611/1169 531/1612/531
vt 0.163284 0.855739
f 1503/1608/1503 1947/1607/1947 1183/1613/1183
f 1958/1505/1958 1959/1479/1959 1173/1332/1173
vt 0.176956 0.855974
f 1503/1608/1503 1183/1613/1183 1182/1614/1182
vt 0.919290 0.469496
vt 0.912485 0.478610
vt 0.900206 0.477211
f 1953/1615/1953 1952/1616/1952 1955/1617/1955
vt 0.917383 0.465007
f 472/1618/472 1953/1615/1953 1955/1617/1955
vt 0.102010 0.845842
vt 0.123828 0.859724
vt 0.107376 0.873433
f 1963/1619/1963 1943/1620/1943 1950/1621/1950
vt 0.132685 0.841433
f 1960/1622/1960 1943/1620/1943 1963/1619/1963
vt 0.157149 0.836621
vt 0.150986 0.853173
f 2366/1623/2366 1954/1624/1954 1960/1622/1960
vt 0.920404 0.448116
vt 0.911405 0.452573
f 1974/1625/1974 1966/1500/1966 1970/1626/1970
vt 0.161677 0.834916
vt 0.167646 0.845673
f 1195/1627/1195 1187/1628/1187 2366/1623/2366
vt 0.825398 0.554156
vt 0.822840 0.562390
vt 0.822137 0.559968
f 1195/1629/1195 1188/1630/1188 1187/1631/1187
vt 0.461357 0.677255
vt 0.472783 0.672555
vt 0.466454 0.679042
f 1971/1632/1971 536/1633/536 1968/1634/1968
vt 0.833066 0.541242
vt 0.832461 0.545300
vt 0.830215 0.541529
f 537/1635/537 2373/1636/2373 2372/1637/2372
vt 0.470533 0.367632
vt 0.467371 0.367676
vt 0.467861 0.362517
f 538/1638/538 534/1639/534 2373/1640/2373
vt 0.157157 0.814540
vt 0.159804 0.815855
vt 0.158440 0.824808
f 2378/1641/2378 539/1642/539 2372/1643/2372
vt 0.832501 0.538716
f 537/1635/537 2372/1637/2372 539/1644/539
vt 0.469334 0.358852
f 538/1638/538 2373/1640/2373 537/1645/537
vt 0.830298 0.556055
vt 0.836248 0.555685
f 535/1510/535 1196/1646/1196 534/1647/534
vt 0.464612 0.663736
f 542/1648/542 536/1633/536 1971/1632/1971
vt 0.470543 0.374880
f 535/1649/535 534/1639/534 538/1638/538
vt 0.474297 0.375745
f 1981/1650/1981 535/1649/535 538/1638/538
vt 0.839153 0.557269
f 1981/1651/1981 1984/1511/1984 535/1510/535
vt 0.159609 0.812745
f 2387/1652/2387 539/1642/539 2378/1641/2378
vt 0.474284 0.350585
vt 0.470109 0.352444
f 1982/1653/1982 537/1645/537 539/1654/539
vt 0.472972 0.655674
f 543/1655/543 536/1633/536 542/1648/542
vt 0.479699 0.364242
f 1983/1656/1983 538/1638/538 537/1645/537
f 1981/1650/1981 538/1638/538 1983/1656/1983
vt 0.705755 0.614995
f 2384/1657/2384 2385/319/2385 540/354/540
vt 0.494588 0.655056
f 1204/1658/1204 536/1633/536 543/1655/543
vt 0.391842 0.709892
f 2013/1659/2013 1980/1520/1980 2001/1519/2001
f 544/358/544 2384/1657/2384 540/354/540
vt 0.576484 0.675389
vt 0.573891 0.677786
vt 0.576795 0.671646
f 548/1660/548 1986/1661/1986 546/1662/546
vt 0.475716 0.340219
vt 0.472247 0.345080
f 548/1663/548 1982/1653/1982 1986/1664/1986
vt 0.306032 0.691544
f 1207/1372/1207 2008/1525/2008 1972/1665/1972
vt 0.480334 0.637476
vt 0.470327 0.647666
f 561/1666/561 543/1655/543 547/1667/547
vt 0.571687 0.672904
f 546/1662/546 1986/1661/1986 2391/1668/2391
vt 0.483528 0.354384
f 1993/1669/1993 1982/1653/1982 548/1663/548
vt 0.408068 0.701920
vt 0.412252 0.723636
f 545/1670/545 541/1671/541 2013/1659/2013
vt 0.443629 0.688330
vt 0.433798 0.702516
vt 0.438001 0.683582
f 543/1672/543 542/1673/542 547/1674/547
vt 0.488016 0.345516
f 549/1675/549 1993/1669/1993 548/1663/548
vt 0.493044 0.638330
f 561/1666/561 566/1676/566 543/1655/543
vt 0.582628 0.659375
vt 0.557305 0.662777
f 551/1677/551 2391/1668/2391 2399/1678/2399
f 551/1677/551 546/1662/546 2391/1668/2391
vt 0.687104 0.638358
f 544/358/544 2393/1679/2393 2395/376/2395
vt 0.476300 0.335875
vt 0.475288 0.336027
f 552/1680/552 548/1663/548 546/1681/546
f 554/371/554 559/363/559 1526/361/1526
f 560/375/560 544/358/544 2395/376/2395
vt 0.431924 0.668663
vt 0.447104 0.669710
f 569/1682/569 561/1683/561 547/1674/547
vt 0.494067 0.359088
f 550/1684/550 1993/1669/1993 549/1675/549
vt 0.524023 0.629771
vt 0.531130 0.646909
f 563/1685/563 2405/1686/2405 1204/1658/1204
vt 0.570237 0.647160
f 565/1687/565 551/1677/551 2399/1678/2399
vt 0.582778 0.665610
f 552/1688/552 546/1662/546 551/1677/551
vt 0.495563 0.353253
f 2006/1689/2006 550/1684/550 549/1675/549
vt 0.677323 0.606849
f 2384/1657/2384 544/358/544 568/1690/568
vt 0.479741 0.336480
f 555/1691/555 548/1663/548 552/1680/552
f 555/1691/555 549/1675/549 548/1663/548
vt 0.499287 0.360959
vt 0.490798 0.366831
f 558/1692/558 1994/1693/1994 550/1684/550
vt 0.502954 0.384017
vt 0.498115 0.391125
vt 0.497062 0.384585
f 562/1694/562 2004/1695/2004 2002/1696/2002
f 568/1690/568 544/358/544 560/375/560
f 563/1685/563 1204/1658/1204 566/1676/566
vt 0.099557 0.027482
vt 0.105835 0.026889
vt 0.110202 0.033720
f 2415/1697/2415 549/1698/549 555/1699/555
vt 0.488715 0.341549
vt 0.487324 0.340407
f 2408/1700/2408 549/1675/549 2415/1701/2415
vt 0.505879 0.364661
f 2412/1702/2412 1994/1693/1994 558/1692/558
vt 0.710099 0.600128
f 2400/1703/2400 2384/1657/2384 568/1690/568
vt 0.587256 0.660205
f 564/1704/564 552/1688/552 551/1677/551
vt 0.586511 0.662222
f 2414/1705/2414 552/1688/552 564/1704/564
vt 0.107805 0.037170
vt 0.112693 0.036460
f 2414/1706/2414 555/1699/555 552/1707/552
vt 0.584610 0.682523
vt 0.582215 0.678709
vt 0.585632 0.673803
f 2006/1708/2006 549/1709/549 2408/1710/2408
f 545/1670/545 2013/1659/2013 2034/1527/2034
vt 0.499091 0.355401
f 558/1692/558 550/1684/550 2014/1711/2014
vt 0.503393 0.374621
f 2412/1702/2412 2011/1712/2011 1994/1693/1994
vt 0.503778 0.389204
f 1738/1713/1738 2004/1695/2004 562/1694/562
vt 0.552366 0.637896
f 2410/1714/2410 565/1687/565 2399/1678/2399
vt 0.596891 0.647031
f 576/1715/576 551/1677/551 565/1687/565
f 2415/1697/2415 555/1699/555 2414/1706/2414
vt 0.095240 0.010228
vt 0.098636 0.011822
vt 0.095543 0.012013
f 557/1716/557 558/1717/558 556/1718/556
vt 0.649299 0.684671
f 577/1719/577 559/363/559 554/371/554
vt 0.664228 0.635251
f 578/390/578 560/375/560 2417/1720/2417
vt 0.596280 0.653825
f 570/1721/570 564/1704/564 551/1677/551
vt 0.510026 0.381091
f 1738/1713/1738 562/1694/562 2018/1722/2018
vt 0.189058 0.829068
vt 0.202285 0.833938
vt 0.184266 0.837180
f 2020/1723/2020 2016/1724/2016 1737/1725/1737
vt 0.658903 0.669731
f 2279/1726/2279 559/363/559 577/1719/577
f 2426/387/2426 578/390/578 2417/1720/2417
vt 0.447433 0.655926
f 573/1727/573 561/1683/561 569/1682/569
vt 0.590118 0.678756
f 2418/1728/2418 2006/1708/2006 2408/1710/2408
vt 0.510513 0.368013
f 2429/1729/2429 2011/1712/2011 2412/1702/2412
f 2018/1722/2018 562/1694/562 2011/1712/2011
vt 0.183246 0.835851
vt 0.176458 0.833821
f 2020/1723/2020 1735/1730/1735 2009/1731/2009
vt 0.624161 0.716982
f 554/371/554 553/370/553 580/1732/580
f 572/1370/572 430/1365/430 432/1364/432
vt 0.421248 0.680491
f 1999/1733/1999 545/1670/545 2034/1527/2034
vt 0.504964 0.615055
vt 0.487137 0.622978
f 575/1734/575 561/1666/561 573/1735/573
vt 0.593524 0.657471
f 2428/1736/2428 564/1704/564 570/1721/570
vt 0.099315 0.043672
vt 0.107819 0.040464
f 2428/1737/2428 2414/1706/2414 564/1738/564
vt 0.594358 0.668731
f 2418/1728/2418 2408/1710/2408 2422/1739/2422
vt 0.088335 0.018496
vt 0.093712 0.019943
vt 0.088843 0.021549
f 2425/1740/2425 2006/1741/2006 2418/1742/2418
vt 0.510630 0.384730
f 2019/1743/2019 1738/1713/1738 2018/1722/2018
vt 0.206029 0.821567
vt 0.212810 0.830444
f 2021/1744/2021 2017/1745/2017 2016/1724/2016
vt 0.216229 0.817263
vt 0.225176 0.826847
f 571/1746/571 2007/1747/2007 2017/1745/2017
vt 0.644467 0.723863
vt 0.626271 0.723121
f 580/1732/580 1531/1748/1531 567/1749/567
f 568/1690/568 560/375/560 578/390/578
vt 0.433874 0.646268
f 2026/1750/2026 573/1727/573 569/1682/569
f 566/1676/566 561/1666/561 575/1734/575
f 563/1685/563 2410/1714/2410 2405/1686/2405
f 576/1715/576 570/1721/570 551/1677/551
vt 0.879291 0.566660
vt 0.872926 0.564443
vt 0.878768 0.562537
f 2022/1751/2022 1738/1752/1738 2019/1753/2019
vt 0.223639 0.815274
f 567/1754/567 1531/373/1531 2007/1747/2007
vt 0.578339 0.622964
f 587/1755/587 576/1715/576 565/1687/565
vt 0.176340 0.824811
f 2020/1723/2020 2009/1731/2009 2025/1756/2025
f 571/1746/571 2017/1745/2017 2021/1744/2021
vt 0.642306 0.674375
f 2283/1757/2283 2279/1726/2279 577/1719/577
vt 0.420056 0.642971
f 590/1758/590 1999/1733/1999 595/1531/595
vt 0.604656 0.649152
f 574/1759/574 570/1721/570 576/1715/576
f 567/1754/567 2007/1747/2007 571/1746/571
f 582/393/582 554/371/554 580/1732/580
f 572/1370/572 579/1371/579 430/1365/430
vt 0.498217 0.609986
f 583/1760/583 575/1734/575 573/1735/573
f 575/1734/575 563/1685/563 566/1676/566
vt 0.523833 0.612662
f 581/1761/581 563/1685/563 575/1734/575
f 2410/1714/2410 587/1755/587 565/1687/565
vt 0.079653 0.012411
vt 0.091140 0.007151
f 2442/1762/2442 2419/1763/2419 2425/1740/2425
f 582/393/582 577/1719/577 554/371/554
vt 0.672680 0.591585
f 2441/1764/2441 568/1690/568 584/391/584
f 590/1758/590 569/1682/569 1999/1733/1999
vt 0.603397 0.651885
f 2437/1765/2437 570/1721/570 574/1759/574
vt 0.093565 0.049351
vt 0.102164 0.044926
f 2437/1766/2437 2428/1737/2428 570/1767/570
vt 0.617476 0.724128
f 580/1732/580 567/1749/567 571/1768/571
vt 0.208107 0.814306
f 571/1746/571 2021/1744/2021 2028/1769/2028
vt 0.606654 0.725188
f 580/1732/580 571/1768/571 2028/1770/2028
f 584/391/584 568/1690/568 578/390/578
f 590/1758/590 2026/1750/2026 569/1682/569
vt 0.619679 0.681031
f 582/393/582 589/1771/589 577/1719/577
f 588/1535/588 579/1371/579 572/1370/572
vt 0.447501 0.644097
f 583/1772/583 573/1727/573 2026/1750/2026
vt 0.546483 0.612463
f 594/1773/594 563/1685/563 581/1761/581
f 2410/1714/2410 563/1685/563 594/1773/594
vt 0.601279 0.629935
f 2457/1774/2457 576/1715/576 587/1755/587
f 589/1771/589 2283/1757/2283 577/1719/577
vt 0.616815 0.640452
f 2465/1775/2465 574/1759/574 576/1715/576
vt 0.617089 0.644481
f 585/1776/585 574/1759/574 2465/1775/2465
vt 0.610770 0.647743
f 2437/1777/2437 574/1759/574 585/1776/585
vt 0.233869 0.043092
vt 0.229149 0.030641
vt 0.250107 0.035014
f 597/1778/597 583/1779/583 2027/1780/2027
vt 0.512836 0.601646
f 586/1781/586 575/1734/575 583/1760/583
f 594/1773/594 587/1755/587 2410/1714/2410
f 2457/1774/2457 2465/1775/2465 576/1715/576
vt 0.599960 0.721011
f 2445/394/2445 2028/1770/2028 2033/1782/2033
f 580/1732/580 2028/1770/2028 2445/394/2445
f 588/1535/588 572/1370/572 592/1375/592
vt 0.431297 0.637947
f 590/1758/590 2027/1783/2027 2026/1750/2026
vt 0.084092 0.057219
vt 0.088532 0.057779
f 2461/1784/2461 2437/1766/2437 585/1785/585
vt 0.209874 0.036232
f 586/1786/586 583/1779/583 597/1778/597
vt 0.404211 0.635900
f 593/1787/593 590/1758/590 595/1531/595
vt 0.595009 0.692197
vt 0.604434 0.680789
vt 0.608563 0.680776
f 2448/1788/2448 2450/1789/2450 2454/1790/2454
f 2445/394/2445 2033/1782/2033 591/392/591
f 591/392/591 589/1771/589 582/393/582
vt 0.634754 0.668883
f 2449/1791/2449 2283/1757/2283 589/1771/589
f 2312/395/2312 2441/1764/2441 584/391/584
vt 0.665124 0.585570
f 2464/1792/2464 2441/1764/2441 2312/395/2312
f 588/1535/588 2035/1376/2035 579/1371/579
vt 0.267269 0.044945
vt 0.262356 0.037850
f 596/1793/596 2027/1780/2027 590/1794/590
f 586/1781/586 581/1761/581 575/1734/575
f 2475/389/2475 2465/1775/2465 2457/1774/2457
vt 0.613390 0.676304
f 589/1771/589 2454/1790/2454 2462/1795/2462
vt 0.249912 0.053601
f 606/1796/606 2027/1780/2027 596/1793/596
vt 0.557506 0.599256
f 2479/1797/2479 594/1773/594 581/1761/581
vt 0.623891 0.641777
f 2463/1798/2463 585/1776/585 2465/1775/2465
vt 0.083501 0.063550
f 2461/1784/2461 585/1785/585 2463/1799/2463
f 589/1771/589 2448/1788/2448 2454/1790/2454
f 591/392/591 2448/1788/2448 589/1771/589
vt 0.055464 0.041671
vt 0.051645 0.036733
vt 0.058767 0.037367
f 2470/1800/2470 2449/1801/2449 2471/1802/2471
f 606/1796/606 597/1778/597 2027/1780/2027
f 2479/1797/2479 587/1755/587 594/1773/594
vt 0.062538 0.024767
f 2462/1803/2462 2471/1802/2471 2449/1801/2449
f 2449/1791/2449 589/1771/589 2462/1795/2462
f 598/1530/598 2035/1376/2035 601/1534/601
vt 0.414873 0.633057
vt 0.407034 0.635847
f 596/1804/596 590/1758/590 593/1805/593
vt 0.199611 0.043623
f 599/1806/599 586/1786/586 597/1778/597
vt 0.536724 0.595736
f 2479/1797/2479 581/1761/581 2477/1807/2477
vt 0.336458 0.083823
f 600/1536/600 588/1808/588 592/1532/592
vt 0.190490 0.040078
f 599/1806/599 2477/1809/2477 586/1786/586
vt 0.391691 0.632918
f 603/1810/603 595/1531/595 598/1530/598
f 593/1787/593 595/1531/595 603/1810/603
vt 0.280903 0.042645
vt 0.296164 0.050926
f 596/1793/596 593/1811/593 603/1812/603
vt 0.380955 0.632032
f 602/1813/602 598/1530/598 601/1534/601
f 602/1813/602 603/1810/603 598/1530/598
vt 0.215882 0.053943
f 607/1814/607 599/1806/599 597/1778/597
vt 0.359814 0.621542
f 601/1534/601 588/1535/588 600/1815/600
vt 0.649990 0.583895
vt 0.637866 0.581525
f 2476/1816/2476 2312/395/2312 604/1817/604
vt 0.642681 0.581894
f 604/1817/604 2480/1818/2480 2476/1816/2476
vt 0.279695 0.060702
f 605/1819/605 606/1796/606 596/1793/596
vt 0.305757 0.069671
vt 0.319864 0.067486
f 608/1820/608 601/1821/601 600/1536/600
f 605/1819/605 596/1793/596 603/1812/603
vt 0.376944 0.626937
f 608/1822/608 602/1813/602 601/1534/601
vt 0.306159 0.053144
f 603/1812/603 602/1823/602 608/1820/608
f 100/396/100 2312/395/2312 2475/389/2475
f 607/1814/607 597/1778/597 606/1796/606
vt 0.185182 0.060574
f 2492/1824/2492 599/1806/599 607/1814/607
vt 0.175165 0.052454
f 2492/1824/2492 2489/1825/2489 599/1806/599
vt 0.292373 0.088267
f 2321/1826/2321 2310/1537/2310 2307/1538/2307
f 605/1819/605 603/1812/603 608/1820/608
f 2306/1533/2306 608/1820/608 600/1536/600
vt 0.226206 0.068906
f 2496/1827/2496 607/1814/607 606/1796/606
vt 0.276052 0.072243
f 609/1828/609 606/1796/606 605/1819/605
vt 0.257156 0.076129
f 2322/1829/2322 606/1796/606 609/1828/609
vt 0.196848 0.068730
f 2503/1830/2503 2492/1824/2492 607/1814/607
vt 0.250827 0.075509
f 2501/1831/2501 606/1796/606 2322/1829/2322
f 2496/1827/2496 606/1796/606 2501/1831/2501
f 609/1828/609 605/1819/605 608/1820/608
f 2503/1830/2503 607/1814/607 2496/1827/2496
f 608/1820/608 2306/1533/2306 2310/1537/2310
f 2310/1537/2310 609/1828/609 608/1820/608
vt 0.173160 0.073156
f 2504/1832/2504 2492/1824/2492 2503/1830/2503
f 609/1828/609 2310/1537/2310 2321/1826/2321
vt 0.243932 0.087757
vt 0.257580 0.085358
f 2327/1833/2327 2501/1831/2501 2324/1834/2324
vt 0.470349 0.077986
f 529/1835/529 1938/400/1938 525/278/525
f 580/1732/580 2445/394/2445 582/393/582
vt 0.728698 0.927298
f 611/1836/611 273/627/273 610/994/610
f 613/629/613 273/627/273 611/1836/611
vt 0.732004 0.933308
vt 0.736296 0.932192
f 612/1837/612 611/1836/611 610/1838/610
vt 0.723116 0.929656
f 613/629/613 611/1836/611 789/1839/789
vt 0.711222 0.921210
f 1211/1840/1211 613/629/613 789/1839/789
f 1214/406/1214 613/629/613 1211/1840/1211
f 101/403/101 614/402/614 613/629/613
f 101/403/101 613/629/613 1214/406/1214
vt 0.391235 0.205549
f 617/670/617 615/672/615 802/1841/802
vt 0.419728 0.365108
vt 0.421947 0.352730
vt 0.427767 0.364650
f 622/1842/622 799/1843/799 804/1844/804
vt 0.085794 0.519829
f 624/697/624 621/1845/621 172/680/172
f 297/684/297 172/680/172 621/1845/621
f 618/716/618 297/684/297 621/1845/621
vt 0.105163 0.517663
f 621/1845/621 982/1846/982 618/716/618
vt 0.151336 0.649057
f 619/1847/619 177/673/177 617/683/617
vt 0.092029 0.499910
f 824/1848/824 621/1845/621 624/697/624
vt 0.411832 0.366980
vt 0.415958 0.361050
f 812/1849/812 801/1850/801 622/1842/622
f 623/737/623 805/704/805 619/702/619
f 620/409/620 1215/407/1215 814/724/814
vt 0.423517 0.377412
f 622/1842/622 804/1844/804 625/1851/625
f 626/730/626 624/697/624 183/703/183
vt 0.675959 0.913219
f 629/1852/629 620/409/620 814/724/814
vt 0.109395 0.505323
f 828/1853/828 621/1845/621 824/1848/824
vt 0.408908 0.376953
f 631/1854/631 812/1849/812 622/1842/622
f 982/1846/982 621/1845/621 828/1853/828
f 631/1854/631 622/1842/622 625/1851/625
f 817/761/817 629/1852/629 814/724/814
vt 0.584566 0.944793
vt 0.578170 0.954585
f 637/1855/637 626/1856/626 628/739/628
vt 0.399207 0.364732
f 631/1854/631 815/1857/815 812/1849/812
vt 0.074451 0.495845
f 642/1858/642 824/1848/824 624/697/624
vt 0.124066 0.510988
f 988/1859/988 982/1846/982 828/1853/828
vt 0.418445 0.387588
f 631/1854/631 625/1851/625 833/1860/833
vt 0.671013 0.910556
f 634/1861/634 620/409/620 629/1852/629
vt 0.061706 0.503891
f 630/1862/630 624/697/624 626/730/626
f 642/1858/642 624/697/624 630/1862/630
f 632/767/632 620/409/620 634/1861/634
f 632/767/632 194/411/194 620/409/620
vt 0.051158 0.510818
f 630/1862/630 626/730/626 637/1863/637
f 629/1852/629 817/761/817 636/760/636
f 636/760/636 634/1861/634 629/1852/629
vt 0.436279 0.383383
vt 0.436857 0.395579
f 625/1851/625 809/1864/809 830/1865/830
vt 0.545263 0.932748
f 649/1866/649 633/742/633 1219/752/1219
f 627/740/627 633/742/633 649/1866/649
vt 0.667563 0.908718
f 635/1867/635 632/767/632 634/1861/634
vt 0.540059 0.937607
f 649/1866/649 1219/752/1219 1221/1868/1221
vt 0.662106 0.919076
f 638/1869/638 634/1861/634 636/760/636
vt 0.667085 0.912201
f 635/1867/635 634/1861/634 639/1870/639
vt 0.883073 0.008435
vt 0.880939 0.011241
f 195/765/195 632/1871/632 635/1872/635
vt 0.047882 0.500058
f 641/1873/641 630/1862/630 637/1863/637
vt 0.399523 0.372135
f 829/1874/829 815/1857/815 631/1854/631
f 639/1870/639 634/1861/634 638/1869/638
f 197/769/197 195/765/195 635/1872/635
vt 0.581737 0.926133
f 653/1875/653 628/739/628 627/740/627
f 653/1875/653 637/1855/637 628/739/628
f 636/760/636 200/762/200 640/776/640
vt 0.930231 0.288021
vt 0.934546 0.285012
vt 0.936224 0.287597
f 644/1876/644 635/1877/635 639/1878/639
vt 0.596182 0.934677
f 641/1879/641 637/1855/637 653/1875/653
vt 0.427520 0.395440
f 833/1860/833 625/1851/625 837/1880/837
f 638/1869/638 636/760/636 640/776/640
vt 0.657277 0.923262
f 646/1881/646 638/1869/638 640/776/640
vt 0.932927 0.298037
vt 0.936124 0.295312
f 643/1882/643 639/1878/639 638/1883/638
vt 0.931902 0.285155
f 197/1884/197 635/1877/635 644/1876/644
vt 0.083483 0.480051
f 656/1885/656 824/1848/824 642/1858/642
vt 0.117564 0.495211
f 657/1886/657 828/1853/828 824/1848/824
f 657/1886/657 988/1859/988 828/1853/828
vt 0.659017 0.921248
f 643/1887/643 638/1869/638 646/1881/646
f 644/1876/644 639/1878/639 643/1882/643
vt 0.548889 0.923193
f 655/1888/655 627/740/627 649/1866/649
f 641/1873/641 642/1858/642 630/1862/630
vt 0.929291 0.285890
f 645/1889/645 197/1884/197 644/1876/644
vt 0.877289 0.014173
f 201/771/201 197/769/197 645/1890/645
vt 0.048400 0.488009
f 840/1891/840 642/1858/642 641/1873/641
vt 0.409191 0.390000
f 836/1892/836 631/1854/631 833/1860/833
vt 0.400808 0.380170
f 654/1893/654 829/1874/829 631/1854/631
vt 0.106783 0.664913
vt 0.121936 0.661242
vt 0.116377 0.673954
f 1404/1894/1404 1400/1895/1400 650/1896/650
vt 0.887965 0.048176
vt 0.894652 0.055384
vt 0.893609 0.063070
f 1402/1897/1402 1401/1898/1401 1403/1899/1403
vt 0.654653 0.926008
f 651/780/651 646/1900/646 640/776/640
f 647/416/647 644/1876/644 643/1882/643
f 207/782/207 201/771/201 645/1890/645
vt 0.061370 0.475170
f 844/1901/844 656/1885/656 642/1858/642
vt 0.394086 0.372753
f 832/1902/832 829/1874/829 654/1893/654
vt 0.932385 0.302086
f 652/417/652 643/1882/643 646/1903/646
f 647/416/647 643/1882/643 652/417/652
f 648/792/648 644/1876/644 647/416/647
f 648/792/648 645/1889/645 644/1876/644
vt 0.538281 0.963171
f 207/794/207 645/1904/645 648/795/648
f 653/1875/653 627/740/627 655/1888/655
f 844/1901/844 642/1858/642 840/1891/840
vt 0.101023 0.481708
f 661/1905/661 657/1886/657 824/1848/824
vt 0.404790 0.386149
f 654/1906/654 631/1854/631 836/1892/836
f 652/417/652 646/1903/646 651/799/651
vt 0.524519 0.913706
f 655/1888/655 649/1866/649 671/1907/671
vt 0.110971 0.699780
vt 0.119625 0.701372
f 1408/1908/1408 650/1896/650 832/1909/832
vt 0.560996 0.906977
f 675/1910/675 653/1875/653 655/1888/655
f 661/1905/661 824/1848/824 656/1885/656
vt 0.108470 0.727304
vt 0.122951 0.713693
vt 0.125180 0.727381
f 1411/1911/1411 654/1912/654 836/1913/836
f 1408/1908/1408 832/1909/832 654/1912/654
vt 0.887879 0.066093
f 1405/1914/1405 1402/1897/1402 1403/1899/1403
vt 0.600028 0.921447
f 660/1915/660 641/1879/641 653/1875/653
vt 0.032478 0.493312
f 840/1891/840 641/1873/641 660/1916/660
vt 0.075507 0.476152
f 658/1917/658 656/1885/656 844/1901/844
f 1411/1911/1411 1408/1908/1408 654/1912/654
vt 0.091544 0.674145
f 1404/1894/1404 650/1896/650 679/1918/679
f 863/450/863 660/1915/660 653/1875/653
vt 0.050774 0.473992
f 844/1901/844 840/1891/840 857/1919/857
vt 0.086491 0.476485
f 659/1920/659 656/1885/656 658/1917/658
vt 0.119749 0.480646
f 663/1921/663 657/1886/657 661/1905/661
vt 0.129529 0.476949
f 862/1922/862 657/1886/657 663/1921/663
f 1407/815/1407 208/784/208 216/800/216
f 239/864/239 655/1888/655 671/1907/671
f 225/837/225 840/1891/840 660/1916/660
vt 0.721206 0.388276
vt 0.717948 0.388226
vt 0.715022 0.382622
f 859/1923/859 659/1924/659 658/1925/658
vt 0.096202 0.665362
vt 0.102907 0.661817
f 1533/1926/1533 1405/1927/1405 1404/1894/1404
vt 0.887872 0.073910
vt 0.891158 0.071111
f 1406/1928/1406 1405/1914/1405 1533/1929/1533
vt 0.719171 0.369300
f 859/1923/859 658/1925/658 858/1930/858
f 675/1910/675 655/1888/655 239/864/239
f 863/450/863 653/1875/653 675/1910/675
f 668/830/668 660/1915/660 863/450/863
vt 0.119765 0.753476
vt 0.121312 0.739705
vt 0.125719 0.747671
f 846/1931/846 1410/1932/1410 843/1933/843
vt 0.423251 0.293747
vt 0.417363 0.285236
vt 0.424346 0.280246
f 1535/1934/1535 846/1935/846 842/1936/842
f 1533/1926/1533 1404/1894/1404 679/1918/679
vt 0.651486 0.908672
f 1407/1937/1407 221/809/221 662/811/662
vt 0.650126 0.908878
f 667/1938/667 1407/1937/1407 662/811/662
f 225/829/225 660/1915/660 668/830/668
vt 0.112243 0.755504
f 1536/1939/1536 1410/1932/1410 846/1931/846
vt 0.879084 0.072278
f 1534/1940/1534 1405/1914/1405 1406/1928/1406
vt 0.909450 0.294105
f 677/1941/677 665/814/665 664/419/664
vt 0.650690 0.913300
vt 0.651997 0.915150
f 670/1942/670 662/811/662 665/1943/665
vt 0.649106 0.909655
f 674/1944/674 667/1938/667 662/811/662
f 105/443/105 664/419/664 666/418/666
vt 0.520262 0.959256
vt 0.521442 0.961141
vt 0.517857 0.962694
f 670/1945/670 665/1946/665 677/1947/677
f 670/1942/670 674/1944/674 662/811/662
vt 0.520729 0.946508
f 209/428/209 1407/815/1407 678/1948/678
vt 0.852343 0.052317
f 673/1949/673 852/816/852 856/834/856
vt 0.906004 0.297319
f 672/1950/672 664/419/664 105/443/105
f 672/1950/672 677/1941/677 664/419/664
vt 0.523279 0.953629
vt 0.519234 0.949340
f 678/1948/678 667/1951/667 674/1952/674
f 678/1948/678 1407/815/1407 667/1951/667
vt 0.853653 0.048708
f 669/1953/669 852/816/852 673/1949/673
vt 0.916900 0.328750
f 676/819/676 669/821/669 673/1954/673
f 1239/453/1239 674/1952/674 670/1945/670
f 673/1949/673 856/834/856 228/832/228
vt 0.902639 0.298773
f 680/1955/680 672/1950/672 105/443/105
vt 0.515767 0.964586
f 680/850/680 677/1947/677 672/1956/672
f 1239/453/1239 670/1945/670 677/1947/677
vt 0.126611 0.630282
vt 0.123981 0.630731
f 673/1957/673 228/847/228 681/1958/681
vt 0.913927 0.329513
f 681/1959/681 676/819/676 673/1954/673
vt 0.509610 0.940470
f 1414/1960/1414 674/1952/674 1239/453/1239
f 678/1948/678 674/1952/674 1414/1960/1414
vt 0.509384 0.906510
f 239/864/239 671/1907/671 684/1961/684
f 1421/451/1421 675/1910/675 239/864/239
f 1421/451/1421 863/450/863 675/1910/675
vt 0.073647 0.673809
vt 0.068478 0.698911
f 879/1962/879 679/1918/679 1423/1963/1423
f 681/1958/681 228/847/228 683/846/683
vt 0.903435 0.333071
f 690/1964/690 1225/439/1225 676/819/676
f 107/446/107 677/1947/677 680/850/680
f 695/865/695 239/864/239 684/1961/684
f 685/440/685 1225/439/1225 690/1964/690
vt 0.080876 0.667931
f 1541/1965/1541 679/1918/679 879/1962/879
f 688/858/688 681/1958/681 683/846/683
vt 0.909807 0.331988
vt 0.907432 0.333441
f 676/819/676 681/1966/681 688/1967/688
f 690/1964/690 676/819/676 688/1967/688
vt 0.723415 0.351316
f 865/1968/865 870/842/870 687/854/687
f 695/865/695 684/1961/684 692/435/692
f 694/458/694 1231/438/1231 685/440/685
vt 0.497728 0.968880
vt 0.508141 0.967270
vt 0.498764 0.970405
f 689/1969/689 1234/1970/1234 686/1971/686
vt 0.491838 0.968303
f 699/1972/699 1240/447/1240 689/1969/689
vt 0.059980 0.677427
f 1427/1973/1427 879/1962/879 1423/1963/1423
vt 0.883322 0.307725
f 691/1974/691 686/442/686 1231/438/1231
f 109/448/109 1240/447/1240 699/1972/699
vt 0.747015 0.352760
f 888/1975/888 865/1968/865 701/867/701
vt 0.109244 0.632639
f 697/1976/697 688/858/688 884/856/884
vt 0.112028 0.631257
f 697/1976/697 690/1977/690 688/858/688
f 691/1974/691 1231/438/1231 694/458/694
vt 0.885131 0.303793
vt 0.887847 0.302706
f 693/1978/693 689/1979/689 686/442/686
vt 0.062060 0.667917
f 897/1980/897 879/1962/879 1427/1973/1427
vt 0.102364 0.635729
f 696/1981/696 697/1976/697 884/856/884
vt 0.493505 0.970204
f 699/1972/699 689/1969/689 693/1982/693
f 709/15/709 695/865/695 692/435/692
f 701/867/701 865/1968/865 687/854/687
f 693/1978/693 686/442/686 691/1974/691
vt 0.882157 0.305404
f 698/1983/698 693/1978/693 691/1974/691
vt 0.894523 0.340456
f 704/467/704 690/1964/690 697/1984/697
f 706/477/706 691/1974/691 694/458/694
vt 0.490691 0.971652
f 699/1972/699 693/1982/693 698/1985/698
vt 0.099774 0.641163
f 696/1981/696 884/856/884 891/1986/891
f 685/440/685 690/1964/690 704/467/704
f 706/477/706 698/1983/698 691/1974/691
vt 0.879061 0.304826
f 700/1987/700 698/1983/698 706/477/706
vt 0.487132 0.971658
f 700/1988/700 699/1972/699 698/1985/698
f 718/34/718 109/448/109 699/1972/699
f 1431/25/1431 696/1981/696 891/1986/891
vt 0.481767 0.969749
f 705/1989/705 699/1972/699 700/1988/700
vt 0.483081 0.878852
f 720/1990/720 695/865/695 709/15/709
vt 0.751755 0.338010
f 710/1991/710 888/1975/888 701/867/701
f 718/34/718 699/1972/699 705/1989/705
vt 0.874345 0.304833
f 705/1992/705 700/1987/700 706/477/706
vt 0.740217 0.328560
f 703/1993/703 701/867/701 243/861/243
f 710/1991/710 701/867/701 703/1993/703
f 254/891/254 888/1975/888 710/1991/710
vt 0.100972 0.633968
f 1428/22/1428 697/1994/697 696/1981/696
vt 0.872414 0.305338
f 702/1995/702 705/1992/705 706/477/706
vt 0.495794 0.866890
f 720/1990/720 1444/1996/1444 695/865/695
f 254/891/254 902/890/902 888/1975/888
vt 0.049594 0.666830
vt 0.045806 0.676295
f 900/1997/900 1427/1973/1427 1432/1998/1432
vt 0.884359 0.344499
f 704/467/704 697/1984/697 1428/1999/1428
vt 0.869848 0.305348
f 707/2000/707 702/1995/702 706/477/706
f 244/863/244 695/865/695 1444/1996/1444
vt 0.476412 0.970386
vt 0.480373 0.972229
vt 0.477772 0.972606
f 708/2001/708 702/2002/702 707/2003/707
f 708/2001/708 705/1989/705 702/2002/702
f 711/478/711 707/2000/707 706/477/706
vt 0.036885 0.668221
f 1440/2004/1440 900/1997/900 1432/1998/1432
vt 0.473295 0.962711
f 717/2005/717 705/1989/705 708/2001/708
vt 0.759045 0.336122
vt 0.752190 0.332740
f 714/2006/714 710/1991/710 713/2007/713
vt 0.866937 0.302410
f 708/2008/708 707/2000/707 711/478/711
vt 0.864690 0.302066
f 712/2009/712 708/2008/708 711/478/711
vt 0.472323 0.971440
vt 0.469416 0.968590
f 712/2010/712 716/2011/716 708/2001/708
f 717/2005/717 708/2001/708 716/2011/716
f 718/34/718 705/1989/705 717/2005/717
f 1438/484/1438 720/1990/720 709/15/709
f 714/2006/714 254/891/254 710/1991/710
vt 0.861699 0.301113
f 712/2009/712 711/478/711 715/2012/715
vt 0.469229 0.971128
f 715/2013/715 716/2011/716 712/2010/712
vt 0.922614 0.578373
vt 0.920667 0.584506
f 723/2014/723 714/2015/714 713/884/713
vt 0.774012 0.418729
vt 0.768564 0.423038
vt 0.771544 0.405657
f 912/2016/912 913/2017/913 908/2018/908
vt 0.464232 0.967025
f 719/2019/719 717/2005/717 716/2011/716
f 730/32/730 717/2005/717 719/2019/719
vt 0.769765 0.341487
f 722/2020/722 254/891/254 714/2006/714
vt 0.111759 0.447678
vt 0.099816 0.449748
vt 0.092943 0.445903
f 912/2021/912 908/2022/908 915/2023/915
f 118/490/118 715/2012/715 711/478/711
vt 0.857337 0.299444
f 721/2024/721 715/2012/715 118/490/118
vt 0.464554 0.969960
f 721/2025/721 716/2011/716 715/2013/715
f 719/2019/719 716/2011/716 721/2025/721
f 730/32/730 718/34/718 717/2005/717
f 723/2014/723 713/884/713 725/897/725
vt 0.764629 0.336424
vt 0.762599 0.335066
f 722/2026/722 714/2006/714 723/2027/723
vt 0.932651 0.579514
vt 0.931938 0.587471
f 728/2028/728 722/2029/722 723/2014/723
vt 0.103711 0.441455
f 917/2030/917 912/2021/912 915/2023/915
vt 0.934468 0.586745
f 728/2028/728 726/2031/726 722/2029/722
f 255/907/255 254/891/254 722/2020/722
vt 0.461512 0.970621
f 719/2019/719 721/2025/721 118/2032/118
vt 0.458662 0.968819
f 724/2033/724 719/2019/719 118/2032/118
vt 0.566950 0.826663
f 731/2034/731 1273/482/1273 1434/481/1434
vt 0.387324 0.495392
f 1325/2035/1325 2042/901/2042 732/880/732
f 727/924/727 723/2014/723 725/897/725
f 727/924/727 728/2028/728 723/2014/723
f 726/911/726 255/907/255 722/2020/722
vt 0.454682 0.869907
f 1444/1996/1444 720/1990/720 1565/2036/1565
vt 0.458009 0.970401
f 121/41/121 724/2033/724 119/2037/119
f 729/40/729 719/2019/719 724/2033/724
f 124/35/124 730/32/730 733/50/733
f 2043/906/2043 727/924/727 725/897/725
vt 0.023691 0.726946
vt 0.026674 0.700875
vt 0.040995 0.716844
f 1576/2038/1576 1439/2039/1439 1563/2040/1563
f 729/40/729 724/2033/724 121/41/121
f 730/32/730 719/2019/719 729/40/729
vt 0.472586 0.850089
f 1565/2036/1565 734/2041/734 1444/1996/1444
vt 0.934631 0.572518
f 2050/2042/2050 728/2028/728 727/924/727
vt 0.437393 0.533458
vt 0.428367 0.547900
vt 0.425117 0.539458
f 2051/2043/2051 726/2044/726 728/2045/728
f 2045/941/2045 2042/901/2042 1325/2035/1325
vt 0.934298 0.576391
f 2051/2046/2051 728/2028/728 2050/2042/2050
f 735/915/735 726/2044/726 2051/2043/2051
f 730/32/730 729/40/729 736/39/736
f 1450/922/1450 1444/1996/1444 734/2041/734
vt 0.363708 0.496645
f 1325/2035/1325 732/880/732 756/2047/756
f 727/924/727 2043/906/2043 2046/925/2046
f 741/923/741 2050/2042/2050 727/924/727
f 1577/556/1577 1439/2039/1439 1576/2038/1576
f 8/53/8 730/32/730 736/39/736
f 8/53/8 733/50/733 730/32/730
vt 0.571409 0.821355
f 1273/482/1273 731/2034/731 738/2048/738
f 2047/913/2047 735/915/735 2051/2043/2051
vt 0.027259 0.667958
f 1452/2049/1452 1439/2039/1439 737/550/737
f 1581/549/1581 1452/2049/1452 737/550/737
f 745/935/745 740/571/740 1450/922/1450
f 1577/556/1577 737/550/737 1439/2039/1439
f 760/148/760 734/2041/734 1565/2036/1565
vt 0.590558 0.824959
f 748/2050/748 750/909/750 1273/482/1273
vt 0.428857 0.531256
vt 0.428054 0.528730
vt 0.429227 0.520455
f 2050/2051/2050 741/2052/741 739/2053/739
f 1302/510/1302 124/35/124 13/49/13
vt 0.542998 0.815677
f 2053/2054/2053 1294/488/1294 2052/928/2052
f 748/2050/748 1273/482/1273 738/2048/738
vt 0.354552 0.499005
vt 0.361141 0.515151
f 751/2055/751 756/2047/756 750/2056/750
vt 0.541522 0.818856
vt 0.539339 0.818322
f 742/2057/742 2052/928/2052 743/2058/743
f 2053/2054/2053 2052/928/2052 742/2057/742
vt 0.859525 0.836198
f 748/2059/748 738/547/738 1331/589/1331
vt 0.077782 0.420079
vt 0.071835 0.421157
f 747/2060/747 924/921/924 744/2061/744
vt 0.439381 0.937222
f 752/2062/752 1302/510/1302 13/49/13
f 9/569/9 740/571/740 745/935/745
f 2053/2054/2053 742/2057/742 743/2058/743
vt 0.555250 0.815597
f 2055/2063/2055 1294/488/1294 2053/2054/2053
f 2055/2063/2055 731/2034/731 1294/488/1294
f 747/938/747 744/930/744 746/929/746
f 9/569/9 745/935/745 749/570/749
vt 0.874181 0.814230
vt 0.871905 0.833887
f 758/2064/758 750/2065/750 748/2059/748
vt 0.482914 0.565517
f 2065/937/2065 927/2066/927 747/938/747
vt 0.444370 0.934083
f 1304/2067/1304 1302/510/1302 752/2062/752
vt 0.411216 0.871062
vt 0.424493 0.890604
f 1585/2068/1585 1565/2036/1565 1571/2069/1571
vt 0.425454 0.851392
f 760/148/760 1565/2036/1565 1602/2070/1602
f 749/570/749 1456/933/1456 767/147/767
vt 0.536514 0.135528
f 1598/83/1598 1581/2071/1581 1583/84/1583
f 753/76/753 752/2062/752 13/49/13
f 767/147/767 1456/933/1456 760/148/760
f 758/2064/758 748/2059/748 1331/589/1331
vt 0.423252 0.934495
vt 0.425981 0.927050
vt 0.433203 0.928976
f 762/2072/762 1334/2073/1334 1324/2074/1324
f 1602/2070/1602 1565/2036/1565 1585/2068/1585
f 763/568/763 749/570/749 767/147/767
vt 0.391911 0.483839
f 2069/939/2069 2045/941/2045 2048/2075/2048
vt 0.008252 0.723921
vt 0.008136 0.729379
f 1587/2076/1587 1577/556/1577 1597/2077/1597
vt 0.435310 0.938417
f 759/2078/759 752/2062/752 753/76/753
vt 0.880594 0.824354
f 751/2079/751 750/2065/750 758/2064/758
vt 0.825659 0.275578
vt 0.828345 0.269926
f 759/2080/759 754/2081/754 752/64/752
vt 0.428795 0.936176
vt 0.434578 0.931511
f 755/2082/755 1324/2074/1324 754/2083/754
vt 0.426429 0.935300
f 757/2084/757 762/2072/762 1324/2074/1324
f 757/2084/757 1324/2074/1324 755/2082/755
f 22/103/22 1334/2073/1334 762/2072/762
vt 0.352629 0.488622
f 756/2047/756 751/2055/751 758/2085/758
f 2069/939/2069 2048/2075/2048 1343/965/1343
vt 0.602786 0.066316
vt 0.600568 0.072281
f 755/121/755 754/2086/754 759/2087/759
vt 0.362224 0.478055
f 1354/2088/1354 756/2047/756 758/2085/758
vt 0.429324 0.942419
f 761/94/761 759/2089/759 753/76/753
f 761/118/761 755/121/755 759/2087/759
vt 0.422621 0.939883
f 764/2090/764 762/2072/762 757/2084/757
f 2072/574/2072 2055/546/2055 2066/951/2066
vt 0.453108 0.516801
vt 0.435095 0.516132
f 2070/2091/2070 2062/2092/2062 2063/949/2063
vt 0.426101 0.937713
f 764/2090/764 757/2084/757 755/2093/755
f 1350/137/1350 22/103/22 762/2072/762
f 765/601/765 758/2064/758 1331/589/1331
f 2071/1184/2071 934/946/934 2065/937/2065
f 1350/137/1350 762/2072/762 764/2090/764
vt 0.592047 0.066504
f 766/120/766 764/2094/764 755/121/755
vt 0.420162 0.945208
f 30/166/30 764/2090/764 766/2095/766
f 30/166/30 1350/137/1350 764/2090/764
vt 0.886889 0.795973
vt 0.886632 0.805374
f 1366/2096/1366 1354/2097/1354 758/2064/758
f 1375/961/1375 1354/2088/1354 1370/959/1370
vt 0.741735 0.083243
vt 0.754236 0.079187
vt 0.752498 0.094430
f 1610/2098/1610 1588/2099/1588 1597/2100/1597
vt 0.006521 0.612572
vt 0.010362 0.613339
vt 0.010608 0.616278
f 1357/2101/1357 1358/2102/1358 1349/2103/1349
vt 0.466062 0.808497
f 775/2104/775 763/568/763 767/147/767
vt 0.739344 0.834799
f 775/595/775 771/587/771 763/2105/763
f 768/956/768 758/2064/758 765/601/765
f 2078/964/2078 2069/939/2069 1343/965/1343
vt 0.457742 0.810866
f 1373/2106/1373 767/147/767 1365/146/1365
f 775/2104/775 767/147/767 1373/2106/1373
f 1366/2096/1366 758/2064/758 768/956/768
vt 0.418179 0.949145
f 37/2107/37 30/166/30 766/2095/766
vt 0.507843 0.156399
vt 0.505365 0.157184
f 769/113/769 1588/2108/1588 1610/2109/1610
vt 0.497913 0.150925
f 1613/2110/1613 769/113/769 1610/2109/1610
f 773/193/773 48/130/48 770/131/770
vt 0.497407 0.139757
f 1613/2110/1613 1629/2111/1629 769/113/769
f 770/131/770 769/113/769 1629/2111/1629
f 261/208/261 771/587/771 776/209/776
f 773/193/773 770/131/770 1629/2111/1629
f 778/243/778 775/595/775 1373/593/1373
vt 0.516208 0.116643
f 1621/202/1621 1476/2112/1476 777/222/777
f 777/222/777 1476/2112/1476 774/214/774
f 776/209/776 775/595/775 778/243/778
f 1639/229/1639 1621/202/1621 777/222/777
vt 0.370795 0.861276
f 1672/2113/1672 153/597/153 1607/598/1607
f 1630/216/1630 1631/213/1631 55/206/55
f 778/243/778 781/242/781 776/209/776
f 779/207/779 776/209/776 781/242/781
f 68/267/68 2200/979/2200 2087/591/2087
f 59/228/59 1631/213/1631 1630/216/1630
f 780/609/780 153/597/153 1672/2113/1672
f 68/267/68 779/207/779 781/242/781
f 67/244/67 778/243/778 159/256/159
vt 0.640607 0.840669
f 157/611/157 154/612/154 780/2114/780
f 784/268/784 68/267/68 781/242/781
vt 0.363430 0.848749
f 785/2115/785 780/609/780 1672/2113/1672
f 783/276/783 781/242/781 782/251/782
vt 0.629222 0.838040
f 157/611/157 780/2114/780 785/2116/785
f 784/268/784 781/242/781 783/276/783
vt 0.631460 0.825561
f 786/2117/786 157/611/157 785/2116/785
f 1384/616/1384 157/611/157 786/2117/786
vt 0.784959 0.678368
vt 0.804506 0.676153
vt 0.798458 0.685591
f 2333/2118/2333 786/2119/786 785/2120/785
vt 0.801836 0.661197
f 1383/2121/1383 786/2119/786 2333/2118/2333
vt 0.629985 0.811418
f 1383/2122/1383 1384/616/1384 786/2117/786
vt 0.784974 0.659819
f 1383/2121/1383 2333/2118/2333 2339/2123/2339
vt 0.790959 0.646090
f 2340/2124/2340 1383/2121/1383 2339/2123/2339
vt 0.761555 0.504707
vt 0.761071 0.510852
vt 0.744912 0.503147
f 1715/2125/1715 965/2126/965 1721/2127/1721
vt 0.746883 0.522596
vt 0.760127 0.516512
f 787/2128/787 965/2126/965 964/2129/964
vt 0.733200 0.523096
f 1522/2130/1522 1721/2127/1721 787/2128/787
vt 0.733152 0.507715
f 1726/2131/1726 1721/2127/1721 1522/2130/1522
vt 0.720627 0.515870
f 1978/2132/1978 1726/2131/1726 1522/2130/1522
vt 0.756236 0.525560
vt 0.739692 0.536871
f 787/2128/787 966/2133/966 974/2134/974
vt 0.719223 0.529260
f 788/2135/788 1978/2132/1978 1522/2130/1522
vt 0.722279 0.538129
f 975/2136/975 1522/2130/1522 974/2134/974
f 788/2135/788 1522/2130/1522 975/2136/975
vt 0.733842 0.549858
vt 0.738261 0.546900
f 1202/2137/1202 974/2134/974 1201/2138/1201
vt 0.728310 0.544448
f 1203/2139/1203 974/2134/974 1202/2137/1202
f 1203/2139/1203 975/2136/975 974/2134/974
vt 0.731102 0.555390
f 1206/2140/1206 1203/2139/1203 1202/2137/1202
vt 0.721487 0.542083
f 975/2136/975 1203/2139/1203 976/2141/976
vt 0.242365 0.840506
vt 0.237841 0.845189
vt 0.233144 0.845083
f 1988/2142/1988 788/2143/788 975/2144/975
f 974/2134/974 1522/2130/1522 787/2128/787
vt 0.404900 0.181196
vt 0.409061 0.178701
f 612/631/612 789/2145/789 611/2146/611
f 790/639/790 789/2145/789 612/631/612
f 795/1009/795 790/639/790 612/631/612
f 284/646/284 282/998/282 288/650/288
f 793/1008/793 791/1007/791 283/633/283
vt 0.414783 0.208023
f 794/2147/794 791/1007/791 793/1008/793
f 792/656/792 285/645/285 284/646/284
vt 0.410195 0.205829
f 796/2148/796 791/1007/791 794/2147/794
f 795/1009/795 791/1007/791 796/2148/796
vt 0.427145 0.348991
vt 0.434918 0.350180
vt 0.433550 0.356547
f 794/2149/794 793/2150/793 798/2151/798
vt 0.166716 0.696211
vt 0.167586 0.691437
vt 0.169950 0.694998
f 799/2152/799 796/2153/796 794/2154/794
vt 0.416515 0.348662
vt 0.416250 0.344155
vt 0.418462 0.346770
f 800/2155/800 795/2156/795 796/2157/796
vt 0.401578 0.205822
f 615/672/615 795/1009/795 802/2158/802
vt 0.439028 0.222263
f 803/2159/803 792/656/792 284/646/284
f 799/1843/799 794/2149/794 798/2151/798
vt 0.165663 0.691728
f 799/2152/799 800/2160/800 796/2153/796
f 800/2155/800 802/711/802 795/2156/795
f 797/649/797 803/2159/803 284/646/284
vt 0.451400 0.366221
vt 0.446020 0.355726
f 803/2161/803 798/2151/798 792/2162/792
f 804/1844/804 799/1843/799 798/2151/798
vt 0.405562 0.348763
f 808/2163/808 802/711/802 800/2155/800
vt 0.450430 0.236231
f 811/2164/811 803/2159/803 797/649/797
f 622/1842/622 800/2155/800 799/1843/799
f 801/1850/801 800/2155/800 622/1842/622
f 808/2163/808 800/2155/800 801/1850/801
vt 0.406562 0.358132
f 810/2165/810 808/2163/808 801/1850/801
f 823/1041/823 811/2164/811 797/649/797
vt 0.450287 0.377319
f 807/2166/807 798/2151/798 803/2161/803
f 823/1041/823 797/649/797 818/689/818
vt 0.388642 0.339132
f 1397/2167/1397 617/710/617 819/709/819
f 809/1864/809 798/2151/798 807/2166/807
vt 0.142453 0.660712
f 1397/2168/1397 619/1847/619 617/683/617
vt 0.441715 0.237060
f 811/2164/811 807/2169/807 803/2159/803
f 812/1849/812 810/2165/810 801/1850/801
f 808/2163/808 819/709/819 802/711/802
vt 0.387691 0.353549
f 820/2170/820 1397/2167/1397 819/709/819
f 813/738/813 181/721/181 805/704/805
vt 0.896553 0.011857
f 813/738/813 814/2171/814 181/721/181
vt 0.451386 0.386177
f 809/1864/809 807/2166/807 816/2172/816
f 804/1844/804 798/2151/798 809/1864/809
vt 0.141600 0.653835
f 1397/2168/1397 623/2173/623 619/1847/619
vt 0.455631 0.381816
f 816/2172/816 807/2166/807 811/2174/811
f 625/1851/625 804/1844/804 809/1864/809
f 815/1857/815 808/2163/808 810/2165/810
f 821/1039/821 823/1041/823 818/689/818
vt 0.440445 0.250687
f 816/2175/816 811/2164/811 823/1041/823
f 815/1857/815 810/2165/810 812/1849/812
f 815/1857/815 819/709/819 808/2163/808
f 825/1047/825 818/689/818 806/720/806
vt 0.890744 0.014030
f 817/755/817 814/2176/814 813/738/813
vt 0.393822 0.356593
f 822/2177/822 819/709/819 815/1857/815
f 821/1039/821 818/689/818 825/1047/825
vt 0.384067 0.345945
vt 0.385755 0.342915
f 1399/2178/1399 1397/2179/1397 820/2170/820
vt 0.139471 0.660212
vt 0.126873 0.668235
f 1400/1895/1400 1397/2180/1397 1399/2181/1399
f 831/1037/831 825/1047/825 806/720/806
vt 0.446392 0.392169
vt 0.449779 0.387215
f 826/2182/826 809/1864/809 816/2183/816
f 820/2170/820 819/709/819 822/2177/822
f 826/2182/826 830/1865/830 809/1864/809
vt 0.439332 0.259373
f 826/2184/826 816/2175/816 823/1041/823
vt 0.455598 0.267720
f 826/2184/826 823/1041/823 834/2185/834
f 822/2177/822 815/1857/815 829/1874/829
vt 0.439057 0.274811
vt 0.425711 0.264177
f 847/2186/847 830/2187/830 826/2184/826
vt 0.385961 0.357922
vt 0.383491 0.350274
f 650/2188/650 1399/2189/1399 820/2170/820
vt 0.880133 0.046615
f 838/2190/838 827/736/827 1402/1897/1402
f 837/1880/837 625/1851/625 830/1865/830
f 834/2185/834 823/1041/823 839/1040/839
f 842/1936/842 830/2187/830 847/2186/847
f 835/774/835 200/754/200 827/736/827
f 847/2186/847 826/2184/826 834/2185/834
f 832/1902/832 822/2177/822 829/1874/829
f 835/774/835 827/736/827 838/2190/838
vt 0.417091 0.268497
f 837/2191/837 830/2187/830 842/1936/842
f 832/1902/832 820/2170/820 822/2177/822
f 1405/1914/1405 838/2190/838 1402/1897/1402
vt 0.137573 0.503487
vt 0.153698 0.517747
f 998/2192/998 996/2193/996 988/1859/988
vt 0.421317 0.395080
vt 0.424258 0.396180
f 843/2194/843 833/1860/833 837/2195/837
f 832/1902/832 650/2188/650 820/2170/820
f 657/1886/657 998/2192/998 988/1859/988
vt 0.472872 0.278206
f 834/2185/834 839/1040/839 845/2196/845
vt 0.415870 0.393655
vt 0.418556 0.394857
f 1410/2197/1410 833/1860/833 843/2198/843
vt 0.865699 0.047591
f 848/2199/848 835/774/835 838/2190/838
f 851/797/851 835/774/835 848/2199/848
f 836/1892/836 833/1860/833 1410/2197/1410
vt 0.412735 0.276097
f 843/2200/843 837/2191/837 842/1936/842
vt 0.877063 0.061211
f 841/2201/841 838/2190/838 1405/1914/1405
f 841/2201/841 848/2199/848 838/2190/838
vt 0.456973 0.290010
f 845/2196/845 853/2202/853 834/2185/834
f 847/2186/847 834/2185/834 853/2202/853
f 1411/1911/1411 836/1913/836 1410/1932/1410
vt 0.714162 0.369870
f 858/1930/858 658/1925/658 844/2203/844
vt 0.095056 0.476573
f 849/2204/849 656/1885/656 659/1920/659
vt 0.491703 0.279042
f 1741/2205/1741 845/2196/845 839/1040/839
f 846/1935/846 843/2200/843 842/1936/842
f 1534/1940/1534 841/2201/841 1405/1914/1405
f 225/837/225 857/1919/857 840/1891/840
f 849/2204/849 661/1905/661 656/1885/656
f 839/1040/839 854/1046/854 1741/2205/1741
vt 0.859778 0.054967
vt 0.860599 0.060471
f 855/2206/855 848/2199/848 869/2207/869
vt 0.055482 0.472090
f 866/2208/866 844/1901/844 857/1919/857
vt 0.103110 0.477553
f 850/2209/850 661/1905/661 849/2204/849
f 850/2209/850 663/1921/663 661/1905/661
vt 0.435818 0.300252
f 1409/2210/1409 842/1936/842 847/2186/847
vt 0.714254 0.358064
f 858/1930/858 844/2203/844 866/2211/866
vt 0.717480 0.395480
f 859/1923/859 849/2212/849 659/1924/659
f 862/1922/862 998/2192/998 657/1886/657
f 851/797/851 848/2199/848 855/2206/855
f 864/836/864 857/1919/857 225/837/225
vt 0.721577 0.402735
f 860/2213/860 849/2212/849 859/1923/859
vt 0.718546 0.400353
f 860/2213/860 850/2214/850 849/2212/849
vt 0.118051 0.474791
f 861/2215/861 663/1921/663 850/2209/850
f 1409/2210/1409 847/2186/847 853/2202/853
f 851/797/851 855/2206/855 856/834/856
f 852/816/852 851/797/851 856/834/856
vt 0.743223 0.371849
f 876/2216/876 859/1923/859 858/1930/858
vt 0.187657 0.526811
vt 0.186294 0.535302
f 1739/2217/1739 1003/2218/1003 996/2193/996
vt 0.855825 0.045270
vt 0.857736 0.042582
f 669/2219/669 222/2220/222 852/816/852
f 865/1968/865 858/1930/858 866/2211/866
vt 0.745744 0.394790
f 887/2221/887 859/1923/859 876/2216/876
vt 0.110718 0.474190
vt 0.105679 0.474962
f 867/2222/867 850/2209/850 860/2223/860
f 861/2215/861 850/2209/850 867/2222/867
f 862/1922/862 663/1921/663 861/2215/861
f 227/833/227 855/2206/855 869/2207/869
f 227/833/227 856/834/856 855/2206/855
vt 0.044305 0.469584
f 866/2224/866 857/1919/857 864/836/864
vt 0.734386 0.403896
f 872/2225/872 860/2213/860 859/1923/859
vt 0.116140 0.758470
f 1536/1939/1536 846/1931/846 1535/2226/1535
f 876/2216/876 858/1930/858 865/1968/865
f 887/2221/887 872/2225/872 859/1923/859
vt 0.130834 0.473599
f 868/2227/868 862/1922/862 861/2215/861
vt 0.182615 0.513147
f 878/2228/878 1739/2217/1739 996/2193/996
vt 0.477867 0.300800
f 1746/2229/1746 845/2196/845 1741/2205/1741
vt 0.452975 0.305717
f 1748/2230/1748 1409/2210/1409 853/2202/853
vt 0.712354 0.350811
f 870/842/870 866/2211/866 864/2231/864
vt 0.630845 0.366659
vt 0.633961 0.372909
vt 0.631965 0.373231
f 868/2232/868 861/2233/861 867/2234/867
vt 0.628098 0.365062
f 873/2235/873 868/2232/868 867/2234/867
vt 0.169670 0.497851
f 878/2228/878 996/2193/996 1002/2236/1002
f 1746/2229/1746 853/2202/853 845/2196/845
vt 0.863991 0.076175
f 869/2207/869 841/2201/841 875/2237/875
f 865/1968/865 866/2211/866 870/842/870
vt 0.500246 0.290744
f 1743/2238/1743 1746/2229/1746 1741/2205/1741
f 882/841/882 227/833/227 869/2207/869
vt 0.723244 0.412170
f 872/2225/872 867/2239/867 860/2213/860
vt 0.731175 0.414000
f 874/2240/874 867/2239/867 872/2225/872
vt 0.136813 0.472484
vt 0.142116 0.473446
f 873/2241/873 881/2242/881 868/2227/868
f 682/449/682 668/830/668 863/450/863
f 682/449/682 871/857/871 668/830/668
vt 0.623708 0.373699
f 874/2243/874 873/2235/873 867/2234/867
vt 0.627636 0.359351
vt 0.625511 0.360684
f 881/2244/881 873/2235/873 885/2245/885
f 888/1975/888 876/2216/876 865/1968/865
vt 0.736330 0.410903
f 880/2246/880 874/2240/874 872/2225/872
vt 0.615657 0.363952
f 883/2247/883 885/2245/885 873/2235/873
vt 0.852331 0.082209
f 889/2248/889 869/2207/869 875/2237/875
vt 0.125648 0.466781
vt 0.122157 0.468152
vt 0.111311 0.467271
f 877/2249/877 874/2250/874 880/2251/880
f 883/2247/883 873/2235/873 874/2243/874
f 894/1114/894 1739/2217/1739 878/2228/878
f 889/2248/889 882/841/882 869/2207/869
vt 0.744099 0.404983
f 1020/2252/1020 872/2225/872 887/2221/887
f 1020/2252/1020 880/2246/880 872/2225/872
f 894/1114/894 1002/2236/1002 1047/1115/1047
f 894/1114/894 878/2228/878 1002/2236/1002
vt 0.116646 0.462533
vt 0.106859 0.464632
f 1022/2253/1022 880/2251/880 1020/2254/1020
vt 0.126349 0.461355
f 1747/2255/1747 880/2251/880 1022/2253/1022
f 1747/2255/1747 877/2249/877 880/2251/880
vt 0.135349 0.465932
f 883/2256/883 877/2249/877 1747/2255/1747
vt 0.624859 0.352901
f 1021/2257/1021 881/2244/881 885/2245/885
vt 0.155227 0.473570
vt 0.154333 0.469693
f 1015/2258/1015 881/2242/881 1021/2259/1021
vt 0.228414 0.533900
f 1035/2260/1035 1739/2217/1739 894/1114/894
f 897/1980/897 1541/1965/1541 879/1962/879
vt 0.846937 0.075968
f 884/855/884 882/841/882 886/2261/886
vt 0.758097 0.388718
f 887/2221/887 876/2216/876 896/2262/896
vt 0.619382 0.347658
f 1033/2263/1033 1021/2257/1021 885/2245/885
f 886/2261/886 882/841/882 889/2248/889
vt 0.748711 0.406546
f 1026/2264/1026 1020/2252/1020 887/2221/887
vt 0.846845 0.079758
f 890/2265/890 886/2261/886 889/2248/889
f 1033/2263/1033 885/2245/885 883/2247/883
vt 0.106717 0.641178
f 891/1986/891 884/856/884 886/2266/886
vt 0.764453 0.380225
f 905/2267/905 896/2262/896 876/2216/876
vt 0.610138 0.346376
f 1045/2268/1045 1033/2263/1033 883/2247/883
vt 0.844783 0.085740
f 899/2269/899 890/2265/890 889/2248/889
vt 0.102098 0.642409
f 891/1986/891 886/2266/886 890/2270/890
f 902/890/902 876/2216/876 888/1975/888
f 905/2267/905 876/2216/876 902/890/902
vt 0.755998 0.406758
f 893/2271/893 1026/2264/1026 887/2221/887
vt 0.606940 0.384328
vt 0.613092 0.385384
vt 0.610115 0.386483
f 1038/2272/1038 1026/2273/1026 893/2274/893
vt 0.846133 0.087964
f 899/2269/899 889/2248/889 903/2275/903
f 892/869/892 871/857/871 240/480/240
f 896/2262/896 893/2271/893 887/2221/887
f 900/1997/900 897/1980/897 1427/1973/1427
vt 0.269323 0.517473
f 1086/2276/1086 1035/2260/1035 894/1114/894
vt 0.844551 0.080277
f 891/2277/891 890/2265/890 899/2269/899
vt 0.091521 0.644853
f 1431/25/1431 891/1986/891 899/2278/899
f 913/2017/913 893/2271/893 896/2262/896
vt 0.600667 0.376360
vt 0.599620 0.373334
vt 0.609105 0.381035
f 895/2279/895 1757/2280/1757 1750/2281/1750
vt 0.852414 0.093002
f 903/2275/903 889/2248/889 1552/2282/1552
f 696/1981/696 1431/25/1431 1428/22/1428
f 908/2018/908 913/2017/913 896/2262/896
vt 0.848670 0.095804
vt 0.850989 0.096587
f 906/2283/906 1552/2282/1552 898/2284/898
vt 0.847641 0.093711
f 903/2275/903 1552/2282/1552 904/2285/904
f 911/889/911 905/2267/905 902/890/902
vt 0.761659 0.424168
f 913/2017/913 1763/2286/1763 893/2271/893
vt 0.826687 0.093823
vt 0.821962 0.100100
vt 0.809190 0.082610
f 910/2287/910 898/2288/898 1562/2289/1562
f 904/2285/904 1552/2282/1552 906/2283/906
vt 0.086510 0.646687
vt 0.087941 0.643863
f 899/2278/899 903/2290/903 901/2291/901
vt 0.773343 0.389949
f 896/2262/896 905/2267/905 909/2292/909
f 908/2018/908 896/2262/896 909/2292/909
vt 0.039736 0.657885
vt 0.059249 0.662008
f 916/2293/916 1556/2294/1556 900/1997/900
vt 0.827562 0.097270
f 907/2295/907 898/2288/898 910/2287/910
vt 0.069435 0.645196
vt 0.077733 0.647968
vt 0.069522 0.648453
f 1433/2296/1433 904/2297/904 906/2298/906
f 1433/2296/1433 903/2290/903 904/2297/904
f 901/2291/901 903/2290/903 1433/2296/1433
vt 0.826207 0.099076
f 906/2299/906 898/2288/898 907/2295/907
vt 0.036932 0.660744
f 1445/2300/1445 916/2293/916 900/1997/900
vt 0.778655 0.383454
f 914/2301/914 909/2292/909 905/2267/905
vt 0.056174 0.645518
f 1433/2296/1433 906/2298/906 907/2302/907
f 914/2301/914 905/2267/905 911/889/911
vt 0.775810 0.403637
f 915/2303/915 908/2018/908 909/2292/909
vt 0.765314 0.436007
vt 0.768288 0.432888
f 1769/2304/1769 1763/2286/1763 1768/2305/1768
vt 0.774673 0.425246
f 1062/2306/1062 913/2017/913 912/2016/912
f 1768/2305/1768 1763/2286/1763 913/2017/913
vt 0.831933 0.089590
vt 0.830853 0.083161
f 1441/2307/1441 910/2287/910 1570/2308/1570
vt 0.077791 0.445323
vt 0.071057 0.441287
f 915/2023/915 909/2309/909 914/2310/914
vt 0.790658 0.058272
vt 0.790136 0.066902
vt 0.787575 0.064371
f 1448/2311/1448 916/2312/916 1445/2313/1445
vt 0.831207 0.093618
f 907/2314/907 910/2287/910 1441/2307/1441
f 256/903/256 914/2301/914 911/889/911
vt 0.771700 0.430830
f 1768/2305/1768 913/2017/913 1062/2315/1062
vt 0.085448 0.432002
f 925/2316/925 915/2023/915 914/2310/914
f 917/2030/917 915/2023/915 925/2316/925
vt 0.796049 0.063044
f 1564/2317/1564 916/2312/916 1448/2311/1448
vt 0.834537 0.084362
f 919/2318/919 1441/2307/1441 1570/2308/1570
f 256/917/256 924/921/924 914/2310/914
vt 0.127199 0.450298
vt 0.114145 0.438020
f 1062/2319/1062 912/2021/912 920/2320/920
vt 0.041803 0.640077
vt 0.046947 0.643185
vt 0.040034 0.641521
f 918/2321/918 1441/2322/1441 919/2323/919
f 920/2320/920 912/2021/912 917/2030/917
vt 0.140488 0.443663
f 1081/2324/1081 1062/2319/1062 920/2320/920
vt 0.797854 0.045966
f 936/2325/936 1564/2317/1564 1448/2311/1448
vt 0.034273 0.635614
vt 0.036399 0.640082
f 921/2326/921 918/2321/918 919/2327/919
f 925/2316/925 914/2310/914 924/921/924
vt 0.102870 0.430633
f 920/2320/920 917/2030/917 928/2328/928
vt 0.032391 0.637492
f 923/2329/923 921/2326/921 919/2327/919
f 928/2328/928 917/2030/917 925/2316/925
vt 0.835665 0.079168
f 923/2330/923 919/2318/919 1570/2308/1570
vt 0.163391 0.443887
vt 0.162866 0.450770
f 1088/2331/1088 1071/2332/1071 1081/2324/1081
f 936/2325/936 1448/2311/1448 1460/69/1460
vt 0.204919 0.452730
f 1065/2333/1065 932/1113/932 1047/1115/1047
vt 0.832358 0.069337
f 923/2330/923 1570/2308/1570 922/2334/922
f 926/1127/926 920/2320/920 928/2328/928
f 1081/2324/1081 920/2320/920 926/1127/926
vt 0.093138 0.419739
f 929/2335/929 928/2328/928 925/2316/925
f 747/2060/747 925/2316/925 924/921/924
f 930/1137/930 926/1127/926 928/2328/928
f 926/1127/926 1091/1129/1091 1081/2324/1081
vt 0.086690 0.421291
f 929/2335/929 925/2316/925 927/2336/927
f 345/1128/345 926/1127/926 930/1137/930
f 352/1170/352 932/1113/932 1065/2333/1065
f 927/2336/927 925/2316/925 747/2060/747
f 930/1137/930 928/2328/928 929/2335/929
f 347/1139/347 348/1150/348 1091/1129/1091
f 20/68/20 936/2325/936 1460/69/1460
f 929/947/929 927/2066/927 2065/937/2065
vt 0.102084 0.416406
f 935/2337/935 930/1137/930 929/2335/929
f 1114/1160/1114 1100/1131/1100 933/1130/933
f 1085/1162/1085 352/1170/352 1065/2333/1065
vt 0.098372 0.416678
f 935/2337/935 929/2335/929 934/2338/934
f 942/1161/942 352/1170/352 1085/1162/1085
vt 0.478010 0.751737
vt 0.467781 0.757969
vt 0.471593 0.748707
f 937/2339/937 1097/2340/1097 939/2341/939
f 20/68/20 931/91/931 936/2325/936
vt 0.499828 0.750172
vt 0.495517 0.760215
f 1593/2342/1593 1094/2343/1094 937/2339/937
vt 0.255768 0.498710
f 947/1246/947 1118/2344/1118 932/1113/932
vt 0.479022 0.747382
f 1593/2342/1593 937/2339/937 939/2345/939
vt 0.522739 0.752334
f 1603/2346/1603 1094/2343/1094 1593/2342/1593
f 941/1201/941 943/1163/943 1114/1160/1114
f 938/1210/938 943/1163/943 941/1201/941
vt 0.486125 0.746070
f 1593/2342/1593 939/2345/939 940/2347/940
f 941/1201/941 1114/1160/1114 361/1202/361
f 945/1169/945 947/1246/947 932/1113/932
vt 0.279845 0.557778
vt 0.272957 0.550238
vt 0.286747 0.546769
f 940/2348/940 939/2349/939 950/2350/950
vt 0.290892 0.533835
vt 0.274358 0.535335
vt 0.293325 0.523636
f 1127/2351/1127 1124/2352/1124 1132/2353/1132
vt 0.497059 0.746453
f 944/2354/944 1593/2342/1593 940/2347/940
vt 0.283331 0.567340
vt 0.273199 0.567178
f 951/2355/951 944/2356/944 940/2348/940
vt 0.277645 0.571651
f 948/2357/948 944/2356/944 951/2355/951
vt 0.507096 0.745886
vt 0.503037 0.746365
f 948/2358/948 1593/2342/1593 944/2359/944
f 947/1246/947 1131/1245/1131 1118/2344/1118
vt 0.509821 0.746476
f 946/2360/946 1593/2342/1593 948/2358/948
vt 0.517443 0.746776
f 946/2361/946 1603/2346/1603 1593/2342/1593
f 385/1236/385 947/1246/947 945/1169/945
vt 0.524574 0.746475
vt 0.529316 0.746964
f 946/2362/946 949/2363/949 1603/2346/1603
vt 0.545926 0.746906
vt 0.539651 0.756660
f 1851/2364/1851 1605/2365/1605 1603/2346/1603
vt 0.299728 0.562581
f 954/2366/954 940/2348/940 950/2350/950
vt 0.305374 0.551209
vt 0.309240 0.541482
f 952/2367/952 950/2350/950 1136/2368/1136
f 951/2355/951 940/2348/940 954/2366/954
vt 0.061776 0.954897
vt 0.070160 0.963163
vt 0.063826 0.967008
f 1626/2369/1626 946/2370/946 948/2371/948
vt 0.702447 0.096197
vt 0.723665 0.102399
vt 0.707206 0.115944
f 1850/2372/1850 1608/2373/1608 1833/2374/1833
f 1851/2364/1851 1603/2346/1603 949/2363/949
vt 0.293941 0.573476
f 1654/2375/1654 951/2355/951 954/2366/954
vt 0.059471 0.962564
f 953/2376/953 1626/2369/1626 948/2371/948
vt 0.074192 0.954644
f 949/2377/949 946/2370/946 1626/2369/1626
vt 0.707215 0.083596
f 1619/2378/1619 1608/2373/1608 1850/2372/1850
f 954/2366/954 950/2350/950 952/2367/952
vt 0.281447 0.575756
f 953/2379/953 948/2357/948 951/2355/951
vt 0.287351 0.579462
f 955/2380/955 953/2379/953 951/2355/951
f 955/2380/955 951/2355/951 1654/2375/1654
f 395/1272/395 947/1246/947 385/1236/385
f 389/1244/389 947/1246/947 395/1272/395
vt 0.053428 0.961513
f 955/2381/955 1626/2369/1626 953/2376/953
vt 0.318765 0.556628
f 952/2367/952 1136/2368/1136 1148/2382/1148
f 1148/2382/1148 954/2366/954 952/2367/952
vt 0.320397 0.590265
vt 0.323854 0.581577
f 958/2383/958 954/2366/954 956/2384/956
vt 0.326214 0.546155
f 957/1305/957 1148/2382/1148 1875/2385/1875
f 957/1305/957 956/2384/956 1148/2382/1148
vt 0.315788 0.597983
vt 0.307097 0.596122
f 1670/2386/1670 1667/2387/1667 1654/2375/1654
vt 0.334682 0.554487
f 1886/2388/1886 957/1305/957 1875/2385/1875
vt 0.327635 0.591877
f 1675/2389/1675 958/2383/958 956/2384/956
f 959/1308/959 956/2384/956 957/1305/957
f 1675/2389/1675 956/2384/956 959/1308/959
vt 0.325656 0.602286
f 1901/2390/1901 1670/2386/1670 958/2383/958
f 1901/2390/1901 958/2383/958 1675/2389/1675
vt 0.813073 0.518575
vt 0.818521 0.522651
f 410/2391/410 1908/1472/1908 959/2392/959
vt 0.321346 0.603176
f 1682/2393/1682 1670/2386/1670 1901/2390/1901
f 1908/1472/1908 410/2391/410 1907/1473/1907
vt 0.046886 0.901237
vt 0.058288 0.915776
vt 0.043876 0.920644
f 1935/2394/1935 1895/2395/1895 1916/2396/1916
vt 0.012067 0.968389
vt 0.020242 0.969629
vt 0.012010 0.973193
f 1695/2397/1695 1682/2398/1682 1901/2399/1901
vt 0.014729 0.946903
vt 0.024552 0.924943
vt 0.029051 0.938475
f 1699/2400/1699 961/2401/961 1693/2402/1693
vt 0.034420 0.912362
f 1923/2403/1923 1693/2402/1693 961/2401/961
vt 0.861292 0.514784
vt 0.863529 0.523332
vt 0.858215 0.523483
f 1707/2404/1707 1698/2405/1698 1697/2406/1697
vt 0.010002 0.938335
vt 0.009542 0.948262
f 1168/2407/1168 1699/2400/1699 1702/2408/1702
f 961/2401/961 1699/2400/1699 1168/2407/1168
vt 0.760877 0.473817
vt 0.757836 0.484277
f 1718/316/1718 1494/2409/1494 1710/2410/1710
f 1498/295/1498 1494/2409/1494 1718/316/1718
f 1718/316/1718 1724/296/1724 1498/295/1498
vt 0.005783 0.948852
vt 0.006242 0.950974
f 962/2411/962 1702/2408/1702 1706/2412/1706
vt 0.021673 0.913166
f 1168/2407/1168 1170/2413/1170 961/2401/961
vt 0.005297 0.941711
f 962/2414/962 1168/2407/1168 1702/2408/1702
f 1170/2413/1170 1923/2403/1923 961/2401/961
vt 0.892444 0.496064
vt 0.892941 0.500222
vt 0.880405 0.507407
f 1171/2415/1171 1168/2416/1168 962/2417/962
vt 0.243589 0.865504
vt 0.249373 0.869319
vt 0.236563 0.868117
f 1505/2418/1505 1716/2419/1716 1719/2420/1719
vt 0.764131 0.511684
f 965/2126/965 1715/2125/1715 1505/2421/1505
vt 0.764185 0.519492
f 964/2129/964 965/2126/965 1507/2422/1507
vt 0.218908 0.861966
vt 0.227790 0.864426
vt 0.215559 0.863490
f 963/2423/963 1508/2424/1508 1176/2425/1176
vt 0.216637 0.861017
f 1511/2426/1511 963/2423/963 1176/2425/1176
vt 0.821934 0.602731
vt 0.821263 0.606042
vt 0.820187 0.604494
f 963/2427/963 1507/2428/1507 1508/2429/1508
vt 0.823619 0.607043
f 967/2430/967 1507/2428/1507 963/2427/963
vt 0.761426 0.521824
f 967/2431/967 964/2129/964 1507/2422/1507
f 1721/2127/1721 965/2126/965 787/2128/787
vt 0.820515 0.597680
vt 0.824590 0.599810
f 963/2427/963 1511/2432/1511 968/2433/968
f 968/2433/968 967/2430/967 963/2427/963
f 787/2128/787 964/2129/964 967/2431/967
vt 0.823500 0.587446
vt 0.820306 0.591417
vt 0.820958 0.587226
f 970/2434/970 1179/2435/1179 1181/2436/1181
vt 0.827830 0.607227
f 966/2437/966 967/2430/967 968/2433/968
f 787/2128/787 967/2431/967 966/2133/966
vt 0.829871 0.600445
f 969/2438/969 968/2433/968 970/2434/970
vt 0.754943 0.534916
vt 0.756829 0.529124
f 969/2439/969 966/2133/966 968/2440/968
vt 0.835498 0.596512
f 1194/2441/1194 969/2438/969 970/2434/970
f 966/2133/966 969/2439/969 974/2134/974
vt 0.825335 0.577292
f 971/1515/971 970/2434/970 1191/2442/1191
f 973/1513/973 971/1515/971 1191/2442/1191
f 1194/2441/1194 970/2434/970 971/1515/971
vt 0.750222 0.540534
f 974/2134/974 969/2439/969 1194/2443/1194
f 1196/1646/1196 1188/1630/1188 1195/1629/1195
vt 0.827151 0.564462
f 1193/2444/1193 973/1513/973 1191/2442/1191
f 1198/1514/1198 1194/2441/1194 971/1515/971
vt 0.745258 0.541924
f 974/2134/974 1194/2443/1194 1197/2445/1197
f 535/1510/535 1193/2444/1193 1196/1646/1196
f 972/1509/972 973/1513/973 1193/2444/1193
f 1201/2138/1201 974/2134/974 1197/2445/1197
f 972/1509/972 1193/2444/1193 535/1510/535
vt 0.848950 0.600471
vt 0.842130 0.599680
vt 0.848705 0.593885
f 1201/2446/1201 1197/2447/1197 1199/2448/1199
vt 0.854621 0.584764
f 1209/2449/1209 1198/1514/1198 477/1512/477
vt 0.853554 0.591632
f 1205/2450/1205 1199/2448/1199 1198/1514/1198
f 1205/2450/1205 1198/1514/1198 1209/2449/1209
f 1209/2449/1209 477/1512/477 480/1518/480
vt 0.721538 0.546415
vt 0.724421 0.552538
f 1733/2451/1733 1203/2139/1203 1208/2452/1208
f 976/2141/976 1203/2139/1203 1733/2451/1733
f 307/717/307 306/715/306 977/714/977
f 982/1846/982 977/714/977 618/716/618
vt 0.131448 0.532586
f 985/2453/985 978/718/978 977/714/977
vt 0.128709 0.527989
f 985/2453/985 977/714/977 984/2454/984
f 984/2454/984 977/714/977 982/1846/982
vt 0.126601 0.535385
f 979/2455/979 978/718/978 985/2453/985
vt 0.130908 0.535449
f 980/2456/980 979/2455/979 985/2453/985
vt 0.134587 0.537501
vt 0.131317 0.537738
f 983/2457/983 981/2458/981 980/2456/980
f 983/2457/983 980/2456/980 985/2453/985
vt 0.141164 0.537901
vt 0.137418 0.538910
f 986/2459/986 313/2460/313 983/2457/983
f 986/2459/986 983/2457/983 985/2453/985
vt 0.142725 0.541122
vt 0.139513 0.540174
f 986/2459/986 987/2461/987 313/2462/313
f 988/1859/988 984/2454/984 982/1846/982
vt 0.143241 0.535012
f 990/2463/990 986/2459/986 985/2453/985
f 990/2463/990 985/2453/985 984/2454/984
vt 0.153116 0.541077
f 991/2464/991 986/2459/986 990/2463/990
vt 0.148173 0.541972
f 989/2465/989 987/2461/987 986/2459/986
vt 0.823225 0.865531
f 989/2466/989 316/1034/316 987/1035/987
f 996/2193/996 984/2454/984 988/1859/988
f 989/2465/989 986/2459/986 991/2464/991
vt 0.155755 0.532359
f 992/2467/992 990/2463/990 984/2454/984
f 996/2193/996 992/2467/992 984/2454/984
f 991/2464/991 990/2463/990 992/2467/992
f 316/1051/316 989/2465/989 991/2464/991
f 993/1049/993 316/1051/316 991/2464/991
vt 0.166931 0.540725
f 994/2468/994 991/2464/991 992/2467/992
vt 0.166751 0.545380
f 997/2469/997 993/1049/993 991/2464/991
f 997/2469/997 991/2464/991 994/2468/994
f 1003/2218/1003 992/2467/992 996/2193/996
f 994/2468/994 992/2467/992 1003/2218/1003
f 995/1067/995 993/1049/993 997/2469/997
vt 0.179621 0.554076
f 999/2470/999 995/1067/995 997/2469/997
f 1000/1079/1000 995/1067/995 999/2470/999
f 1002/2236/1002 996/2193/996 998/2192/998
vt 0.182024 0.548325
f 1740/2471/1740 997/2469/997 994/2468/994
f 999/2470/999 997/2469/997 1740/2471/1740
vt 0.528385 0.269295
f 1014/2472/1014 336/1052/336 340/1074/340
f 1742/1089/1742 1741/2205/1741 854/1046/854
vt 0.145501 0.478245
f 1005/2473/1005 998/2192/998 862/1922/862
vt 0.782659 0.161432
f 1001/2474/1001 1004/1090/1004 1000/1087/1000
f 1014/2472/1014 1742/1089/1742 336/1052/336
f 1002/2236/1002 998/2192/998 1005/2473/1005
vt 0.185850 0.556414
f 1007/2475/1007 999/2470/999 1740/2471/1740
vt 0.183445 0.560232
f 1001/2476/1001 1000/1079/1000 999/2470/999
vt 0.184919 0.558757
f 1006/2477/1006 1001/2476/1001 999/2470/999
vt 0.784375 0.162512
f 1012/2478/1012 1004/1090/1004 1001/2474/1001
f 881/2242/881 862/1922/862 868/2227/868
vt 0.187049 0.554307
f 1009/2479/1009 1007/2475/1007 1740/2471/1740
f 1006/2477/1006 999/2470/999 1007/2475/1007
vt 0.827784 0.641835
vt 0.830505 0.644372
vt 0.825354 0.644604
f 1006/2480/1006 1012/2481/1012 1001/2482/1001
vt 0.544070 0.254015
f 1014/2472/1014 340/1074/340 1017/2483/1017
vt 0.191283 0.553324
f 1009/2479/1009 1740/2471/1740 1745/2484/1745
vt 0.788183 0.164053
f 1012/2485/1012 1010/1092/1010 1004/1090/1004
f 1005/2473/1005 862/1922/862 881/2242/881
f 1015/2258/1015 1002/2236/1002 1005/2473/1005
vt 0.200006 0.554643
f 1745/2484/1745 1740/2471/1740 1752/2486/1752
vt 0.826736 0.638131
vt 0.823789 0.640884
f 1009/2487/1009 1006/2480/1006 1007/2488/1007
vt 0.836047 0.638681
f 1016/2489/1016 1012/2481/1012 1006/2480/1006
f 881/2242/881 1015/2258/1015 1005/2473/1005
vt 0.834489 0.646594
vt 0.832683 0.645702
f 1018/1101/1018 1008/2490/1008 1010/2491/1010
vt 0.795318 0.169043
f 1019/1095/1019 1008/1091/1008 1018/2492/1018
vt 0.832942 0.636154
vt 0.824070 0.634427
f 1011/2493/1011 1009/2487/1009 1745/2494/1745
f 1011/2493/1011 1006/2480/1006 1009/2487/1009
f 1011/2493/1011 1016/2489/1016 1006/2480/1006
vt 0.840478 0.640653
f 1024/2495/1024 1010/2491/1010 1012/2481/1012
f 1024/2495/1024 1018/1101/1018 1010/2491/1010
vt 0.618955 0.372958
f 883/2247/883 874/2243/874 877/2496/877
vt 0.164797 0.468917
f 1002/2236/1002 1015/2258/1015 1039/2497/1039
vt 0.548085 0.249229
f 1032/2498/1032 1017/2483/1017 340/1074/340
vt 0.544344 0.258469
vt 0.538975 0.267764
f 1040/2499/1040 1029/2500/1029 1017/2483/1017
f 1014/2472/1014 1017/2483/1017 1029/2500/1029
vt 0.836206 0.629531
f 1031/2501/1031 1011/2493/1011 1745/2494/1745
vt 0.841205 0.634053
f 1027/2502/1027 1016/2489/1016 1011/2493/1011
f 1024/2495/1024 1012/2481/1012 1016/2489/1016
vt 0.625448 0.200322
vt 0.617577 0.198594
vt 0.621986 0.190004
f 1032/2503/1032 1013/2504/1013 1036/2505/1036
vt 0.550767 0.244464
f 1032/2506/1032 340/1074/340 1013/1094/1013
f 1027/2502/1027 1024/2495/1024 1016/2489/1016
vt 0.630656 0.214518
vt 0.622968 0.212286
f 1032/2503/1032 1040/2507/1040 1017/2508/1017
f 1039/2497/1039 1015/2258/1015 1021/2259/1021
vt 0.220590 0.545919
f 1751/2509/1751 1739/2217/1739 1035/2260/1035
f 1028/1099/1028 1018/1101/1018 1024/2495/1024
f 483/1106/483 1019/1100/1019 1028/1099/1028
vt 0.523018 0.286466
f 1743/2238/1743 1742/1089/1742 1025/2510/1025
vt 0.613736 0.377461
vt 0.617987 0.384122
f 1026/2273/1026 1022/2511/1022 1020/2512/1020
vt 0.139007 0.463494
f 1747/2255/1747 1023/2513/1023 883/2256/883
vt 0.161473 0.466724
vt 0.158636 0.467549
f 1030/2514/1030 1021/2259/1021 1033/2515/1033
f 1030/2514/1030 1039/2497/1039 1021/2259/1021
vt 0.826353 0.629434
f 1031/2501/1031 1745/2494/1745 1752/2516/1752
f 1028/1099/1028 1024/2495/1024 1027/2502/1027
vt 0.532836 0.277141
f 1037/2517/1037 1014/2472/1014 1029/2500/1029
f 1750/2281/1750 1022/2511/1022 1026/2273/1026
vt 0.610564 0.372538
f 1750/2281/1750 1747/2518/1747 1022/2511/1022
vt 0.606076 0.356198
vt 0.607034 0.365171
f 1044/2519/1044 883/2247/883 1023/2520/1023
vt 0.179702 0.465407
f 1043/2521/1043 1002/2236/1002 1039/2497/1039
vt 0.832142 0.625931
f 1049/2522/1049 1031/2501/1031 1752/2516/1752
f 1052/1385/1052 1036/1098/1036 438/1097/438
vt 0.528305 0.282263
f 1025/2510/1025 1014/2472/1014 1037/2523/1037
vt 0.603856 0.366204
f 1023/2520/1023 1747/2518/1747 1753/2524/1753
vt 0.618143 0.342684
vt 0.620169 0.344949
f 1034/2525/1034 1030/2526/1030 1033/2263/1033
f 1038/2272/1038 1750/2281/1750 1026/2273/1026
f 1757/2280/1757 1753/2524/1753 1750/2281/1750
f 1047/1115/1047 1002/2236/1002 1043/2521/1043
vt 0.844583 0.625926
f 1759/2527/1759 1027/2502/1027 1011/2493/1011
vt 0.630186 0.225278
f 445/1389/445 1037/1388/1037 1029/2528/1029
vt 0.602441 0.358612
f 1756/2529/1756 1044/2519/1044 1023/2520/1023
f 1045/2268/1045 883/2247/883 1044/2519/1044
vt 0.615369 0.339770
f 1042/2530/1042 1034/2525/1034 1033/2263/1033
vt 0.164490 0.466040
vt 0.167601 0.464109
f 1039/2497/1039 1030/2531/1030 1034/2532/1034
f 1759/2527/1759 1011/2493/1011 1031/2501/1031
f 1045/2268/1045 1042/2530/1042 1033/2263/1033
vt 0.618222 0.340963
f 1041/2533/1041 1034/2525/1034 1042/2530/1042
vt 0.170087 0.464163
f 1041/2534/1041 1039/2497/1039 1034/2532/1034
f 1759/2527/1759 1031/2501/1031 1049/2522/1049
vt 0.855842 0.631004
f 1050/2535/1050 1028/1099/1028 1027/2502/1027
f 1032/2503/1032 1036/2505/1036 1056/1397/1056
f 445/1389/445 1029/2528/1029 1040/2507/1040
vt 0.753769 0.414272
f 1763/2286/1763 1038/2536/1038 893/2271/893
vt 0.755086 0.421740
f 895/2537/895 1038/2536/1038 1763/2286/1763
vt 0.175565 0.463067
f 1046/2538/1046 1039/2497/1039 1041/2534/1041
vt 0.794192 0.257085
f 1056/2539/1056 1036/1098/1036 1052/1385/1052
f 1057/1399/1057 1040/2507/1040 1032/2503/1032
f 1057/1399/1057 445/1389/445 1040/2507/1040
vt 0.172946 0.462570
f 1042/2540/1042 1046/2538/1046 1041/2534/1041
f 1046/2538/1046 1043/2521/1043 1039/2497/1039
vt 0.855480 0.625605
f 1061/2541/1061 1027/2502/1027 1759/2527/1759
f 1050/2535/1050 1048/1539/1048 1028/1099/1028
vt 0.600047 0.348390
f 1053/2542/1053 1044/2519/1044 1756/2529/1756
f 1053/2542/1053 1045/2268/1045 1044/2519/1044
vt 0.220994 0.557580
vt 0.209329 0.548706
f 1760/2543/1760 1744/2544/1744 1751/2509/1751
f 1061/2541/1061 1050/2535/1050 1027/2502/1027
f 1057/1399/1057 1032/2503/1032 1056/1397/1056
vt 0.613305 0.334128
vt 0.616653 0.336304
f 1051/2545/1051 1046/2546/1046 1042/2530/1042
vt 0.176834 0.460847
f 1051/2547/1051 1043/2521/1043 1046/2538/1046
vt 0.181107 0.459959
f 1055/2548/1055 1043/2521/1043 1051/2547/1051
f 488/1544/488 483/1106/483 1048/1539/1048
vt 0.799277 0.252086
f 1058/2549/1058 1056/2539/1056 1052/1385/1052
vt 0.466068 0.324141
vt 0.455121 0.321323
vt 0.468400 0.316027
f 1436/2550/1436 1548/2551/1548 1755/2552/1755
vt 0.597186 0.335880
f 1054/2553/1054 1042/2530/1042 1045/2268/1045
vt 0.190339 0.455448
f 1064/2554/1064 1047/1115/1047 1043/2521/1043
vt 0.866638 0.628279
f 1770/2555/1770 1048/1539/1048 1050/2535/1050
vt 0.596792 0.350581
f 1059/2556/1059 1053/2542/1053 1756/2529/1756
f 1054/2553/1054 1045/2268/1045 1053/2542/1053
f 1051/2545/1051 1042/2530/1042 1054/2553/1054
f 486/1546/486 1048/1539/1048 1770/2555/1770
f 444/1390/444 1058/2549/1058 1052/1385/1052
vt 0.478010 0.320060
f 1436/2550/1436 1755/2552/1755 1778/2557/1778
f 1064/2554/1064 1043/2521/1043 1055/2548/1055
vt 0.595728 0.361651
f 1762/2558/1762 1059/2556/1059 1756/2529/1756
f 1065/2333/1065 1047/1115/1047 1064/2554/1064
vt 0.640845 0.179924
f 1074/1395/1074 1056/1397/1056 1058/2559/1058
vt 0.609450 0.326015
f 1060/2560/1060 1051/2545/1051 1054/2553/1054
vt 0.614434 0.331534
f 1060/2560/1060 1055/2561/1055 1051/2545/1051
vt 0.187978 0.454169
f 1064/2554/1064 1055/2548/1055 1060/2562/1060
vt 0.225887 0.553768
f 1063/2563/1063 1760/2543/1760 1751/2509/1751
f 450/1396/450 1057/1399/1057 1056/1397/1056
vt 0.594156 0.337532
f 1775/2564/1775 1053/2542/1053 1059/2556/1059
vt 0.234154 0.550464
f 1063/2565/1063 1751/2509/1751 1035/2260/1035
vt 0.066365 0.789684
vt 0.074080 0.799114
vt 0.067209 0.800990
f 1558/2566/1558 1436/2567/1436 1784/2568/1784
f 1054/2553/1054 1053/2542/1053 1775/2564/1775
vt 0.605848 0.321000
f 1068/2569/1068 1060/2560/1060 1054/2553/1054
vt 0.860918 0.618121
f 1788/2570/1788 1061/2541/1061 1759/2527/1759
vt 0.878109 0.623777
vt 0.870527 0.620442
f 1070/2571/1070 1770/2555/1770 1780/2572/1780
f 1773/1548/1773 486/1546/486 1770/2555/1770
vt 0.808543 0.252325
f 1058/2549/1058 444/1390/444 1074/2573/1074
vt 0.588988 0.346087
vt 0.586000 0.354768
f 1774/2574/1774 1762/2558/1762 1066/2575/1066
vt 0.142373 0.452190
vt 0.137104 0.454214
f 1067/2576/1067 1768/2577/1768 1062/2319/1062
vt 0.577473 0.363854
vt 0.586692 0.374380
vt 0.580694 0.371162
f 1783/2578/1783 1769/2579/1769 1067/2580/1067
vt 0.608273 0.320283
f 1064/2581/1064 1060/2560/1060 1068/2569/1068
vt 0.162386 0.453453
f 1071/2332/1071 1783/2582/1783 1067/2576/1067
f 1780/2572/1780 1061/2541/1061 1788/2570/1788
vt 0.591840 0.329564
f 1072/2583/1072 1054/2553/1054 1775/2564/1775
f 1072/2583/1072 1068/2569/1068 1054/2553/1054
vt 0.606818 0.317245
f 1069/2584/1069 1064/2581/1064 1068/2569/1068
vt 0.195959 0.447651
f 1065/2333/1065 1064/2554/1064 1069/2585/1069
vt 0.491617 0.781525
vt 0.470141 0.778078
vt 0.483784 0.774348
f 1765/2586/1765 1063/2587/1063 1087/2588/1087
f 1076/1110/1076 1074/2573/1074 444/1390/444
vt 0.818891 0.253277
f 449/2589/449 1074/2573/1074 1076/1110/1076
vt 0.594992 0.316750
f 1075/1117/1075 1068/2569/1068 1078/2590/1078
f 1073/1119/1073 1068/2569/1068 1075/1117/1075
vt 0.605900 0.315470
f 1073/1119/1073 1069/2591/1069 1068/2569/1068
vt 0.202190 0.441577
vt 0.198042 0.443235
f 1084/2592/1084 1069/2585/1069 1073/2593/1073
f 1118/2344/1118 894/1114/894 932/1113/932
f 1081/2324/1081 1067/2576/1067 1062/2319/1062
f 1071/2332/1071 1067/2576/1067 1081/2324/1081
f 1078/2590/1078 1068/2569/1068 1072/2583/1072
f 1084/2592/1084 1065/2333/1065 1069/2585/1069
f 1086/2276/1086 894/1114/894 1118/2344/1118
vt 0.888539 0.619235
f 1800/2594/1800 1070/2571/1070 1780/2572/1780
vt 0.887406 0.625634
f 1089/2595/1089 1070/2571/1070 1800/2594/1800
f 1089/2595/1089 1773/1548/1773 1070/2571/1070
vt 0.588133 0.326364
vt 0.589343 0.323708
f 1077/2596/1077 1079/2597/1079 1072/2583/1072
f 1079/2597/1079 1078/2590/1078 1072/2583/1072
vt 0.891370 0.629655
f 1789/2598/1789 1781/1545/1781 1773/1548/1773
f 1076/1110/1076 491/1112/491 1808/1556/1808
vt 0.179645 0.446354
f 1802/2599/1802 1071/2332/1071 1088/2331/1088
vt 0.598359 0.313304
f 1080/2600/1080 1075/1117/1075 1078/2590/1078
vt 0.507031 0.777484
f 1787/2601/1787 1765/2586/1765 1087/2588/1087
f 1789/2598/1789 1773/1548/1773 1089/2595/1089
vt 0.835825 0.246519
f 1095/2602/1095 1076/1110/1076 1808/1556/1808
vt 0.673435 0.356617
vt 0.675522 0.357499
vt 0.672727 0.359786
f 1083/2603/1083 1079/2604/1079 1077/2605/1077
vt 0.588283 0.319459
vt 0.586936 0.323295
f 1082/2606/1082 1079/2597/1079 1083/2607/1083
f 449/2589/449 1076/1110/1076 1095/2602/1095
f 1091/1129/1091 1088/2331/1088 1081/2324/1081
vt 0.668191 0.358188
f 1093/2608/1093 1083/2603/1083 1077/2605/1077
f 1082/2606/1082 1078/2590/1078 1079/2597/1079
vt 0.580380 0.335186
vt 0.584124 0.331307
vt 0.587987 0.338318
f 1798/2609/1798 1794/2610/1794 1791/2611/1791
vt 0.667551 0.362583
f 1093/2608/1093 1077/2605/1077 1099/2612/1099
vt 0.670321 0.349923
vt 0.674877 0.353636
f 1105/2613/1105 1082/2614/1082 1083/2603/1083
f 1105/2613/1105 1078/1123/1078 1082/2614/1082
vt 0.200219 0.436355
f 343/1132/343 1084/2592/1084 342/2615/342
f 1100/1131/1100 1084/2592/1084 343/1132/343
f 1100/1131/1100 1065/2333/1065 1084/2592/1084
vt 0.830927 0.253560
f 1098/2616/1098 449/2589/449 1095/2602/1095
f 1103/1167/1103 1802/2599/1802 1088/2331/1088
f 1803/1407/1803 1083/2603/1083 1093/2608/1093
f 1105/2613/1105 1083/2603/1083 1803/1407/1803
f 1096/1121/1096 1078/1123/1078 1105/2613/1105
vt 0.460080 0.755611
f 1567/2617/1567 1087/2588/1087 1063/2587/1063
vt 0.509338 0.769536
f 1579/2618/1579 1087/2588/1087 1094/2343/1094
vt 0.164740 0.435881
f 1090/2619/1090 1088/2331/1088 1091/1129/1091
f 1103/1167/1103 1088/2331/1088 1090/2619/1090
vt 0.580417 0.328065
f 1092/2620/1092 1794/2610/1794 1798/2609/1798
f 1097/2340/1097 1087/2588/1087 1567/2617/1567
vt 0.898941 0.622547
f 1810/2621/1810 1089/2595/1089 1800/2594/1800
vt 0.574183 0.330731
vt 0.577267 0.344177
f 1108/2622/1108 1798/2609/1798 1797/2623/1797
vt 0.664173 0.366409
vt 0.667764 0.367068
f 1104/2624/1104 1099/2612/1099 1092/2625/1092
f 452/1408/452 1093/2608/1093 1099/2612/1099
f 1102/1134/1102 1096/1121/1096 1105/2613/1105
f 1085/1162/1085 1065/2333/1065 1100/1131/1100
vt 0.261583 0.538421
f 1567/2626/1567 1035/2260/1035 1086/2276/1086
vt 0.900473 0.628211
f 1811/2627/1811 1089/2595/1089 1810/2621/1810
vt 0.903316 0.632210
vt 0.890080 0.633784
f 1112/2628/1112 1792/2629/1792 1789/2598/1789
f 1095/2602/1095 1808/1556/1808 1820/1419/1820
f 348/1150/348 1090/2619/1090 1091/1129/1091
f 1108/2622/1108 1092/2620/1092 1798/2609/1798
vt 0.576848 0.327615
f 1104/2630/1104 1092/2620/1092 1108/2622/1108
f 1803/1407/1803 1093/2608/1093 452/1408/452
f 1112/2628/1112 1789/2598/1789 1811/2627/1811
f 1107/1558/1107 1790/1549/1790 1792/2629/1792
f 1109/1410/1109 452/1408/452 1099/2612/1099
f 1107/1558/1107 1792/2629/1792 1112/2628/1112
f 1101/1158/1101 1090/2619/1090 348/1150/348
f 1103/1167/1103 1090/2619/1090 1101/1158/1101
vt 0.189081 0.437963
f 1117/2631/1117 1802/2599/1802 1103/1167/1103
f 1109/1410/1109 1099/2612/1099 1104/2624/1104
f 1106/1411/1106 1102/1134/1102 1105/2613/1105
f 943/1163/943 1085/1162/1085 1100/1131/1100
f 937/2339/937 1094/2343/1094 1087/2588/1087
vt 0.565312 0.340295
f 1108/2622/1108 1797/2623/1797 1115/2632/1115
vt 0.658370 0.367622
vt 0.662221 0.368579
f 1111/2633/1111 1104/2624/1104 1108/2634/1108
f 943/1163/943 1100/1131/1100 1114/1160/1114
f 1124/2352/1124 1567/2626/1567 1086/2276/1086
f 937/2339/937 1087/2588/1087 1097/2340/1097
f 1818/1555/1818 1820/1419/1820 1808/1556/1808
f 349/1172/349 1106/1411/1106 1105/2613/1105
vt 0.850394 0.248092
f 497/2635/497 1095/2602/1095 1820/1419/1820
f 1109/1410/1109 1104/2624/1104 1111/2633/1111
f 349/1172/349 1105/2613/1105 1110/1409/1110
vt 0.908977 0.631683
f 1817/2636/1817 1107/1558/1107 1112/2628/1112
vt 0.565666 0.345403
vt 0.562218 0.342664
f 1115/2632/1115 1806/2637/1806 1117/2638/1117
vt 0.652359 0.367655
f 1119/2639/1119 1109/1410/1109 1111/2633/1111
f 453/1406/453 349/1172/349 1110/1409/1110
vt 0.268590 0.541941
f 1097/2640/1097 1567/2626/1567 1124/2352/1124
vt 0.461984 0.750209
f 939/2341/939 1097/2340/1097 1124/2641/1124
vt 0.566364 0.331363
vt 0.571364 0.329287
f 1119/2642/1119 1111/2643/1111 1108/2622/1108
vt 0.561480 0.337561
vt 0.561135 0.339750
f 1120/2644/1120 1115/2632/1115 1117/2645/1117
vt 0.562755 0.334093
f 1123/2646/1123 1115/2632/1115 1120/2644/1120
f 1119/2642/1119 1108/2622/1108 1115/2632/1115
f 1123/2646/1123 1119/2642/1119 1115/2632/1115
f 1116/1204/1116 1109/1410/1109 1119/2639/1119
f 1117/2631/1117 1103/1167/1103 366/1166/366
vt 0.922464 0.638130
f 1107/1558/1107 1817/2636/1817 1121/2647/1121
vt 0.915175 0.639704
f 1125/2648/1125 1113/1557/1113 1107/1558/1107
f 1124/2352/1124 1086/2276/1086 1132/2353/1132
f 939/2349/939 1124/2352/1124 950/2350/950
f 498/1417/498 1113/1560/1113 1125/1425/1125
vt 0.194585 0.433304
f 1120/2649/1120 1117/2631/1117 366/1166/366
vt 0.648886 0.368718
f 1116/1204/1116 1119/2639/1119 1123/2650/1123
f 1131/1245/1131 1086/2276/1086 1118/2344/1118
vt 0.922468 0.632342
f 1126/2651/1126 1121/2647/1121 1817/2636/1817
f 502/1424/502 498/1417/498 1125/1425/1125
vt 0.642957 0.363381
vt 0.647359 0.370591
f 1122/2652/1122 1123/2650/1123 1120/2653/1120
f 367/1205/367 1116/1204/1116 1123/2650/1123
f 1131/1245/1131 1132/2353/1132 1086/2276/1086
vt 0.921617 0.639637
f 1125/2654/1125 1107/1558/1107 1121/2647/1121
vt 0.194609 0.428308
f 1122/2655/1122 1120/2649/1120 366/1166/366
f 367/1205/367 1123/2650/1123 1122/2652/1122
f 1127/2351/1127 950/2350/950 1124/2352/1124
vt 0.164832 0.943434
vt 0.160947 0.947472
vt 0.160705 0.942848
f 1133/2656/1133 1821/2657/1821 1130/2658/1130
vt 0.928619 0.635794
f 1129/2659/1129 1121/2647/1121 1126/2651/1126
vt 0.917524 0.628852
vt 0.923259 0.629119
f 1126/2651/1126 1821/2660/1821 1133/2661/1133
vt 0.879367 0.164501
f 501/1426/501 1125/1425/1125 1121/2662/1121
f 501/1426/501 1121/2662/1121 1134/1562/1134
vt 0.149003 0.946165
vt 0.150642 0.939856
f 1130/2658/1130 1835/2663/1835 1843/2664/1843
vt 0.929128 0.632560
vt 0.926074 0.629565
f 1128/2665/1128 1126/2651/1126 1133/2666/1133
vt 0.930219 0.638104
f 1134/2667/1134 1121/2647/1121 1129/2659/1129
f 1136/2368/1136 950/2350/950 1127/2351/1127
vt 0.170941 0.939245
vt 0.168098 0.943777
f 1135/2668/1135 1128/2669/1128 1133/2656/1133
f 1129/2659/1129 1126/2651/1126 1128/2665/1128
vt 0.173485 0.943001
vt 0.170565 0.945201
vt 0.169840 0.943904
f 1138/2670/1138 1129/2671/1129 1128/2672/1128
vt 0.931129 0.636607
f 1134/2667/1134 1129/2659/1129 1138/2673/1138
f 1146/1264/1146 1127/2351/1127 1132/2353/1132
f 1136/2368/1136 1127/2351/1127 1146/1264/1146
f 1135/2668/1135 1133/2656/1133 1130/2658/1130
f 1138/2670/1138 1128/2672/1128 1135/2668/1135
vt 0.683603 0.091308
vt 0.692251 0.110369
vt 0.676019 0.109182
f 1861/2674/1861 1837/2675/1837 1839/2676/1839
vt 0.169902 0.928751
f 1142/2677/1142 1130/2658/1130 1843/2664/1843
f 1142/2677/1142 1135/2668/1135 1130/2658/1130
vt 0.177129 0.935382
f 1138/2670/1138 1135/2668/1135 1137/2678/1137
vt 0.178146 0.942801
vt 0.173831 0.945645
f 1139/2679/1139 1134/2680/1134 1138/2670/1138
vt 0.890931 0.157123
f 1140/1433/1140 1134/1562/1134 1139/2681/1139
f 1142/2677/1142 1137/2678/1137 1135/2668/1135
vt 0.182287 0.931199
f 1144/2682/1144 1137/2678/1137 1142/2677/1142
f 1141/1566/1141 1140/1433/1140 1139/2681/1139
vt 0.185329 0.936606
f 1143/2683/1143 1138/2670/1138 1137/2678/1137
f 1143/2683/1143 1139/2679/1139 1138/2670/1138
vt 0.181992 0.941349
f 1145/2684/1145 1139/2679/1139 1143/2683/1143
vt 0.893616 0.157326
f 1145/2685/1145 1141/1566/1141 1139/2681/1139
f 1143/2683/1143 1137/2678/1137 1144/2682/1144
f 1146/1264/1146 1132/2353/1132 1131/1245/1131
vt 0.414527 0.018723
vt 0.406822 0.021637
vt 0.408638 0.019350
f 1147/2686/1147 1145/2687/1145 1143/2688/1143
vt 0.405577 0.026023
f 509/1442/509 504/1441/504 1141/2689/1141
vt 0.185529 0.928086
f 1149/2690/1149 1144/2682/1144 1142/2677/1142
f 1150/1578/1150 1145/2687/1145 1147/2686/1147
f 1150/1578/1150 1141/2689/1141 1145/2687/1145
f 509/1442/509 1141/2689/1141 1150/1578/1150
f 1875/2385/1875 1136/2368/1136 1146/1264/1146
vt 0.194094 0.919066
f 1880/2691/1880 1149/2690/1149 1142/2677/1142
vt 0.167496 0.911781
vt 0.145907 0.931626
f 1896/2692/1896 1142/2677/1142 1855/2693/1855
vt 0.194358 0.930417
f 1658/2694/1658 1143/2683/1143 1144/2682/1144
f 1148/2382/1148 1136/2368/1136 1875/2385/1875
f 1151/1280/1151 1146/1264/1146 389/1244/389
f 1151/1280/1151 1875/2385/1875 1146/1264/1146
f 1658/2694/1658 1144/2682/1144 1149/2690/1149
vt 0.193335 0.935202
f 1147/2695/1147 1143/2683/1143 1658/2694/1658
vt 0.139779 0.918308
f 1896/2692/1896 1855/2693/1855 1887/2696/1887
f 1658/2694/1658 1149/2690/1149 1880/2691/1880
vt 0.421395 0.016705
f 1655/2697/1655 1150/1578/1150 1147/2686/1147
f 1886/2388/1886 1875/2385/1875 1151/1280/1151
f 1153/1302/1153 1886/2388/1886 1151/1280/1151
f 1153/1302/1153 1151/1280/1151 1152/1287/1152
vt 0.700384 0.512447
f 1157/2698/1157 461/1285/461 407/1279/407
vt 0.151816 0.904092
f 1883/2699/1883 1896/2692/1896 1887/2696/1887
vt 0.340753 0.557224
f 1154/2700/1154 1886/2388/1886 1153/1302/1153
vt 0.779242 0.489589
vt 0.786799 0.495692
vt 0.776989 0.493401
f 1160/2701/1160 1155/2702/1155 1153/2703/1153
vt 0.343184 0.551808
f 1155/2704/1155 1154/2700/1154 1153/1302/1153
vt 0.196177 0.895870
f 1167/2705/1167 1896/2692/1896 1883/2699/1883
vt 0.218493 0.909825
f 1167/2705/1167 1696/2706/1696 1896/2692/1896
vt 0.798268 0.497341
vt 0.790972 0.503585
f 1922/2707/1922 1154/2708/1154 1155/2702/1155
vt 0.222703 0.918687
f 1158/2709/1158 1880/2691/1880 1696/2706/1696
vt 0.187070 0.685538
vt 0.186263 0.683244
f 1162/1324/1162 1157/2710/1157 407/2711/407
f 1164/1474/1164 1161/1461/1161 1157/1464/1157
vt 0.441437 0.011771
f 1687/1591/1687 1156/1581/1156 1159/2712/1159
f 1164/1474/1164 1157/1464/1157 1162/1324/1162
vt 0.849896 0.525057
vt 0.839711 0.527847
vt 0.838192 0.524860
f 1692/2713/1692 1903/2714/1903 1909/2715/1909
vt 0.230909 0.923496
vt 0.219627 0.926415
vt 0.222718 0.922808
f 1689/2716/1689 1159/2717/1159 1905/2718/1905
vt 0.228907 0.925789
f 1687/2719/1687 1159/2717/1159 1689/2716/1689
vt 0.663637 0.065351
f 1892/1601/1892 1906/2720/1906 1914/1599/1914
f 1921/1319/1921 1160/1466/1160 1163/1320/1163
vt 0.846221 0.512786
f 1692/2713/1692 1909/2715/1909 1937/2721/1937
f 1937/2721/1937 1707/2404/1707 1692/2713/1692
vt 0.240949 0.913131
f 1690/2722/1690 1158/2709/1158 1696/2706/1696
f 1164/1474/1164 1162/1324/1162 1172/1323/1172
f 1163/1320/1163 466/1309/466 1165/1333/1165
f 1166/1318/1166 1163/1320/1163 1165/1333/1165
vt 0.195284 0.881122
f 1500/2723/1500 1167/2705/1167 1927/1609/1927
f 469/1476/469 1164/1474/1164 1172/1323/1172
vt 0.874952 0.512343
f 1169/1611/1169 1706/2724/1706 1707/2404/1707
f 962/2417/962 1706/2724/1706 1169/1611/1169
f 1178/1338/1178 469/1476/469 1172/1323/1172
vt 0.866755 0.497097
f 1169/1611/1169 1707/2404/1707 1720/2725/1720
vt 0.010483 0.914013
f 1175/2726/1175 1170/2413/1170 1168/2407/1168
vt 0.023144 0.894753
vt 0.053289 0.880065
f 1949/2727/1949 1941/2728/1941 1170/2413/1170
f 1177/1482/1177 467/1470/467 469/1476/469
f 1177/1482/1177 469/1476/469 1178/1338/1178
vt 0.878168 0.495576
f 1174/2729/1174 962/2417/962 1169/1611/1169
f 1174/2729/1174 1171/2415/1171 962/2417/962
f 1174/2729/1174 1169/1611/1169 532/1610/532
f 1955/1617/1955 1171/2415/1171 1174/2729/1174
vt 0.004480 0.930240
f 1175/2726/1175 1168/2407/1168 1171/2730/1171
vt 0.902451 0.485414
vt 0.901047 0.490926
f 1951/2731/1951 1175/2732/1175 1171/2415/1171
f 1955/1617/1955 1951/2731/1951 1171/2415/1171
f 1949/2727/1949 1170/2413/1170 1175/2726/1175
vt 0.218020 0.887981
vt 0.223127 0.867855
f 1719/2420/1719 1502/2733/1502 1501/2734/1501
f 1508/2424/1508 1501/2734/1501 1176/2425/1176
vt 0.076021 0.867945
vt 0.066152 0.857919
f 1963/1619/1963 1944/2735/1944 1946/2736/1946
vt 0.030539 0.875014
f 1953/1496/1953 1948/2737/1948 1949/2727/1949
f 1183/1613/1183 1947/1607/1947 1954/1624/1954
vt 0.201892 0.859321
vt 0.205300 0.867095
f 1179/2738/1179 1176/2425/1176 1504/2739/1504
vt 0.274509 0.702465
f 1192/2740/1192 1165/1333/1165 1177/1482/1177
f 1192/2740/1192 1173/1332/1173 1165/1333/1165
vt 0.188607 0.858759
f 1179/2738/1179 1504/2739/1504 1510/2741/1510
f 1185/1495/1185 1948/2737/1948 1953/1496/1953
vt 0.105771 0.829414
vt 0.056145 0.850577
f 1962/2742/1962 1946/2736/1946 1956/2743/1956
f 1510/2741/1510 1503/1608/1503 1182/1614/1182
vt 0.193734 0.857495
f 1180/2744/1180 1179/2738/1179 1510/2741/1510
f 1963/1619/1963 1946/2736/1946 1962/2742/1962
vt 0.183908 0.853693
f 1184/2745/1184 1180/2744/1180 1510/2741/1510
f 1184/2745/1184 1510/2741/1510 1182/1614/1182
vt 0.196151 0.857064
f 1181/2746/1181 1179/2738/1179 1180/2744/1180
vt 0.819237 0.586072
vt 0.819914 0.578118
f 1181/2436/1181 1180/2747/1180 1184/2748/1184
f 970/2434/970 1181/2436/1181 1184/2748/1184
f 1958/1505/1958 1173/1332/1173 1192/2740/1192
f 1191/2442/1191 970/2434/970 1184/2748/1184
f 2366/1623/2366 1183/1613/1183 1954/1624/1954
vt 0.173308 0.848423
f 1184/2745/1184 1182/1614/1182 1186/2749/1186
vt 0.178325 0.850243
f 1189/2750/1189 1184/2745/1184 1186/2749/1186
vt 0.822390 0.570338
f 1189/2751/1189 1191/2442/1191 1184/2748/1184
f 422/1347/422 1192/2740/1192 1177/1482/1177
vt 0.069970 0.831495
f 1190/2752/1190 1962/2742/1962 1956/2743/1956
f 2366/1623/2366 1187/1628/1187 1183/1613/1183
f 1186/2749/1186 1182/1614/1182 1187/1628/1187
vt 0.037909 0.854931
vt 0.026832 0.855936
f 1957/2753/1957 1185/1495/1185 1965/2754/1965
vt 0.169050 0.843771
f 1188/2755/1188 1186/2749/1186 1187/1628/1187
vt 0.045111 0.837859
f 1190/2752/1190 1957/2753/1957 1968/2756/1968
vt 0.820677 0.568568
f 1189/2751/1189 1186/2757/1186 1188/1630/1188
f 1193/2444/1193 1189/2751/1189 1188/1630/1188
f 1191/2442/1191 1189/2751/1189 1193/2444/1193
vt 0.054945 0.829220
f 536/2758/536 1190/2752/1190 1968/2756/1968
vt 0.066894 0.826379
f 536/2758/536 2367/2759/2367 1190/2752/1190
vt 0.158907 0.831705
f 1195/1627/1195 2366/1623/2366 2368/2760/2368
f 1196/1646/1196 1193/2444/1193 1188/1630/1188
vt 0.829219 0.547603
f 1196/1646/1196 1195/1629/1195 2370/2761/2370
vt 0.492661 0.670473
f 1204/1658/1204 2367/2762/2367 536/1633/536
f 1197/2447/1197 1194/2441/1194 1198/1514/1198
vt 0.097129 0.815774
vt 0.079649 0.818202
f 1200/2763/1200 1190/2752/1190 2367/2764/2367
vt 0.833224 0.551324
f 534/2765/534 1196/1646/1196 2370/2761/2370
f 1972/1665/1972 1192/2740/1192 422/1347/422
f 1199/2448/1199 1197/2447/1197 1198/1514/1198
vt 0.512240 0.662478
vt 0.505427 0.671108
f 2389/2766/2389 1200/2767/1200 2367/2762/2367
f 2389/2766/2389 2367/2762/2367 1204/1658/1204
vt 0.856854 0.596855
f 1206/2768/1206 1201/2446/1201 1199/2448/1199
vt 0.854988 0.599335
f 1202/2769/1202 1201/2446/1201 1206/2768/1206
f 1205/2450/1205 1206/2768/1206 1199/2448/1199
f 543/1655/543 566/1676/566 1204/1658/1204
f 430/1365/430 1972/1665/1972 422/1347/422
f 1208/2452/1208 1203/2139/1203 1206/2140/1206
vt 0.858719 0.591180
f 1210/2770/1210 1205/2450/1205 1209/2449/1209
f 430/1365/430 1207/1372/1207 1972/1665/1972
vt 0.731858 0.557683
vt 0.729948 0.558790
f 1206/2140/1206 1205/2771/1205 1210/2772/1210
f 2405/1686/2405 2389/2766/2389 1204/1658/1204
vt 0.857494 0.574104
f 1996/2773/1996 1209/2449/1209 480/1518/480
vt 0.863072 0.592824
vt 0.860592 0.592916
f 1528/2774/1528 1208/2775/1208 1210/2770/1210
f 1208/2452/1208 1206/2140/1206 1210/2772/1210
vt 0.861059 0.583125
f 1527/2776/1527 1209/2449/1209 1996/2773/1996
f 1527/2776/1527 1210/2770/1210 1209/2449/1209
vt 0.867899 0.588680
f 1529/2777/1529 1528/2774/1528 1210/2770/1210
vt 0.713302 0.930522
f 1211/1840/1211 789/1839/789 163/2778/163
vt 0.173836 0.654228
vt 0.174504 0.661135
f 1212/662/1212 1211/2779/1211 163/2780/163
f 1212/662/1212 163/2780/163 167/653/167
vt 0.701267 0.919475
f 1214/406/1214 1211/1840/1211 1212/2781/1212
f 1214/406/1214 1212/2781/1212 1213/691/1213
f 1215/407/1215 1214/406/1214 181/690/181
f 1217/712/1217 182/663/182 1216/693/1216
f 190/722/190 1217/712/1217 1218/747/1218
f 1217/712/1217 1216/693/1216 192/743/192
vt 0.702420 0.854247
f 1220/2782/1220 1218/747/1218 1217/712/1217
vt 0.703112 0.852184
f 1221/2783/1221 1218/747/1218 1220/2782/1220
vt 0.541209 0.941139
f 1221/1868/1221 1219/752/1219 1218/2784/1218
vt 0.903789 0.377019
vt 0.912628 0.380076
f 1222/2785/1222 1221/2786/1221 1220/759/1220
f 1222/2785/1222 1220/759/1220 1223/756/1223
vt 0.529002 0.927040
vt 0.527642 0.929808
f 1224/2787/1224 1221/1868/1221 1222/2788/1222
f 649/1866/649 1221/1868/1221 1224/2787/1224
f 671/1907/671 649/1866/649 1224/2787/1224
f 1227/430/1227 1222/2785/1222 1223/756/1223
vt 0.894470 0.372839
f 1224/2789/1224 1222/2785/1222 1227/430/1227
f 1229/429/1229 1224/2789/1224 1227/430/1227
f 1227/430/1227 1223/756/1223 214/432/214
vt 0.516023 0.920772
f 1229/2790/1229 671/1907/671 1224/2787/1224
f 1225/439/1225 666/418/666 652/417/652
f 1228/420/1228 1230/414/1230 203/421/203
f 209/428/209 208/784/208 1407/815/1407
vt 0.642055 0.883053
f 1237/2791/1237 1226/412/1226 1241/413/1241
f 671/1907/671 1229/2790/1229 1233/436/1233
f 666/418/666 1225/439/1225 105/443/105
vt 0.635526 0.893908
f 1236/2792/1236 1230/414/1230 1228/420/1228
f 1231/438/1231 105/443/105 1225/439/1225
f 1237/2791/1237 1232/805/1232 1226/412/1226
f 671/1907/671 1233/436/1233 684/1961/684
vt 0.638534 0.898668
f 1235/2793/1235 1236/2792/1236 1228/420/1228
vt 0.852914 0.385364
f 1244/2794/1244 226/2/226 1238/820/1238
f 1412/827/1412 209/428/209 678/1948/678
f 1236/2792/1236 1241/413/1241 1230/414/1230
f 1243/835/1243 1232/805/1232 1237/2791/1237
f 1/3/1 226/2/226 1244/2794/1244
f 692/435/692 684/1961/684 1233/436/1233
f 1234/444/1234 680/1955/680 105/443/105
f 1239/453/1239 677/1947/677 107/446/107
vt 0.509933 0.932614
f 1415/2795/1415 1412/827/1412 678/1948/678
vt 0.630514 0.881777
f 1247/2796/1247 1243/835/1243 1237/2791/1237
f 1240/447/1240 680/850/680 1234/1970/1234
vt 0.519127 0.926852
vt 0.514560 0.926317
f 234/2797/234 1412/827/1412 1245/2798/1245
f 234/2797/234 1235/823/1235 1412/827/1412
vt 0.524457 0.929865
f 1242/2799/1242 1235/823/1235 234/2797/234
vt 0.629559 0.892698
f 1242/2800/1242 1236/2792/1236 1235/2793/1235
f 1247/2796/1247 1237/2791/1237 1241/413/1241
f 1244/2794/1244 1238/820/1238 229/826/229
f 1256/12/1256 1/3/1 1244/2794/1244
f 1242/2800/1242 1241/413/1241 1236/2792/1236
f 689/1969/689 1240/447/1240 1234/1970/1234
vt 0.628832 0.890670
f 1246/2801/1246 1241/413/1241 1242/2800/1242
vt 0.888145 0.424137
vt 0.891080 0.421907
vt 0.892249 0.424157
f 1248/2802/1248 1246/2803/1246 1242/2804/1242
vt 0.627705 0.886585
f 1252/2805/1252 1241/413/1241 1246/2801/1246
vt 0.841828 0.391993
f 1254/2806/1254 1244/2794/1244 229/826/229
vt 0.888962 0.426687
vt 0.891545 0.426013
f 1245/2807/1245 1242/2804/1242 234/2808/234
f 1248/2802/1248 1242/2804/1242 1245/2807/1245
vt 0.869407 0.409336
vt 0.872712 0.403396
vt 0.880366 0.412514
f 1249/2809/1249 1243/2810/1243 1247/2811/1247
vt 0.509547 0.920851
vt 0.515105 0.923128
f 1250/2812/1250 1248/2813/1248 1245/2798/1245
f 1252/2805/1252 1247/2796/1247 1241/413/1241
vt 0.506910 0.924370
f 1420/2814/1420 1250/2812/1250 1245/2798/1245
f 1253/472/1253 1246/2803/1246 1248/2802/1248
vt 0.880593 0.415644
f 1253/472/1253 1252/2815/1252 1246/2803/1246
vt 0.882806 0.424860
f 1253/472/1253 1248/2802/1248 1250/2816/1250
f 1252/2815/1252 1249/2809/1249 1247/2811/1247
vt 0.843668 0.399263
f 1258/2817/1258 229/826/229 1243/2810/1243
f 1258/2817/1258 1243/2810/1243 1249/2809/1249
f 1254/2806/1254 229/826/229 1258/2817/1258
f 1251/469/1251 1250/2812/1250 1420/2814/1420
f 1253/472/1253 1250/2816/1250 1251/473/1251
vt 0.827940 0.387561
f 1255/2818/1255 1256/12/1256 1244/2794/1244
f 1262/470/1262 1251/469/1251 1420/2814/1420
f 1259/876/1259 1249/2809/1249 1252/2815/1252
f 1255/2818/1255 1244/2794/1244 1254/2806/1254
f 1259/876/1259 1252/2815/1252 1253/472/1253
vt 0.851991 0.409871
f 1259/876/1259 1260/2819/1260 1249/2809/1249
f 1258/2817/1258 1249/2809/1249 1260/2819/1260
vt 0.825709 0.394692
f 1270/2820/1270 1255/2818/1255 1254/2806/1254
f 1270/2820/1270 1254/2806/1254 1258/2817/1258
f 1263/18/1263 1256/12/1256 1255/2818/1255
vt 0.484435 0.934885
f 1424/2821/1424 1257/456/1257 1264/460/1264
vt 0.869001 0.280479
vt 0.872320 0.283985
f 1274/2822/1274 1424/461/1424 1264/2823/1264
vt 0.480373 0.915137
vt 0.493038 0.926515
vt 0.478237 0.922880
f 1272/2824/1272 1261/2825/1261 1271/2826/1271
vt 0.872933 0.273078
vt 0.884337 0.275819
f 1267/2827/1267 1425/2828/1425 1424/461/1424
vt 0.481278 0.924839
vt 0.493197 0.929851
f 1267/2829/1267 1261/2825/1261 1425/2830/1425
f 1271/2826/1271 1261/2825/1261 1267/2829/1267
f 1262/470/1262 1261/2825/1261 1272/2824/1272
f 1265/892/1265 1260/2819/1260 1259/876/1259
vt 0.845081 0.412931
f 1277/2831/1277 1260/2819/1260 1265/892/1265
vt 0.833733 0.405310
f 1258/2817/1258 1260/2819/1260 1269/2832/1269
f 6/29/6 1263/18/1263 1255/2818/1255
f 1266/459/1266 1278/476/1278 694/458/694
f 1274/2822/1274 1267/2827/1267 1424/461/1424
f 1272/2824/1272 248/468/248 1262/470/1262
vt 0.480988 0.911697
f 1268/2833/1268 248/468/248 1272/2824/1272
vt 0.854475 0.420178
f 1268/2834/1268 1265/892/1265 248/471/248
f 5/16/5 2/11/2 1263/18/1263
vt 0.819822 0.402724
f 1269/2832/1269 1292/2835/1292 1258/2817/1258
f 1292/2835/1292 1270/2820/1270 1258/2817/1258
vt 0.846030 0.417530
f 1276/2836/1276 1265/892/1265 1268/2834/1268
f 1277/2831/1277 1265/892/1265 1276/2836/1276
vt 0.810788 0.391919
f 1299/2837/1299 1255/2818/1255 1270/2820/1270
f 6/29/6 1255/2818/1255 1299/2837/1299
vt 0.867006 0.272083
f 1275/2838/1275 1267/2827/1267 1274/2822/1274
vt 0.870101 0.271335
f 1275/2838/1275 1271/2839/1271 1267/2827/1267
vt 0.470931 0.912019
f 1281/2840/1281 1268/2833/1268 1272/2824/1272
vt 0.475842 0.910907
f 1276/2841/1276 1268/2833/1268 1281/2840/1281
f 1290/500/1290 1269/2832/1269 1260/2819/1260
f 1290/500/1290 1292/2835/1292 1269/2832/1269
vt 0.835171 0.326060
f 1278/476/1278 1266/459/1266 1287/2842/1287
vt 0.866372 0.282950
f 1283/512/1283 1274/2822/1274 1264/2843/1264
vt 0.471773 0.920583
vt 0.476086 0.924045
f 1279/2844/1279 1271/2826/1271 1275/2845/1275
f 1279/2844/1279 1272/2824/1272 1271/2826/1271
f 1290/500/1290 1260/2819/1260 1277/2831/1277
f 120/47/120 711/478/711 1278/476/1278
f 1264/460/1264 113/33/113 124/35/124
f 1280/43/1280 1272/2824/1272 1279/2844/1279
f 1280/43/1280 1281/2840/1281 1272/2824/1272
vt 0.837179 0.417362
f 1288/2846/1288 1277/2831/1277 1276/2836/1276
vt 0.809321 0.400920
f 1270/2820/1270 1292/2835/1292 1284/2847/1284
vt 0.059600 0.633463
vt 0.048556 0.636838
f 1295/2848/1295 1437/27/1437 1446/2849/1446
vt 0.826917 0.330225
f 704/467/704 1458/2850/1458 1266/459/1266
f 1287/2842/1287 120/47/120 1278/476/1278
f 1283/496/1283 1264/460/1264 124/35/124
f 1291/511/1291 1274/2822/1274 1283/512/1283
f 1291/511/1291 1275/2838/1275 1274/2822/1274
vt 0.841652 0.419271
f 1288/2846/1288 1276/2836/1276 1281/2851/1281
f 1289/501/1289 1277/2831/1277 1288/2846/1288
f 1289/501/1289 1290/500/1290 1277/2831/1277
vt 0.809565 0.406611
f 1298/2852/1298 1292/2835/1292 1290/500/1290
vt 0.809559 0.396368
f 1307/2853/1307 1299/2837/1299 1270/2820/1270
vt 0.850259 0.343237
vt 0.870374 0.344500
f 1453/2854/1453 704/467/704 1286/2855/1286
f 1453/2854/1453 1458/2850/1458 704/467/704
vt 0.863099 0.269740
f 1279/2856/1279 1275/2838/1275 1291/511/1291
f 1280/43/1280 1288/498/1288 1281/2840/1281
f 1303/517/1303 1298/2852/1298 1290/500/1290
f 1284/2847/1284 1307/2853/1307 1270/2820/1270
f 1286/20/1286 1282/24/1282 1295/2848/1295
f 1287/2842/1287 1266/459/1266 1458/2850/1458
vt 0.833269 0.313220
f 1326/2857/1326 120/47/120 1287/2842/1287
vt 0.467109 0.922339
f 1296/44/1296 1279/2844/1279 1291/2858/1291
vt 0.802910 0.384104
f 1297/2859/1297 1293/30/1293 1285/28/1285
vt 0.854291 0.345824
f 1453/2854/1453 1286/2855/1286 1295/2860/1295
f 132/42/132 1288/498/1288 1280/43/1280
f 1303/517/1303 1290/500/1290 125/499/125
f 1298/2852/1298 1284/2847/1284 1292/2835/1292
vt 0.562979 0.031182
f 1311/79/1311 1293/523/1293 1297/2861/1297
f 1273/482/1273 750/909/750 240/480/240
vt 0.056101 0.631297
vt 0.049987 0.630710
f 1453/2862/1453 1295/2848/1295 1451/2863/1451
f 135/530/135 1296/44/1296 1291/2858/1291
f 1280/43/1280 1279/2844/1279 1296/44/1296
vt 0.803520 0.404560
f 1314/2864/1314 1284/2847/1284 1298/2852/1298
f 1315/66/1315 1285/36/1285 1299/38/1299
vt 0.802081 0.406884
f 1306/2865/1306 1314/2864/1314 1298/2852/1298
f 756/2047/756 1300/900/1300 750/2056/750
f 756/2047/756 732/880/732 1300/900/1300
f 1315/66/1315 1297/2861/1297 1285/36/1285
vt 0.804047 0.411103
f 1305/2866/1305 1306/2865/1306 1298/2852/1298
vt 0.596985 0.047757
vt 0.590361 0.041112
vt 0.601462 0.044160
f 1314/2867/1314 1307/2868/1307 1284/2869/1284
f 1315/66/1315 1299/38/1299 1307/2868/1307
vt 0.818467 0.059372
f 922/2334/922 1570/2308/1570 1569/2870/1569
vt 0.023185 0.633150
f 921/2326/921 923/2329/923 1316/2871/1316
vt 0.042908 0.631389
vt 0.025933 0.628932
f 1301/2872/1301 921/2326/921 1317/2873/1317
vt 0.034094 0.628191
f 1321/2874/1321 1301/2872/1301 1317/2873/1317
vt 0.846435 0.279562
f 1304/63/1304 131/513/131 1302/2875/1302
f 1309/529/1309 133/519/133 132/42/132
f 1309/529/1309 1313/534/1313 133/519/133
f 1311/79/1311 1297/2861/1297 1315/66/1315
vt 0.807036 0.065378
f 931/91/931 1569/2870/1569 1449/2876/1449
f 1309/529/1309 132/42/132 1296/44/1296
vt 0.441736 0.926029
f 1319/2877/1319 1313/534/1313 1309/529/1309
f 1305/2866/1305 1298/2852/1298 1303/517/1303
vt 0.798067 0.410867
f 1323/2878/1323 1306/2865/1306 1305/2866/1305
f 1315/66/1315 1307/2868/1307 1314/2867/1314
vt 0.829598 0.059569
f 1578/2879/1578 922/2334/922 1569/2870/1569
vt 0.836201 0.071532
f 1316/2880/1316 923/2330/923 922/2334/922
vt 0.842011 0.342760
vt 0.834334 0.341400
vt 0.825693 0.335714
f 1451/2881/1451 1301/2882/1301 1321/2883/1321
f 1312/62/1312 131/513/131 1304/63/1304
vt 0.799193 0.414575
f 1308/2884/1308 1303/517/1303 1310/535/1310
f 1308/2884/1308 1305/2866/1305 1303/517/1303
f 1323/2878/1323 1305/2866/1305 1308/2884/1308
vt 0.604142 0.053558
vt 0.605434 0.049456
f 1323/2885/1323 1314/2867/1314 1306/2886/1306
f 1318/55/1318 120/47/120 1326/2857/1326
f 1324/2074/1324 1313/534/1313 1319/2877/1319
vt 0.802211 0.416453
f 1327/2887/1327 1308/2884/1308 1310/535/1310
f 1317/2873/1317 921/2326/921 1316/2871/1316
vt 0.449983 0.925165
f 1319/2877/1319 1309/529/1309 1312/2888/1312
vt 0.837306 0.268390
f 1322/61/1322 1319/2889/1319 1312/62/1312
vt 0.424845 0.923444
f 1327/2890/1327 1310/533/1310 1313/534/1313
f 1329/67/1329 1315/66/1315 1314/2867/1314
vt 0.793366 0.380839
vt 0.796785 0.381017
f 1320/2891/1320 1330/536/1330 1311/2892/1311
f 745/935/745 1456/933/1456 259/932/259
vt 0.834777 0.060245
f 1584/2893/1584 1316/2880/1316 922/2334/922
vt 0.016501 0.626471
f 1463/2894/1463 1317/2873/1317 1316/2871/1316
f 1334/2073/1334 1313/534/1313 1324/2074/1324
f 1334/2073/1334 1327/2890/1327 1313/534/1313
vt 0.592824 0.053769
f 1338/2895/1338 1314/2867/1314 1323/2885/1323
vt 0.015441 0.628202
f 1463/2894/1463 1316/2871/1316 1584/2896/1584
vt 0.022758 0.622836
f 1321/2874/1321 1317/2873/1317 1332/2897/1332
vt 0.810236 0.312778
f 1347/2898/1347 1326/2857/1326 1287/2842/1287
vt 0.832002 0.268059
f 754/2081/754 1319/2899/1319 1322/61/1322
vt 0.601046 0.057548
vt 0.605595 0.056188
f 1328/2900/1328 1323/2885/1323 1308/2901/1308
f 1311/79/1311 1315/66/1315 1339/65/1339
vt 0.537309 0.014934
vt 0.538616 0.017890
f 1336/89/1336 140/2902/140 1330/2903/1330
f 1578/2879/1578 1569/2870/1569 931/91/931
vt 0.014969 0.621883
f 1344/2904/1344 1317/2873/1317 1463/2894/1463
f 1332/2897/1332 1317/2873/1317 1344/2904/1344
vt 0.816239 0.328780
f 1458/2850/1458 1321/2883/1321 1332/2905/1332
f 754/2081/754 1322/61/1322 752/64/752
vt 0.417963 0.926914
vt 0.419359 0.924871
f 1328/2906/1328 1308/2907/1308 1327/2890/1327
f 1338/2895/1338 1323/2885/1323 1328/2900/1328
f 1329/67/1329 1314/2867/1314 1338/2895/1338
vt 0.808270 0.297448
f 1333/59/1333 1318/55/1318 1355/2908/1355
f 14/71/14 10/54/10 1333/59/1333
f 1336/89/1336 1330/2903/1330 1320/78/1320
f 2048/2075/2048 1325/2035/1325 1354/2088/1354
f 1355/2908/1355 1326/2857/1326 1347/2898/1347
f 1355/2908/1355 1318/55/1318 1326/2857/1326
f 1335/102/1335 1328/2906/1328 1327/2890/1327
f 1331/589/1331 738/547/738 2072/574/2072
f 1348/90/1348 1578/2879/1578 931/91/931
f 1347/2898/1347 1458/2850/1458 1332/2905/1332
f 1458/2850/1458 1347/2898/1347 1287/2842/1287
f 1335/102/1335 1327/2890/1327 1334/2073/1334
f 22/103/22 1335/102/1335 1334/2073/1334
f 1337/96/1337 1338/2895/1338 1328/2900/1328
f 149/87/149 1311/79/1311 1339/65/1339
f 1354/2088/1354 1325/2035/1325 756/2047/756
vt 0.007011 0.618363
vt 0.011960 0.625907
f 1346/2909/1346 1463/2894/1463 1584/2910/1584
f 1346/2909/1346 1344/2904/1344 1463/2894/1463
f 1335/97/1335 1337/96/1337 1328/2900/1328
f 1329/67/1329 1338/2895/1338 1337/96/1337
f 1342/128/1342 1339/65/1339 1341/129/1341
vt 0.530921 0.012427
f 1340/2911/1340 146/577/146 1336/89/1336
f 1349/2103/1349 1332/2897/1332 1344/2904/1344
f 150/109/150 1329/67/1329 1337/96/1337
f 1341/129/1341 1339/65/1339 1329/67/1329
f 1466/110/1466 146/577/146 1340/2911/1340
f 150/109/150 1337/96/1337 19/95/19
vt 0.809947 0.321210
f 1347/2898/1347 1332/2905/1332 1349/2912/1349
f 150/109/150 1341/129/1341 1329/67/1329
vt 0.833034 0.046537
vt 0.830254 0.045672
vt 0.831464 0.044934
f 1345/2913/1345 1590/2914/1590 1351/2915/1351
vt 0.603497 0.109008
vt 0.602882 0.111005
vt 0.601189 0.110114
f 1346/2916/1346 1345/2917/1345 1351/2918/1351
f 1349/2103/1349 1344/2904/1344 1346/2909/1346
vt 0.014385 0.615556
f 1358/2102/1358 1347/2919/1347 1349/2103/1349
f 1477/172/1477 149/87/149 1342/128/1342
f 1375/961/1375 2048/2075/2048 1354/2088/1354
f 1343/965/1343 2048/2075/2048 1375/961/1375
vt 0.826293 0.037036
f 1353/2920/1353 1348/90/1348 1352/124/1352
vt 0.829342 0.040610
f 1351/2921/1351 1348/90/1348 1353/2920/1353
f 1351/2921/1351 1590/2914/1590 1348/90/1348
f 1359/99/1359 1333/59/1333 1355/2908/1355
f 40/127/40 1341/129/1341 150/109/150
vt 0.599379 0.101789
vt 0.596390 0.104935
f 1471/2922/1471 1351/2918/1351 1353/2923/1353
f 1471/2922/1471 1346/2916/1346 1351/2918/1351
vt 0.802066 0.307262
f 1358/2924/1358 1355/2908/1355 1347/2898/1347
vt 0.592075 0.100772
f 1353/2923/1353 1352/2925/1352 1356/151/1356
vt 0.602427 0.103391
f 1357/2926/1357 1346/2916/1346 1471/2922/1471
f 1471/2922/1471 1353/2923/1353 1356/151/1356
f 1349/2103/1349 1346/2909/1346 1357/2101/1357
vt 0.799565 0.295903
f 1360/2927/1360 1355/2908/1355 1358/2924/1358
vt 0.795798 0.288044
f 1361/134/1361 1359/99/1359 1364/2928/1364
vt 0.594219 0.091922
f 1362/2929/1362 1356/151/1356 1368/161/1368
vt 0.796890 0.300227
vt 0.799346 0.306796
f 1363/2930/1363 1358/2924/1358 1357/2931/1357
f 1364/2928/1364 1355/2908/1355 1360/2927/1360
f 1364/2928/1364 1359/99/1359 1355/2908/1355
vt 0.356388 0.473032
f 1366/2932/1366 1370/959/1370 1354/2088/1354
f 1471/2922/1471 1356/151/1356 1362/2929/1362
vt 0.599507 0.097248
f 1363/2933/1363 1471/2922/1471 1362/2929/1362
f 1363/2933/1363 1357/2926/1357 1471/2922/1471
f 1360/2927/1360 1358/2924/1358 1363/2930/1363
vt 0.795965 0.292909
f 1367/2934/1367 1364/2928/1364 1360/2927/1360
f 1369/180/1369 1361/134/1361 1364/2928/1364
f 1367/2934/1367 1360/2927/1360 1363/2930/1363
f 772/972/772 1366/2096/1366 768/956/768
vt 0.593355 0.088899
vt 0.589695 0.084877
f 1367/2935/1367 1368/161/1368 1364/2936/1364
f 1367/2935/1367 1362/2929/1362 1368/161/1368
vt 0.596725 0.092384
f 1367/2937/1367 1363/2933/1363 1362/2929/1362
f 1371/196/1371 1369/180/1369 1364/2928/1364
vt 0.356542 0.467144
f 1370/959/1370 1366/2932/1366 772/2938/772
f 1364/2936/1364 1368/161/1368 1371/190/1371
f 772/972/772 768/956/768 264/955/264
vt 0.391562 0.440857
f 1343/965/1343 1375/961/1375 2103/2939/2103
f 2094/962/2094 2103/2939/2103 1375/961/1375
f 778/243/778 1373/593/1373 1377/599/1377
f 1376/203/1376 54/77/54 58/218/58
f 64/230/64 507/226/507 1376/203/1376
f 159/256/159 778/243/778 1377/599/1377
vt 0.827185 0.743876
f 2128/2940/2128 2110/600/2110 2102/258/2102
f 1378/982/1378 2128/2940/2128 2102/258/2102
f 2218/266/2218 784/268/784 783/276/783
vt 0.819071 0.737236
vt 0.794708 0.738848
f 2131/2941/2131 1378/982/1378 1379/2942/1379
vt 0.799112 0.736248
f 1380/2943/1380 2131/2941/2131 1379/2942/1379
vt 0.809878 0.736222
f 2133/2944/2133 2131/2941/2131 1380/2943/1380
vt 0.767058 0.736167
vt 0.762501 0.740565
f 2135/2945/2135 1379/2942/1379 2331/2946/2331
vt 0.075621 0.382238
vt 0.064967 0.374748
vt 0.068626 0.374635
f 2133/2947/2133 1380/2948/1380 1381/2949/1381
vt 0.772269 0.735322
f 2140/2950/2140 1379/2942/1379 2135/2945/2135
vt 0.782173 0.735679
f 1382/2951/1382 1379/2942/1379 2140/2950/2140
f 1380/2943/1380 1379/2942/1379 1382/2951/1382
vt 0.054662 0.364544
f 1381/2949/1381 1380/2948/1380 1382/2952/1382
vt 0.200085 0.378392
vt 0.215282 0.379351
vt 0.197682 0.390720
f 2144/2953/2144 2231/2954/2231 2221/2955/2221
vt 0.634127 0.792338
f 1384/616/1384 1383/2122/1383 1386/2956/1386
vt 0.746868 0.737251
f 2234/279/2234 1385/2957/1385 783/276/783
vt 0.051004 0.358025
vt 0.044327 0.355706
vt 0.032778 0.340112
f 2140/2958/2140 2135/2959/2135 2228/2960/2228
f 1381/2949/1381 1382/2952/1382 2140/2958/2140
vt 0.084058 0.379065
f 2335/2961/2335 1381/2949/1381 2140/2958/2140
vt 0.186585 0.370686
vt 0.164824 0.386134
f 2337/2962/2337 2221/2955/2221 2141/2963/2141
f 2144/2953/2144 2221/2955/2221 2337/2962/2337
vt 0.808091 0.645183
vt 0.792729 0.640006
f 1386/2964/1386 1383/2121/1383 2348/2965/2348
f 1386/2956/1386 160/617/160 1384/616/1384
f 2340/2124/2340 2348/2965/2348 1383/2121/1383
vt 0.742032 0.734612
f 2228/2966/2228 1385/2957/1385 2234/279/2234
vt 0.636953 0.775219
f 2336/619/2336 160/617/160 1387/2967/1387
f 1387/2967/1387 160/617/160 1386/2956/1386
vt 0.039101 0.340200
vt 0.023533 0.316175
f 2344/2968/2344 2228/2960/2228 2239/2969/2239
vt 0.081012 0.334375
f 2341/2970/2341 2140/2958/2140 2344/2968/2344
vt 0.805319 0.630450
f 1387/2971/1387 1386/2964/1386 2348/2965/2348
vt 0.790294 0.645699
f 2348/2965/2348 2340/2124/2340 2347/2972/2347
vt 0.644518 0.763376
vt 0.638352 0.772757
f 1389/2973/1389 2336/619/2336 1387/2974/1387
vt 0.704394 0.735436
f 2234/279/2234 2349/285/2349 2236/2975/2236
vt 0.652645 0.755215
f 1389/2973/1389 1388/2976/1388 2336/619/2336
vt 0.692560 0.735930
f 2350/2977/2350 2236/2975/2236 2349/285/2349
vt 0.780188 0.621604
vt 0.772649 0.644354
f 2356/2978/2356 2348/2965/2348 2351/2979/2351
vt 0.791768 0.617143
f 1390/2980/1390 1387/2971/1387 2348/2965/2348
vt 0.012401 0.295075
vt 0.015308 0.307581
f 2350/2981/2350 2239/2969/2239 2236/2982/2236
f 1390/2980/1390 2348/2965/2348 2356/2978/2356
vt 0.803879 0.613893
vt 0.805145 0.628894
f 1389/2983/1389 1387/2984/1387 1390/2980/1390
vt 0.016827 0.289563
f 2357/2985/2357 2239/2969/2239 2350/2981/2350
vt 0.660127 0.740578
f 2359/2986/2359 2352/620/2352 1388/2976/1388
vt 0.803955 0.601361
vt 0.809017 0.610449
f 1391/2987/1391 1388/2988/1388 1389/2983/1389
vt 0.652565 0.745044
f 2359/2986/2359 1388/2976/1388 1391/2989/1391
vt 0.795160 0.597418
f 1391/2987/1391 1389/2983/1389 1392/2990/1392
vt 0.008696 0.268834
vt 0.005056 0.258804
vt 0.007089 0.253398
f 2364/2991/2364 2359/2992/2359 2363/2993/2363
vt 0.771814 0.605392
f 2362/2994/2362 1390/2980/1390 2356/2978/2356
vt 0.781174 0.598642
f 1389/2983/1389 1390/2980/1390 1394/2995/1394
vt 0.789327 0.596347
f 1392/2990/1392 1389/2983/1389 1393/2996/1393
f 2362/2994/2362 1394/2995/1394 1390/2980/1390
f 1394/2995/1394 1393/2996/1393 1389/2983/1389
vt 0.800547 0.597061
vt 0.797114 0.597921
f 2363/2997/2363 1391/2987/1391 1392/2998/1392
vt 0.009634 0.228191
vt 0.005660 0.239864
vt 0.005810 0.230402
f 2259/2999/2259 1392/3000/1392 1393/3001/1393
vt 0.783019 0.593369
f 1394/2995/1394 2259/3002/2259 1393/2996/1393
vt 0.763790 0.592896
f 1394/2995/1394 2362/2994/2362 1395/3003/1395
vt 0.772941 0.591784
f 2260/3004/2260 1394/2995/1394 1395/3003/1395
vt 0.740338 0.593202
f 1395/3003/1395 2362/2994/2362 2388/3005/2388
vt 0.751721 0.589223
f 1396/3006/1396 1395/3003/1395 2388/3005/2388
vt 0.021576 0.190160
vt 0.014313 0.207207
vt 0.015785 0.194732
f 1396/3007/1396 2260/3008/2260 1395/3009/1395
vt 0.017133 0.212775
f 1396/3007/1396 2264/3010/2264 2260/3008/2260
vt 0.029244 0.184844
f 2267/3011/2267 2264/3010/2264 1396/3007/1396
vt 0.747371 0.588442
vt 0.744302 0.588941
f 1396/3012/1396 2388/3005/2388 2392/3013/2392
vt 0.025279 0.177790
f 2267/3011/2267 1396/3007/1396 2392/3014/2392
vt 0.134045 0.655137
f 1398/3015/1398 623/2173/623 1397/2168/1397
f 1398/3015/1398 1397/2168/1397 1400/1895/1400
vt 0.899122 0.048846
f 1401/1898/1401 1398/744/1398 1400/3016/1400
f 1402/1897/1402 1398/744/1398 1401/1898/1401
f 1402/1897/1402 827/736/827 1398/744/1398
f 650/1896/650 1400/1895/1400 1399/2181/1399
vt 0.111269 0.661680
f 1403/3017/1403 1400/1895/1400 1404/1894/1404
vt 0.117547 0.659461
f 1403/3017/1403 1401/3018/1401 1400/1895/1400
vt 0.893234 0.067540
f 1405/1914/1405 1403/1899/1403 1404/3019/1404
f 1408/1908/1408 679/1918/679 650/1896/650
vt 0.094617 0.711092
f 1413/3020/1413 1408/1908/1408 1411/1911/1411
f 1535/1934/1535 842/1936/842 1409/2210/1409
f 1413/3020/1413 679/1918/679 1408/1908/1408
vt 0.100388 0.752281
f 1537/3021/1537 1410/1932/1410 1536/1939/1536
f 1537/3021/1537 1411/1911/1411 1410/1932/1410
vt 0.881518 0.079754
f 1539/3022/1539 1534/1940/1534 1406/1928/1406
f 1423/1963/1423 679/1918/679 1413/3020/1413
vt 0.086760 0.739686
f 1419/3023/1419 1411/1911/1411 1537/3021/1537
f 1419/3023/1419 1413/3020/1413 1411/1911/1411
vt 0.075544 0.716665
f 1423/1963/1423 1413/3020/1413 1422/3024/1422
vt 0.507272 0.935538
f 1418/3025/1418 678/1948/678 1414/1960/1414
f 1418/3025/1418 1415/2795/1415 678/1948/678
f 1245/2798/1245 1412/827/1412 1415/2795/1415
f 709/15/709 692/435/692 108/6/108
f 1422/3024/1422 1413/3020/1413 1419/3023/1419
vt 0.501531 0.935763
f 1417/3026/1417 1414/1960/1414 1239/453/1239
f 1417/3026/1417 1418/3025/1418 1414/1960/1414
f 1420/2814/1420 1245/2798/1245 1415/2795/1415
f 1416/457/1416 1417/3026/1417 1239/453/1239
f 1261/2825/1261 1415/2795/1415 1418/3025/1418
f 1420/2814/1420 1415/2795/1415 1261/2825/1261
f 1416/457/1416 1239/453/1239 111/452/111
vt 0.075532 0.759050
f 1561/3027/1561 1419/3023/1419 1537/3021/1537
f 1425/2830/1425 1418/3025/1418 1417/3026/1417
f 1425/2830/1425 1261/2825/1261 1418/3025/1418
vt 0.063509 0.733919
f 1559/3028/1559 1419/3023/1419 1561/3027/1561
f 1422/3024/1422 1419/3023/1419 1559/3028/1559
vt 0.889220 0.279870
f 1425/2828/1425 1417/3029/1417 1416/462/1416
vt 0.052737 0.712447
f 1429/3030/1429 1423/1963/1423 1422/3024/1422
f 1427/1973/1427 1423/1963/1423 1429/3030/1429
f 1424/461/1424 1425/2828/1425 1416/462/1416
f 1262/470/1262 1420/2814/1420 1261/2825/1261
f 1429/3030/1429 1422/3024/1422 1559/3028/1559
f 1435/454/1435 1421/451/1421 244/863/244
vt 0.060310 0.748308
f 1559/3028/1559 1561/3027/1561 1426/3031/1426
f 1432/1998/1432 1427/1973/1427 1429/3030/1429
f 1431/25/1431 899/2278/899 901/2291/901
f 1438/484/1438 709/15/709 1430/17/1430
f 1438/484/1438 1430/17/1430 114/485/114
f 1437/27/1437 901/2291/901 1433/2296/1433
f 1437/27/1437 1431/25/1431 901/2291/901
vt 0.081974 0.794961
f 1436/2567/1436 1558/2566/1558 1548/3032/1548
f 1445/2300/1445 900/1997/900 1440/2004/1440
vt 0.053505 0.641780
f 1442/3033/1442 1433/2296/1433 907/2302/907
f 1450/922/1450 1435/454/1435 244/863/244
f 1440/2004/1440 1432/1998/1432 1439/2039/1439
f 1437/27/1437 1433/2296/1433 1442/3033/1442
f 1565/2036/1565 720/1990/720 1438/484/1438
f 1452/2049/1452 1440/2004/1440 1439/2039/1439
f 1295/2848/1295 1282/24/1282 1437/27/1437
f 731/2034/731 1434/481/1434 1294/488/1294
vt 0.028792 0.658956
f 1447/3034/1447 1445/2300/1445 1440/2004/1440
f 1442/3033/1442 907/2302/907 1441/2322/1441
f 1446/2849/1446 1437/27/1437 1442/3033/1442
f 1459/527/1459 1565/2036/1565 1438/484/1438
f 1444/1996/1444 1450/922/1450 244/863/244
f 1459/527/1459 1438/484/1438 1443/487/1443
f 1435/454/1435 1450/922/1450 1294/488/1294
vt 0.056297 0.797552
f 1779/3035/1779 1558/2566/1558 1784/2568/1784
f 1447/3034/1447 1440/2004/1440 1452/2049/1452
f 1446/2849/1446 1442/3033/1442 1441/2322/1441
f 1459/527/1459 1443/487/1443 127/494/127
vt 0.786648 0.058016
f 1448/2311/1448 1445/2313/1445 1447/3036/1447
f 1446/2849/1446 1441/2322/1441 918/2321/918
f 921/2326/921 1446/2849/1446 918/2321/918
f 1295/2848/1295 1446/2849/1446 1301/2872/1301
f 1565/2036/1565 1459/527/1459 1571/2069/1571
vt 0.022384 0.658431
f 1457/3037/1457 1447/3034/1447 1452/2049/1452
f 1460/69/1460 1448/2311/1448 1447/3036/1447
f 1301/2872/1301 1446/2849/1446 921/2326/921
f 1451/2863/1451 1295/2848/1295 1301/2872/1301
vt 0.025590 0.656482
f 1457/3037/1457 1460/3038/1460 1447/3034/1447
f 936/2325/936 1449/2876/1449 1564/2317/1564
f 734/2041/734 1456/933/1456 1450/922/1450
f 745/935/745 1450/922/1450 1456/933/1456
vt 0.010784 0.670532
f 1582/3039/1582 1452/2049/1452 1581/549/1581
vt 0.015544 0.657111
f 1461/3040/1461 1452/2049/1452 1582/3039/1582
f 1461/3040/1461 1457/3037/1457 1452/2049/1452
f 931/91/931 1449/2876/1449 936/2325/936
f 1459/527/1459 1455/528/1455 1454/542/1454
vt 0.781971 0.046172
vt 0.782308 0.050276
f 1461/3041/1461 1460/69/1460 1457/3042/1457
f 1458/2850/1458 1453/2854/1453 1451/2881/1451
f 1321/2883/1321 1458/2850/1458 1451/2881/1451
f 1456/933/1456 734/2041/734 760/148/760
vt 0.010787 0.657320
f 1461/3040/1461 1582/3039/1582 1465/3043/1465
vt 0.780657 0.042344
f 1465/3044/1465 1462/70/1462 1461/3041/1461
f 1462/70/1462 1460/69/1460 1461/3041/1461
f 1464/558/1464 139/503/139 1466/557/1466
f 754/2083/754 1324/2074/1324 1319/2877/1319
f 1589/543/1589 1571/2069/1571 1459/527/1459
vt 0.005481 0.666275
f 1592/3045/1592 1465/3043/1465 1582/3039/1582
vt 0.545874 0.106040
vt 0.544038 0.112148
vt 0.539610 0.114806
f 1596/3046/1596 1465/3047/1465 1592/3048/1592
vt 0.299248 0.934381
f 1468/3049/1468 147/576/147 1467/581/1467
f 1472/145/1472 1467/579/1467 1466/110/1466
vt 0.301061 0.931566
f 1469/3050/1469 147/576/147 1468/3049/1468
vt 0.409473 0.929426
vt 0.415623 0.927024
f 1469/3051/1469 1819/573/1819 147/3052/147
vt 0.398556 0.921872
f 1609/3053/1609 1819/573/1819 1469/3051/1469
f 1472/145/1472 1466/110/1466 24/112/24
vt 0.405833 0.931710
f 1832/3054/1832 1609/3053/1609 1469/3051/1469
vt 0.520910 0.005422
f 1470/3055/1470 1467/579/1467 1472/145/1472
vt 0.292969 0.932856
vt 0.296046 0.935202
f 1470/3056/1470 1468/3049/1468 1467/3057/1467
f 1470/3056/1470 1469/3050/1469 1468/3049/1468
vt 0.286895 0.928790
f 1474/3058/1474 1469/3050/1469 1470/3056/1470
f 1473/590/1473 760/148/760 1602/2070/1602
vt 0.295383 0.927979
f 1832/3059/1832 1469/3050/1469 1474/3058/1474
f 57/189/57 1470/3055/1470 1472/145/1472
vt 0.291894 0.926217
f 1475/3060/1475 1832/3059/1832 1474/3058/1474
vt 0.400516 0.936073
vt 0.394151 0.931882
f 1475/3061/1475 1614/3062/1614 1832/3054/1832
f 54/77/54 149/87/149 1477/172/1477
vt 0.514894 0.005408
f 1474/3063/1474 1470/3055/1470 57/189/57
f 1845/237/1845 1475/3060/1475 1474/3058/1474
f 58/218/58 54/77/54 1477/172/1477
vt 0.289172 0.917430
f 1842/3064/1842 1475/3060/1475 1845/237/1845
vt 0.279318 0.926751
f 1478/3065/1478 1845/237/1845 1474/3058/1474
f 55/206/55 1476/2112/1476 1611/192/1611
f 1477/172/1477 1479/173/1479 1481/225/1481
f 58/218/58 1477/172/1477 1481/225/1481
f 774/214/774 1476/2112/1476 55/206/55
vt 0.379590 0.925987
vt 0.389236 0.938971
f 1627/3066/1627 1614/3062/1614 1842/3067/1842
f 1637/238/1637 1845/237/1845 1478/3065/1478
f 1480/235/1480 1481/225/1481 1479/173/1479
vt 0.371356 0.936507
f 1653/3068/1653 1627/3066/1627 1842/3067/1842
vt 0.281628 0.917829
f 1645/236/1645 1640/3069/1640 1845/237/1845
vt 0.478987 0.134933
vt 0.484864 0.149711
vt 0.474017 0.147644
f 1894/3070/1894 1628/3071/1628 1482/3072/1482
vt 0.376067 0.928644
f 1653/3068/1653 1641/3073/1641 1627/3066/1627
vt 0.477682 0.158031
f 1482/3072/1482 1628/3071/1628 1633/3074/1633
vt 0.281333 0.905286
vt 0.269763 0.909697
f 1659/3075/1659 1640/3069/1640 1665/3076/1665
vt 0.377317 0.940631
f 1653/3068/1653 1842/3067/1842 1659/3077/1659
vt 0.719995 0.073057
vt 0.707966 0.068225
f 1633/3078/1633 1619/2378/1619 1482/3079/1482
vt 0.466297 0.140059
f 1879/3080/1879 1894/3070/1894 1482/3072/1482
f 1487/271/1487 1481/225/1481 1480/235/1480
f 69/241/69 1481/225/1481 1487/271/1487
vt 0.293661 0.981713
vt 0.297273 0.986427
vt 0.293734 0.988022
f 1485/3081/1485 1644/3082/1644 1652/3083/1652
vt 0.273950 0.887231
vt 0.297942 0.900470
vt 0.286383 0.899985
f 1492/3084/1492 1641/3085/1641 1653/3086/1653
vt 0.483269 0.111249
f 1881/3087/1881 66/239/66 1651/247/1651
vt 0.491790 0.103471
f 1484/3088/1484 66/239/66 1881/3087/1881
vt 0.500602 0.096881
f 1656/3089/1656 66/239/66 1484/3088/1484
f 1485/3081/1485 1652/3083/1652 1656/262/1656
vt 0.357565 0.887160
f 1668/248/1668 1483/231/1483 1679/3090/1679
vt 0.488868 0.102449
f 1900/3091/1900 1484/3088/1484 1881/3087/1881
vt 0.492814 0.099025
f 1488/3092/1488 1484/3088/1484 1900/3091/1900
vt 0.290767 0.980425
f 1486/3093/1486 1485/3081/1485 1656/262/1656
vt 0.275450 0.900717
vt 0.265856 0.898872
f 1653/3086/1653 1659/3094/1659 1691/3095/1691
f 1490/277/1490 1485/613/1485 1486/273/1486
f 1487/271/1487 1485/613/1485 1490/277/1490
f 519/1594/519 1488/264/1488 1900/1595/1900
f 1492/3084/1492 1653/3086/1653 1691/3095/1691
vt 0.469401 0.105648
vt 0.460616 0.127583
f 1918/1603/1918 1915/3096/1915 1893/3097/1893
f 2332/618/2332 72/270/72 1489/255/1489
vt 0.287639 0.868435
vt 0.299205 0.865010
vt 0.301423 0.889294
f 1694/3098/1694 1493/3099/1493 1666/3100/1666
vt 0.243832 0.894102
f 1492/3084/1492 1691/3095/1691 1700/3101/1700
f 525/278/525 71/272/71 1490/277/1490
vt 0.447407 0.128329
f 1918/1603/1918 1893/3097/1893 1885/3102/1885
vt 0.293451 0.865410
f 1494/3103/1494 1493/3099/1493 1694/3098/1694
vt 0.764478 0.465099
f 1498/295/1498 1493/3104/1493 1494/2409/1494
vt 0.695154 0.041733
f 1928/1600/1928 1885/3105/1885 1892/1601/1892
f 1918/1603/1918 1885/3102/1885 1928/1604/1928
vt 0.309529 0.858700
vt 0.302992 0.862111
f 1496/3106/1496 1493/3099/1493 1495/3107/1495
f 1497/280/1497 1491/254/1491 1496/3106/1496
vt 0.761504 0.457950
f 1498/295/1498 1495/3108/1495 1493/3104/1493
vt 0.761306 0.450830
f 74/288/74 1496/3109/1496 1495/3108/1495
f 1927/1609/1927 1167/2705/1167 1883/2699/1883
vt 0.763400 0.483044
vt 0.764459 0.478260
f 1701/3110/1701 1494/2409/1494 1694/3111/1694
f 1700/3101/1700 1167/2705/1167 1502/2733/1502
f 1700/3101/1700 1696/2706/1696 1167/2705/1167
vt 0.266657 0.872280
f 1700/3101/1700 1713/3112/1713 1492/3084/1492
f 1710/2410/1710 1494/2409/1494 1701/3110/1701
f 74/288/74 1495/3108/1495 1498/295/1498
f 1497/287/1497 1496/3109/1496 74/288/74
f 1502/2733/1502 1167/2705/1167 1500/2723/1500
vt 0.247508 0.883643
f 1713/3112/1713 1700/3101/1700 1712/3113/1712
f 1716/2419/1716 1713/3112/1713 1712/3113/1712
f 1503/1608/1503 1500/2723/1500 1927/1609/1927
f 1501/2734/1501 1500/2723/1500 1504/2739/1504
f 1503/1608/1503 1504/2739/1504 1500/2723/1500
f 1510/2741/1510 1504/2739/1504 1503/1608/1503
f 1176/2425/1176 1501/2734/1501 1504/2739/1504
vt 0.234008 0.864072
f 1507/3114/1507 1505/2418/1505 1719/2420/1719
vt 0.239275 0.864187
f 965/3115/965 1505/2418/1505 1507/3114/1507
f 1515/624/1515 1506/299/1506 1509/622/1509
f 1507/3114/1507 1719/2420/1719 1508/2424/1508
vt 0.726626 0.453172
f 1513/3116/1513 1509/308/1509 1723/621/1723
f 1514/322/1514 83/304/83 1515/624/1515
vt 0.210201 0.860008
f 1511/3117/1511 1176/2425/1176 1179/2738/1179
vt 0.852544 0.145558
f 1513/3118/1513 1515/624/1515 1509/622/1509
vt 0.718552 0.459293
f 1512/3119/1512 1513/3116/1513 1723/621/1723
f 968/2433/968 1511/2432/1511 1179/2435/1179
vt 0.722491 0.454612
f 1517/3120/1517 1513/3116/1513 1512/3119/1512
f 1516/326/1516 1514/322/1514 1515/624/1515
f 968/2433/968 1179/2435/1179 970/2434/970
f 1519/320/1519 1718/316/1718 1726/2131/1726
vt 0.717020 0.471177
f 1728/3121/1728 1512/3119/1512 1723/621/1723
vt 0.845712 0.140846
f 1517/3122/1517 1515/624/1515 1513/3118/1513
f 1187/1628/1187 1182/1614/1182 1183/1613/1183
vt 0.714328 0.468396
f 1520/3123/1520 1512/3119/1512 1728/3121/1728
f 1516/326/1516 1515/624/1515 1517/3122/1517
vt 0.719500 0.701432
vt 0.710935 0.706784
f 1521/351/1521 1512/3124/1512 1520/3125/1520
vt 0.723585 0.694406
f 1521/351/1521 1517/3126/1517 1512/3124/1512
f 1519/320/1519 1726/2131/1726 1978/2132/1978
vt 0.724010 0.687711
f 1521/351/1521 1518/350/1518 1516/3127/1516
vt 0.711178 0.474650
vt 0.710814 0.479212
f 1520/3128/1520 1728/3121/1728 1523/3129/1523
f 1521/351/1521 1516/3127/1516 1517/3126/1517
f 1521/351/1521 1520/3125/1520 91/356/91
vt 0.290743 0.825949
f 1731/348/1731 1523/3130/1523 1730/346/1730
vt 0.703336 0.711626
f 91/356/91 1520/3125/1520 1523/3131/1523
vt 0.711437 0.498449
vt 0.711337 0.506586
f 1729/3132/1729 1519/320/1519 1976/3133/1976
f 91/356/91 1523/3131/1523 1525/357/1525
vt 0.687650 0.718089
f 1525/357/1525 1523/3131/1523 1731/3134/1731
f 1976/3133/1976 1519/320/1519 1978/2132/1978
vt 0.261418 0.838816
f 1524/345/1524 1729/347/1729 1976/3135/1976
f 1997/367/1997 1524/345/1524 1976/3135/1976
vt 0.268276 0.822033
f 1732/3136/1732 1731/348/1731 1524/345/1524
vt 0.675232 0.719716
f 1732/3137/1732 1525/357/1525 1731/3134/1731
f 1992/366/1992 1524/345/1524 1997/367/1997
f 1526/361/1526 1732/3137/1732 553/370/553
vt 0.212081 0.843208
vt 0.205044 0.844928
vt 0.197003 0.842481
f 1733/3138/1733 1208/3139/1208 1528/3140/1528
vt 0.229807 0.839274
vt 0.219515 0.847216
f 1733/3138/1733 1987/3141/1987 976/3142/976
f 2016/1724/2016 1733/3138/1733 1528/3140/1528
f 1529/2777/1529 1210/2770/1210 1527/2776/1527
f 2016/1724/2016 2017/1745/2017 1733/3138/1733
f 2017/1745/2017 2007/1747/2007 1987/3141/1987
f 2016/1724/2016 1528/3140/1528 1737/1725/1737
vt 0.870612 0.584501
f 1734/3143/1734 1529/2777/1529 1527/2776/1527
vt 0.184285 0.840665
f 1737/1725/1737 1528/3140/1528 1529/3144/1529
vt 0.183703 0.837770
vt 0.180463 0.838251
f 1530/3145/1530 1529/3144/1529 1734/3146/1734
f 1737/1725/1737 1529/3144/1529 1530/3145/1530
f 1735/1730/1735 1737/1725/1737 1530/3145/1530
f 580/1732/580 553/370/553 1531/1748/1531
f 869/2207/869 848/2199/848 841/2201/841
f 1541/1965/1541 1533/1926/1533 679/1918/679
f 875/2237/875 841/2201/841 1534/1940/1534
vt 0.083978 0.664112
f 1538/3147/1538 1533/1926/1533 1541/1965/1541
vt 0.094535 0.661768
f 1538/3147/1538 1406/3148/1406 1533/1926/1533
vt 0.421191 0.296555
vt 0.422780 0.298452
f 1536/3149/1536 1535/1934/1535 1542/3150/1542
vt 0.886336 0.078768
f 1539/3022/1539 1406/1928/1406 1538/3151/1538
vt 0.876716 0.077228
f 1540/3152/1540 1534/1940/1534 1539/3022/1539
vt 0.104280 0.766819
f 1537/3021/1537 1536/1939/1536 1542/3153/1542
f 1540/3152/1540 875/2237/875 1534/1940/1534
vt 0.425755 0.301520
f 1542/3154/1542 1535/1934/1535 1409/2210/1409
vt 0.862347 0.088750
f 1547/3155/1547 875/2237/875 1540/3152/1540
f 1748/2230/1748 853/2202/853 1746/2229/1746
vt 0.439873 0.311595
f 1543/3156/1543 1409/2210/1409 1748/2230/1748
vt 0.106566 0.775299
vt 0.095067 0.777963
f 1542/3153/1542 1409/3157/1409 1550/3158/1550
vt 0.073693 0.657225
vt 0.084773 0.658498
f 1545/3159/1545 1539/3160/1539 1538/3147/1538
vt 0.877805 0.084006
vt 0.881723 0.082780
f 1544/3161/1544 1539/3022/1539 1545/3162/1545
f 1544/3161/1544 1540/3152/1540 1539/3022/1539
vt 0.870439 0.086507
f 1546/3163/1546 1540/3152/1540 1544/3161/1544
f 1546/3163/1546 1547/3155/1547 1540/3152/1540
vt 0.434424 0.308737
f 1550/3164/1550 1409/2210/1409 1543/3156/1543
vt 0.088555 0.766952
f 1553/3165/1553 1537/3021/1537 1542/3153/1542
vt 0.446804 0.316317
f 1549/3166/1549 1543/3156/1543 1748/2230/1748
f 1553/3165/1553 1542/3153/1542 1550/3158/1550
f 1556/2294/1556 1541/1965/1541 897/1980/897
f 1556/2294/1556 1538/3147/1538 1541/1965/1541
f 889/2248/889 875/2237/875 1547/3155/1547
vt 0.799076 0.082336
vt 0.800372 0.089792
vt 0.794922 0.087843
f 1557/3167/1557 1546/3168/1546 1544/3169/1544
f 1549/3166/1549 1748/2230/1748 1755/2552/1755
vt 0.098152 0.782207
vt 0.092050 0.787695
f 1550/3158/1550 1543/3170/1543 1549/3171/1549
vt 0.063234 0.657316
f 1551/3172/1551 1538/3147/1538 1556/2294/1556
f 1545/3159/1545 1538/3147/1538 1551/3172/1551
vt 0.793152 0.086138
f 1557/3167/1557 1544/3169/1544 1545/3173/1545
f 1561/3027/1561 1537/3021/1537 1553/3165/1553
vt 0.793412 0.082492
f 1557/3167/1557 1545/3173/1545 1551/3174/1551
f 1548/2551/1548 1549/3166/1549 1755/2552/1755
vt 0.808451 0.093725
f 1557/3167/1557 1547/3175/1547 1546/3168/1546
f 889/2248/889 1547/3155/1547 1552/2282/1552
vt 0.056884 0.658339
f 1554/3176/1554 1551/3172/1551 1556/2294/1556
f 1562/2289/1562 1547/3175/1547 1557/3167/1557
vt 0.815054 0.098332
f 1562/2289/1562 1552/3177/1552 1547/3175/1547
vt 0.074696 0.775645
f 1555/3178/1555 1553/3165/1553 1550/3158/1550
f 1558/2566/1558 1550/3158/1550 1549/3171/1549
vt 0.793185 0.078259
f 1554/3179/1554 1557/3167/1557 1551/3174/1551
f 898/2288/898 1552/3177/1552 1562/2289/1562
f 1558/2566/1558 1555/3178/1555 1550/3158/1550
f 1553/3165/1553 1555/3178/1555 1561/3027/1561
f 1556/2294/1556 897/1980/897 900/1997/900
f 1558/2566/1558 1549/3171/1549 1548/3032/1548
vt 0.051563 0.658503
vt 0.049412 0.658610
f 1554/3180/1554 1556/2294/1556 1560/3181/1560
vt 0.794784 0.072259
f 1560/3182/1560 1557/3167/1557 1554/3179/1554
f 916/2293/916 1560/3181/1560 1556/2294/1556
f 1559/3028/1559 1563/2040/1563 1429/3030/1429
f 1563/2040/1563 1432/1998/1432 1429/3030/1429
f 1449/2876/1449 1557/3167/1557 1560/3182/1560
f 1449/2876/1449 1562/2289/1562 1557/3167/1557
vt 0.054186 0.772805
f 1568/3183/1568 1555/3178/1555 1558/2566/1558
vt 0.044154 0.758933
f 1572/3184/1572 1426/3031/1426 1561/3027/1561
f 1439/2039/1439 1432/1998/1432 1563/2040/1563
f 1568/3183/1568 1561/3027/1561 1555/3178/1555
f 1564/2317/1564 1560/3182/1560 916/2312/916
f 1572/3184/1572 1561/3027/1561 1568/3183/1568
vt 0.039504 0.732822
f 1426/3031/1426 1566/3185/1566 1559/3028/1559
f 1566/3185/1566 1563/2040/1563 1559/3028/1559
f 1570/2308/1570 1562/2289/1562 1449/2876/1449
f 1570/2308/1570 910/2287/910 1562/2289/1562
vt 0.500297 0.781965
vt 0.493637 0.785065
f 1776/3186/1776 1764/3187/1764 1765/2586/1765
f 1564/2317/1564 1449/2876/1449 1560/3182/1560
f 1572/3184/1572 1566/3185/1566 1426/3031/1426
f 1566/3185/1566 1576/2038/1576 1563/2040/1563
f 1567/2626/1567 1063/2565/1063 1035/2260/1035
f 1787/2601/1787 1776/3186/1776 1765/2586/1765
vt 0.043627 0.785035
vt 0.050697 0.791250
f 1573/3188/1573 1558/2566/1558 1785/3189/1785
vt 0.035384 0.774202
f 1575/3190/1575 1558/2566/1558 1573/3188/1573
f 1575/3190/1575 1568/3183/1568 1558/2566/1558
vt 0.025833 0.749213
f 1586/3191/1586 1566/3185/1566 1572/3184/1572
f 1575/3190/1575 1572/3184/1572 1568/3183/1568
f 1570/2308/1570 1449/2876/1449 1569/2870/1569
vt 0.695955 0.274854
vt 0.681969 0.270986
f 1805/3192/1805 1777/3193/1777 1793/1402/1793
vt 0.707191 0.142243
vt 0.698625 0.144772
vt 0.701833 0.132934
f 1573/3194/1573 1785/3195/1785 1813/3196/1813
f 1576/2038/1576 1566/3185/1566 1586/3191/1586
vt 0.529514 0.775293
f 1807/3197/1807 1787/2601/1787 1579/2618/1579
f 1787/2601/1787 1087/2588/1087 1579/2618/1579
vt 0.713988 0.134568
vt 0.710576 0.139054
f 1574/3198/1574 1573/3199/1573 1813/3196/1813
vt 0.034136 0.778891
f 1574/3200/1574 1575/3190/1575 1573/3188/1573
vt 0.024560 0.763903
f 1580/3201/1580 1586/3191/1586 1572/3184/1572
f 1580/3201/1580 1572/3184/1572 1575/3190/1575
f 1605/2365/1605 1807/3197/1807 1579/2618/1579
vt 0.009853 0.740763
f 1595/3202/1595 1576/2038/1576 1586/3191/1586
f 1597/2077/1597 1576/2038/1576 1595/3202/1595
f 1577/556/1577 1576/2038/1576 1597/2077/1597
vt 0.719928 0.125249
f 1591/3203/1591 1574/3198/1574 1813/3196/1813
vt 0.724121 0.129592
f 1591/3203/1591 1575/3204/1575 1574/3198/1574
f 1584/2893/1584 922/2334/922 1578/2879/1578
f 1603/2346/1603 1605/2365/1605 1579/2618/1579
vt 0.547266 0.772699
f 1799/3205/1799 1807/3197/1807 1605/2365/1605
vt 0.728986 0.124203
f 1591/3203/1591 1580/3206/1580 1575/3204/1575
vt 0.730303 0.115674
f 1604/3207/1604 1580/3206/1580 1591/3203/1591
vt 0.014994 0.755176
f 1594/3208/1594 1586/3191/1586 1580/3201/1580
vt 0.538781 0.124041
f 1592/3048/1592 1582/3209/1582 1598/83/1598
vt 0.563112 0.765595
f 1822/3210/1822 1799/3205/1799 1605/2365/1605
f 1598/83/1598 1582/3209/1582 1581/2071/1581
vt 0.018412 0.761252
f 1594/3208/1594 1580/3201/1580 1604/3211/1604
f 1588/2099/1588 1583/560/1583 1587/559/1587
f 1590/2914/1590 1578/2879/1578 1348/90/1348
f 1590/2914/1590 1584/2893/1584 1578/2879/1578
f 1345/2913/1345 1584/2893/1584 1590/2914/1590
vt 0.395271 0.906572
f 1622/3212/1622 1571/2069/1571 1589/543/1589
f 1603/2346/1603 1579/2618/1579 1094/2343/1094
f 1594/3208/1594 1595/3202/1595 1586/3191/1586
f 1597/2100/1597 1588/2099/1588 1587/559/1587
vt 0.834851 0.054262
f 1346/3213/1346 1584/2893/1584 1345/2913/1345
vt 0.400841 0.891858
f 1606/3214/1606 1585/2068/1585 1571/2069/1571
f 1833/2374/1833 1591/3203/1591 1813/3196/1813
f 1609/3053/1609 1589/543/1589 1819/573/1819
f 1571/2069/1571 1622/3212/1622 1606/3214/1606
f 1833/2374/1833 1604/3207/1604 1591/3203/1591
vt 0.525613 0.116629
f 1600/3215/1600 1592/3048/1592 1598/83/1598
vt 0.739217 0.099962
vt 0.736725 0.115601
f 1599/3216/1599 1594/3217/1594 1604/3207/1604
vt 0.747218 0.103435
f 1599/3216/1599 1595/3218/1595 1594/3217/1594
f 1599/3216/1599 1597/2100/1597 1595/3218/1595
f 1622/3212/1622 1589/543/1589 1609/3053/1609
f 1608/2373/1608 1604/3207/1604 1833/2374/1833
f 48/130/48 1598/83/1598 769/113/769
f 1600/3215/1600 1596/3046/1596 1592/3048/1592
f 1585/2068/1585 1606/3214/1606 1642/232/1642
f 1610/2098/1610 1597/2100/1597 1599/3216/1599
f 1600/3215/1600 1598/83/1598 48/130/48
f 1601/158/1601 1596/3046/1596 1600/3215/1600
f 1608/2373/1608 1599/3216/1599 1604/3207/1604
f 1612/188/1612 34/132/34 28/115/28
f 1607/598/1607 1602/2070/1602 1585/2068/1585
f 1601/158/1601 1600/3215/1600 1621/202/1621
f 1642/232/1642 1606/3214/1606 1625/233/1625
f 1473/590/1473 1602/2070/1602 1607/598/1607
vt 0.566370 0.742415
f 1862/3219/1862 1822/3210/1822 1605/2365/1605
f 1608/2373/1608 1610/2098/1610 1599/3216/1599
f 1609/3053/1609 1832/3054/1832 1614/3062/1614
f 1600/3215/1600 48/130/48 1611/192/1611
vt 0.729532 0.081469
f 1620/3220/1620 1610/2098/1610 1608/2373/1608
f 1627/3066/1627 1622/3212/1622 1609/3053/1609
vt 0.378102 0.901981
f 1625/233/1625 1606/3214/1606 1632/3221/1632
vt 0.736158 0.079881
f 1620/3220/1620 1615/3222/1615 1610/2098/1610
f 1621/202/1621 1600/3215/1600 1611/192/1611
f 1616/201/1616 1612/156/1612 1601/158/1601
f 1627/3066/1627 1609/3053/1609 1614/3062/1614
f 1632/3221/1632 1606/3214/1606 1622/3212/1622
f 1607/598/1607 1585/2068/1585 1642/232/1642
vt 0.574661 0.748045
vt 0.582548 0.760856
f 1857/3223/1857 1840/3224/1840 1822/3210/1822
vt 0.499984 0.159736
vt 0.497456 0.159703
f 1613/2110/1613 1610/3225/1610 1615/3226/1615
f 1616/201/1616 1601/158/1601 1621/202/1621
vt 0.297284 0.919047
f 1842/3064/1842 1614/3227/1614 1475/3060/1475
f 1621/202/1621 1611/192/1611 1476/2112/1476
f 1620/3220/1620 1608/2373/1608 1619/2378/1619
vt 0.493504 0.161080
vt 0.486768 0.159509
f 1613/2110/1613 1615/3228/1615 1620/3229/1620
f 1630/216/1630 773/193/773 1629/2111/1629
f 1617/184/1617 1612/156/1612 1616/201/1616
f 1628/3071/1628 1613/2110/1613 1620/3229/1620
f 1672/2113/1672 1607/598/1607 1642/232/1642
vt 0.488523 0.142362
f 1628/3071/1628 1867/3230/1867 1613/2110/1613
f 1629/2111/1629 1613/2110/1613 1867/3230/1867
f 155/215/155 1617/184/1617 1616/201/1616
vt 0.064779 0.937146
f 1663/3231/1663 949/2377/949 1626/2369/1626
f 1633/3078/1633 1620/3220/1620 1619/2378/1619
f 1623/200/1623 1621/202/1621 1639/229/1639
vt 0.316380 0.902105
vt 0.313673 0.905617
vt 0.305705 0.905994
f 1636/3232/1636 1622/3233/1622 1627/3234/1627
vt 0.373783 0.910898
f 1632/3221/1632 1622/3212/1622 1636/3235/1636
vt 0.928415 0.019913
f 1638/608/1638 1624/607/1624 1623/3236/1623
vt 0.725481 0.072260
f 1628/3237/1628 1620/3220/1620 1633/3078/1633
f 1894/3070/1894 1867/3230/1867 1628/3071/1628
f 1631/213/1631 1635/221/1635 774/214/774
vt 0.520016 0.091726
vt 0.521475 0.091402
f 1644/3238/1644 1638/3239/1638 1623/200/1623
vt 0.293385 0.585307
f 1643/3240/1643 955/2380/955 1654/2375/1654
vt 0.052327 0.949093
f 1647/3241/1647 1626/2369/1626 955/2381/955
vt 0.487551 0.128981
f 1650/3242/1650 1629/2111/1629 1867/3230/1867
f 1630/216/1630 1629/2111/1629 1650/3242/1650
f 1666/3100/1666 1636/3232/1636 1627/3234/1627
vt 0.324048 0.896572
f 1660/253/1660 1632/3243/1632 1636/3232/1636
f 1625/233/1625 1632/3221/1632 1660/246/1660
vt 0.048088 0.961249
f 1647/3241/1647 955/2381/955 1643/3244/1643
vt 0.504909 0.103831
f 1648/3245/1648 1639/229/1639 1635/221/1635
f 1641/3085/1641 1666/3100/1666 1627/3234/1627
f 1654/2375/1654 954/2366/954 958/2383/958
f 1663/3231/1663 1626/2369/1626 1647/3241/1647
vt 0.508883 0.094523
f 1652/3246/1652 1623/200/1623 1639/229/1639
vt 0.264217 0.921752
vt 0.267858 0.924352
f 1646/3247/1646 1637/238/1637 63/3248/63
f 1660/253/1660 1636/3232/1636 1666/3100/1666
vt 0.298357 0.589782
f 1643/3240/1643 1654/2375/1654 1661/3249/1661
f 1652/3246/1652 1639/229/1639 1648/3245/1648
f 1645/236/1645 1637/238/1637 1646/3247/1646
f 1665/3076/1665 1640/3069/1640 1645/236/1645
vt 0.054227 0.935074
f 1647/3241/1647 1662/3250/1662 1663/3231/1663
f 1894/3070/1894 1650/3242/1650 1867/3230/1867
f 1634/234/1634 1630/216/1630 1650/3242/1650
f 1648/3245/1648 1635/221/1635 66/239/66
vt 0.515605 0.091640
f 1652/3246/1652 1644/3251/1644 1623/200/1623
vt 0.042581 0.962126
f 1661/3252/1661 1647/3241/1647 1643/3244/1643
vt 0.199149 0.932623
f 1655/3253/1655 1147/2695/1147 1658/2694/1658
f 1651/247/1651 1634/234/1634 1650/3242/1650
vt 0.485942 0.005706
f 1646/3254/1646 63/224/63 1649/245/1649
f 1668/248/1668 1672/2113/1672 1642/232/1642
f 956/2384/956 954/2366/954 1148/2382/1148
f 1652/3246/1652 1648/3245/1648 66/239/66
vt 0.204384 0.931013
f 1877/3255/1877 1655/3253/1655 1658/2694/1658
vt 0.260690 0.924627
vt 0.256685 0.925109
f 1646/3247/1646 1649/3256/1649 1657/3257/1657
f 1667/2387/1667 1661/3249/1661 1654/2375/1654
vt 0.203678 0.924278
f 1664/3258/1664 1658/2694/1658 1880/2691/1880
f 1874/1582/1874 1150/1578/1150 1655/2697/1655
f 518/1577/518 1150/1578/1150 1874/1582/1874
f 1881/3087/1881 1650/3242/1650 1894/3070/1894
f 1881/3087/1881 1651/247/1651 1650/3242/1650
f 1656/3089/1656 1652/3246/1652 66/239/66
vt 0.253409 0.918581
f 1671/3259/1671 1645/236/1645 1646/3247/1646
f 1492/3084/1492 1666/3100/1666 1641/3085/1641
f 1670/2386/1670 1654/2375/1654 958/2383/958
vt 0.047087 0.942710
f 1662/3250/1662 1647/3241/1647 1674/3260/1674
vt 0.204001 0.932708
f 1874/3261/1874 1655/3253/1655 1877/3255/1877
f 1671/3259/1671 1646/3247/1646 1657/3257/1657
vt 0.207493 0.928350
f 1876/3262/1876 1658/2694/1658 1664/3258/1664
vt 0.477415 0.007479
f 515/260/515 1671/3263/1671 1657/249/1657
vt 0.368128 0.952428
vt 0.371807 0.948191
vt 0.376870 0.954618
f 1691/3264/1691 1659/3265/1659 1665/3266/1665
vt 0.029814 0.964196
vt 0.034502 0.965516
f 1673/3267/1673 1661/3252/1661 1667/3268/1667
f 1647/3241/1647 1661/3252/1661 1673/3267/1673
vt 0.071203 0.921348
f 1895/2395/1895 1882/3269/1882 1663/3231/1663
f 1893/3097/1893 1894/3070/1894 1879/3080/1879
vt 0.243677 0.923120
vt 0.251375 0.923701
f 1678/3270/1678 1671/3259/1671 515/3271/515
vt 0.376773 0.964143
vt 0.376830 0.958618
f 1681/3272/1681 1691/3264/1691 1665/3273/1665
vt 0.356390 0.857612
f 1684/3274/1684 785/2115/785 1672/2113/1672
vt 0.253352 0.907860
f 1681/3275/1681 1645/236/1645 1671/3259/1671
vt 0.260610 0.906652
f 1681/3276/1681 1665/3076/1665 1645/236/1645
vt 0.311641 0.600527
f 1673/3277/1673 1667/2387/1667 1670/2386/1670
f 1895/2395/1895 1663/3231/1663 1662/3250/1662
f 1690/2722/1690 1681/3275/1681 1671/3259/1671
f 1493/3099/1493 1660/253/1660 1666/3100/1666
vt 0.340618 0.868552
vt 0.339579 0.873493
f 1683/3278/1683 1668/3279/1668 1679/269/1679
f 1673/3267/1673 1674/3260/1674 1647/3241/1647
vt 0.036586 0.942570
f 1676/3280/1676 1662/3250/1662 1674/3260/1674
f 1158/2709/1158 1664/3258/1664 1880/2691/1880
vt 0.243274 0.919998
f 1680/3281/1680 1671/3259/1671 1678/3270/1678
f 1493/3099/1493 1491/254/1491 1660/253/1660
vt 0.316311 0.601958
f 1682/3282/1682 1673/3277/1673 1670/2386/1670
f 1905/2718/1905 1876/3262/1876 1664/3258/1664
f 1159/2717/1159 1876/3262/1876 1905/2718/1905
vt 0.212852 0.929022
f 1159/2717/1159 1669/3283/1669 1876/3262/1876
f 1690/2722/1690 1671/3259/1671 1680/3281/1680
vt 0.349099 0.870585
f 1684/3274/1684 1668/248/1668 1683/3284/1683
f 1672/2113/1672 1668/248/1668 1684/3274/1684
vt 0.787062 0.692156
f 2333/2118/2333 785/2120/785 1684/3285/1684
vt 0.333253 0.589849
f 1677/3286/1677 1675/2389/1675 959/1308/959
vt 0.330484 0.599172
f 1901/2390/1901 1675/2389/1675 1903/3287/1903
f 1156/1581/1156 1669/1583/1669 1159/2712/1159
vt 0.824675 0.525316
f 1908/1472/1908 1677/3288/1677 959/2392/959
vt 0.332342 0.594339
f 1677/3286/1677 1902/3289/1902 1675/2389/1675
f 1903/3287/1903 1675/2389/1675 1902/3289/1902
f 1693/2402/1693 1662/3250/1662 1676/3280/1676
f 1689/2716/1689 1680/3281/1680 1678/3270/1678
vt 0.831144 0.525402
f 1908/1472/1908 1902/3290/1902 1677/3288/1677
vt 0.332671 0.597251
f 1909/3291/1909 1903/3287/1903 1902/3289/1902
vt 0.022880 0.960536
f 1686/3292/1686 1674/3260/1674 1673/3267/1673
f 1676/3280/1676 1674/3260/1674 1686/3292/1686
vt 0.458041 0.010429
f 1685/3293/1685 1678/1589/1678 514/1580/514
vt 0.236625 0.924833
f 1689/2716/1689 1678/3270/1678 1685/3294/1685
vt 0.338012 0.862294
f 1683/3295/1683 1679/269/1679 1491/254/1491
f 1687/1591/1687 1685/3293/1685 514/1580/514
vt 0.248307 0.901904
f 1688/3296/1688 1681/3275/1681 1690/2722/1690
vt 0.330783 0.859525
f 73/3297/73 1683/3295/1683 1491/254/1491
f 1686/3292/1686 1673/3267/1673 1682/2398/1682
f 1916/2396/1916 1895/2395/1895 1662/3250/1662
f 524/1592/524 1889/1584/1889 517/1447/517
f 1158/2709/1158 1680/3281/1680 1689/2716/1689
vt 0.772894 0.690616
vt 0.773031 0.697966
f 2334/3298/2334 1683/3299/1683 73/283/73
f 2334/3298/2334 1684/3285/1684 1683/3299/1683
f 2333/2118/2333 1684/3285/1684 2334/3298/2334
f 1693/2402/1693 1676/3280/1676 1686/3292/1686
f 1690/2722/1690 1680/3281/1680 1158/2709/1158
vt 0.370986 0.966920
vt 0.368196 0.961606
f 1688/3300/1688 1691/3301/1691 1681/3272/1681
f 1695/2397/1695 1686/3292/1686 1682/2398/1682
vt 0.454744 0.009918
f 1687/1591/1687 1689/3302/1689 1685/3293/1685
f 1694/3098/1694 1666/3100/1666 1492/3084/1492
f 1496/3106/1496 1491/254/1491 1493/3099/1493
f 1916/2396/1916 1662/3250/1662 1693/2402/1693
vt 0.404942 0.102525
f 1934/3303/1934 1889/1584/1889 524/1592/524
f 1700/3101/1700 1691/3095/1691 1688/3296/1688
vt 0.008692 0.971398
f 1695/2397/1695 1901/2399/1901 1692/3304/1692
vt 0.399140 0.100587
f 1934/3303/1934 1917/3305/1917 1889/1584/1889
f 1696/2706/1696 1688/3296/1688 1690/2722/1690
vt 0.855601 0.526845
f 1695/3306/1695 1692/2713/1692 1697/2406/1697
f 1700/3101/1700 1688/3296/1688 1696/2706/1696
vt 0.008493 0.963369
vt 0.008286 0.968804
f 1698/3307/1698 1695/2397/1695 1697/3308/1697
f 1698/3307/1698 1686/3292/1686 1695/2397/1695
vt 0.011015 0.957720
f 1699/2400/1699 1686/3292/1686 1930/3309/1930
f 1699/2400/1699 1693/2402/1693 1686/3292/1686
f 2334/3298/2334 73/283/73 2338/289/2338
f 1697/2406/1697 1692/2713/1692 1707/2404/1707
f 1698/3307/1698 1930/3309/1930 1686/3292/1686
f 1713/3112/1713 1694/3098/1694 1492/3084/1492
f 1702/2408/1702 1699/2400/1699 1930/3309/1930
vt 0.275628 0.869515
f 1694/3098/1694 1713/3112/1713 1704/3310/1704
vt 0.281876 0.867650
f 1704/3310/1704 1701/3311/1701 1694/3098/1694
vt 0.870953 0.517884
f 1705/3312/1705 1698/2405/1698 1707/2404/1707
vt 0.005959 0.960440
f 1930/3309/1930 1698/3307/1698 1705/3313/1705
vt 0.763063 0.489228
f 1710/2410/1710 1701/3110/1701 1709/3314/1709
vt 0.006097 0.956634
f 1702/2408/1702 1930/3309/1930 1705/3315/1705
vt 0.005936 0.953467
f 1706/3316/1706 1702/2408/1702 1705/3315/1705
vt 0.264149 0.867899
f 1714/3317/1714 1704/3310/1704 1713/3112/1713
vt 0.273873 0.867011
vt 0.277345 0.866472
f 1709/3318/1709 1701/3319/1701 1704/3310/1704
vt 0.760965 0.495409
f 1711/3320/1711 1710/2410/1710 1709/3314/1709
f 1709/3318/1709 1704/3310/1704 1714/3317/1714
f 1706/2724/1706 1705/3312/1705 1707/2404/1707
f 1708/1598/1708 1703/398/1703 1938/400/1938
f 1712/3113/1712 1700/3101/1700 1502/2733/1502
vt 0.764940 0.493133
f 1711/3320/1711 1709/3314/1709 1714/3321/1714
f 1718/316/1718 1710/2410/1710 1721/2127/1721
f 1721/2127/1721 1710/2410/1710 1711/3320/1711
f 1716/2419/1716 1712/3113/1712 1502/2733/1502
f 1714/3317/1714 1713/3112/1713 1716/2419/1716
vt 0.764682 0.502624
f 1715/2125/1715 1711/3320/1711 1714/3322/1714
vt 0.257564 0.865901
f 1716/2419/1716 1715/3323/1715 1714/3317/1714
f 1719/2420/1719 1716/2419/1716 1502/2733/1502
f 1721/2127/1721 1711/3320/1711 1715/2125/1715
f 1174/2729/1174 1717/1610/1717 531/1612/531
vt 0.249172 0.865564
f 1715/3324/1715 1716/2419/1716 1505/2418/1505
f 1720/2725/1720 1174/2729/1174 531/1612/531
f 1508/2424/1508 1719/2420/1719 1501/2734/1501
f 1722/1335/1722 1174/2729/1174 1720/2725/1720
f 1955/1617/1955 1174/2729/1174 1725/1502/1725
f 1725/1502/1725 1174/2729/1174 1722/1335/1722
f 1723/621/1723 1724/296/1724 1727/315/1727
f 1718/316/1718 1721/2127/1721 1726/2131/1726
f 1728/3121/1728 1723/621/1723 1727/315/1727
f 475/1503/475 1725/1502/1725 1722/1335/1722
f 1967/1501/1967 1955/1617/1955 1725/1502/1725
vt 0.711117 0.486667
f 1730/3325/1730 1728/3121/1728 1727/315/1727
f 1729/3132/1729 1727/315/1727 1519/320/1519
f 1730/3325/1730 1727/315/1727 1729/3132/1729
f 1523/3129/1523 1728/3121/1728 1730/3325/1730
f 1526/361/1526 1525/357/1525 1732/3137/1732
f 1732/3136/1732 1524/345/1524 1992/366/1992
vt 0.663842 0.721181
f 553/370/553 1732/3137/1732 1992/3326/1992
f 2017/1745/2017 1987/3141/1987 1733/3138/1733
vt 0.866581 0.577869
vt 0.872634 0.579706
f 1734/3143/1734 2005/3327/2005 2009/3328/2009
f 1735/1730/1735 1734/3146/1734 2009/1731/2009
vt 0.182311 0.837058
f 1735/1730/1735 1736/3329/1736 1734/3146/1734
f 2020/1723/2020 1737/1725/1737 1735/1730/1735
vt 0.870673 0.571847
f 2022/1751/2022 2012/3330/2012 1738/1752/1738
f 1531/373/1531 1532/368/1532 2007/1747/2007
f 1905/2718/1905 1158/2709/1158 1689/2716/1689
f 1740/2471/1740 994/2468/994 1003/2218/1003
f 1752/2486/1752 1740/2471/1740 1003/2218/1003
f 1743/2238/1743 1741/2205/1741 1742/1089/1742
f 1751/2509/1751 1003/2218/1003 1739/2217/1739
f 1744/2544/1744 1752/2486/1752 1003/2218/1003
f 1025/2510/1025 1742/1089/1742 1014/2472/1014
vt 0.493316 0.305483
f 1749/3331/1749 1746/2229/1746 1743/2238/1743
vt 0.488627 0.313179
f 1754/3332/1754 1746/2229/1746 1749/3331/1749
f 1744/2544/1744 1003/2218/1003 1751/2509/1751
vt 0.509831 0.297735
f 1758/3333/1758 1749/3331/1749 1743/2238/1743
f 1748/2230/1748 1746/2229/1746 1755/2552/1755
f 1753/2524/1753 1747/2518/1747 1750/2281/1750
f 1754/3332/1754 1755/2552/1755 1746/2229/1746
f 1758/3333/1758 1743/2238/1743 1025/2510/1025
vt 0.206421 0.559760
f 1049/3334/1049 1752/2486/1752 1744/2544/1744
vt 0.664123 0.283221
vt 0.657027 0.275213
f 1766/1393/1766 1754/3335/1754 1749/3336/1749
f 1753/2524/1753 1756/2529/1756 1023/2520/1023
vt 0.503154 0.304828
f 1766/3337/1766 1749/3331/1749 1758/3333/1758
vt 0.603952 0.382482
f 895/3338/895 1750/2281/1750 1038/2272/1038
f 1762/2558/1762 1756/2529/1756 1753/2524/1753
f 1755/2552/1755 1754/3332/1754 1778/2557/1778
vt 0.757948 0.428548
vt 0.753600 0.427236
f 1761/3339/1761 1757/3340/1757 895/2537/895
f 1757/2280/1757 1762/2558/1762 1753/2524/1753
f 1761/3339/1761 895/2537/895 1763/2286/1763
f 1760/2543/1760 1049/3334/1049 1744/2544/1744
vt 0.124682 0.987178
vt 0.127856 0.990864
vt 0.122937 0.992069
f 1771/3341/1771 1049/3342/1049 1760/3343/1760
vt 0.591132 0.369117
vt 0.595138 0.376145
f 1767/3344/1767 1757/2280/1757 1761/3345/1761
vt 0.841940 0.624477
f 1771/3346/1771 1759/2527/1759 1049/2522/1049
vt 0.218512 0.562204
vt 0.215899 0.561942
f 1764/3347/1764 1771/3348/1771 1760/2543/1760
f 488/1544/488 1048/1539/1048 486/1546/486
f 1767/3344/1767 1762/2558/1762 1757/2280/1757
f 1770/2555/1770 1050/2535/1050 1061/2541/1061
vt 0.678602 0.289032
f 1766/1393/1766 1778/3349/1778 1754/3335/1754
f 1066/2575/1066 1762/2558/1762 1767/3344/1767
f 1769/2304/1769 1761/3339/1761 1763/2286/1763
vt 0.760716 0.434570
f 1769/2304/1769 1767/3350/1767 1761/3339/1761
vt 0.223934 0.561239
vt 0.221926 0.561882
f 1765/3351/1765 1764/3352/1764 1760/2543/1760
f 1770/2555/1770 1061/2541/1061 1780/2572/1780
vt 0.111129 0.985286
vt 0.114498 0.991014
f 1776/3353/1776 1771/3341/1771 1764/3354/1764
f 1777/3193/1777 1778/3349/1778 1766/1393/1766
vt 0.580655 0.361486
f 1769/2579/1769 1772/3355/1772 1767/3344/1767
f 1066/2575/1066 1767/3344/1767 1772/3355/1772
vt 0.123416 0.972140
vt 0.128556 0.982329
f 1788/3356/1788 1759/3357/1759 1771/3341/1771
f 1777/3193/1777 1766/1393/1766 447/1391/447
vt 0.684922 0.298845
vt 0.693805 0.296924
f 1436/3358/1436 1778/3349/1778 1784/3359/1784
vt 0.143903 0.455280
vt 0.140528 0.455265
f 1067/2576/1067 1769/3360/1769 1768/3361/1768
f 1774/2574/1774 1059/2556/1059 1762/2558/1762
f 1774/2574/1774 1775/2564/1775 1059/2556/1059
vt 0.479835 0.786268
f 1063/2587/1063 1765/2586/1765 1760/3362/1760
f 1776/3353/1776 1788/3356/1788 1771/3341/1771
f 1773/1548/1773 1770/2555/1770 1070/2571/1070
f 1772/3355/1772 1769/2579/1769 1783/2578/1783
f 1791/2611/1791 1775/2564/1775 1774/2574/1774
f 1777/3193/1777 447/1391/447 1793/1402/1793
vt 0.699893 0.288640
f 1796/3363/1796 1784/3359/1784 1778/3349/1778
f 1791/2611/1791 1072/2583/1072 1775/2564/1775
f 1778/3349/1778 1777/3193/1777 1805/3192/1805
vt 0.700746 0.296937
vt 0.699388 0.299417
f 1804/3364/1804 1779/3365/1779 1784/3359/1784
f 1785/3189/1785 1558/2566/1558 1779/3035/1779
vt 0.588216 0.330707
f 1786/3366/1786 1072/2583/1072 1791/2611/1791
vt 0.111210 0.973397
vt 0.106233 0.981171
f 1807/3367/1807 1776/3353/1776 1787/3368/1787
f 1807/3367/1807 1788/3356/1788 1776/3353/1776
vt 0.878509 0.616031
f 1782/3369/1782 1800/2594/1800 1780/2572/1780
vt 0.571280 0.354098
f 1801/3370/1801 1772/3355/1772 1783/2578/1783
f 1794/2610/1794 1786/3366/1786 1791/2611/1791
vt 0.871890 0.615859
f 1782/3369/1782 1780/2572/1780 1788/3371/1788
f 1796/3363/1796 1778/3349/1778 1805/3192/1805
vt 0.675779 0.362897
vt 0.674821 0.364583
f 1077/2605/1077 1072/3372/1072 1786/3373/1786
f 1792/2629/1792 1781/1545/1781 1789/2598/1789
f 1790/1549/1790 1781/1545/1781 1792/2629/1792
vt 0.573454 0.360600
f 1801/3370/1801 1783/2578/1783 1071/3374/1071
f 1797/2623/1797 1772/3355/1772 1801/3370/1801
f 1797/2623/1797 1066/2575/1066 1772/3355/1772
f 1797/2623/1797 1774/2574/1774 1066/2575/1066
f 1797/2623/1797 1791/2611/1791 1774/2574/1774
vt 0.704500 0.293509
f 1804/3375/1804 1784/3359/1784 1796/3363/1796
vt 0.687643 0.134487
vt 0.687274 0.146674
f 1815/3376/1815 1785/3195/1785 1779/3377/1779
f 1815/3376/1815 1813/3196/1813 1785/3195/1785
vt 0.177565 0.448774
f 1801/3378/1801 1071/2332/1071 1802/2599/1802
vt 0.670825 0.365469
vt 0.672966 0.366715
f 1795/3379/1795 1786/3373/1786 1794/3380/1794
f 1795/3379/1795 1077/2605/1077 1786/3373/1786
vt 0.113351 0.961543
f 1799/3381/1799 1788/3356/1788 1807/3367/1807
vt 0.127860 0.963478
f 1799/3381/1799 1782/3382/1782 1788/3356/1788
vt 0.674944 0.139656
f 1815/3376/1815 1779/3377/1779 1804/3383/1804
f 1798/2609/1798 1791/2611/1791 1797/2623/1797
f 1099/2612/1099 1077/2605/1077 1795/3379/1795
vt 0.135284 0.954491
f 1834/3384/1834 1782/3382/1782 1799/3381/1799
vt 0.583118 0.328372
f 1092/2620/1092 1795/3385/1795 1794/2610/1794
f 1099/2612/1099 1795/3379/1795 1092/2625/1092
vt 0.132623 0.960510
f 1834/3384/1834 1800/3386/1800 1782/3382/1782
vt 0.713777 0.279758
f 1809/3387/1809 1796/3363/1796 1805/3192/1805
vt 0.708965 0.287859
f 1809/3387/1809 1804/3388/1804 1796/3363/1796
vt 0.901091 0.619378
vt 0.893738 0.616525
f 1816/3389/1816 1800/2594/1800 1834/3390/1834
f 1811/2627/1811 1789/2598/1789 1089/2595/1089
vt 0.567590 0.352686
f 1806/2637/1806 1801/3370/1801 1802/3391/1802
f 1806/2637/1806 1797/2623/1797 1801/3370/1801
f 1816/3389/1816 1810/2621/1810 1800/2594/1800
f 1110/1409/1110 1105/2613/1105 1803/1407/1803
vt 0.121560 0.946927
f 1827/3392/1827 1834/3384/1834 1799/3381/1799
f 1826/1414/1826 1793/1402/1793 1812/1404/1812
vt 0.668675 0.130061
vt 0.667275 0.133881
f 1814/3393/1814 1804/3383/1804 1809/3394/1809
vt 0.186509 0.443818
f 1117/2631/1117 1806/3395/1806 1802/2599/1802
f 1115/2632/1115 1797/2623/1797 1806/2637/1806
vt 0.716788 0.262207
f 1829/3396/1829 1805/3192/1805 1793/1402/1793
f 1815/3376/1815 1804/3383/1804 1814/3393/1814
vt 0.910759 0.623985
f 1823/3397/1823 1810/2621/1810 1816/3389/1816
f 1809/3387/1809 1805/3192/1805 1829/3396/1829
vt 0.911773 0.625218
f 1823/3398/1823 1811/2627/1811 1810/2621/1810
f 1817/2636/1817 1811/2627/1811 1823/3398/1823
f 1112/2628/1112 1811/2627/1811 1817/2636/1817
vt 0.680286 0.121323
f 1831/3399/1831 1815/3376/1815 1814/3393/1814
vt 0.662506 0.120324
vt 0.662000 0.126190
f 1830/3400/1830 1814/3393/1814 1809/3401/1809
vt 0.114219 0.949678
vt 0.113053 0.960458
f 1822/3402/1822 1827/3392/1827 1799/3403/1799
vt 0.142715 0.952011
f 1843/2664/1843 1816/3404/1816 1834/3384/1834
vt 0.911366 0.621129
vt 0.909944 0.619813
f 1835/3405/1835 1816/3389/1816 1843/3406/1843
f 1835/3405/1835 1823/3397/1823 1816/3389/1816
f 1821/2660/1821 1817/2636/1817 1823/3398/1823
f 1825/1429/1825 1820/1419/1820 1818/1555/1818
vt 0.726122 0.268416
f 1830/3407/1830 1809/3387/1809 1829/3396/1829
f 1831/3399/1831 1814/3393/1814 1830/3400/1830
f 1126/2651/1126 1817/2636/1817 1821/2660/1821
vt 0.721808 0.230803
f 1829/3396/1829 1793/1402/1793 1838/3408/1838
f 1813/3196/1813 1815/3376/1815 1831/3399/1831
vt 0.123464 0.938480
f 1849/3409/1849 1834/3384/1834 1827/3392/1827
f 1824/1415/1824 1825/1429/1825 1818/1555/1818
f 1833/2374/1833 1813/3196/1813 1831/3399/1831
vt 0.578195 0.769249
vt 0.570964 0.770664
f 1849/3410/1849 1827/3411/1827 1822/3210/1822
vt 0.151705 0.949959
f 1130/2658/1130 1823/3412/1823 1835/2663/1835
vt 0.158465 0.947979
f 1130/2658/1130 1821/3413/1821 1823/3412/1823
f 1820/1419/1820 1825/1429/1825 500/1420/500
f 1838/3408/1838 1793/1402/1793 1826/1414/1826
vt 0.730654 0.259271
f 1830/3407/1830 1829/3396/1829 1836/3414/1836
f 1833/2374/1833 1831/3399/1831 1837/2675/1837
vt 0.654520 0.111184
f 1831/3399/1831 1830/3400/1830 1836/3415/1836
f 1855/2693/1855 1843/2664/1843 1834/3384/1834
vt 0.733384 0.241218
f 1846/3416/1846 1836/3414/1836 1829/3396/1829
f 1840/3224/1840 1849/3410/1849 1822/3210/1822
f 1855/2693/1855 1834/3384/1834 1849/3409/1849
f 1846/3416/1846 1829/3396/1829 1838/3408/1838
f 1837/2675/1837 1831/3399/1831 1839/2676/1839
f 1825/1429/1825 1824/1415/1824 1847/1434/1847
f 1839/2676/1839 1831/3399/1831 1836/3415/1836
vt 0.121090 0.929042
vt 0.117372 0.937570
f 1865/3417/1865 1849/3409/1849 1840/3418/1840
f 1838/3408/1838 1826/1414/1826 457/1412/457
vt 0.649860 0.091216
f 1839/2676/1839 1836/3415/1836 1854/3419/1854
f 1850/2372/1850 1833/2374/1833 1837/2675/1837
f 1862/3219/1862 1605/2365/1605 1851/2364/1851
f 1838/3408/1838 457/1412/457 1848/1428/1848
vt 0.637043 0.094474
f 1846/3420/1846 1854/3419/1854 1836/3415/1836
f 1847/1434/1847 1844/1430/1844 1825/1429/1825
f 1850/2372/1850 1837/2675/1837 1861/2674/1861
vt 0.596996 0.755795
vt 0.590361 0.764409
f 1618/3421/1618 1865/3422/1865 1840/3224/1840
vt 0.737374 0.223855
f 1860/3423/1860 1838/3408/1838 1848/1428/1848
f 1845/237/1845 1640/3069/1640 1842/3064/1842
f 1857/3223/1857 1822/3210/1822 1862/3219/1862
f 1846/3416/1846 1838/3408/1838 1860/3423/1860
vt 0.658057 0.080673
f 1863/3424/1863 1839/2676/1839 1854/3419/1854
vt 0.079190 0.945726
f 1663/3231/1663 1851/3425/1851 949/2377/949
f 1142/2677/1142 1843/2664/1843 1855/2693/1855
vt 0.738113 0.230621
f 1871/3426/1871 1846/3416/1846 1860/3423/1860
f 1853/1436/1853 1841/1427/1841 1856/1431/1856
f 1861/2674/1861 1839/2676/1839 1863/3424/1863
vt 0.590074 0.740331
f 1868/3427/1868 1840/3224/1840 1857/3223/1857
f 1618/3421/1618 1840/3224/1840 1868/3427/1868
f 1887/2696/1887 1855/2693/1855 1849/3409/1849
vt 0.634565 0.077538
f 1854/3419/1854 1846/3420/1846 1871/3428/1871
f 1887/2696/1887 1849/3409/1849 1865/3417/1865
f 1864/1571/1864 1852/1421/1852 1858/1564/1858
vt 0.388200 0.943005
f 1659/3077/1659 1842/3067/1842 1640/3429/1640
vt 0.080075 0.935123
f 1663/3231/1663 1862/3430/1862 1851/3425/1851
f 1868/3427/1868 1857/3223/1857 1862/3219/1862
f 1859/1444/1859 1856/1431/1856 1866/1437/1866
vt 0.745006 0.209075
f 1869/3431/1869 1860/3423/1860 1848/1428/1848
f 1619/2378/1619 1850/2372/1850 1861/2674/1861
f 1870/1439/1870 1852/1421/1852 1864/1571/1864
vt 0.627180 0.075182
vt 0.623240 0.064329
f 1871/3428/1871 1860/3432/1860 1869/3433/1869
vt 0.687346 0.066356
f 1888/3434/1888 1619/2378/1619 1861/2674/1861
vt 0.081922 0.926677
f 1882/3269/1882 1868/3435/1868 1862/3430/1862
vt 0.606168 0.744785
f 1872/3436/1872 1618/3421/1618 1868/3427/1868
f 1882/3269/1882 1862/3430/1862 1663/3231/1663
vt 0.114611 0.908212
vt 0.107584 0.924726
f 1873/3437/1873 1865/3417/1865 1618/3438/1618
vt 0.596448 0.737565
f 1872/3436/1872 1868/3427/1868 1878/3439/1878
vt 0.102159 0.914540
f 1873/3437/1873 1618/3438/1618 1872/3440/1872
vt 0.905289 0.229084
f 1897/3441/1897 1866/1443/1866 458/1438/458
f 1863/3424/1863 1854/3419/1854 1871/3428/1871
f 1861/2674/1861 1863/3424/1863 1906/2720/1906
f 1869/3431/1869 1848/1428/1848 1853/1436/1853
vt 0.638498 0.057454
f 1898/3442/1898 1871/3428/1871 1869/3433/1869
f 1880/2691/1880 1142/2677/1142 1896/2692/1896
f 1482/3079/1482 1619/2378/1619 1888/3434/1888
f 1887/2696/1887 1865/3417/1865 1873/3437/1873
f 1891/1454/1891 1869/3431/1869 1853/1436/1853
vt 0.620736 0.056755
f 1891/1451/1891 1898/3442/1898 1869/3443/1869
f 1898/3442/1898 1863/3424/1863 1871/3428/1871
f 1906/2720/1906 1888/3434/1888 1861/2674/1861
vt 0.084586 0.917494
f 1878/3444/1878 1868/3435/1868 1882/3269/1882
vt 0.067649 0.904839
f 1872/3440/1872 1878/3444/1878 1904/3445/1904
vt 0.093634 0.898502
f 1910/3446/1910 1872/3440/1872 1904/3445/1904
f 1873/3437/1873 1872/3440/1872 1910/3446/1910
f 1876/3262/1876 1877/3255/1877 1658/2694/1658
f 517/1447/517 1884/1573/1884 1864/1448/1864
f 1906/2720/1906 1863/3424/1863 1898/3442/1898
f 1885/3105/1885 1482/3079/1482 1888/3434/1888
vt 0.707764 0.049199
f 1885/3105/1885 1879/3447/1879 1482/3079/1482
vt 0.207090 0.930948
f 1669/3448/1669 1877/3255/1877 1876/3262/1876
vt 0.427712 0.015326
f 1669/1583/1669 1874/1582/1874 1877/3449/1877
f 1882/3269/1882 1904/3445/1904 1878/3444/1878
vt 0.135342 0.897099
f 1933/3450/1933 1887/2696/1887 1873/3437/1873
vt 0.703578 0.040760
vt 0.705699 0.042195
f 1893/3451/1893 1879/3452/1879 1885/3105/1885
f 1888/3434/1888 1906/2720/1906 1892/1601/1892
f 1896/2692/1896 1696/2706/1696 1880/2691/1880
f 1899/1306/1899 1886/2388/1886 1154/2700/1154
f 1899/1306/1899 957/1305/957 1886/2388/1886
f 1915/3096/1915 1881/3087/1881 1894/3070/1894
f 1883/2699/1883 1887/2696/1887 1933/3450/1933
vt 0.632645 0.018049
f 1917/3453/1917 1890/1453/1890 1897/1455/1897
vt 0.637628 0.036874
f 1917/3453/1917 1912/3454/1912 1890/1453/1890
f 1891/1451/1891 1890/1453/1890 1912/3454/1912
f 1898/3442/1898 1891/1451/1891 1912/3454/1912
f 1885/3105/1885 1888/3434/1888 1892/1601/1892
vt 0.479599 0.104951
f 1900/3455/1900 1881/3087/1881 1915/3096/1915
f 1914/1599/1914 1906/2720/1906 1898/3442/1898
f 1915/3096/1915 1894/3070/1894 1893/3097/1893
vt 0.342642 0.564951
f 1911/3456/1911 1899/1306/1899 1154/2700/1154
f 1917/3453/1917 1897/1455/1897 1889/1458/1889
vt 0.801121 0.507852
f 1911/3457/1911 1154/2708/1154 1922/2707/1922
vt 0.341319 0.571621
f 410/1304/410 1899/1306/1899 1911/3458/1911
f 1904/3445/1904 1882/3269/1882 1895/2395/1895
f 1914/1599/1914 1898/3442/1898 1912/3454/1912
vt 0.116225 0.883850
f 1940/3459/1940 1873/3437/1873 1910/3446/1910
f 1905/2718/1905 1664/3258/1664 1158/2709/1158
vt 0.255432 0.990400
f 1920/1593/1920 1900/1595/1900 1915/3460/1915
vt 0.808259 0.514664
f 1907/1473/1907 410/3461/410 1911/3457/1911
f 1909/2715/1909 1902/3290/1902 1908/1472/1908
f 1922/2707/1922 1907/1473/1907 1911/3457/1911
vt 0.063305 0.891820
f 1910/3446/1910 1904/3445/1904 1932/3462/1932
vt 0.461251 0.098809
f 1919/3463/1919 1915/3096/1915 1918/1603/1918
f 1937/2721/1937 1908/1472/1908 960/1471/960
vt 0.850446 0.528566
f 1692/2713/1692 1901/3464/1901 1903/2714/1903
vt 0.080618 0.880880
f 1924/3465/1924 1910/3446/1910 1932/3462/1932
f 1940/3459/1940 1933/3450/1933 1873/3437/1873
vt 0.647407 0.017453
f 1934/3466/1934 1912/3454/1912 1917/3453/1917
vt 0.246706 0.979247
f 1942/3467/1942 1920/1593/1920 1915/3460/1915
f 1937/2721/1937 1909/2715/1909 1908/1472/1908
f 1935/2394/1935 1916/2396/1916 1923/2403/1923
f 1935/2394/1935 1904/3445/1904 1895/2395/1895
vt 0.455351 0.092488
f 1942/3468/1942 1919/3463/1919 1918/1603/1918
vt 0.254723 0.972608
f 1931/3469/1931 1920/1593/1920 1942/3467/1942
f 1927/1609/1927 1883/2699/1883 1933/3450/1933
vt 0.247528 0.984195
f 1942/3467/1942 1915/3460/1915 1919/3470/1919
vt 0.817940 0.494664
f 1926/3471/1926 1907/1473/1907 1922/2707/1922
f 1926/3471/1926 960/1471/960 1907/1473/1907
f 1923/2403/1923 1916/2396/1916 1693/2402/1693
f 1932/3462/1932 1904/3445/1904 1935/2394/1935
f 1924/3465/1924 1940/3459/1940 1910/3446/1910
vt 0.259359 0.969278
f 529/3472/529 1920/1593/1920 1931/3469/1931
f 529/1835/529 525/278/525 1920/1597/1920
f 1950/1621/1950 1940/3459/1940 1924/3465/1924
f 1708/1598/1708 524/1592/524 1913/1588/1913
f 1925/1605/1925 1912/3454/1912 1934/3466/1934
f 1925/1605/1925 1914/1599/1914 1912/3454/1912
vt 0.803546 0.492095
vt 0.808921 0.489543
f 1922/2707/1922 1921/3473/1921 1929/3474/1929
f 1929/3474/1929 1926/3471/1926 1922/2707/1922
f 1939/1477/1939 1937/2721/1937 960/1471/960
f 1941/2728/1941 1924/3465/1924 1932/3462/1932
f 1936/1602/1936 1934/3303/1934 524/1592/524
f 1939/1477/1939 960/1471/960 1926/3471/1926
f 1941/2728/1941 1932/3462/1932 1935/2394/1935
f 1941/2728/1941 1944/2735/1944 1924/3465/1924
f 1936/1602/1936 524/1592/524 1708/1598/1708
vt 0.247237 0.970396
f 1938/3475/1938 1931/3469/1931 1942/3467/1942
vt 0.464645 0.083231
f 529/1835/529 1931/3476/1931 1938/400/1938
f 1945/1336/1945 1937/2721/1937 1939/1477/1939
f 1947/1607/1947 1933/3450/1933 1940/3459/1940
f 1947/1607/1947 1927/1609/1927 1933/3450/1933
vt 0.297957 0.794159
f 470/1480/470 1926/3477/1926 1929/1475/1929
f 530/1478/530 1939/1477/1939 1926/3471/1926
f 1170/2413/1170 1935/2394/1935 1923/2403/1923
f 1941/2728/1941 1935/2394/1935 1170/2413/1170
f 1950/1621/1950 1924/3465/1924 1944/2735/1944
f 1925/1606/1925 1934/3303/1934 1936/1602/1936
f 1501/2734/1501 1502/2733/1502 1500/2723/1500
f 1942/3468/1942 1918/1603/1918 1936/1602/1936
f 470/1480/470 1929/1475/1929 468/1321/468
vt 0.305193 0.795174
f 530/1484/530 1926/3478/1926 470/1480/470
f 1938/400/1938 1942/3468/1942 1708/1598/1708
f 1945/1336/1945 1707/2404/1707 1937/2721/1937
f 1943/1620/1943 1940/3459/1940 1950/1621/1950
f 1947/1607/1947 1940/3459/1940 1943/1620/1943
f 1936/1602/1936 1708/1598/1708 1942/3468/1942
f 1720/2725/1720 1707/2404/1707 1945/1336/1945
f 1944/2735/1944 1941/2728/1941 1946/2736/1946
f 531/1612/531 1169/1611/1169 1720/2725/1720
f 1946/2736/1946 1941/2728/1941 1948/2737/1948
f 1954/1624/1954 1947/1607/1947 1943/1620/1943
f 1963/1619/1963 1950/1621/1950 1944/2735/1944
f 1941/2728/1941 1949/2727/1949 1948/2737/1948
f 1720/2725/1720 1945/1336/1945 1722/1335/1722
vt 0.010089 0.903007
vt 0.007128 0.910149
f 1952/3479/1952 1175/2726/1175 1951/3480/1951
f 1949/2727/1949 1175/2726/1175 1952/3479/1952
f 1946/2736/1946 1948/2737/1948 1956/2743/1956
f 1952/1616/1952 1951/2731/1951 1955/1617/1955
f 1953/1496/1953 1949/2727/1949 1952/3479/1952
f 1960/1622/1960 1954/1624/1954 1943/1620/1943
f 1957/2753/1957 1956/2743/1956 1948/2737/1948
f 1185/1495/1185 1957/2753/1957 1948/2737/1948
f 1966/1500/1966 1185/1499/1185 472/1618/472
f 1190/2752/1190 1956/2743/1956 1957/2753/1957
f 1970/1626/1970 472/1618/472 1955/1617/1955
f 1967/1501/1967 1970/1626/1970 1955/1617/1955
f 1966/1500/1966 472/1618/472 1970/1626/1970
f 1979/1504/1979 1958/1505/1958 1192/2740/1192
vt 0.933345 0.446825
f 1969/3481/1969 1964/1498/1964 1966/1500/1966
vt 0.018870 0.866908
f 1965/2754/1965 1185/1495/1185 1964/3482/1964
vt 0.106133 0.821764
f 2371/3483/2371 1962/2742/1962 1190/2752/1190
f 1972/1665/1972 1979/1504/1979 1192/2740/1192
f 1973/1488/1973 1959/1479/1959 1975/1508/1975
f 1973/1488/1973 475/1348/475 1961/1350/1961
vt 0.929640 0.445832
f 1974/3484/1974 1969/3481/1969 1966/1500/1966
f 1968/2756/1968 1957/2753/1957 1965/2754/1965
vt 0.139341 0.822059
f 2377/3485/2377 1960/1622/1960 1963/1619/1963
vt 0.155206 0.826118
f 2369/3486/2369 1960/1622/1960 2377/3485/2377
vt 0.021732 0.857227
f 1969/3487/1969 1965/2754/1965 1964/3482/1964
vt 0.434634 0.714609
vt 0.429448 0.727351
vt 0.419924 0.733139
f 1971/3488/1971 1965/3489/1965 1969/3490/1969
f 1962/2742/1962 2377/3485/2377 1963/1619/1963
vt 0.402413 0.738731
f 541/1671/541 1969/3490/1969 1974/3491/1974
vt 0.393282 0.756269
f 1980/1520/1980 1970/3492/1970 1967/1506/1967
vt 0.034270 0.841443
f 1971/3493/1971 1968/2756/1968 1965/2754/1965
f 1980/1520/1980 1967/1506/1967 1977/1507/1977
f 1974/3491/1974 1970/3492/1970 1980/1520/1980
f 1200/2763/1200 2371/3483/2371 1190/2752/1190
f 1977/1507/1977 475/1348/475 1973/1488/1973
f 541/1671/541 1971/3488/1971 1969/3490/1969
vt 0.350129 0.719505
f 2000/3494/2000 1975/1508/1975 1979/1504/1979
f 1985/1521/1985 1973/1488/1973 1975/1508/1975
f 1977/1507/1977 1973/1488/1973 1985/1521/1985
f 542/1673/542 1971/3488/1971 541/1671/541
f 541/1671/541 1974/3491/1974 1980/1520/1980
f 545/1670/545 542/1673/542 541/1671/541
vt 0.713564 0.524144
vt 0.711958 0.519151
f 1988/3495/1988 1976/3496/1976 1978/2132/1978
f 2013/1659/2013 541/1671/541 1980/1520/1980
vt 0.470931 0.347285
f 1986/1664/1986 539/1654/539 2387/3497/2387
f 1982/1653/1982 539/1654/539 1986/1664/1986
f 1988/3495/1988 1978/2132/1978 788/2135/788
f 2008/1525/2008 1979/1504/1979 1972/1665/1972
f 2008/1525/2008 2000/3494/2000 1979/1504/1979
f 1993/1669/1993 537/1645/537 1982/1653/1982
f 1993/1669/1993 1983/1656/1983 537/1645/537
vt 0.484223 0.381692
vt 0.478761 0.380398
f 1990/3498/1990 1984/3499/1984 1981/1650/1981
f 1997/367/1997 1976/3135/1976 1988/2142/1988
f 1985/1521/1985 1980/1520/1980 1977/1507/1977
vt 0.570223 0.678706
f 1986/1661/1986 2387/3500/2387 2391/1668/2391
f 1990/3498/1990 1981/1650/1981 1983/1656/1983
f 1985/1521/1985 1975/1508/1975 2000/3494/2000
vt 0.487396 0.375721
f 1994/1693/1994 1995/3501/1995 1983/1656/1983
f 1990/3498/1990 1983/1656/1983 1995/3501/1995
vt 0.850881 0.563651
f 1990/3502/1990 478/1516/478 1984/1511/1984
f 1994/1693/1994 1983/1656/1983 1993/1669/1993
vt 0.485041 0.388604
vt 0.482682 0.386155
f 1989/3503/1989 478/3504/478 1990/3498/1990
vt 0.853111 0.567185
f 479/1517/479 478/1516/478 1989/3505/1989
vt 0.716793 0.534654
f 1987/3506/1987 975/2136/975 976/2141/976
f 1999/1733/1999 542/1673/542 545/1670/545
vt 0.489998 0.392163
f 1998/3507/1998 1989/3503/1989 1990/3498/1990
f 1991/1522/1991 479/1517/479 1989/3505/1989
vt 0.231818 0.844399
f 1988/2142/1988 975/3508/975 1987/3141/1987
f 2001/1519/2001 1985/1521/1985 2000/3494/2000
vt 0.486620 0.392772
f 1991/3509/1991 1989/3503/1989 1998/3507/1998
f 1997/367/1997 1988/2142/1988 1987/3141/1987
f 550/1684/550 1994/1693/1994 1993/1669/1993
f 2002/1696/2002 1990/3498/1990 1995/3501/1995
f 1998/3507/1998 1990/3498/1990 2002/1696/2002
vt 0.488371 0.395380
f 1996/3510/1996 1991/3509/1991 1998/3507/1998
f 1996/2773/1996 480/1518/480 1991/1522/1991
f 1532/368/1532 1997/367/1997 2007/1747/2007
f 2007/1747/2007 1997/367/1997 1987/3141/1987
f 547/1674/547 542/1673/542 1999/1733/1999
f 2008/1525/2008 2001/1519/2001 2000/3494/2000
f 2011/1712/2011 1995/3501/1995 1994/1693/1994
f 2004/1695/2004 1998/3507/1998 2002/1696/2002
vt 0.858645 0.569869
vt 0.864872 0.567951
f 1996/2773/1996 1998/3511/1998 2003/3512/2003
f 2005/3327/2005 1527/2776/1527 1996/2773/1996
f 569/1682/569 547/1674/547 1999/1733/1999
f 2011/1712/2011 2002/1696/2002 1995/3501/1995
vt 0.495219 0.392501
f 2003/3513/2003 1998/3507/1998 2004/1695/2004
f 2015/1526/2015 2013/1659/2013 2001/1519/2001
f 2005/3327/2005 1996/2773/1996 2003/3512/2003
f 2012/3330/2012 2005/3327/2005 2003/3512/2003
f 562/1694/562 2002/1696/2002 2011/1712/2011
vt 0.868151 0.566202
f 2012/3330/2012 2003/3512/2003 2004/3514/2004
f 1734/3143/1734 1527/2776/1527 2005/3327/2005
f 2015/1526/2015 2001/1519/2001 2008/1525/2008
f 2014/1711/2014 550/1684/550 2006/1689/2006
f 1738/1752/1738 2012/3330/2012 2004/3514/2004
f 2009/3328/2009 2005/3327/2005 2012/3330/2012
f 1530/3145/1530 1734/3146/1734 1736/3329/1736
vt 0.183315 0.835934
f 2010/3515/2010 1530/3145/1530 1736/3329/1736
vt 0.498104 0.353123
f 2014/1711/2014 2006/1689/2006 2425/3516/2425
vt 0.094832 0.010708
vt 0.094887 0.015627
f 2411/3517/2411 558/1717/558 2014/3518/2014
f 2411/3517/2411 556/1718/556 558/1717/558
f 2411/3517/2411 557/1716/557 556/1718/556
vt 0.094095 0.007809
vt 0.095756 0.008186
f 2412/3519/2412 558/3520/558 557/1716/557
vt 0.875940 0.573537
f 2025/3521/2025 2009/3328/2009 2012/3330/2012
f 2025/3521/2025 2012/3330/2012 2022/1751/2022
f 2015/1526/2015 2034/1527/2034 2013/1659/2013
f 2429/1729/2429 2018/1722/2018 2011/1712/2011
vt 0.514264 0.372383
f 2433/3522/2433 2018/1722/2018 2429/1729/2429
f 2021/1744/2021 2016/1724/2016 2020/1723/2020
vt 0.513680 0.367211
f 2433/3522/2433 2429/1729/2429 2431/3523/2431
vt 0.514663 0.379572
f 2023/3524/2023 2018/1722/2018 2433/3522/2433
vt 0.189585 0.819861
f 2024/3525/2024 2020/1723/2020 2025/1756/2025
f 2024/3525/2024 2021/1744/2021 2020/1723/2020
f 595/1531/595 1999/1733/1999 2034/1527/2034
f 2019/1743/2019 2018/1722/2018 2023/3524/2023
vt 0.177704 0.812442
vt 0.172105 0.822029
vt 0.171769 0.814259
f 2029/3526/2029 2022/3527/2022 2019/3528/2019
vt 0.581428 0.709740
vt 0.575344 0.714711
vt 0.575932 0.707627
f 2032/3529/2032 2023/3530/2023 2433/3531/2433
vt 0.176750 0.809751
f 2029/3526/2029 2019/3528/2019 2023/3532/2023
vt 0.192604 0.815247
f 2021/1744/2021 2024/3525/2024 2031/3533/2031
f 2029/3526/2029 2025/1756/2025 2022/3527/2022
vt 0.441578 0.641508
f 2027/3534/2027 583/1772/583 2026/1750/2026
vt 0.583068 0.718808
f 2455/3535/2455 2023/3530/2023 2032/3529/2032
vt 0.577825 0.719208
f 2029/3536/2029 2023/3530/2023 2455/3535/2455
f 2028/1769/2028 2021/1744/2021 2031/3533/2031
vt 0.186199 0.810517
f 2024/3525/2024 2029/3526/2029 2455/3537/2455
f 2024/3525/2024 2025/1756/2025 2029/3526/2029
vt 0.200354 0.812233
f 2033/3538/2033 2028/1769/2028 2031/3533/2031
f 2455/3537/2455 2031/3533/2031 2024/3525/2024
vt 0.590764 0.722949
f 2033/1782/2033 2031/3539/2031 2455/3535/2455
f 591/392/591 2033/1782/2033 2455/3535/2455
f 598/1530/598 2034/1527/2034 2030/1374/2030
f 2035/1376/2035 598/1530/598 2030/1374/2030
vt 0.050829 0.897561
vt 0.044526 0.897338
vt 0.049744 0.897507
f 2037/3540/2037 2038/3541/2038 2036/3542/2036
vt 0.044743 0.897324
f 2039/3543/2039 2036/3542/2036 2038/3541/2038
vt 0.044498 0.897219
f 2039/3543/2039 2038/3541/2038 2040/3544/2040
f 2045/941/2045 2044/908/2044 2042/901/2042
vt 0.899395 0.549031
f 2043/906/2043 2041/902/2041 2044/3545/2044
vt 0.904691 0.543111
f 2049/3546/2049 2043/906/2043 2044/3545/2044
f 2046/925/2046 2043/906/2043 2049/3546/2049
vt 0.415939 0.505127
f 2049/3547/2049 2044/908/2044 2045/941/2045
f 2054/940/2054 2049/3547/2049 2045/941/2045
f 2048/2075/2048 2045/941/2045 1325/2035/1325
vt 0.909900 0.538663
vt 0.906632 0.538995
f 2056/3548/2056 2049/3546/2049 2054/3549/2054
f 2046/925/2046 2049/3546/2049 2056/3548/2056
f 2062/2092/2062 2050/2051/2050 739/2053/739
f 2061/927/2061 2047/913/2047 2051/2043/2051
f 2051/2043/2051 2050/2051/2050 2062/2092/2062
f 2070/2091/2070 2061/927/2061 2051/2043/2051
vt 0.537792 0.812841
f 2057/3550/2057 2053/2054/2053 2052/928/2052
f 2069/939/2069 2056/945/2056 2054/940/2054
vt 0.811058 0.839419
vt 0.800741 0.836709
f 2066/951/2066 2053/3551/2053 2057/3552/2057
vt 0.514232 0.810049
f 2058/3553/2058 2052/928/2052 740/571/740
vt 0.523608 0.809746
f 2058/3553/2058 2057/3554/2057 2052/928/2052
vt 0.782424 0.837743
f 2066/951/2066 2057/3552/2057 2058/3555/2058
f 2055/546/2055 2053/3551/2053 2066/951/2066
vt 0.915308 0.537294
f 2059/3556/2059 2046/925/2046 2056/3548/2056
f 2059/3556/2059 2060/943/2060 2046/925/2046
f 2070/2091/2070 2051/2043/2051 2062/2092/2062
vt 0.509341 0.809231
f 2058/3553/2058 740/571/740 2068/3557/2068
vt 0.919530 0.539375
f 2060/943/2060 2059/3556/2059 2063/3558/2063
vt 0.432065 0.503615
f 2063/949/2063 2062/2092/2062 2060/3559/2060
f 2076/950/2076 2063/949/2063 2059/944/2059
f 2067/953/2067 746/929/746 2061/927/2061
f 2076/950/2076 2059/944/2059 2069/939/2069
f 2067/953/2067 2061/927/2061 2064/954/2064
f 2066/951/2066 2058/3555/2058 2068/585/2068
f 2064/954/2064 2061/927/2061 2070/2091/2070
f 2067/953/2067 2065/937/2065 746/929/746
vt 0.437650 0.479797
f 2077/3560/2077 2069/939/2069 2078/964/2078
f 2077/3560/2077 2076/950/2076 2069/939/2069
f 2071/1184/2071 2065/937/2065 2067/953/2067
f 262/967/262 2082/948/2082 2076/950/2076
vt 0.472079 0.502897
f 2064/954/2064 2070/2091/2070 2074/3561/2074
vt 0.646288 0.344564
vt 0.643749 0.349244
f 2081/3562/2081 2073/1206/2073 2075/3563/2075
f 368/1186/368 454/1187/454 2073/1206/2073
f 2070/2091/2070 2063/949/2063 2082/948/2082
vt 0.643156 0.352465
f 2075/3563/2075 2073/1206/2073 369/3564/369
f 368/1186/368 2073/1206/2073 2081/3562/2081
f 2087/591/2087 2066/951/2066 261/208/261
f 2084/969/2084 2076/950/2076 2077/3560/2077
f 2082/948/2082 2074/3561/2074 2070/2091/2070
vt 0.336471 0.319904
f 370/1230/370 368/3565/368 2081/1231/2081
f 2087/591/2087 2072/574/2072 2066/951/2066
f 2084/969/2084 2077/3560/2077 2078/964/2078
f 2084/969/2084 262/967/262 2076/950/2076
vt 0.585388 0.542903
f 2081/3566/2081 2075/1222/2075 2083/1233/2083
f 376/1191/376 2083/1233/2083 2075/1222/2075
f 2200/979/2200 2072/574/2072 2087/591/2087
f 2200/979/2200 2092/588/2092 2072/574/2072
f 2093/966/2093 262/967/262 2084/969/2084
vt 0.574297 0.535514
vt 0.579062 0.537861
f 2085/3567/2085 2081/3568/2081 2083/1233/2083
vt 0.332327 0.334161
f 2085/3569/2085 375/1229/375 2081/1231/2081
vt 0.574537 0.531368
f 2089/1239/2089 377/1232/377 375/3570/375
vt 0.577509 0.507520
f 384/1194/384 2079/1215/2079 2086/3571/2086
vt 0.567867 0.533942
f 2099/3572/2099 2089/1239/2089 375/3570/375
vt 0.479131 0.492593
f 2097/3573/2097 2074/3561/2074 2082/948/2082
f 2064/954/2064 2074/3561/2074 2088/957/2088
f 2099/3572/2099 2080/1196/2080 2096/1243/2096
f 2083/1233/2083 2080/1196/2080 2099/3572/2099
f 2085/3567/2085 2083/1233/2083 2099/3572/2099
vt 0.330067 0.335213
f 2099/3574/2099 375/1229/375 2085/3569/2085
f 398/1251/398 384/1194/384 2086/3571/2086
vt 0.572532 0.504211
f 398/1251/398 2086/3571/2086 2090/3575/2090
f 2110/600/2110 2092/588/2092 2200/979/2200
f 2103/2939/2103 2095/963/2095 1343/965/1343
f 2088/957/2088 2074/3561/2074 2101/1261/2101
f 393/968/393 2093/966/2093 2084/969/2084
f 2101/1261/2101 2074/3561/2074 2097/3573/2097
f 2098/1290/2098 2091/1195/2091 2105/1241/2105
f 391/1242/391 2091/1195/2091 2098/1290/2098
f 2106/1254/2106 2089/1239/2089 2099/3572/2099
f 2100/1266/2100 398/1251/398 2090/3575/2090
f 2106/1254/2106 2096/1243/2096 388/1237/388
vt 0.440464 0.432185
f 2115/3576/2115 2078/964/2078 2095/963/2095
f 2110/600/2110 2200/979/2200 2102/258/2102
vt 0.421354 0.434158
f 2111/3577/2111 2095/963/2095 2103/2939/2103
f 2099/3572/2099 2096/1243/2096 2106/1254/2106
f 2113/980/2113 2111/3577/2111 2103/2939/2103
vt 0.462324 0.428217
f 2117/3578/2117 2078/964/2078 2115/3576/2115
f 2082/948/2082 2093/966/2093 2114/1283/2114
f 2122/1265/2122 2101/1261/2101 2097/3573/2097
f 2107/1274/2107 2098/1290/2098 2105/1241/2105
f 2103/2939/2103 2094/962/2094 2109/977/2109
f 2115/3576/2115 2095/963/2095 2111/3577/2111
f 2097/3573/2097 2082/948/2082 2114/1283/2114
f 2106/1254/2106 388/1237/388 401/1269/401
f 2117/3578/2117 2116/975/2116 2078/964/2078
f 2114/1283/2114 2093/966/2093 393/968/393
f 2122/1265/2122 2097/3573/2097 2114/1283/2114
f 2113/980/2113 2103/2939/2103 2109/977/2109
vt 0.427301 0.418836
f 2215/3579/2215 2115/3576/2115 2111/3577/2111
vt 0.487117 0.427370
f 2123/3580/2123 2116/975/2116 2117/3578/2117
f 2215/3579/2215 2111/3577/2111 2113/980/2113
vt 0.434511 0.417661
f 2216/3581/2216 2115/3576/2115 2215/3579/2215
vt 0.448300 0.418871
f 2125/3582/2125 2117/3578/2117 2115/3576/2115
f 2120/1300/2120 398/1251/398 2108/1267/2108
vt 0.850248 0.747780
f 2211/3583/2211 2112/970/2112 2110/600/2110
f 2125/3582/2125 2115/3576/2115 2216/3581/2216
f 2122/1265/2122 2114/1283/2114 2118/1282/2118
f 399/1275/399 2098/1290/2098 2121/1289/2121
f 2211/3583/2211 2110/600/2110 2128/2940/2128
vt 0.852751 0.741483
vt 0.865075 0.744692
f 2124/3584/2124 2213/3585/2213 2211/3583/2211
f 2137/1298/2137 2116/975/2116 2123/3580/2123
f 2126/1294/2126 406/1276/406 2122/1265/2122
vt 0.837923 0.738999
f 2124/3584/2124 2211/3583/2211 2129/3586/2129
vt 0.120811 0.401645
vt 0.111488 0.399296
f 2219/987/2219 2212/3587/2212 2130/3588/2130
vt 0.473188 0.416362
f 2132/3589/2132 2117/3578/2117 2125/3582/2125
f 2132/3589/2132 2123/3580/2123 2117/3578/2117
f 2127/1299/2127 2120/1300/2120 2108/1267/2108
vt 0.855889 0.741271
vt 0.852799 0.740398
f 2212/3590/2212 2124/3584/2124 2130/3591/2130
vt 0.178579 0.398634
f 2219/987/2219 2220/3592/2220 2119/990/2119
vt 0.450638 0.414289
f 2223/3593/2223 2125/3582/2125 2216/3581/2216
vt 0.657640 0.463098
f 399/1275/399 2121/1289/2121 2139/3594/2139
vt 0.849093 0.739682
f 2130/3595/2130 2124/3584/2124 2129/3586/2129
vt 0.223870 0.391957
vt 0.211014 0.396498
vt 0.208488 0.395677
f 2223/3596/2223 2216/3597/2216 2217/3598/2217
vt 0.101630 0.395222
f 2225/3599/2225 2219/987/2219 2130/3588/2130
vt 0.222010 0.389925
f 2226/3600/2226 2223/3596/2223 2217/3598/2217
vt 0.519112 0.479406
f 2134/3601/2134 2122/1265/2122 2118/1282/2118
f 2134/3601/2134 2126/1294/2126 2122/1265/2122
f 407/1279/407 399/1275/399 415/1314/415
f 2131/2941/2131 2128/2940/2128 1378/982/1378
f 2129/3586/2129 2211/3583/2211 2128/2940/2128
vt 0.114122 0.389858
f 2146/3602/2146 2219/987/2219 2225/3599/2225
f 2139/3594/2139 2121/1289/2121 2143/1296/2143
f 2131/2941/2131 2129/3586/2129 2128/2940/2128
vt 0.104348 0.397637
f 2130/3588/2130 2129/3603/2129 2225/3599/2225
f 2134/3601/2134 2127/1299/2127 2126/1294/2126
f 411/1307/411 2127/1299/2127 2134/3601/2134
f 2139/3594/2139 415/1314/415 399/1275/399
vt 0.829872 0.737166
f 2136/3604/2136 2129/3586/2129 2131/2941/2131
vt 0.092744 0.390836
vt 0.091805 0.393061
f 2136/3605/2136 2225/3599/2225 2129/3606/2129
f 2134/3601/2134 2118/1282/2118 411/1307/411
f 2220/3592/2220 2219/987/2219 2141/2963/2141
f 2146/3602/2146 2225/3599/2225 2136/3605/2136
vt 0.515628 0.418670
f 2241/3607/2241 2123/3580/2123 2132/3589/2132
vt 0.671454 0.460302
f 415/1314/415 2139/3594/2139 2148/3608/2148
vt 0.081773 0.387563
f 2136/3605/2136 2131/3609/2131 2133/2947/2133
f 2141/2963/2141 2219/987/2219 2146/3602/2146
f 2161/1486/2161 2139/3594/2139 2143/1296/2143
f 2335/2961/2335 2136/3605/2136 2133/2947/2133
f 2146/3602/2146 2136/3605/2136 2335/2961/2335
f 2137/1298/2137 2123/3580/2123 2241/3607/2241
f 414/1312/414 2137/1298/2137 2156/1322/2156
f 412/1293/412 2138/1284/2138 2156/1322/2156
f 2156/1322/2156 2137/1298/2137 2241/3607/2241
f 2151/1315/2151 413/1303/413 2150/1329/2150
f 2161/1486/2161 2143/1296/2143 2151/1315/2151
vt 0.102744 0.356247
f 2149/3610/2149 2146/3602/2146 2335/2961/2335
vt 0.200652 0.379400
vt 0.199568 0.378235
f 2144/2953/2144 2142/3611/2142 2145/3612/2145
f 2147/1316/2147 412/1293/412 2156/1322/2156
vt 0.615126 0.420500
f 2154/3613/2154 2151/1315/2151 2150/1329/2150
f 2148/3608/2148 2139/3594/2139 2161/1486/2161
vt 0.183461 0.648499
f 415/1328/415 2148/3614/2148 2152/1327/2152
vt 0.137608 0.363921
f 2141/2963/2141 2146/3602/2146 2346/3615/2346
vt 0.165553 0.368102
f 2337/2962/2337 2141/2963/2141 2155/3616/2155
f 2346/3615/2346 2146/3602/2146 2149/3610/2149
vt 0.539985 0.420236
f 2159/3617/2159 2147/1316/2147 2156/1322/2156
vt 0.559263 0.416406
f 2160/3618/2160 2157/1326/2157 2147/1316/2147
vt 0.601803 0.418027
f 2153/3619/2153 2150/1329/2150 2157/1326/2157
f 2153/3619/2153 2154/3613/2154 2150/1329/2150
vt 0.606481 0.417896
f 2240/3620/2240 2154/3613/2154 2153/3619/2153
f 418/1487/418 2161/1486/2161 2151/1315/2151
vt 0.669971 0.444586
vt 0.676787 0.458343
f 2167/3621/2167 2152/3622/2152 2148/3608/2148
f 2160/3618/2160 2147/1316/2147 2159/3617/2159
vt 0.350187 0.285871
vt 0.347847 0.291838
vt 0.339724 0.301702
f 2158/3623/2158 2154/3624/2154 2240/3625/2240
f 2167/3621/2167 2148/3608/2148 2161/1486/2161
vt 0.623147 0.420942
f 2158/3626/2158 2151/1315/2151 2154/3613/2154
f 418/1487/418 2151/1315/2151 2158/3626/2158
vt 0.337015 0.308636
vt 0.328125 0.318885
f 2240/3625/2240 2153/3627/2153 2242/3628/2242
vt 0.575819 0.415179
f 2162/3629/2162 2157/1326/2157 2160/3618/2160
vt 0.584161 0.415607
f 2162/3629/2162 2242/3630/2242 2157/1326/2157
vt 0.331578 0.316804
vt 0.330192 0.318916
f 2242/3628/2242 2153/3631/2153 2157/3632/2157
f 2159/3617/2159 2156/1322/2156 2241/3607/2241
vt 0.630254 0.422567
f 418/1487/418 2158/3626/2158 2163/3633/2163
vt 0.205063 0.368712
vt 0.177406 0.334739
f 2345/3634/2345 2337/2962/2337 2266/3635/2266
vt 0.548175 0.414387
f 2164/3636/2164 2160/3618/2160 2159/3617/2159
vt 0.562613 0.414565
f 2162/3629/2162 2160/3618/2160 2243/3637/2243
vt 0.554299 0.413993
f 2246/3638/2246 2160/3618/2160 2164/3636/2164
vt 0.317373 0.326250
vt 0.321197 0.327680
vt 0.311564 0.337333
f 2247/3639/2247 2162/3640/2162 2243/3641/2243
vt 0.354379 0.273763
vt 0.347199 0.283386
f 2163/3642/2163 2158/3623/2158 2238/3643/2238
vt 0.535957 0.413777
f 2164/3636/2164 2159/3617/2159 2245/3644/2245
f 2168/1485/2168 2167/3621/2167 2161/1486/2161
f 2337/2962/2337 2155/3616/2155 2266/3635/2266
vt 0.358024 0.270518
f 2166/1344/2166 418/3645/418 2163/3642/2163
vt 0.541584 0.412859
f 2246/3646/2246 2164/3636/2164 2245/3644/2245
vt 0.302158 0.310244
vt 0.342856 0.279920
vt 0.323168 0.313605
f 2361/3647/2361 2169/3648/2169 2244/3649/2244
f 2165/1492/2165 2167/3621/2167 2168/1485/2168
vt 0.358838 0.248423
f 2172/3650/2172 2166/1344/2166 2163/3642/2163
f 2165/1493/2165 419/1331/419 2167/1334/2167
vt 0.236847 0.361025
f 2249/3651/2249 2345/3634/2345 2266/3635/2266
f 2172/3650/2172 2163/3642/2163 2238/3643/2238
vt 0.354169 0.245939
f 2251/3652/2251 2238/3643/2238 2169/3648/2169
f 2251/3652/2251 2172/3650/2172 2238/3643/2238
vt 0.312004 0.277577
f 2253/3653/2253 2169/3648/2169 2361/3647/2361
vt 0.366636 0.248256
f 2168/3654/2168 2166/1344/2166 474/1343/474
vt 0.226089 0.311017
f 2262/3655/2262 2249/3651/2249 2266/3635/2266
f 2170/1342/2170 2166/1344/2166 2172/3650/2172
vt 0.349908 0.235266
f 2255/3656/2255 2251/3652/2251 2169/3648/2169
f 2253/3653/2253 2255/3656/2255 2169/3648/2169
vt 0.265884 0.344820
vt 0.276402 0.305277
f 2361/3647/2361 2360/3657/2360 2380/3658/2380
f 2173/1351/2173 2170/1342/2170 2172/3650/2172
f 2175/1357/2175 2171/1353/2171 2173/1351/2173
vt 0.356837 0.216379
f 2173/1351/2173 2172/3650/2172 2174/3659/2174
f 2380/3658/2380 2253/3653/2253 2361/3647/2361
f 2174/3659/2174 2175/1357/2175 2173/1351/2173
vt 0.335690 0.217512
f 2176/3660/2176 2174/3659/2174 2255/3656/2255
f 2175/1357/2175 2273/1362/2273 424/1356/424
vt 0.315873 0.209631
f 2413/3661/2413 2176/3660/2176 2255/3656/2255
vt 0.355196 0.172583
f 2272/3662/2272 2175/1357/2175 2174/3659/2174
vt 0.347071 0.177289
f 2272/3662/2272 2174/3659/2174 2177/3663/2177
f 2273/1362/2273 2175/1357/2175 2272/3662/2272
vt 0.263930 0.245669
f 2303/3664/2303 2253/3653/2253 2380/3658/2380
vt 0.324825 0.192383
f 2288/3665/2288 2176/3660/2176 2413/3661/2413
vt 0.176892 0.280582
vt 0.199367 0.284258
vt 0.176526 0.286670
f 2179/3666/2179 2270/3667/2270 2274/3668/2274
vt 0.198709 0.278746
f 2178/3669/2178 2270/3667/2270 2179/3666/2179
vt 0.212265 0.268680
f 2287/3670/2287 2270/3667/2270 2178/3669/2178
vt 0.327681 0.164738
f 2295/3671/2295 2177/3663/2177 2288/3665/2288
f 2177/3663/2177 2278/1523/2278 2272/3662/2272
vt 0.183267 0.272873
f 2277/3672/2277 2178/3669/2178 2179/3666/2179
vt 0.214981 0.271704
f 2271/3673/2271 2270/3667/2270 2287/3670/2287
vt 0.338824 0.146700
f 2289/3674/2289 2278/1523/2278 2177/3663/2177
f 2289/3674/2289 2177/3663/2177 2295/3671/2295
vt 0.170028 0.247446
vt 0.170737 0.271251
vt 0.157349 0.259836
f 2293/3675/2293 2284/3676/2284 2180/3677/2180
vt 0.148528 0.263867
vt 0.148464 0.246925
f 2180/3677/2180 2181/3678/2181 2299/3679/2299
vt 0.165261 0.246143
f 2184/3680/2184 2180/3677/2180 2299/3679/2299
f 2184/3680/2184 2293/3675/2293 2180/3677/2180
vt 0.140548 0.247904
f 2290/3681/2290 2299/3679/2299 2181/3678/2181
vt 0.165680 0.237777
vt 0.169753 0.239687
f 2183/3682/2183 2182/3683/2182 2184/3680/2184
vt 0.168909 0.235523
f 2185/3684/2185 2182/3683/2182 2183/3682/2183
vt 0.169913 0.235574
f 2186/3685/2186 2182/3683/2182 2185/3684/2185
vt 0.170502 0.233060
f 2187/3686/2187 2186/3685/2186 2185/3684/2185
vt 0.171632 0.233923
f 2301/3687/2301 2182/3683/2182 2186/3685/2186
vt 0.278646 0.157412
vt 0.302637 0.177443
vt 0.298171 0.191417
f 2500/3688/2500 2453/3689/2453 2466/3690/2466
vt 0.170415 0.232702
vt 0.170857 0.233213
f 2309/3691/2309 2187/3692/2187 2185/3684/2185
f 2309/3691/2309 2185/3684/2185 2183/3682/2183
f 2301/3687/2301 2186/3685/2186 2187/3686/2187
vt 0.200886 0.222464
vt 0.192267 0.233694
vt 0.188835 0.229334
f 2313/3693/2313 2474/3694/2474 2196/3695/2196
vt 0.173495 0.231258
f 2190/3696/2190 2187/3692/2187 2309/3691/2309
f 2190/991/2190 2188/991/2188 2187/991/2187
f 2301/991/2301 2187/991/2187 2188/991/2188
vt 0.178395 0.226619
vt 0.176771 0.229765
f 2197/3697/2197 2192/3698/2192 2309/3691/2309
vt 0.174994 0.230562
f 2190/3699/2190 2309/3691/2309 2192/3698/2192
f 2193/991/2193 2188/991/2188 2190/991/2190
vt 0.177503 0.231176
vt 0.173326 0.230599
f 2189/3700/2189 2301/3687/2301 2188/3701/2188
vt 0.181959 0.231199
f 2196/3695/2196 2474/3694/2474 2304/3702/2304
vt 0.177715 0.229638
f 2193/3703/2193 2190/3699/2190 2192/3698/2192
f 2194/991/2194 2188/991/2188 2193/991/2193
vt 0.176965 0.229309
f 2194/3704/2194 2189/3700/2189 2188/3701/2188
vt 0.179498 0.229369
f 2191/3705/2191 2189/3700/2189 2194/3704/2194
f 2191/3705/2191 2304/3702/2304 2189/3700/2189
vt 0.181102 0.229324
f 2195/3706/2195 2192/3698/2192 2197/3697/2197
f 2193/991/2193 2191/991/2191 2194/991/2194
vt 0.179577 0.229208
f 2195/3706/2195 2191/3705/2191 2193/3707/2193
f 2195/3706/2195 2304/3702/2304 2191/3705/2191
f 2196/3695/2196 2304/3702/2304 2195/3706/2195
f 2195/991/2195 2193/991/2193 2192/991/2192
f 2197/3697/2197 2196/3695/2196 2195/3706/2195
vt 0.182166 0.215949
vt 0.168301 0.219433
f 2316/3708/2316 2197/3697/2197 2315/3709/2315
f 2316/3708/2316 2196/3695/2196 2197/3697/2197
f 2316/3708/2316 2313/3693/2313 2196/3695/2196
vt 0.240873 0.106796
vt 0.261923 0.130384
vt 0.221716 0.110795
f 2328/3710/2328 2330/3711/2330 2198/3712/2198
f 2176/3660/2176 2288/3665/2288 2177/3663/2177
f 2176/3660/2176 2177/3663/2177 2174/3659/2174
f 2199/971/2199 264/955/264 2112/970/2112
f 2205/259/2205 2200/979/2200 68/267/68
vt 0.875716 0.754745
f 2211/3583/2211 2201/3713/2201 2199/971/2199
f 265/983/265 2201/978/2201 2202/984/2202
f 2109/977/2109 2201/978/2201 265/983/265
f 2208/981/2208 2109/977/2109 265/983/265
f 2112/970/2112 2211/3583/2211 2199/971/2199
vt 0.806177 0.754444
vt 0.806767 0.756230
f 2203/3714/2203 2204/3715/2204 2205/259/2205
f 2211/3583/2211 2213/3585/2213 2201/3713/2201
vt 0.871337 0.749104
f 2213/3585/2213 2202/3716/2202 2201/3713/2201
f 2218/266/2218 2205/259/2205 68/267/68
f 2206/257/2206 2204/3715/2204 2203/3714/2203
vt 0.362465 0.424959
f 2207/985/2207 2202/984/2202 2213/3717/2213
vt 0.397718 0.420314
vt 0.392431 0.421018
f 2210/3718/2210 2113/980/2113 2209/3719/2209
f 2206/257/2206 2203/3714/2203 2205/259/2205
f 1378/982/1378 2206/257/2206 2205/259/2205
vt 0.126349 0.403476
f 2212/3587/2212 2207/989/2207 2213/3720/2213
f 2209/3719/2209 2113/980/2113 2208/981/2208
vt 0.177222 0.402555
vt 0.164472 0.403501
f 2220/3592/2220 2210/3721/2210 2209/3722/2209
vt 0.408685 0.419673
vt 0.404364 0.419749
f 2214/3723/2214 2113/980/2113 2210/3724/2210
vt 0.182412 0.401795
f 2220/3592/2220 2214/3725/2214 2210/3721/2210
f 2215/3579/2215 2113/980/2113 2214/3723/2214
vt 0.860100 0.742041
f 2124/3584/2124 2212/3726/2212 2213/3585/2213
f 2219/987/2219 2207/989/2207 2212/3587/2212
vt 0.385731 0.420893
f 2209/3719/2209 2208/981/2208 2119/3727/2119
vt 0.422930 0.416926
f 2222/3728/2222 2215/3579/2215 2214/3723/2214
f 2220/3592/2220 2209/3722/2209 2119/990/2119
vt 0.198048 0.398132
f 2222/3729/2222 2214/3725/2214 2220/3592/2220
f 1378/982/1378 2205/259/2205 2218/266/2218
vt 0.200588 0.398398
f 2217/3598/2217 2215/3730/2215 2222/3729/2222
vt 0.433761 0.416038
f 2217/3731/2217 2216/3581/2216 2215/3579/2215
f 1379/2942/1379 1378/982/1378 2218/266/2218
f 2221/2955/2221 2222/3729/2222 2220/3592/2220
f 1379/2942/1379 2218/266/2218 2331/2946/2331
vt 0.463609 0.413653
f 2224/3732/2224 2125/3582/2125 2223/3593/2223
f 2224/3732/2224 2132/3589/2132 2125/3582/2125
f 2221/2955/2221 2217/3598/2217 2222/3729/2222
f 2221/2955/2221 2226/3600/2226 2217/3598/2217
vt 0.250426 0.379107
vt 0.236397 0.387724
f 2232/3733/2232 2224/3734/2224 2223/3596/2223
f 2232/3733/2232 2223/3596/2223 2226/3600/2226
vt 0.249546 0.381628
f 2227/3735/2227 2224/3734/2224 2232/3733/2232
vt 0.471942 0.413146
f 2227/3736/2227 2132/3589/2132 2224/3732/2224
f 2141/2963/2141 2221/2955/2221 2220/3592/2220
f 2231/2954/2231 2226/3600/2226 2221/2955/2221
f 2232/3733/2232 2226/3600/2226 2231/2954/2231
vt 0.261630 0.375300
f 2229/3737/2229 2227/3735/2227 2232/3733/2232
vt 0.495214 0.412372
vt 0.481009 0.412737
f 2229/3738/2229 2132/3589/2132 2227/3739/2227
vt 0.505288 0.413569
f 2230/3740/2230 2132/3589/2132 2229/3738/2229
f 2230/3740/2230 2241/3607/2241 2132/3589/2132
f 2335/2961/2335 2133/2947/2133 1381/2949/1381
f 2228/2966/2228 2331/2946/2331 1385/2957/1385
f 2228/2966/2228 2135/2945/2135 2331/2946/2331
vt 0.267681 0.369720
f 2233/3741/2233 2229/3737/2229 2232/3733/2232
vt 0.269442 0.371135
f 2230/3742/2230 2229/3737/2229 2233/3741/2233
f 2231/2954/2231 2144/2953/2144 2345/3634/2345
vt 0.516096 0.412107
vt 0.505765 0.411902
f 2237/3743/2237 2230/3740/2230 2233/3744/2233
vt 0.284872 0.358450
vt 0.280074 0.364308
f 2250/3745/2250 2237/3746/2237 2233/3741/2233
f 2249/3651/2249 2231/2954/2231 2345/3634/2345
f 2232/3733/2232 2231/2954/2231 2249/3651/2249
vt 0.724728 0.734279
f 2228/2966/2228 2234/279/2234 2235/3747/2235
f 2155/3616/2155 2141/2963/2141 2346/3615/2346
f 2249/3651/2249 2233/3741/2233 2232/3733/2232
vt 0.717018 0.734486
f 2235/3748/2235 2234/279/2234 2236/2975/2236
vt 0.021235 0.318610
f 2239/2969/2239 2228/2960/2228 2235/3749/2235
f 2360/3657/2360 2250/3745/2250 2233/3741/2233
f 2360/3657/2360 2233/3741/2233 2249/3651/2249
f 2241/3607/2241 2230/3740/2230 2237/3743/2237
f 2239/2969/2239 2235/3749/2235 2236/2982/2236
f 2238/3643/2238 2158/3623/2158 2240/3625/2240
f 2169/3648/2169 2238/3643/2238 2240/3625/2240
f 2244/3649/2244 2240/3625/2240 2242/3628/2242
vt 0.049639 0.319025
f 2248/3750/2248 2344/2968/2344 2239/2969/2239
f 2248/3750/2248 2341/2970/2341 2344/2968/2344
f 2169/3648/2169 2240/3625/2240 2244/3649/2244
f 2241/3607/2241 2237/3743/2237 2245/3644/2245
vt 0.310059 0.340418
vt 0.301816 0.346597
f 2243/3641/2243 2160/3751/2160 2246/3752/2246
f 2247/3639/2247 2242/3628/2242 2162/3640/2162
f 2149/3610/2149 2335/2961/2335 2341/2970/2341
vt 0.293389 0.354907
f 2245/3753/2245 2237/3746/2237 2250/3745/2250
f 2159/3617/2159 2241/3607/2241 2245/3644/2245
f 2244/3649/2244 2242/3628/2242 2247/3639/2247
vt 0.114203 0.347227
f 2252/3754/2252 2346/3615/2346 2149/3610/2149
f 2247/3639/2247 2243/3641/2243 2246/3752/2246
f 2248/3750/2248 2239/2969/2239 2357/2985/2357
f 2246/3752/2246 2245/3753/2245 2250/3745/2250
f 2250/3745/2250 2247/3639/2247 2246/3752/2246
f 2360/3657/2360 2247/3639/2247 2250/3745/2250
vt 0.005894 0.268579
f 2364/2991/2364 2354/3755/2354 2359/2992/2359
f 2262/3655/2262 2360/3657/2360 2249/3651/2249
f 2244/3649/2244 2247/3639/2247 2360/3657/2360
vt 0.064794 0.309870
f 2375/3756/2375 2341/2970/2341 2248/3750/2248
f 2266/3635/2266 2346/3615/2346 2252/3754/2252
vt 0.119190 0.299520
f 2265/3757/2265 2266/3635/2266 2252/3754/2252
vt 0.052101 0.285941
f 2375/3756/2375 2248/3750/2248 2376/3758/2376
f 2149/3610/2149 2341/2970/2341 2252/3754/2252
f 2259/2999/2259 2363/2993/2363 1392/3000/1392
vt 0.016191 0.267851
vt 0.014951 0.242574
f 2374/3759/2374 2363/2993/2363 2379/3760/2379
f 2380/3658/2380 2360/3657/2360 2262/3655/2262
f 2379/3760/2379 2363/2993/2363 2259/2999/2259
f 2174/3659/2174 2172/3650/2172 2251/3652/2251
f 2265/3757/2265 2341/2970/2341 2375/3756/2375
f 2341/2970/2341 2265/3757/2265 2252/3754/2252
f 2174/3659/2174 2251/3652/2251 2255/3656/2255
vt 0.013732 0.100431
vt 0.010897 0.116379
vt 0.010880 0.102817
f 2261/3761/2261 2254/3762/2254 2257/3763/2257
f 2261/3761/2261 2258/340/2258 2254/3762/2254
vt 0.021898 0.216793
f 2269/3764/2269 2379/3760/2379 2259/2999/2259
f 2261/3761/2261 2256/343/2256 2258/340/2258
vt 0.010027 0.212761
f 2259/2999/2259 1394/3765/1394 2260/3008/2260
vt 0.020667 0.094975
f 2268/3766/2268 2256/343/2256 2261/3761/2261
f 2269/3764/2269 2259/2999/2259 2264/3010/2264
f 2270/3667/2270 2266/3635/2266 2274/3668/2274
f 2270/3667/2270 2262/3655/2262 2266/3635/2266
vt 0.706731 0.659375
f 2268/362/2268 2261/3767/2261 2257/341/2257
f 2263/359/2263 2256/343/2256 2268/3766/2268
f 2253/3653/2253 2413/3661/2413 2255/3656/2255
f 2271/3673/2271 2262/3655/2262 2270/3667/2270
vt 0.030457 0.173163
f 2402/3768/2402 2267/3011/2267 2392/3014/2392
f 2264/3010/2264 2267/3011/2267 2269/3764/2269
f 2274/3668/2274 2266/3635/2266 2265/3757/2265
vt 0.040510 0.090319
f 2397/3769/2397 2263/359/2263 2268/3766/2268
vt 0.045988 0.250972
f 2269/3764/2269 2407/3770/2407 2379/3760/2379
f 2271/3673/2271 2380/3658/2380 2262/3655/2262
f 2303/3664/2303 2380/3658/2380 2271/3673/2271
vt 0.041844 0.190513
f 2421/3771/2421 2269/3764/2269 2267/3011/2267
vt 0.052242 0.205057
f 2407/3770/2407 2269/3764/2269 2444/3772/2444
f 2273/1362/2273 2272/3662/2272 2278/1523/2278
f 2444/3772/2444 2269/3764/2269 2421/3771/2421
f 2279/1726/2279 2396/369/2396 559/363/559
vt 0.160918 0.275667
f 2179/3666/2179 2274/3668/2274 2276/3773/2276
f 2303/3664/2303 2413/3661/2413 2253/3653/2253
f 2276/3773/2276 2274/3668/2274 2181/3678/2181
f 2275/372/2275 2396/369/2396 2279/1726/2279
f 2181/3678/2181 2274/3668/2274 2265/3757/2265
f 2284/3676/2284 2277/3672/2277 2179/3666/2179
f 2284/3676/2284 2179/3666/2179 2276/3773/2276
vt 0.205038 0.265643
f 2282/3774/2282 2178/3669/2178 2277/3672/2277
f 2282/3774/2282 2287/3670/2287 2178/3669/2178
vt 0.348393 0.144192
f 2285/3775/2285 481/1366/481 2278/1523/2278
f 2279/1726/2279 2280/378/2280 2275/372/2275
vt 0.074313 0.213678
f 2292/3776/2292 2407/3770/2407 2444/3772/2444
f 2292/3776/2292 2265/3757/2265 2407/3770/2407
vt 0.195435 0.259561
f 2282/3774/2282 2277/3672/2277 2281/3777/2281
vt 0.049446 0.054912
f 2451/3778/2451 2420/381/2420 2280/380/2280
vt 0.183144 0.257172
f 2281/3777/2281 2277/3672/2277 2286/3779/2286
f 2285/3775/2285 2278/1523/2278 2289/3674/2289
f 481/1366/481 2285/3775/2285 2291/1529/2291
f 2286/3779/2286 2277/3672/2277 2284/3676/2284
vt 0.220565 0.247435
f 2297/3780/2297 2271/3673/2271 2287/3670/2287
vt 0.645797 0.654840
f 2451/3781/2451 2280/378/2280 2279/1726/2279
vt 0.215675 0.250339
f 2294/3782/2294 2287/3670/2287 2282/3774/2282
f 2449/1791/2449 2279/1726/2279 2283/1757/2283
vt 0.175865 0.245461
f 2286/3779/2286 2284/3676/2284 2302/3783/2302
f 2449/1791/2449 2451/3781/2451 2279/1726/2279
vt 0.190263 0.241931
f 2300/3784/2300 2282/3774/2282 2281/3777/2281
f 2294/3782/2294 2282/3774/2282 2300/3784/2300
vt 0.309163 0.167789
f 2298/3785/2298 2295/3671/2295 2288/3665/2288
vt 0.060708 0.056249
f 2467/3786/2467 2420/381/2420 2451/3778/2451
f 2297/3780/2297 2287/3670/2287 2294/3782/2294
vt 0.333572 0.125878
f 2296/3787/2296 2285/3775/2285 2289/3674/2289
f 2296/3787/2296 2291/1529/2291 2285/3775/2285
vt 0.051458 0.077202
f 2467/3786/2467 2432/3788/2432 2420/381/2420
vt 0.306255 0.106100
f 2495/3789/2495 2289/3674/2289 2295/3671/2295
f 2300/3784/2300 2281/3777/2281 2286/3779/2286
f 2300/3784/2300 2286/3779/2286 2302/3783/2302
vt 0.211705 0.236506
f 2305/3790/2305 2294/3782/2294 2300/3784/2300
vt 0.298872 0.141253
f 2311/3791/2311 2495/3789/2495 2295/3671/2295
f 2305/3790/2305 2297/3780/2297 2294/3782/2294
vt 0.221049 0.233235
f 2303/3664/2303 2297/3780/2297 2478/3792/2478
f 2182/3683/2182 2293/3675/2293 2184/3680/2184
f 2296/3787/2296 2289/3674/2289 2495/3789/2495
f 2311/3791/2311 2295/3671/2295 2298/3785/2298
f 2305/3790/2305 2300/3784/2300 2474/3694/2474
f 2302/3783/2302 2293/3675/2293 2182/3683/2182
f 2301/3687/2301 2302/3783/2302 2182/3683/2182
vt 0.214214 0.222139
f 2481/3793/2481 2297/3780/2297 2305/3790/2305
vt 0.290008 0.154467
f 2484/3794/2484 2298/3785/2298 2453/3689/2453
f 2189/3700/2189 2302/3783/2302 2301/3687/2301
f 2311/3791/2311 2298/3785/2298 2484/3794/2484
f 2300/3784/2300 2302/3783/2302 2189/3700/2189
f 2307/1538/2307 2291/1529/2291 2296/3787/2296
vt 0.155621 0.229852
f 2308/3795/2308 2184/3680/2184 2299/3679/2299
f 2474/3694/2474 2300/3784/2300 2304/3702/2304
f 2478/3792/2478 2297/3780/2297 2481/3793/2481
f 2306/1533/2306 2291/1529/2291 2307/1538/2307
vt 0.146698 0.225082
f 2314/3796/2314 2299/3679/2299 2290/3681/2290
f 2183/3682/2183 2184/3680/2184 2308/3795/2308
f 2304/3702/2304 2300/3784/2300 2189/3700/2189
f 2313/3693/2313 2305/3790/2305 2474/3694/2474
f 2308/3795/2308 2299/3679/2299 2314/3796/2314
vt 0.214874 0.196391
f 2466/3690/2466 2303/3664/2303 2319/3797/2319
f 2307/1538/2307 2296/3787/2296 2495/3789/2495
vt 0.209036 0.220763
f 2487/3798/2487 2481/3793/2481 2305/3790/2305
f 2308/3795/2308 2309/3691/2309 2183/3682/2183
f 2487/3798/2487 2305/3790/2305 2313/3693/2313
f 2484/3794/2484 2453/3689/2453 2500/3688/2500
f 2315/3709/2315 2197/3697/2197 2309/3691/2309
vt 0.138357 0.201480
f 2486/3799/2486 2314/3796/2314 2292/3776/2292
f 2309/3691/2309 2308/3795/2308 2315/3709/2315
f 2315/3709/2315 2308/3795/2308 2314/3796/2314
vt 0.194764 0.210870
f 2318/3800/2318 2487/3798/2487 2313/3693/2313
vt 0.280481 0.127727
f 2326/3801/2326 2311/3791/2311 2484/3794/2484
vt 0.278246 0.143629
f 2498/3802/2498 2326/3801/2326 2484/3794/2484
vt 0.163329 0.211009
f 2317/3803/2317 2315/3709/2315 2314/3796/2314
f 2318/3800/2318 2319/3797/2319 2487/3798/2487
vt 0.288096 0.116890
f 2326/3801/2326 2325/3804/2325 2311/3791/2311
f 2486/3799/2486 2317/3803/2317 2314/3796/2314
f 2500/3688/2500 2466/3690/2466 2319/3797/2319
vt 0.614690 0.584962
f 2493/3805/2493 2312/395/2312 100/396/100
f 604/1817/604 2312/395/2312 2493/3805/2493
f 2318/3800/2318 2313/3693/2313 2316/3708/2316
f 2330/3711/2330 2326/3801/2326 2498/3802/2498
f 2321/1826/2321 2307/1538/2307 2495/3789/2495
vt 0.627749 0.580959
f 2502/3806/2502 604/1817/604 2493/3805/2493
vt 0.179629 0.205436
f 2320/3807/2320 2318/3800/2318 2316/3708/2316
f 2317/3803/2317 2316/3708/2316 2315/3709/2315
f 2320/3807/2320 2319/3797/2319 2318/3800/2318
f 2320/3807/2320 2316/3708/2316 2317/3803/2317
vt 0.261705 0.079389
f 2323/3808/2323 2322/1829/2322 609/1828/609
vt 0.117158 0.086206
vt 0.148151 0.062096
vt 0.154352 0.073901
f 2502/3809/2502 2491/3810/2491 2505/3811/2505
vt 0.157532 0.154682
f 2317/3803/2317 2486/3799/2486 2515/3812/2515
f 2324/1834/2324 2495/3789/2495 2325/3804/2325
f 2324/1834/2324 2501/1831/2501 2322/1829/2322
vt 0.133287 0.086633
f 2506/3813/2506 2502/3809/2502 2505/3811/2505
f 2320/3807/2320 2317/3803/2317 2515/3812/2515
f 2323/3808/2323 2321/1826/2321 2495/3789/2495
f 2323/3808/2323 609/1828/609 2321/1826/2321
f 2324/1834/2324 2322/1829/2322 2323/3808/2323
f 2324/1834/2324 2323/3808/2323 2495/3789/2495
vt 0.180581 0.083597
vt 0.199877 0.075762
f 2511/3814/2511 2507/3815/2507 2327/1833/2327
vt 0.240967 0.130436
f 2330/3711/2330 2500/3688/2500 2513/3816/2513
f 2328/3710/2328 2325/3804/2325 2326/3801/2326
f 2324/1834/2324 2325/3804/2325 2327/1833/2327
vt 0.149640 0.085495
vt 0.116312 0.119915
vt 0.108185 0.103858
f 2510/3817/2510 2509/3818/2509 2494/3819/2494
f 2327/1833/2327 2325/3804/2325 2328/3710/2328
vt 0.205281 0.097093
f 2329/3820/2329 2327/1833/2327 2328/3710/2328
f 2328/3710/2328 2326/3801/2326 2330/3711/2330
vt 0.184805 0.109925
f 2514/3821/2514 2511/3814/2511 2329/3820/2329
f 2198/3712/2198 2514/3821/2514 2329/3820/2329
f 2198/3712/2198 2329/3820/2329 2328/3710/2328
f 2453/3689/2453 2298/3785/2298 2288/3665/2288
f 2500/3688/2500 2330/3711/2330 2498/3802/2498
f 2260/3008/2260 2264/3010/2264 2259/2999/2259
f 2484/3794/2484 2500/3688/2500 2498/3802/2498
f 2331/2946/2331 2218/266/2218 783/276/783
f 1385/2957/1385 2331/2946/2331 783/276/783
f 2344/2968/2344 2140/2958/2140 2228/2960/2228
f 2333/2118/2333 2334/3298/2334 2338/289/2338
f 2352/620/2352 2349/285/2349 2332/618/2332
f 2341/2970/2341 2335/2961/2335 2140/2958/2140
f 2345/3634/2345 2144/2953/2144 2337/2962/2337
f 2339/2123/2339 2333/2118/2333 2338/289/2338
vt 0.785714 0.649364
f 2351/2979/2351 2342/3822/2342 2339/2123/2339
f 2342/3822/2342 2340/2124/2340 2339/2123/2339
vt 0.789997 0.647461
f 2342/3822/2342 1499/3823/1499 2340/2124/2340
f 2347/2972/2347 1499/3823/1499 2342/3822/2342
vt 0.790620 0.645910
f 2347/2972/2347 2343/3824/2343 1499/3823/1499
f 2358/307/2358 2351/2979/2351 2338/289/2338
f 2351/2979/2351 2339/2123/2339 2338/289/2338
f 2348/2965/2348 2342/3822/2342 2351/2979/2351
f 2347/2972/2347 2342/3822/2342 2348/2965/2348
f 2352/620/2352 2336/619/2336 1388/2976/1388
vt 0.673831 0.740699
f 2354/3825/2354 2349/285/2349 2352/620/2352
f 2266/3635/2266 2155/3616/2155 2346/3615/2346
vt 0.681503 0.737497
f 2355/3826/2355 2349/285/2349 2354/3825/2354
vt 0.009374 0.287714
vt 0.009557 0.279139
f 2350/2981/2350 2349/3827/2349 2355/3828/2355
f 2357/2985/2357 2350/2981/2350 2355/3828/2355
vt 0.756780 0.622591
f 2365/3829/2365 2351/2979/2351 2358/307/2358
f 2356/2978/2356 2351/2979/2351 2365/3829/2365
f 2354/3825/2354 2352/620/2352 2359/2986/2359
vt 0.674939 0.737657
vt 0.673487 0.737503
f 2355/3830/2355 2354/3825/2354 2364/3831/2364
f 2376/3758/2376 2248/3750/2248 2357/2985/2357
f 2357/2985/2357 2355/3828/2355 2364/2991/2364
f 2385/319/2385 2365/3829/2365 2358/307/2358
f 2362/2994/2362 2356/2978/2356 2365/3829/2365
f 2357/2985/2357 2364/2991/2364 2374/3759/2374
f 2374/3759/2374 2376/3758/2376 2357/2985/2357
vt 0.003929 0.250122
f 2359/2992/2359 1391/3832/1391 2363/2993/2363
f 2361/3647/2361 2244/3649/2244 2360/3657/2360
f 2374/3759/2374 2364/2991/2364 2363/2993/2363
f 2376/3758/2376 2374/3759/2374 2407/3770/2407
f 2369/3486/2369 2366/1623/2366 1960/1622/1960
vt 0.745117 0.606412
f 2382/3833/2382 2362/2994/2362 2365/3829/2365
f 2369/3486/2369 2368/2760/2368 2366/1623/2366
vt 0.158620 0.828038
f 2370/3834/2370 2368/2760/2368 2369/3486/2369
f 2372/1643/2372 2370/3834/2370 2369/3486/2369
vt 0.827162 0.548175
f 2370/2761/2370 1195/1629/1195 2368/3835/2368
f 2373/1636/2373 2370/2761/2370 2372/1637/2372
f 2382/3833/2382 2365/3829/2365 2385/319/2385
vt 0.129291 0.815860
f 2383/3836/2383 1962/2742/1962 2371/3483/2371
f 2383/3836/2383 2377/3485/2377 1962/2742/1962
f 534/2765/534 2370/2761/2370 2373/1636/2373
f 2378/1641/2378 2369/3486/2369 2377/3485/2377
f 2378/1641/2378 2372/1643/2372 2369/3486/2369
f 2407/3770/2407 2374/3759/2374 2379/3760/2379
vt 0.034887 0.117546
f 2381/3837/2381 95/353/95 96/352/96
f 2362/2994/2362 2382/3833/2382 2388/3005/2388
vt 0.135637 0.811738
f 2398/3838/2398 2377/3485/2377 2383/3836/2383
vt 0.143371 0.811098
f 2398/3838/2398 2386/3839/2386 2377/3485/2377
f 2386/3839/2386 2378/1641/2378 2377/3485/2377
vt 0.697893 0.640459
f 544/358/544 95/344/95 2381/3840/2381
vt 0.531598 0.672223
vt 0.514472 0.671647
f 2390/3841/2390 1200/3842/1200 2389/2766/2389
vt 0.115133 0.812077
f 2390/3843/2390 2371/3483/2371 1200/2763/1200
vt 0.122226 0.811018
f 2390/3844/2390 2383/3836/2383 2371/3483/2371
vt 0.150622 0.811197
f 2387/3845/2387 2378/1641/2378 2386/3839/2386
f 2384/1657/2384 2382/3833/2382 2385/319/2385
f 2265/3757/2265 2375/3756/2375 2376/3758/2376
vt 0.695042 0.640955
f 2393/1679/2393 2381/3840/2381 96/3846/96
f 2265/3757/2265 2376/3758/2376 2407/3770/2407
vt 0.541400 0.666720
vt 0.540629 0.675638
f 2398/3847/2398 2383/3848/2383 2390/3841/2390
f 544/358/544 2381/3840/2381 2393/1679/2393
f 2400/1703/2400 2382/3833/2382 2384/1657/2384
f 2388/3005/2388 2382/3833/2382 2400/1703/2400
vt 0.556094 0.678039
f 2399/1678/2399 2386/3849/2386 2398/3847/2398
f 2399/1678/2399 2387/3500/2387 2386/3849/2386
vt 0.042673 0.107958
vt 0.042460 0.102901
f 2393/3850/2393 96/352/96 2394/3851/2394
f 2391/1668/2391 2387/3500/2387 2399/1678/2399
f 2394/3851/2394 96/352/96 2263/359/2263
f 2398/3847/2398 2390/3841/2390 2389/2766/2389
f 2397/3769/2397 2394/3851/2394 2263/359/2263
vt 0.732011 0.585553
vt 0.739380 0.588512
f 2402/3852/2402 2392/3853/2392 2388/3005/2388
f 2405/1686/2405 2398/3847/2398 2389/2766/2389
vt 0.048062 0.103382
f 2395/3854/2395 2393/3850/2393 2394/3851/2394
vt 0.051268 0.096481
f 2406/3855/2406 2394/3851/2394 2397/3769/2397
vt 0.720767 0.586916
f 2401/3856/2401 2388/3005/2388 2400/1703/2400
f 2401/3856/2401 2402/3852/2402 2388/3005/2388
vt 0.046014 0.162085
f 2427/3857/2427 2267/3011/2267 2402/3768/2402
f 2406/3855/2406 2395/3854/2395 2394/3851/2394
f 2397/3769/2397 2268/3766/2268 99/382/99
vt 0.052631 0.098333
f 2403/3858/2403 2395/3854/2395 2406/3855/2406
f 2399/1678/2399 2398/3847/2398 2410/1714/2410
vt 0.702047 0.588170
f 2424/3859/2424 2401/3856/2401 2400/1703/2400
vt 0.041071 0.156067
vt 0.035227 0.159990
f 2404/3860/2404 2402/3768/2402 2401/3861/2401
f 2405/1686/2405 2410/1714/2410 2398/3847/2398
f 2397/3769/2397 99/382/99 2420/381/2420
f 2417/1720/2417 560/375/560 2403/377/2403
vt 0.713087 0.585346
f 2404/3862/2404 2401/3856/2401 2424/3859/2424
f 2421/3771/2421 2267/3011/2267 2427/3857/2427
vt 0.059243 0.084488
f 2416/3863/2416 2406/3855/2406 2397/3769/2397
vt 0.057111 0.093639
f 2417/3864/2417 2403/3858/2403 2406/3855/2406
f 2427/3857/2427 2402/3768/2402 2404/3860/2404
f 2416/3863/2416 2397/3769/2397 2432/3788/2432
f 2423/385/2423 2406/3855/2406 2416/3863/2416
f 2423/385/2423 2417/3864/2417 2406/3855/2406
vt 0.589775 0.670647
f 2422/1739/2422 2408/1710/2408 2415/3865/2415
vt 0.093391 0.009781
f 2419/1763/2419 2409/3866/2409 2411/3517/2411
f 2412/3519/2412 2411/3517/2411 2409/3866/2409
f 2432/3788/2432 2397/3769/2397 2420/381/2420
vt 0.053400 0.146330
f 2427/3857/2427 2404/3860/2404 2434/3867/2434
vt 0.086808 0.034511
f 2438/3868/2438 2415/1697/2415 2414/1706/2414
f 2425/1740/2425 2411/3517/2411 2014/3518/2014
f 2419/1763/2419 2411/3517/2411 2425/1740/2425
f 2412/3519/2412 2409/3866/2409 2419/1763/2419
vt 0.044177 0.146388
vt 0.054691 0.136327
f 2404/3860/2404 2424/3869/2424 2446/3870/2446
f 2466/3690/2466 2413/3661/2413 2303/3664/2303
vt 0.089838 0.027359
f 2422/3871/2422 2415/1697/2415 2438/3868/2438
vt 0.508579 0.362789
f 2429/1729/2429 2412/1702/2412 2419/3872/2419
vt 0.656363 0.635999
f 2426/387/2426 2417/1720/2417 2423/3873/2423
f 2428/1737/2428 2438/3868/2438 2414/1706/2414
vt 0.595904 0.673122
f 2430/3874/2430 2418/1728/2418 2422/1739/2422
f 2434/3867/2434 2404/3860/2404 2446/3870/2446
vt 0.078226 0.160291
f 2444/3772/2444 2421/3771/2421 2460/3875/2460
f 2181/3678/2181 2265/3757/2265 2290/3681/2290
vt 0.080537 0.023318
vt 0.086867 0.024088
f 2440/3876/2440 2418/1742/2418 2430/3877/2430
vt 0.089162 0.004029
vt 0.083351 0.006865
f 2429/3878/2429 2419/1763/2419 2435/3879/2435
f 568/1690/568 2424/3859/2424 2400/1703/2400
f 2453/3689/2453 2288/3665/2288 2413/3661/2413
f 2440/3876/2440 2425/1740/2425 2418/1742/2418
f 2435/3879/2435 2419/1763/2419 2442/1762/2442
f 2436/383/2436 2423/385/2423 2416/3863/2416
f 2441/1764/2441 2424/3859/2424 568/1690/568
f 2460/3875/2460 2421/3771/2421 2427/3857/2427
f 2438/3868/2438 2428/1737/2428 2437/1766/2437
vt 0.081936 0.030536
f 2439/3880/2439 2422/3871/2422 2438/3868/2438
f 2440/3876/2440 2442/1762/2442 2425/1740/2425
vt 0.085432 0.003586
vt 0.084297 0.004483
f 2431/3881/2431 2435/3879/2435 2443/3882/2443
vt 0.512671 0.364819
f 2431/3523/2431 2429/1729/2429 2435/3883/2435
vt 0.583980 0.698707
vt 0.579303 0.699738
f 2443/3884/2443 2433/3531/2433 2431/3885/2431
vt 0.067455 0.073684
f 2452/3886/2452 2416/3863/2416 2432/3788/2432
f 2452/3886/2452 2436/383/2436 2416/3863/2416
vt 0.687363 0.583693
f 2441/1764/2441 2446/3887/2446 2424/3859/2424
f 2284/3676/2284 2276/3773/2276 2180/3677/2180
f 2453/3689/2453 2413/3661/2413 2466/3690/2466
vt 0.603276 0.668847
f 2439/3888/2439 2430/3874/2430 2422/1739/2422
vt 0.600419 0.671592
f 2439/3888/2439 2440/3889/2440 2430/3874/2430
f 2032/3529/2032 2433/3531/2433 2443/3884/2443
f 2290/3681/2290 2265/3757/2265 2292/3776/2292
f 2180/3677/2180 2276/3773/2276 2181/3678/2181
vt 0.587592 0.691511
f 2448/1788/2448 2443/3884/2443 2435/3890/2435
vt 0.070838 0.135402
f 2460/3875/2460 2427/3857/2427 2473/3891/2473
f 2302/3783/2302 2284/3676/2284 2293/3675/2293
f 2461/1784/2461 2438/3868/2438 2437/1766/2437
vt 0.076711 0.032824
f 2458/3892/2458 2439/3880/2439 2438/3868/2438
vt 0.073782 0.028631
vt 0.079106 0.027924
f 2458/3893/2458 2440/3876/2440 2439/3894/2439
f 578/390/578 2426/387/2426 2459/386/2459
f 2473/3891/2473 2427/3857/2427 2434/3867/2434
vt 0.075831 0.010884
f 2447/3895/2447 2435/3879/2435 2442/1762/2442
vt 0.596119 0.686824
f 2448/1788/2448 2435/3890/2435 2447/3896/2447
f 2452/3886/2452 2432/3788/2432 2467/3786/2467
vt 0.074483 0.047667
f 2468/3897/2468 2438/3868/2438 2461/1784/2461
f 2464/1792/2464 2446/3887/2446 2441/1764/2441
vt 0.073294 0.121210
f 2472/3898/2472 2434/3867/2434 2446/3870/2446
vt 0.069326 0.018041
f 2450/3899/2450 2440/3876/2440 2458/3893/2458
f 2442/1762/2442 2440/3876/2440 2450/3899/2450
vt 0.072760 0.013456
f 2447/3900/2447 2442/1762/2442 2450/3899/2450
f 591/392/591 2032/3529/2032 2443/3884/2443
f 2473/3891/2473 2434/3867/2434 2472/3898/2472
f 2460/3875/2460 2292/3776/2292 2444/3772/2444
f 2303/3664/2303 2271/3673/2271 2297/3780/2297
vt 0.633264 0.663193
f 2470/3901/2470 2451/3781/2451 2449/1791/2449
vt 0.067678 0.119853
f 2472/3898/2472 2446/3870/2446 2464/3902/2464
vt 0.064120 0.041577
f 2469/3903/2469 2458/3892/2458 2438/3868/2438
f 2462/1803/2462 2450/3899/2450 2458/3893/2458
f 2448/1788/2448 2447/3896/2447 2450/1789/2450
f 591/392/591 2443/3884/2443 2448/1788/2448
f 2455/3535/2455 2032/3529/2032 591/392/591
f 2436/383/2436 2452/3886/2452 2461/1784/2461
vt 0.624795 0.659509
f 2469/3904/2469 2451/3781/2451 2470/3901/2470
f 2469/3903/2469 2467/3786/2467 2451/3778/2451
f 2461/1784/2461 2452/3886/2452 2467/3786/2467
f 2456/397/2456 2457/1774/2457 587/1755/587
vt 0.620935 0.665733
vt 0.609709 0.666883
f 2471/3905/2471 2458/3906/2458 2469/3904/2469
vt 0.065651 0.020093
f 2454/3907/2454 2450/3899/2450 2462/1803/2462
f 2471/1802/2471 2462/1803/2462 2458/3893/2458
f 2470/3901/2470 2471/3905/2471 2469/3904/2469
f 2463/1799/2463 2436/383/2436 2461/1784/2461
f 2465/1775/2465 2436/388/2436 2463/1798/2463
f 2465/1775/2465 2459/386/2459 2436/388/2436
vt 0.089431 0.135154
f 2485/3908/2485 2460/3875/2460 2473/3891/2473
f 2469/3903/2469 2438/3868/2438 2468/3897/2468
f 2476/1816/2476 2464/1792/2464 2312/395/2312
vt 0.081592 0.106054
vt 0.071189 0.115585
f 2476/3909/2476 2472/3898/2472 2464/3910/2464
f 2477/1807/2477 581/1761/581 586/1781/586
f 2475/389/2475 2457/1774/2457 2456/397/2456
f 2475/389/2475 2459/386/2459 2465/1775/2465
vt 0.112293 0.163059
f 2499/3911/2499 2292/3776/2292 2460/3875/2460
vt 0.088636 0.113169
f 2488/3912/2488 2473/3891/2473 2472/3898/2472
f 2314/3796/2314 2290/3681/2290 2292/3776/2292
f 2456/397/2456 587/1755/587 2479/1797/2479
vt 0.087728 0.107657
f 2480/3913/2480 2472/3898/2472 2476/3909/2476
vt 0.109771 0.134492
f 2483/3914/2483 2460/3875/2460 2485/3908/2485
f 2483/3914/2483 2499/3911/2499 2460/3875/2460
f 2480/3913/2480 2488/3912/2488 2472/3898/2472
vt 0.547051 0.591591
f 2482/3915/2482 2479/1797/2479 2477/1807/2477
f 2494/3819/2494 2473/3891/2473 2488/3912/2488
vt 0.182072 0.043205
f 2489/1825/2489 2477/3916/2477 599/1806/599
f 2494/3819/2494 2485/3908/2485 2473/3891/2473
f 2303/3664/2303 2478/3792/2478 2481/3793/2481
vt 0.172094 0.048177
f 2489/1825/2489 2482/3917/2482 2477/3916/2477
vt 0.592983 0.588110
f 2490/3918/2490 100/396/100 2456/397/2456
f 2495/3789/2495 2311/3791/2311 2325/3804/2325
vt 0.571718 0.589364
f 2491/3919/2491 2456/397/2456 2479/1797/2479
f 2486/3799/2486 2292/3776/2292 2499/3911/2499
f 2487/3798/2487 2319/3797/2319 2481/3793/2481
f 2319/3797/2319 2303/3664/2303 2481/3793/2481
f 2491/3810/2491 2482/3917/2482 2489/1825/2489
vt 0.556786 0.592895
f 2491/3919/2491 2479/1797/2479 2482/3920/2482
f 2494/3819/2494 2509/3818/2509 2485/3908/2485
f 2490/3918/2490 2456/397/2456 2491/3919/2491
f 2488/3912/2488 2480/3913/2480 2494/3819/2494
f 2483/3914/2483 2485/3908/2485 2509/3818/2509
f 2493/3805/2493 100/396/100 2490/3918/2490
vt 0.092719 0.100598
f 2480/3913/2480 604/3921/604 2502/3809/2502
f 2505/3811/2505 2489/1825/2489 2492/1824/2492
vt 0.110839 0.084189
vt 0.129505 0.068568
f 2493/3922/2493 2490/3923/2490 2502/3809/2502
vt 0.112018 0.095763
f 2497/3924/2497 2480/3913/2480 2502/3809/2502
f 2494/3819/2494 2480/3913/2480 2497/3924/2497
f 2486/3799/2486 2499/3911/2499 2515/3812/2515
f 2505/3811/2505 2491/3810/2491 2489/1825/2489
f 2502/3809/2502 2490/3923/2490 2491/3810/2491
vt 0.154150 0.111000
f 2499/3911/2499 2483/3914/2483 2512/3925/2512
f 2515/3812/2515 2499/3911/2499 2512/3925/2512
f 2504/1832/2504 2505/3811/2505 2492/1824/2492
f 2507/3815/2507 2496/1827/2496 2501/1831/2501
f 2507/3815/2507 2503/1830/2503 2496/1827/2496
f 2507/3815/2507 2501/1831/2501 2327/1833/2327
f 2510/3817/2510 2506/3813/2506 2505/3811/2505
f 2497/3924/2497 2502/3809/2502 2506/3813/2506
f 2506/3813/2506 2494/3819/2494 2497/3924/2497
f 2513/3816/2513 2500/3688/2500 2319/3797/2319
f 2507/3815/2507 2504/1832/2504 2503/1830/2503
vt 0.165442 0.081240
f 2508/3926/2508 2504/1832/2504 2507/3815/2507
f 2508/3926/2508 2505/3811/2505 2504/1832/2504
f 2511/3814/2511 2508/3926/2508 2507/3815/2507
f 2510/3817/2510 2505/3811/2505 2508/3926/2508
f 2494/3819/2494 2506/3813/2506 2510/3817/2510
f 2512/3925/2512 2483/3914/2483 2509/3818/2509
f 2329/3820/2329 2511/3814/2511 2327/1833/2327
f 2510/3817/2510 2508/3926/2508 2512/3925/2512
f 2512/3925/2512 2509/3818/2509 2510/3817/2510
f 2512/3925/2512 2508/3926/2508 2511/3814/2511
f 2319/3797/2319 2320/3807/2320 2515/3812/2515
f 2514/3821/2514 2512/3925/2512 2511/3814/2511
f 2515/3812/2515 2513/3816/2513 2319/3797/2319
f 2198/3712/2198 2330/3711/2330 2513/3816/2513
f 2514/3821/2514 2198/3712/2198 2513/3816/2513
f 2514/3821/2514 2515/3812/2515 2512/3925/2512
f 2515/3812/2515 2514/3821/2514 2513/3816/2513
f 2467/3786/2467 2469/3903/2469 2468/3897/2468
f 2467/3786/2467 2468/3897/2468 2461/1784/2461
# 5000 faces, 3926 coords texture

# End of File