# Generated by ObjModel. -- Sat Feb 21 01:38:33 2026
# Triangle Count: 9966
#   Vertex Count: 29876
#    Group Count: 1

mtllib C:\Users\song\Desktop\debugger_small_10k.mtl

v 0.0966852 0.0004137 1.88462
v 0.178601 0.014229 1.86977
v 0.148839 0.0807032 1.95364
v -0.0316128 0.0675403 1.97648
v 0.0280652 -0.0019537 1.8845
v 0.0772973 -0.0345084 1.8652
v -0.0446343 -0.0347881 1.87031
v 0.0699567 -0.0661167 1.86124
v -0.213832 0.0595219 1.96345
v -0.0582291 0.0174379 1.91008
v -0.160363 -0.014409 1.8812
v -0.0310741 -0.111394 1.87135
v -0.040456 -0.23851 1.93891
v 0.0683308 -0.244351 1.94454
v -0.0496807 -0.218339 1.92204
v -0.130321 -0.103458 1.85875
v 0.0599343 -0.278217 1.97463
v -0.031835 -0.281565 1.98622
v -0.180313 -0.0646401 1.85347
v -0.102478 -0.262403 1.95789
v -0.113725 -0.302607 2.00495
v -0.25103 -0.128956 1.83912
v -0.145899 -0.202066 1.89171
v -0.230727 -0.15499 1.84999
v -0.309085 0.0328275 1.92208
v -0.309515 -0.0139041 1.86916
v -0.344438 -0.108926 1.81054
v -0.250502 -0.0495989 1.8486
v -0.195217 -0.269492 1.9304
v 0.0607071 1.29457 2.54079
v 0.246472 1.27326 2.52238
v 0.0870563 1.39124 2.59866
v -0.475233 0.0324492 1.87984
v -0.349991 -0.0626964 1.82297
v 0.303999 -0.553806 2.45502
v 0.395956 -0.476081 2.36042
v 0.145643 -0.455983 2.34539
v -0.456106 -0.0683338 1.78492
v -0.415739 -0.173828 1.79246
v -0.402751 -0.21285 1.81553
v -0.376024 -0.246909 1.84898
v -0.255824 -0.217792 1.87357
v -0.529193 -0.0304899 1.77892
v -0.446566 -0.131949 1.77464
v -0.0169778 1.42357 2.62889
v 0.0729615 1.43193 2.6166
v -0.0310721 1.50853 2.6419
v 0.080933 1.53486 2.61057
v -0.0360489 1.54889 2.6271
v -0.0319741 1.47005 2.64229
v 0.0912572 1.48525 2.62045
v -0.126838 0.841478 2.54909
v -0.0586152 0.822459 2.57879
v -0.0511243 0.886255 2.48842
v -0.144223 0.770029 2.62061
v -0.0151026 0.764962 2.6246
v -0.137106 0.883795 2.46646
v -0.625638 0.0337453 1.79136
v -0.508958 0.0870607 1.96472
v -0.0993499 1.45199 2.64506
v -0.565442 -0.0618461 1.72881
v -0.568973 -0.136599 1.70165
v -0.572623 -0.0997145 1.70519
v -0.0506681 -0.535727 2.40552
v -0.329335 -0.480292 2.26923
v -0.114007 1.41501 2.63207
v 0.019226 -0.577057 2.46602
v -0.278901 0.776282 2.57927
v -0.4638 0.157123 2.15791
v -0.582666 0.155925 2.07392
v -0.62876 0.125902 1.94899
v -0.0332777 -0.627716 2.50723
v -0.700003 1.54352 1.72334
v -0.513934 1.61531 1.77617
v -0.664233 1.70493 1.67883
v -0.337296 0.830523 2.488
v -0.230636 0.724554 2.62962
v -0.353243 0.954796 2.2556
v -0.315571 0.947444 2.24876
v -0.330855 0.978427 2.25457
v -0.323132 0.927145 2.26982
v -0.369058 0.925506 2.27218
v -0.326908 0.496304 2.69916
v -0.282288 0.494323 2.71364
v -0.25284 0.54394 2.6557
v -0.446327 1.44118 2.65412
v -0.304416 1.49149 2.66822
v -0.406915 1.47759 2.65931
v -0.323312 1.44219 2.66043
v -0.392158 0.962722 2.25704
v -0.398858 0.928719 2.26637
v -0.42208 0.935275 2.25941
v -0.442797 0.799533 2.45593
v -0.348801 0.711913 2.59124
v -0.434615 0.951627 2.26276
v -0.441749 0.911033 2.26782
v -0.434346 0.89961 2.27989
v -0.444612 0.716991 2.53583
v -0.477108 0.912035 2.26277
v -0.487049 0.878156 2.28317
v -0.496726 0.928746 2.26626
v -0.467029 0.978083 2.28838
v -0.501775 0.893773 2.26985
v -0.536142 0.75525 2.42795
v -0.552549 0.835946 2.28776
v -0.598023 0.88881 2.27183
v -0.542026 0.891099 2.26342
v -0.534373 0.871252 2.26653
v -0.481203 0.582163 2.54176
v -0.38254 0.578861 2.59869
v -0.417593 0.664854 2.57342
v -0.493927 0.669164 2.51998
v -0.870212 1.17805 2.35017
v -0.74622 1.23321 2.26014
v -0.790652 1.14471 2.13468
v -0.929358 0.310527 1.85933
v -0.808681 0.222732 1.91213
v -0.901479 0.324879 1.97573
v -0.869894 1.02939 1.93596
v -0.798173 1.11003 1.98363
v -0.836005 1.10966 1.84388
v -0.888851 1.06327 2.14863
v -0.684207 1.26974 2.58148
v -0.632286 1.35578 2.6095
v -0.716863 1.30649 2.57401
v -0.695761 0.992476 2.41298
v -0.494357 1.09354 2.41667
v -0.705847 1.08768 2.4905
v -0.575243 0.854112 2.26567
v -0.593543 0.826148 2.27028
v -0.621451 0.792263 2.27672
v -0.874068 1.11735 1.76476
v -0.770634 1.19972 1.83396
v -0.864654 1.17702 1.73796
v -0.852387 1.11244 1.80467
v -0.614148 0.84716 2.26299
v -0.575128 0.576669 2.45905
v -0.537185 0.579288 2.49237
v -1.11883 0.136482 1.41569
v -0.907428 0.0403744 1.53331
v -0.94912 0.208612 1.6861
v -0.888631 1.02858 1.86778
v -0.640599 0.791065 2.2624
v -0.633622 0.72585 2.35128
v -0.973565 0.414425 2.00172
v -0.914356 0.991687 2.01796
v -0.932206 1.0927 2.32609
v -0.678349 0.822145 2.25716
v -0.630483 0.883688 2.28538
v -0.653094 0.806772 2.25317
v -0.581767 0.699363 2.4288
v -0.879301 0.368681 2.17196
v -0.690189 0.739353 2.26306
v -0.975216 -0.0027464 1.37752
v -0.875089 -0.028429 1.47337
v -0.947745 0.999517 1.75113
v -0.925216 0.974638 1.95955
v -0.989101 0.908565 2.05034
v -0.686398 0.761835 2.25444
v -0.6989 0.712367 2.27253
v -0.652164 0.692865 2.35371
v -0.820493 0.535552 2.29203
v -0.832041 0.511195 2.30997
v -0.751649 0.508279 2.40392
v -0.920708 -0.0709939 1.38302
v -0.861238 -0.0871666 1.44749
v -0.861915 -0.0941147 1.44482
v -1.07944 1.63101 1.3726
v -1.03575 1.58183 1.45321
v -1.02223 1.75444 1.37866
v -0.94745 1.07098 1.69306
v -0.977596 0.916836 1.80146
v -0.748516 0.759062 2.23583
v -0.738574 0.739994 2.23422
v -0.717725 0.724897 2.24793
v -0.684029 0.67713 2.31359
v -0.867467 0.517294 2.25499
v -0.896189 0.488787 2.24231
v -0.900753 0.511877 2.21221
v -0.952679 0.478797 2.13167
v -0.954421 0.514236 2.11005
v -1.03518 0.479351 1.85589
v -1.01012 0.408657 1.8452
v -1.00762 0.449024 1.94907
v -1.08444 0.242216 1.55422
v 0.558201 -1.2833 2.83476
v 0.783472 -1.21569 2.76035
v 0.527386 -1.14602 2.80507
v -1.10056 1.66068 1.33313
v -0.981356 0.955439 2.16341
v -0.744391 0.683165 2.23052
v -0.63463 0.671235 2.38299
v -1.03963 0.426607 1.77133
v -0.991732 0.337438 1.77121
v -1.04318 0.352266 1.69343
v -1.0898 1.75556 1.29038
v -0.776496 0.788502 2.25498
v -0.760394 0.688559 2.21398
v -0.721832 0.60154 2.27754
v -0.644848 0.596754 2.37954
v -0.852282 0.557381 2.21044
v -0.89768 0.535822 2.18477
v -0.913289 0.540476 2.15204
v -0.995818 0.47609 2.01599
v -0.966121 1.89601 1.33485
v -0.985444 0.975454 2.26217
v -0.789764 0.712044 2.20578
v -0.963871 -0.107192 1.31046
v -0.910797 -0.133607 1.38618
v -1.01174 0.950861 1.67841
v -1.00431 0.90065 1.7433
v -1.0037 0.90874 2.14463
v -0.752225 0.617688 2.22443
v -0.866266 0.566932 2.16322
v -0.887251 0.573765 2.13275
v -0.925812 0.578615 2.08934
v -0.996381 0.561106 1.98523
v -1.00063 -0.0448775 1.28767
v -1.14153 1.57996 1.29509
v -1.1088 1.52162 1.37352
v -1.03048 0.854909 2.09166
v -0.784499 0.58506 2.21784
v -0.881041 0.590151 2.12564
v -0.955138 0.561993 2.06428
v -1.04067 0.577022 1.8848
v -1.11601 0.560392 1.6501
v -1.08753 0.404147 1.64993
v -1.0539 0.0134223 1.29603
v -1.14762 1.73069 1.22171
v -1.03228 0.826128 1.98042
v -1.02321 0.866245 2.13965
v -1.01008 0.892573 2.20722
v -0.982231 0.965824 2.30477
v -0.862751 0.722452 2.20405
v -0.772415 0.634901 2.19246
v -0.77212 0.613039 2.1996
v -0.825195 0.587992 2.15374
v -0.852291 0.588334 2.13995
v -0.903316 0.603064 2.10514
v -0.994856 0.597656 2.00126
v -0.947357 0.599799 2.06562
v -1.05907 0.593706 1.83782
v -1.04082 0.815929 2.11803
v -1.00576 0.853909 2.235
v -0.824896 0.652007 2.1532
v -0.757913 0.591878 2.23563
v -0.792661 0.605861 2.1741
v -0.835535 0.609984 2.13769
v -0.889843 0.630989 2.11924
v -1.08312 0.574191 1.72535
v -1.12632 0.336879 1.56851
v -1.15585 0.206744 1.44731
v -1.02056 -0.0688043 1.23118
v -1.20999 1.7048 1.13305
v -1.22081 1.59883 1.16056
v -1.04024 0.80761 2.02143
v -0.815797 0.619784 2.1477
v -0.957635 0.62346 2.06476
v -1.21491 0.147147 1.3041
v -1.13441 0.0677757 1.2803
v -1.12654 1.45288 1.39023
v -1.08835 1.45958 1.42305
v -1.0367 0.824129 1.77518
v -1.06324 0.81543 1.68825
v -1.02786 0.828953 1.84594
v -0.973488 0.880455 2.30765
v -0.997802 0.826346 2.23967
v -0.90497 0.66461 2.13443
v -0.998742 0.671866 2.08006
v -1.04937 0.664681 2.00056
v -1.07986 0.658939 1.9281
v -1.07241 0.638331 1.81874
v -1.32579 0.318266 1.34265
v -1.34409 0.416875 1.37378
v -1.19064 1.46079 1.3299
v -1.06152 0.763534 1.92622
v -1.04224 0.781433 2.05181
v -1.0144 0.7853 2.18677
v -0.978872 0.657212 2.08053
v -1.078 0.680892 1.7747
v -1.21219 0.444405 1.51397
v -1.08307 -0.0129424 1.18864
v -1.05481 0.79832 1.73484
v -1.07542 0.730998 1.85025
v -1.0294 0.717342 2.08081
v -1.01926 0.727022 2.12279
v -1.08436 0.694933 1.847
v -1.10856 0.647439 1.66625
v -1.229 1.51382 1.24159
v -1.0955 0.72223 1.67946
v -1.07853 0.702849 1.93954
v -1.18828 0.611025 1.5613
v -1.08837 -0.0672904 1.12827
v -1.07554 0.730685 1.75585
v -0.980778 0.744943 2.1865
v -1.03396 -0.0979085 1.19689
v -1.07349 -0.129567 1.13761
v -1.02862 -0.155051 1.21898
v -1.24283 1.34276 1.2913
v -1.18845 1.34632 1.37849
v -1.3199 0.223054 1.26314
v -1.1521 0.0026009 1.10285
v -1.06267 -0.186894 1.19478
v -1.265 1.43831 1.226
v -1.08975 -0.182926 1.14712
v -1.10884 -0.17432 1.09713
v -1.14774 0.713889 1.59256
v -1.27175 1.34751 1.2409
v -1.12471 -0.102625 1.02401
v -1.27313 1.27023 1.27857
v -1.14145 -0.0535545 1.02455
v -1.29868 1.29971 1.18195
v -1.29509 1.27948 1.22424
v -1.28701 1.24183 1.25237
v -1.21631 0.722122 1.5173
v -1.16343 0.804783 1.54405
v -1.2212 0.857667 1.46393
v -1.23339 0.0439528 1.01212
v -1.13083 -0.142649 1.01787
v -1.43842 -0.62647 1.87107
v -1.22157 -0.663985 2.08726
v -1.24114 -0.511768 1.89272
v -1.31318 1.36133 1.15767
v -1.27911 0.670844 1.47005
v -1.34684 0.517342 1.40177
v -1.29463 0.120966 1.12314
v -1.24404 0.0231244 0.886427
v -1.34679 1.30763 1.12288
v -1.27617 1.2098 1.18039
v -1.40389 0.338721 1.24417
v -1.39451 0.256606 1.18193
v -1.35661 0.171115 1.1153
v -1.14691 -0.137511 0.963703
v -1.14238 -0.17534 1.02333
v -1.27488 1.14675 1.24278
v -1.27903 1.16886 1.16699
v -1.33236 0.118833 1.06402
v -1.18176 -0.0484501 0.902337
v -1.16233 -0.10736 0.90152
v -1.1606 -0.173167 0.968546
v -1.15967 -0.20861 1.04631
v -1.21797 -0.21879 0.939785
v -1.47684 -0.746679 1.95809
v -1.29349 1.09561 1.20426
v -1.17546 -0.17163 0.918019
v -1.36674 1.317 1.04239
v -1.43803 0.210544 1.00855
v -1.15991 -0.15598 0.934262
v -1.3494 1.2632 1.09213
v -1.17405 -0.117735 0.844466
v -1.61045 -0.621739 1.68807
v -1.4264 -0.523917 1.74055
v -1.45088 0.308654 1.09687
v -1.36685 1.2346 1.06688
v -1.34656 1.15949 1.10784
v -1.30224 1.21748 1.14134
v -1.39496 0.145464 0.932596
v -1.18006 -0.0664724 0.856919
v -1.5724 -0.531866 1.58484
v -1.36485 1.16301 1.07676
v -1.2307 0.0054487 0.825453
v -1.62274 -0.666113 1.72814
v -1.48916 0.441588 1.15185
v -1.51686 0.395083 1.0385
v -1.17269 -0.0920894 0.765734
v -1.51989 0.338757 0.924407
v -1.46764 0.230283 0.838033
v 0.290565 -1.93396 2.82133
v 0.175619 -1.77978 2.8705
v 0.0532119 -1.88384 2.84276
v 0.676779 -1.96526 2.75088
v 0.485023 -1.84193 2.82552
v 0.598729 -2.02652 2.74461
v -1.70054 -0.679345 1.65295
v -0.373189 -1.7572 2.81908
v -0.314457 -1.62856 2.8561
v -0.512797 -1.57197 2.80164
v -1.4167 1.14843 0.953996
v -1.36772 1.27722 0.961155
v -1.4046 1.24997 0.887084
v -1.37553 1.16623 1.0303
v -1.76962 -0.649647 1.52298
v -1.47447 0.960001 1.07794
v -1.43243 0.956413 1.16995
v -1.42229 1.09213 1.01945
v -1.44529 0.218724 0.694088
v -0.58994 -1.73102 2.75129
v -1.36216 0.129268 0.736262
v -0.744653 -1.69644 2.69081
v 0.260162 -2.06596 2.77028
v -1.43795 1.12972 0.895071
v -1.53245 0.582177 1.10429
v -1.56242 0.52713 0.976821
v 0.0715254 -2.02773 2.79002
v -1.51945 0.328704 0.785159
v -1.51373 0.901292 1.03219
v -1.48368 0.869667 1.15032
v -0.632842 -1.86259 2.69965
v -1.54159 0.781246 1.05162
v -1.53009 0.874272 1.00269
v -1.56603 0.471478 0.793972
v -0.239039 -1.87871 2.81806
v -0.498874 -1.97486 2.71686
v -1.57064 0.658849 0.970204
v -1.73718 -0.766166 1.70128
v -1.8593 -0.751631 1.52768
v 0.0438472 -2.17162 2.71735
v -0.2328 -2.06045 2.75108
v 0.098364 -2.20857 2.69476
v -1.54764 0.424024 0.692303
v 0.512663 -2.21827 2.66247
v -1.58595 0.645909 0.827812
v -1.85819 -0.833595 1.61063
v -1.9433 -0.863813 1.51742
v 0.307132 -2.25933 2.64107
v -0.101057 -2.25003 2.65269
v -1.98676 -0.810605 1.39627
v -1.93008 -0.774702 1.45228
v -1.98753 -0.914177 1.48444
v -2.03437 -0.829005 1.34674
v -1.96652 -1.03869 1.57689
v -0.315948 -2.25298 2.61301
v -0.42708 -2.20485 2.62258
v -2.0687 -0.794658 1.30571
v -2.03243 -0.763165 1.30509
v -2.0752 -0.750271 1.27366
v -2.0485 -0.936187 1.39399
v -2.06592 -0.833027 1.32406
v -2.07839 -0.927154 1.35033
v -2.11672 -0.784294 1.28955
v -2.08898 -0.989294 1.35254
v -1.53869 0.608409 0.526245
v -1.45004 0.561815 0.331512
v -1.53026 0.534455 0.523371
v -2.28187 -0.615879 1.14283
v -2.04973 -0.660622 1.19784
v -2.05998 -0.619234 1.13797
v -2.12142 -0.820756 1.30512
v -2.07645 -0.889194 1.33548
v -2.08239 -1.05777 1.37309
v -2.24264 -0.679989 1.21015
v -2.23486 -0.745113 1.25301
v -2.11576 -0.946697 1.33002
v -2.06445 -1.1609 1.42361
v -1.93915 -1.19064 1.65547
v -2.13318 -1.02429 1.32637
v -1.54711 0.72558 0.567417
v -1.4911 0.81805 0.423413
v -2.22965 -0.512076 0.988851
v -2.22296 -0.867053 1.30432
v -2.31856 -0.532136 1.02343
v -2.27582 -0.801768 1.27047
v -2.23568 -0.961636 1.31671
v -2.11557 -1.07782 1.33527
v -2.1101 -1.17226 1.33376
v -2.1623 -1.08379 1.31099
v -2.13241 -1.13057 1.315
v -2.42413 -0.589488 1.06777
v -2.35213 -0.774099 1.23689
v -2.30159 -1.06766 1.2911
v -1.989 -1.45269 1.56127
v -2.43981 -0.685139 1.14575
v -2.13146 -1.18019 1.30582
v -2.42344 -0.972445 1.25079
v -2.16994 -1.14952 1.28935
v -2.15428 -1.18587 1.28406
v -2.12728 -1.24251 1.2852
v -2.07707 -1.42857 1.36931
v -2.31777 -1.19141 1.23595
v -2.20062 -1.26766 1.21916
v -2.15547 -1.29167 1.23082
v -2.14521 -1.39089 1.19147
v -2.31121 -1.25149 1.19612
v -2.17124 -1.36226 1.16857
v -2.19885 -1.33593 1.16698
v -2.44267 -1.18631 1.17147
v -2.44201 -1.08993 1.2197
v -2.2394 -1.33035 1.1482
v -2.15909 -1.39726 1.16144
v -2.51139 -1.12332 1.1554
v -2.47834 -1.06328 1.20471
v -2.21721 -1.38827 1.0956
v -2.53853 -1.04594 1.15922
v -2.38818 -1.25421 1.15536
v -2.37244 -1.29795 1.12204
v -2.31447 -1.36156 1.08243
v -2.60517 -0.397651 0.680409
v -2.51562 -0.458505 0.839633
v -2.48699 -0.409856 0.752901
v -2.54806 -1.15675 1.10167
v -2.19466 -1.43389 1.06349
v -2.17549 -1.45491 1.07404
v -2.67577 -0.484197 0.78295
v -2.65135 -0.444217 0.740226
v -2.60468 -1.0514 1.10268
v -2.4178 -1.28301 1.10528
v -2.45729 -0.368839 0.653435
v -2.48546 -1.2752 1.05067
v -2.40707 -1.33306 1.05474
v -2.58708 -0.974056 1.13958
v -2.64473 -0.990597 1.07792
v -2.23301 -1.44115 1.00923
v -2.26973 -1.42902 0.997509
v -2.64949 -1.1923 0.956929
v -2.38788 -1.40568 0.952036
v -2.20824 -1.48562 0.968122
v -2.7583 -0.485856 0.701246
v -2.70417 -0.534095 0.817273
v -2.74638 -0.892602 0.952716
v -2.65135 -0.857854 1.07227
v -2.70851 -0.428278 0.660003
v -2.67836 -1.08824 0.984567
v -2.25807 -1.49783 0.848317
v -2.74161 -0.587528 0.826714
v -2.73211 -1.00589 0.949053
v -2.18246 -1.55266 0.966858
v -2.81897 -0.562196 0.703451
v -2.14949 -1.61693 1.06096
v -2.22499 -1.51216 0.87999
v -2.22209 -1.57194 0.79816
v -2.15508 -1.82694 0.833138
v -2.83578 -0.480836 0.57962
v -2.74006 -0.776929 0.945423
v -2.81141 -0.73796 0.816617
v -2.75763 -0.393073 0.537927
v -2.87665 -0.793839 0.716962
v -2.83651 -0.923521 0.786794
v -2.8101 -1.04792 0.781609
v -2.3952 -1.47085 0.777235
v -2.81295 -0.449235 0.568646
v -2.68106 -1.22965 0.839456
v -2.87377 -0.665771 0.681884
v -2.28952 -1.50463 0.774079
v -2.90516 -0.846314 0.643037
v -2.74408 -1.19647 0.76302
v -2.96983 -0.70436 0.448486
v -2.8889 -0.95468 0.652971
v -2.76824 -1.18397 0.714253
v -2.67618 -1.29743 0.718241
v -2.96115 -0.614085 0.431026
v -2.76038 -1.23793 0.608254
v -2.9109 -0.409521 0.293206
v -2.88261 -0.435294 0.416143
v -2.87882 -0.364806 0.252381
v -2.9321 -0.502416 0.401273
v -2.83683 -1.11808 0.63186
v -2.98481 -0.789 0.382017
v -2.94203 -0.441197 0.27187
v -2.69373 -1.3221 0.544306
v -2.631 -1.36559 0.624707
v -2.99491 -0.558513 0.262864
v -3.00415 -0.67689 0.313575
v -2.94176 -0.93896 0.448247
v -2.96767 -0.446323 0.183546
v -2.71757 -1.31558 0.390822
v -2.632 -1.39401 0.413884
v -2.32985 -1.54157 0.20814
v -2.30181 -1.5767 0.248059
v -2.328 -1.54603 0.270578
v -2.31232 -1.56949 0.158999
v -2.30963 -1.56947 -0.416638
v -2.2852 -1.5357 -0.632044
v -2.25032 -1.74827 -0.47131
v -2.32426 -1.56119 0.0124719
v -2.3367 -1.53499 0.057547
v -2.17797 -1.76911 -0.773155
v -3.0246 -0.706496 -0.0011073
v -3.03059 -0.630189 -0.108792
v -3.0048 -0.698119 -0.25697
v -2.20423 -1.93998 0.195211
v -2.26459 -1.78854 0.047046
v -2.22914 -1.87377 -0.197783
v -2.17573 -1.98973 -0.135885
v -2.12203 -2.11174 0.153678
v -2.28417 -1.71382 -0.230755
v -2.15301 -1.94476 -0.568767
v -2.10923 -2.11393 -0.0699273
v -2.12665 -2.0524 -0.358742
v -2.01469 -2.25913 -0.0075784
v 0.944287 0.420525 1.61507
v 1.03273 0.383356 1.48008
v 1.09344 0.566934 1.50235
v 0.981664 0.641725 1.65081
v 1.16775 0.723289 1.45883
v 0.878831 0.521132 1.77011
v 0.929611 0.669037 1.73182
v 0.806338 0.351805 1.75457
v 0.917127 0.281723 1.55169
v 0.909032 0.765895 1.76871
v 0.884159 0.684311 1.84269
v 0.864392 0.579369 1.8361
v 0.820846 0.497277 1.84437
v 0.873188 0.79763 1.87285
v 0.843736 0.632141 1.94377
v 0.699856 0.29558 1.82101
v 0.77043 0.224774 1.67632
v 0.845113 0.702267 1.92704
v 0.735599 0.403834 1.88457
v 0.676131 0.454378 2.06698
v 0.665973 0.363645 1.93312
v 0.777085 0.590443 2.08009
v 0.698914 0.557404 2.20179
v 0.497999 0.350791 2.17076
v 0.540749 0.264052 1.95113
v 0.564352 0.792091 2.17093
v 0.669442 0.807379 2.14641
v 0.555694 0.847434 2.21713
v 0.672941 0.613197 2.29029
v 0.721437 0.645673 2.21613
v 0.690867 0.64833 2.26174
v 0.55337 0.450284 2.29376
v 0.355557 0.237293 2.11671
v 0.44382 0.220574 1.98771
v 0.310608 0.165071 2.00906
v 0.497653 0.846575 2.23969
v 0.660033 0.646173 2.3016
v 0.609294 0.645973 2.36272
v 0.659268 0.671453 2.28482
v 0.635014 0.691503 2.2857
v 0.485196 0.910186 2.27099
v 0.595463 0.609544 2.39487
v 0.304078 0.22627 2.14072
v 0.334028 0.2803 2.23323
v 0.453745 0.877245 2.26161
v 0.476562 0.828192 2.24882
v 0.572744 0.667449 2.37802
v 0.249437 -0.139322 1.86447
v 0.373087 -0.117683 1.823
v 0.295304 -0.087572 1.83175
v 0.55933 0.59117 2.4392
v 0.605134 0.58084 2.38193
v 0.133927 -0.0564891 1.85485
v 0.203538 -0.0440878 1.84346
v 0.541669 0.621183 2.44766
v 0.162722 -0.137989 1.87673
v 0.220961 -0.194695 1.91416
v 0.305065 -0.171054 1.87471
v 0.092354 -0.135338 1.87951
v 0.269919 -0.22876 1.94021
v 0.289752 0.972436 2.2926
v 0.373968 0.949924 2.29177
v 0.425706 1.09669 2.40917
v 0.242583 1.11427 2.40429
v 0.338029 0.938881 2.29199
v 0.155594 -0.246156 1.9659
v 0.707999 -0.388527 2.19502
v 0.896626 -0.380715 2.12286
v 0.856749 -0.307141 2.02551
v 0.312538 0.92887 2.29416
v 0.243617 0.956482 2.28696
v 0.206024 0.996286 2.2893
v 0.453772 0.55206 2.54555
v 0.474151 0.580412 2.52331
v 0.428682 0.587448 2.55623
v 0.16991 -0.274417 2.00469
v 0.402397 0.520571 2.58962
v 0.0995798 -0.189891 1.91545
v 0.673238 -0.290366 2.03418
v 0.458316 -0.371222 2.20478
v 0.295473 0.862877 2.38734
v 0.22875 0.936562 2.29606
v 0.173992 0.91481 2.38464
v 0.387888 0.588315 2.57853
v 0.394993 0.559042 2.58982
v 0.19608 0.841629 2.48446
v 0.236486 0.808354 2.49411
v -0.0370248 -0.155222 1.88649
v 0.0088332 -0.319589 2.06383
v 0.0741277 0.845423 2.5333
v 0.113348 0.791656 2.5732
v 0.166535 0.762291 2.56274
v 2.31179 -0.506906 1.51821
v 2.20207 -0.442204 1.48063
v 2.1427 -0.499476 1.53944
v 0.0046901 1.17519 2.43546
v 0.170254 0.734124 2.57107
v 0.0862206 0.721339 2.61177
v 0.13381 0.463579 2.72993
v 0.253972 0.492395 2.68467
v 0.195467 0.520874 2.70422
v 0.220579 0.447764 2.68413
v 0.13697 0.51708 2.72072
v 0.158232 0.55297 2.69238
v -0.192122 -0.246806 1.90941
v -0.25388 -0.270557 1.91878
v 0.073499 0.54803 2.71098
v 0.0571741 0.593332 2.64529
v -0.250606 -0.292947 1.95019
v 0.0819472 0.525355 2.72687
v 1.04804 -0.796561 2.4499
v 1.12497 -0.678137 2.30938
v 1.02702 -0.707258 2.39126
v 1.19537 -0.766713 2.33573
v -0.110598 1.02115 2.26151
v -0.0327278 1.05665 2.30255
v -0.324651 -0.266443 1.88634
v -0.379621 -0.277422 1.87966
v 1.22409 -0.900068 2.41157
v -0.525512 -0.181352 1.73905
v -0.376286 -0.34201 1.99191
v 1.32905 -0.773086 2.24555
v -0.308311 1.00442 2.26639
v -0.176975 0.991222 2.2373
v -0.456745 -0.264511 1.83822
v 0.83564 -0.781805 2.53487
v 1.39373 -0.898465 2.28074
v -0.556642 -0.255165 1.77835
v -0.238295 0.966357 2.22819
v -0.620907 -0.0007713 1.74884
v -0.542964 -0.278154 1.81215
v -0.48449 -0.325299 1.90582
v -0.274345 0.929477 2.23357
v -0.24016 0.94904 2.226
v -0.280781 0.95142 2.2322
v -0.594917 -0.174399 1.69357
v -0.244269 0.668084 2.64592
v -0.191505 0.674966 2.65529
v -0.611028 -0.223419 1.70739
v -0.597762 -0.253793 1.74477
v -0.597811 -0.278244 1.77857
v -0.31569 0.462393 2.72219
v -0.408666 0.440825 2.69269
v -0.318127 0.431798 2.72441
v -0.475442 0.407241 2.6598
v -0.501283 0.437413 2.65039
v -0.726975 -0.0296476 1.61545
v -0.659247 -0.122742 1.63191
v -0.608091 -0.315148 1.83271
v -0.372892 0.99557 2.27208
v -0.197006 0.588368 2.64797
v -0.262157 0.573166 2.64003
v -0.357574 0.47026 2.70467
v -0.439967 0.452646 2.67955
v -0.638139 -0.200795 1.67026
v -0.627768 -0.251986 1.71154
v -0.334407 0.647216 2.61774
v -0.387257 0.47189 2.69022
v -0.438532 0.480179 2.66498
v -0.481808 0.466063 2.65314
v -0.568715 0.46312 2.59993
v -0.580679 0.441953 2.59919
v -0.738762 0.0306788 1.67856
v -0.69142 0.0437776 1.74929
v -0.63777 -0.239513 1.68115
v -0.660861 -0.266937 1.71545
v -0.323286 0.550541 2.62928
v -0.281638 0.545314 2.64721
v -0.357972 0.53194 2.6337
v -0.518735 0.489834 2.61467
v -0.687593 -0.213284 1.6193
v -0.664701 -0.25225 1.66417
v -0.68695 -0.26292 1.69993
v -0.728927 -0.291517 1.72431
v -0.341959 0.562187 2.61688
v -0.752412 -0.0631542 1.56535
v -0.660774 -0.230858 1.64298
v -0.721714 -0.177879 1.58879
v -0.676037 -0.247251 1.63587
v -0.389957 0.548658 2.60781
v -0.763982 -0.112865 1.54325
v -0.790949 -0.0719022 1.52655
v -0.717376 -0.233616 1.61662
v -0.735574 -0.251824 1.6432
v 0.822638 -1.10822 2.71299
v 1.06262 -1.05729 2.58884
v 0.990025 -0.946027 2.57355
v -0.509899 1.29223 2.59116
v -0.553412 1.20884 2.53997
v -0.398987 1.25993 2.55219
v -0.669333 0.476901 2.51284
v -0.642378 0.430857 2.55253
v -0.648569 0.472397 2.53557
v -0.700212 0.466315 2.48943
v -0.725999 0.444555 2.46683
v -0.711685 0.402049 2.46737
v -0.843731 1.83119 1.49936
v -0.785393 1.75652 1.58502
v -0.785817 1.91916 1.48458
v -0.873134 1.71123 1.54133
v -0.835429 1.49376 1.65432
v -0.682366 0.493558 2.48967
v -0.741744 0.417902 2.4432
v -0.750262 -0.229472 1.59695
v -0.79987 -0.146008 1.50898
v -0.800303 -0.181171 1.52138
v -0.798851 -0.253754 1.58954
v 0.129684 -0.987576 2.77542
v 0.282547 -0.841852 2.68815
v 0.132272 -0.864752 2.70474
v -0.757968 0.4705 2.42835
v -0.802823 -0.241591 1.56349
v -0.851358 -0.308493 1.66035
v 1.07873 -1.26692 2.6488
v -0.811085 -0.20672 1.52634
v -0.824019 -0.244014 1.55193
v -0.841258 -0.255729 1.5637
v -0.84962 -0.242143 1.52236
v -0.0051807 -0.839634 2.6798
v -0.912307 -0.169914 1.39911
v -0.890023 -0.261945 1.53251
v -0.610087 -0.764756 2.4736
v -0.408264 -0.767912 2.55286
v -0.467731 -0.680519 2.45501
v -0.851965 -0.135863 1.4543
v -0.908508 -0.191288 1.4174
v -0.888538 -0.232791 1.47376
v -0.79936 0.47196 2.37939
v -0.669914 -0.637693 2.32964
v 0.826559 -1.34973 2.77006
v -0.94892 -0.638446 2.22324
v -0.81821 -0.552002 2.18107
v 0.979189 -1.42791 2.7173
v -0.896384 1.94082 1.36798
v -0.958277 1.97746 1.25828
v 0.223952 -1.18701 2.85271
v 0.016333 -1.16085 2.84407
v -0.735879 -0.731144 2.39514
v 0.125063 -1.3084 2.88684
v 0.709879 -1.44515 2.81532
v -0.404651 -1.00877 2.70658
v -0.511079 -0.88905 2.60551
v -0.691544 -0.99959 2.60114
v -0.118412 -1.25725 2.85942
v -0.864896 -0.934437 2.49602
v 0.889508 -1.57791 2.75501
v 1.15248 -1.50831 2.63726
v -0.651001 -1.15985 2.68559
v -0.881197 -1.07562 2.55889
v 1.10322 -1.73779 2.64722
v -1.172 -0.830587 2.25987
v -0.944582 -0.853114 2.4042
v -1.06978 -0.734165 2.2448
v -1.09337 -0.938603 2.37866
v 0.0574117 -1.52615 2.90145
v -0.0404354 -1.38648 2.89283
v 0.368387 -1.35193 2.87519
v -0.599404 -1.32763 2.74526
v -0.311633 -1.27539 2.82676
v 0.353853 -1.65595 2.8758
v 0.88546 -1.82873 2.72741
v -0.946875 -1.18105 2.56194
v -1.13732 -1.07452 2.42021
v -1.27395 -1.05757 2.32112
v -1.31556 0.743667 1.42239
v -1.01638 -1.385 2.55612
v -0.866882 -1.31715 2.6307
v -1.36578 -0.988511 2.22168
v 0.502867 -1.72679 2.84633
v 0.921869 -2.01659 2.65505
v 1.16944 -1.92467 2.56175
v -1.19992 -1.26159 2.42803
v -1.38659 0.862943 1.30488
v -1.34302 0.901306 1.32765
v -1.39965 0.781518 1.32852
v -1.37043 0.652841 1.38856
v -1.32419 -1.13643 2.31185
v -1.44084 0.696979 1.29673
v -1.42425 0.5143 1.30594
v -1.45323 0.85914 1.21719
v -1.49192 0.598539 1.20487
v -1.25091 -1.47716 2.39676
v -0.752939 -1.49212 2.69949
v -1.03164 -1.6676 2.53383
v -0.911239 -1.77435 2.58581
v -1.38318 -1.32131 2.28937
v -1.39313 -1.55395 2.2806
v -1.21921 -1.77878 2.38737
v -0.81946 -1.8845 2.60566
v -1.05257 -1.87334 2.47573
v -0.727264 -2.20509 2.49554
v -0.966875 -2.0677 2.44161
v -1.14126 -1.94976 2.38538
v -0.879667 -2.22303 2.39923
v -1.12889 -2.14418 2.29278
v -2.35538 -0.840259 1.26176
v -2.43494 -0.898347 1.23945
v 1.34308 0.901503 1.08226
v 1.3378 0.822943 1.13319
v 1.36478 0.840644 0.975785
v 1.35761 0.917847 0.968922
v 1.354 0.69585 0.99313
v 1.3072 0.640493 1.16884
v 1.29076 0.825851 1.26219
v 1.32182 0.926565 1.15252
v 1.32393 0.545965 0.988512
v 1.27446 1.14774 1.04961
v 1.28309 1.05951 1.16624
v 1.33011 1.03604 1.00671
v 1.25731 0.617582 1.29546
v 1.27416 0.503377 1.1502
v 1.25053 0.794842 1.34765
v 1.28837 0.418486 0.885623
v 1.33056 0.528524 0.844117
v 1.25855 0.425507 1.07254
v 1.20417 0.450187 1.27508
v 1.22589 0.330618 0.92377
v 1.22111 1.11625 1.2494
v 1.20428 1.18604 1.19761
v 1.18532 0.816069 1.44022
v 1.18849 0.55888 1.37886
v 1.17175 0.324044 1.13189
v 1.19926 1.26898 1.00998
v 1.27204 1.17609 0.887202
v 1.17665 1.30468 0.880021
v 1.10896 0.388089 1.36785
v 1.23354 0.934899 0.351291
v 1.27595 0.903305 0.474157
v 1.26455 0.795894 0.404641
v 1.11374 1.37257 0.976043
v 1.08992 1.0149 1.48918
v 1.16086 1.0735 1.37712
v 1.01275 1.10524 1.51465
v 1.09053 0.205908 1.05626
v 1.0498 1.24236 1.3624
v 1.10232 1.17799 1.37268
v 1.12928 1.25582 1.23338
v 1.06416 0.282375 1.29874
v 0.890745 0.972922 1.68008
v 1.05997 0.935885 1.54753
v 1.20686 1.19678 0.565396
v 1.26089 1.00693 0.513474
v 1.22375 1.0912 0.455204
v 1.1386 1.38799 0.771768
v 1.21848 1.23381 0.759475
v 1.18254 1.28515 0.659559
v 1.13047 1.38335 0.855393
v 1.06429 1.40594 1.06403
v 1.08816 1.36661 1.07821
v 1.00559 1.21287 1.43937
v 1.00021 1.15773 1.48936
v 1.04967 0.184288 1.13255
v 1.20734 1.16279 0.452591
v 1.0733 1.43404 0.988503
v 1.21316 0.86103 0.252638
v 1.21111 0.69499 0.263754
v 1.07004 0.157959 1.03955
v 1.10288 0.177206 0.934613
v 0.933855 1.28351 1.43317
v 0.951147 1.18924 1.50485
v 0.831164 1.13178 1.63399
v 1.00069 0.192344 1.24515
v 1.09406 0.133424 0.951835
v 1.10374 0.140681 0.908489
v 1.16823 1.33755 0.399367
v 0.984638 0.251052 1.41165
v 1.04124 0.136698 1.1217
v 1.08117 0.120045 0.994305
v 1.10084 0.104686 0.94838
v 1.1157 0.0895114 0.914723
v 1.13145 0.077997 0.841127
v 1.12858 0.108356 0.791632
v 1.09742 1.56501 0.500336
v 1.06938 0.123501 1.04075
v 1.16438 0.70924 0.100785
v 0.956249 0.185224 1.33448
v 0.984349 0.150681 1.2395
v 0.99479 0.116906 1.22103
v 1.08243 0.0907216 1.02494
v 1.13581 0.0516917 0.937479
v 1.17759 0.87338 0.0913418
v 1.04716 0.0989029 1.11654
v 1.06504 0.078875 1.08756
v 1.09678 0.0554032 1.04424
v 1.16042 0.0421622 0.85681
v 1.20266 1.09309 0.278574
v 1.22362 0.0021942 0.913167
v 1.1907 0.959169 0.144768
v 0.934931 0.147463 1.32668
v 1.04778 0.0632064 1.1422
v 1.12756 1.47215 0.345897
v 1.13658 1.39044 0.226949
v 0.86875 0.916168 1.74297
v 0.89343 0.930838 1.70203
v 0.894348 0.884791 1.73277
v 0.918133 0.886469 1.69637
v 0.922202 0.832896 1.7159
v 0.856385 0.154957 1.45959
v 0.931557 0.0989237 1.31567
v 0.998883 0.0686446 1.23371
v 1.02408 0.0367736 1.21589
v 1.10512 0.0169374 1.10814
v 0.760543 1.18878 1.64632
v 0.847354 1.27317 1.51372
v 0.770002 1.04712 1.73903
v 0.825929 0.979496 1.7409
v 0.892442 0.841737 1.77078
v 1.11165 0.164631 0.424587
v 1.11858 0.204781 0.444994
v 1.1208 0.156995 0.488371
v 1.11629 0.138515 0.424396
v 1.17891 1.05529 0.112268
v 0.752435 1.23499 1.62127
v 0.809713 0.966629 1.78461
v 0.855324 0.89264 1.80957
v 0.75856 0.122606 1.56096
v 0.893628 0.0878201 1.36214
v 0.982175 0.0398582 1.27639
v 0.975584 0.0016053 1.32157
v 1.04361 0.0003713 1.23943
v 1.15854 0.0903037 0.47877
v 1.14492 0.0999385 0.604905
v 1.18459 0.0672725 0.623316
v 1.13396 0.120327 0.49798
v 0.945806 0.0340182 1.32637
v 1.09627 -0.0203085 1.21323
v 1.12386 1.32806 0.0947682
v 0.869794 0.832503 1.85922
v 0.901662 0.0311008 1.37843
v 1.11368 0.120716 0.342754
v 0.811614 0.084893 1.46816
v 1.06879 -0.037479 1.28277
v 1.09948 0.142885 0.361519
v 0.746069 0.998422 1.91394
v 0.714588 1.05711 1.80484
v 0.689226 0.163951 1.69523
v 0.833632 0.0137938 1.46101
v 0.797026 0.0303843 1.48976
v 0.923376 -0.0100274 1.38836
v 0.811919 0.910503 1.93048
v 0.839869 0.866399 1.90845
v 0.971888 -0.0256304 1.36405
v 1.10655 1.1307 -0.0855347
v 0.850109 -0.0217729 1.47189
v 0.90151 -0.0373199 1.44316
v 0.916131 -0.0797035 1.50601
v 1.00322 -0.0439083 1.37146
v 0.822308 0.856298 1.9781
v 0.597696 0.226609 1.85166
v 0.68666 0.0945146 1.62283
v 0.823142 0.657593 1.98215
v 0.807962 -0.0116809 1.49974
v 1.04717 -0.0708587 1.39868
v 0.672233 1.08765 1.8271
v 0.780903 0.941324 2.05115
v 0.81799 0.606537 1.99303
v 0.633398 0.104925 1.68758
v 0.763328 0.0310214 1.52307
v 0.655883 1.07666 1.98234
v 0.742591 0.0037287 1.55262
v 0.717443 1.02295 2.01546
v 0.602103 0.0630561 1.68436
v 0.753091 -0.0438098 1.57489
v 0.665319 0.0446448 1.61963
v 0.803387 0.8943 2.02687
v 0.764773 0.934555 2.13302
v 0.772566 0.645496 2.1141
v 0.471565 0.188843 1.91548
v 0.588834 0.0102965 1.67794
v 0.734225 1.01159 2.17658
v 0.745024 0.978959 2.17575
v 0.789493 0.676201 2.04822
v 0.769474 0.693391 2.07097
v 0.453678 0.0768373 1.80255
v 0.744284 0.696394 2.12955
v 0.735711 0.722974 2.08767
v 0.75829 0.672949 2.13081
v 0.731284 0.62801 2.20123
v 0.482053 0.0272774 1.75248
v 0.70495 1.06791 2.21655
v 0.637487 1.13195 2.16221
v 0.707237 0.730915 2.11617
v 0.721331 1.02052 2.21732
v 0.666228 0.740689 2.15061
v 0.720978 0.595774 2.20455
v 0.389031 0.103464 1.86676
v 0.708788 1.05122 2.23816
v 0.718345 0.985358 2.22251
v 0.704755 1.04548 2.25254
v 0.641675 0.728791 2.18818
v 0.680618 0.710841 2.19212
v 0.701843 0.691877 2.20063
v 0.693292 1.01886 2.26453
v 0.707621 0.666219 2.22183
v 0.346648 0.0016634 1.81096
v 1.24806 -0.222606 1.63713
v 1.23976 -0.192218 1.5686
v 1.21326 -0.213063 1.64511
v 0.614815 0.750664 2.16718
v 0.629004 0.764083 2.15645
v 0.673098 1.10844 2.2837
v 0.673736 1.05721 2.29485
v 0.583968 0.771869 2.16447
v 0.297468 0.0425851 1.84947
v 0.635659 1.17538 2.30556
v 0.649548 1.15005 2.24341
v 0.661647 1.10277 2.31005
v 0.629511 1.04987 2.32851
v 0.568112 0.738518 2.18995
v 0.292196 0.102266 1.91809
v 0.537913 0.765858 2.18224
v 0.604784 0.701657 2.28763
v 0.639779 1.15742 2.32243
v 0.513447 0.77401 2.2045
v 0.536967 0.751289 2.19109
v 0.641872 1.13043 2.33261
v 0.611049 1.11132 2.36345
v 0.508871 0.727376 2.24128
v 0.234867 0.0616562 1.87858
v 0.306195 -0.0161496 1.82065
v 0.490303 0.770888 2.23058
v 0.497277 0.749169 2.22872
v 0.237551 0.0349283 1.85176
v 0.550491 1.14854 2.41315
v 0.575495 1.01284 2.33446
v 0.580815 1.22453 2.38634
v 0.558548 1.23091 2.41481
v 0.607335 1.15577 2.37131
v 0.501077 1.15165 2.43202
v 0.471167 0.78735 2.25614
v 0.474621 0.730476 2.28908
v 0.552358 1.20962 2.4236
v 0.119857 0.146422 2.09187
v 0.191577 0.223646 2.24234
v 0.505586 1.33373 2.4308
v 0.518657 1.31167 2.39053
v 0.482189 1.36438 2.42645
v 0.533449 1.27925 2.41986
v 0.558208 1.26964 2.37719
v 0.489189 0.643234 2.45768
v 0.542681 0.683227 2.36965
v 1.58777 -0.510152 1.76716
v 1.68367 -0.488741 1.60642
v 1.53149 -0.382292 1.64427
v 0.482962 1.34673 2.45631
v 0.527247 1.25769 2.43836
v 0.240431 0.29239 2.37786
v 0.464823 1.37001 2.45999
v 0.439925 1.36399 2.49077
v 0.464153 1.32417 2.48043
v 0.481762 1.28697 2.47176
v 1.74634 -0.534259 1.59415
v 1.72665 -0.485816 1.54197
v 0.0637986 0.210397 2.30727
v 0.142404 0.303573 2.50221
v 1.49847 -0.536132 1.88507
v 1.44947 -0.45036 1.82904
v 1.80007 -0.528273 1.53861
v 0.41458 1.39369 2.47736
v 1.40828 -0.542173 1.97386
v 1.73844 -0.602976 1.68385
v 1.79093 -0.60929 1.63945
v 0.300192 0.906298 2.31071
v 0.773297 -0.462861 2.27176
v 1.20949 -0.555345 2.14049
v 1.21549 -0.386235 1.93722
v 0.973193 -0.486321 2.2102
v 1.84882 -0.600915 1.59734
v 0.375866 1.4117 2.50969
v 0.363602 1.39729 2.53094
v 0.35496 1.37128 2.54316
v 1.32807 -0.464344 1.95114
v 0.337812 1.43669 2.51685
v 1.7854 -0.693362 1.72491
v 1.86914 -0.673677 1.65023
v 0.285607 1.46824 2.54502
v 0.262373 1.4491 2.57381
v 1.657 -0.67902 1.87318
v 1.83024 -0.71134 1.69954
v 1.90613 -0.610652 1.59265
v 0.258016 -0.400217 2.27049
v 1.8186 -0.78848 1.77412
v 1.93147 -0.666059 1.63338
v 1.88961 -0.766446 1.69817
v 2.11297 -0.53688 1.56447
v 1.87356 -0.7908 1.72192
v 1.93481 -0.745951 1.6761
v 1.97296 -0.702339 1.65272
v 1.64757 -0.778682 1.96578
v 1.48627 -0.726154 2.07977
v 1.9231 -0.808206 1.7044
v 1.96693 -0.793968 1.69082
v 1.44488 -0.672679 2.07087
v 2.09566 -0.691204 1.64723
v 1.71863 -0.86226 1.94515
v 1.89093 -0.917287 1.77815
v 1.9138 -0.873733 1.73686
v 0.0945463 0.501428 2.73663
v 1.61697 -0.853396 2.0461
v 1.80584 -0.963035 1.90605
v 1.66088 -0.993514 2.07898
v 1.99313 -0.88664 1.70251
v 2.21532 -0.704216 1.6386
v 0.0441372 0.479607 2.74971
v 0.0511618 0.437863 2.74321
v 1.9598 -0.915732 1.7211
v 1.44752 -0.820994 2.18269
v 1.52018 -0.874248 2.15493
v 1.9325 -0.921924 1.74172
v 2.11126 -0.877456 1.6844
v 2.55449 -0.418306 1.32053
v 2.47135 -0.355404 1.29523
v 2.38751 -0.447633 1.43838
v 2.47119 -0.496641 1.44057
v 2.03069 -1.02801 1.69415
v 2.06188 -0.955466 1.68454
v 2.28626 -0.744048 1.62618
v 1.95603 -1.06919 1.76788
v 1.99127 -1.0132 1.72003
v 2.60201 -0.518322 1.36733
v -0.150299 1.31989 2.57642
v 2.16035 -0.903053 1.66314
v 2.69227 -0.411706 1.21036
v 2.63685 -0.424477 1.26448
v 2.09011 -1.04215 1.65858
v 2.51439 -0.566791 1.45909
v 2.01339 -1.05595 1.70752
v 2.62168 -0.545108 1.36682
v 2.66888 -0.510194 1.30336
v 2.24918 -0.942275 1.61422
v 2.55462 -0.602792 1.44435
v 2.6844 -0.577026 1.32354
v 2.69542 -0.422398 1.21693
v -0.229814 1.41742 2.64768
v -0.138698 1.45624 2.65123
v -0.233206 1.47585 2.66547
v 2.75571 -0.556404 1.23925
v 2.7293 -0.404476 1.14485
v 2.66189 -0.322546 1.11056
v 2.75686 -0.338775 1.02555
v -0.27404 1.46226 2.66589
v 0.651205 -0.847036 2.63301
v 0.326928 -0.691 2.57833
v 2.79649 -0.47992 1.12751
v 2.78541 -0.391095 1.05505
v 0.342823 -0.978056 2.76009
v 2.44506 -0.897653 1.51026
v 2.38196 -0.823499 1.57462
v 2.35924 -0.98531 1.53575
v 2.73607 -0.678162 1.2739
v -0.461068 1.37963 2.63717
v 2.84707 -0.398421 0.945342
v 2.84376 -0.531709 1.05898
v 2.83411 -0.642224 1.11809
v 0.0218614 -0.811251 2.66161
v -0.0809861 -0.768376 2.62231
v 2.38193 -1.06205 1.47949
v 2.28902 -1.08617 1.53186
v 2.47917 -1.00832 1.43277
v 2.5004 -0.940832 1.44733
v 2.79076 -0.757759 1.19793
v 2.14628 -1.24131 1.55585
v 2.08445 -1.23831 1.63907
v 2.13129 -1.33222 1.57216
v 2.38702 -1.15328 1.41773
v 2.4686 -1.14219 1.3465
v 2.17903 -1.32445 1.49013
v 2.20077 -1.28101 1.48338
v 2.58127 -1.0571 1.28464
v 2.94864 -0.458313 0.743454
v 2.87832 -0.443848 0.914672
v 2.91284 -0.597258 0.931985
v 2.94404 -0.62505 0.841189
v 2.17373 -1.4069 1.47511
v 2.49567 -1.22157 1.24038
v 2.38258 -1.2089 1.37617
v 2.28918 -1.36348 1.29668
v 2.59206 -1.16171 1.16717
v 2.89164 -0.846257 0.874052
v 2.88088 -0.723393 0.998129
v 2.81184 -0.842203 1.11252
v 2.41476 -1.35558 1.14154
v 2.95224 -0.759623 0.733236
v 2.54895 -1.26183 1.116
v 1.61264 -1.76619 2.27364
v 1.68534 -1.86857 2.1654
v 1.78554 -1.65725 2.1006
v 2.84944 -0.952341 0.861585
v 2.81047 -0.944344 1.01922
v 2.17981 -1.76528 1.37951
v 2.18425 -1.62929 1.4278
v 2.10297 -1.62677 1.60795
v 1.3034 -1.54245 2.55029
v 2.92101 -0.86476 0.70492
v 1.54815 -1.91824 2.28481
v 2.34968 -1.46501 1.02647
v 2.31779 -1.42905 1.15019
v 1.34104 -1.76129 2.49942
v 1.51228 -1.76703 2.36708
v 2.98518 -0.725428 0.576295
v 2.9771 -0.777808 0.303745
v 3.00322 -0.674063 0.0846943
v 3.01137 -0.67654 0.318312
v 2.03298 -1.84913 1.65622
v 2.9129 -0.903102 0.585982
v 2.25601 -1.70289 1.16356
v 2.30269 -1.5948 0.998105
v 2.27518 -1.49797 1.17019
v 2.5575 -1.31659 0.991132
v 1.39452 -1.94588 2.40442
v 1.69998 -2.03117 2.05666
v 1.8426 -1.83526 1.97786
v 2.82653 -1.03761 0.6871
v 2.9233 -0.870778 0.231471
v 1.5504 -2.0318 2.22507
v 2.82406 -1.03738 0.507963
v 2.29398 -1.77998 0.971376
v 1.40934 -2.09181 2.31727
v 1.47303 -2.11108 2.24741
v 2.34853 -1.57647 0.805907
v 2.32231 -1.54257 0.957957
v 1.14205 -2.04155 2.53219
v 1.52476 -2.16921 2.14906
v 2.41271 -1.49743 0.770684
v 2.49014 -1.44207 0.776894
v 2.39782 -1.46667 0.931043
v 1.68012 -2.12648 1.99654
v 2.33859 -1.77745 0.748336
v 1.18707 -2.15446 2.44824
v 1.61046 -2.23726 1.95811
v 1.53699 -2.24056 2.04674
v 1.74533 -2.19766 1.8254
v 0.701562 -2.01721 2.72667
v 0.617786 -2.04258 2.73342
v 1.43791 -2.27713 2.12075
v 1.40714 -2.22098 2.22086
v 1.36367 -2.27735 2.18823
v 1.46963 -2.25926 2.11408
v 1.36113 0.914113 0.867918
v 1.36147 0.679887 0.831269
v 1.36713 0.817627 0.839115
v 1.35349 0.905241 0.731531
v 1.33912 1.01045 0.844995
v 1.35982 0.751 0.729745
v 1.31494 1.09045 0.91447
v 1.33113 0.544249 0.687941
v 1.33763 0.754912 0.617589
v 1.3138 1.0305 0.724732
v 1.32261 0.79938 0.562923
v 1.319 0.935323 0.611967
v 1.29406 0.430494 0.713573
v 1.32101 0.629495 0.567585
v 1.25356 0.357936 0.731408
v 1.30081 0.733663 0.495528
v 1.26106 0.466764 0.504243
v 1.17266 0.27292 0.889577
v 1.17524 0.261258 0.748466
v 1.13031 0.203019 0.838323
v 1.22609 0.373894 0.532862
v 1.13141 0.181634 0.722605
v 1.16574 0.56074 0.184173
v 1.12149 0.152651 0.801423
v 1.1289 0.141843 0.705086
v 1.13885 0.209141 0.618372
v 1.16186 0.26583 0.561688
v 1.13136 0.125386 0.713984
v 1.14084 0.279312 0.43646
v 1.15566 0.438798 0.252557
v 1.14673 0.0889644 0.733192
v 1.18389 0.0576586 0.732256
v 1.12959 0.154775 0.607678
v 1.26424 0.0166647 0.749798
v 1.13319 0.123829 0.594382
v 1.08561 0.307701 0.228185
v 1.09336 0.464345 0.0726668
v 1.11316 0.591511 0.0123198
v 1.09551 0.207905 0.350725
v 1.10037 0.787596 -0.0986219
v 1.04356 0.236558 0.18189
v 0.975079 1.76081 0.807128
v 1.0371 1.66643 0.722935
v 0.929585 1.878 0.691903
v 1.09766 0.147513 0.340748
v 1.08836 0.166681 0.314241
v 1.059 0.195827 0.235797
v 1.03572 0.463921 -0.059378
v 1.11381 0.9755 -0.0911446
v 1.0262 1.72972 0.488948
v 1.07464 0.164667 0.281788
v 1.0921 0.12925 0.286393
v 0.967659 0.333651 -0.038835
v 1.03263 0.56488 -0.136588
v 1.04253 0.172977 0.18292
v 1.05457 0.176887 0.240431
v 0.950901 1.86201 0.442893
v 1.02542 0.192984 0.147246
v 0.981929 0.205716 0.0738265
v 0.964719 0.263266 0.0073842
v 0.998635 0.198146 0.100329
v 0.991696 0.163966 0.0804524
v 0.943051 0.519355 -0.245968
v 0.940166 0.660411 -0.332649
v 1.0583 1.31393 -0.104633
v 1.0318 1.68551 0.26467
v 0.945622 0.196329 -0.0038205
v 1.04155 0.960811 -0.235143
v 1.02071 0.8594 -0.259028
v 0.904795 0.238854 -0.0693634
v 1.02452 1.08524 -0.262171
v 0.996009 1.38449 -0.196139
v 1.03209 1.51081 -0.0079622
v 0.955964 1.65114 -0.0385241
v 1.04785 1.57341 0.116421
v 0.92326 0.199759 -0.0352463
v 1.01145 1.20879 -0.24856
v 0.943855 1.77746 0.118511
v 0.888441 1.91124 0.260435
v 0.837825 0.274196 -0.170127
v 0.806939 0.309722 -0.230701
v 0.899788 0.217159 -0.0769748
v 0.883191 0.571234 -0.361569
v 0.959842 0.831709 -0.346338
v 0.996813 0.965719 -0.307295
v 0.904929 0.185468 -0.0840901
v 0.838802 0.233779 -0.154973
v 0.818465 0.417542 -0.310847
v 0.918588 1.48676 -0.26496
v 0.856533 0.193564 -0.14562
v 0.842307 0.481553 -0.347145
v 0.84965 0.524733 -0.372097
v 0.831619 0.2148 -0.166903
v 0.92287 1.07181 -0.412135
v 0.834409 1.77128 -0.130216
v 0.898702 0.693782 -0.393847
v 0.954763 1.22489 -0.342548
v 0.815042 1.93651 0.105816
v 0.777338 0.277346 -0.246294
v 0.910126 0.908201 -0.421493
v 0.781709 0.211234 -0.239693
v 0.779788 0.241349 -0.238006
v 0.737491 0.372476 -0.354694
v 0.730388 0.244134 -0.291138
v 0.706395 0.312052 -0.337085
v 0.74359 0.484112 -0.447465
v 0.771726 0.595354 -0.49441
v 0.833537 0.877925 -0.512184
v 0.834661 1.60351 -0.30244
v 0.679981 0.272694 -0.345013
v 0.725736 0.210408 -0.299952
v 0.838511 1.24603 -0.485003
v 0.672722 1.98307 -0.0837004
v 0.666629 0.339237 -0.383805
v 0.621444 0.371423 -0.455455
v 0.840091 1.02719 -0.514009
v 0.839256 1.40984 -0.423997
v 0.729756 1.77799 -0.277463
v 0.646541 0.22971 -0.373153
v 0.58595 0.281761 -0.426654
v 0.670122 0.204436 -0.358595
v 0.641905 0.207114 -0.382647
v 0.733939 1.61162 -0.421333
v 0.585194 0.249671 -0.42552
v 0.589528 0.30842 -0.434695
v 0.757737 1.27734 -0.556097
v 0.734859 1.44331 -0.522166
v 0.48268 0.317675 -0.503548
v 0.507915 0.360889 -0.517498
v 0.464478 0.274018 -0.500301
v 0.632606 1.57786 -0.537598
v 0.677332 1.39131 -0.591939
v 0.57716 1.4829 -0.630702
v 0.298755 0.324812 -0.59329
v 0.398421 0.353923 -0.568373
v 0.402536 0.309465 -0.541785
v 0.533032 0.518349 -0.632854
v 0.286388 0.364438 -0.621047
v 0.346552 0.54471 -0.743451
v 0.275753 0.455557 -0.700397
v 0.136761 0.343863 -0.65211
v 0.160049 0.423912 -0.703031
v 0.11633 0.493162 -0.769518
v 0.288998 0.647186 -0.808669
v 0.15178 0.562536 -0.807405
v 0.181434 1.0685 -0.883674
v 0.386734 1.11773 -0.811292
v 0.291693 0.931749 -0.852
v 0.265325 1.2077 -0.843805
v 0.136797 0.845111 -0.890176
v 0.219644 1.23325 -0.853076
v -0.0277611 0.520447 -0.810271
v 0.0798977 0.65188 -0.860538
v 0.110196 1.19976 -0.884799
v 0.0736947 1.08387 -0.905539
v -0.0388707 0.899696 -0.918915
v 0.0046156 0.80064 -0.905784
v -0.0440021 1.06741 -0.919097
v 1.61153 -0.311481 -1.29269
v 1.46978 -0.191486 -1.23126
v 1.71945 -0.34532 -1.09799
v -0.118883 0.730119 -0.895207
v -0.0302529 0.653803 -0.871623
v 2.24536 -0.674003 -0.575211
v 2.2098 -0.618193 -0.560095
v 2.27269 -0.672459 -0.567498
v 2.21477 -0.67767 -0.59563
v 2.18812 -0.641409 -0.590535
v 2.1712 -0.639826 -0.6074
v 2.24271 -0.728613 -0.599235
v 2.21088 -0.704872 -0.622762
v 2.36278 -0.647083 -0.548385
v 2.31865 -0.631138 -0.552886
v 2.27629 -0.767021 -0.583657
v 2.22634 -0.758156 -0.646678
v 2.40822 -0.713085 -0.54776
v 2.30635 -0.769225 -0.56804
v 2.27931 -0.813912 -0.59389
v 1.7962 -0.519715 -1.40035
v 1.87285 -0.384453 -0.768189
v 2.95595 -0.24357 0.191411
v 2.93434 -0.243969 0.379524
v 2.97918 -0.304249 0.36951
v 2.89198 -0.192928 0.320057
v 2.26913 -0.832844 -0.623367
v 2.99832 -0.312348 0.228655
v 2.97692 -0.272315 0.213867
v 2.30139 -0.811377 -0.56979
v 1.88866 -0.571432 -1.27251
v 2.42507 -0.752589 -0.541414
v 3.01004 -0.377587 0.37535
v 2.93138 -0.238377 -0.11801
v 2.93477 -0.283707 -0.201893
v 2.87269 -0.181397 -0.121653
v 2.97845 -0.41495 0.574748
v 2.94705 -0.295944 0.463417
v 2.9435 -0.303538 0.521402
v 2.98074 -0.284363 0.0674099
v 2.95562 -0.247719 0.0433584
v 2.95405 -0.270633 -0.119075
v 2.33994 -0.864804 -0.542466
v 2.31173 -0.870093 -0.562258
v 2.31084 -0.904839 -0.573716
v 1.67631 -0.43508 -1.47757
v 3.02828 -0.430238 0.310602
v 2.98716 -0.319803 -0.0546668
v 2.96591 -0.341338 -0.191362
v 2.53318 -0.703123 -0.485589
v 2.53877 -0.614496 -0.487715
v 2.61325 -0.645838 -0.482076
v 2.93026 -0.406287 0.746796
v 3.01846 -0.372221 0.12496
v 2.52897 -0.84206 -0.468087
v 3.00708 -0.513978 0.549002
v 2.93376 -0.321818 -0.267574
v 2.90677 -0.31161 -0.320862
v 2.55681 -0.721379 -0.473724
v 2.3497 -0.965012 -0.527945
v 2.94974 -0.38082 -0.279414
v 2.36508 -0.910645 -0.515655
v 2.3414 -1.02112 -0.577018
v 2.65155 -0.726662 -0.417762
v 2.62267 -0.771675 -0.412329
v 2.26189 -0.874194 -0.695623
v 3.03241 -0.516237 0.121532
v 3.03105 -0.514615 0.275536
v 3.02162 -0.466498 -0.0287614
v 2.9991 -0.472547 -0.170346
v 2.91734 -0.378889 -0.352099
v 2.67661 -0.649405 -0.466211
v 2.41575 -0.970877 -0.462805
v 2.38116 -0.971323 -0.488209
v 2.26916 -1.03681 -0.839278
v 2.969 -0.640084 0.739985
v 2.93208 -0.472167 -0.335954
v 2.7702 -0.593057 -0.485079
v 2.69786 -0.577893 -0.527047
v 2.76979 -0.522796 -0.527734
v 2.63861 -0.609358 -0.500488
v 2.84102 -0.349792 -0.463241
v 2.71749 -0.688834 -0.417633
v 2.30036 -1.12957 -0.796127
v 1.89106 -0.631809 -1.39973
v 1.93351 -0.692501 -1.37845
v 3.01075 -0.617886 0.507952
v 2.58953 -0.856573 -0.41841
v 2.67051 -0.809378 -0.353228
v 2.39751 -1.03169 -0.459128
v 1.74777 -0.554713 -1.56393
v 2.85187 -0.393312 -0.466007
v 2.83533 -0.408117 -0.488911
v 2.77722 -0.338117 -0.518746
v 2.76213 -0.422415 -0.553808
v 2.72164 -0.802173 -0.307625
v 2.61069 -0.900659 -0.381182
v 2.39263 -1.08016 -0.458258
v 2.05928 -0.850869 -1.26963
v 2.02008 -0.734239 -1.24725
v 2.09183 -0.828969 -1.16522
v 1.98029 -0.809406 -1.40299
v 2.98293 -0.542899 -0.198826
v 2.87448 -0.462498 -0.437796
v 2.82277 -0.470287 -0.501429
v 2.83818 -0.504388 -0.474984
v 2.81997 -0.562127 -0.464073
v 2.79789 -0.684958 -0.38262
v 2.73059 -0.780068 -0.318182
v 2.56828 -0.903593 -0.414337
v 2.41826 -1.06095 -0.420646
v 2.43979 -1.03139 -0.416535
v 2.11833 -0.898028 -1.15084
v 2.03245 -0.893177 -1.35006
v 2.91189 -0.542575 -0.355795
v 2.84651 -0.585309 -0.425457
v 2.73532 -0.838726 -0.268944
v 2.36906 -1.19182 -0.585983
v 2.11559 -0.986776 -1.20955
v 1.87414 -0.684051 -1.49525
v 3.009 -0.587288 -0.047185
v 2.15403 -0.947801 -1.1082
v 2.22168 -0.941699 -0.904047
v 1.73405 -0.641319 -1.69968
v 2.93822 -0.62352 -0.253676
v 2.65347 -0.964099 -0.298292
v 2.59685 -1.00113 -0.328675
v 2.89844 -0.631118 -0.324038
v 2.77749 -0.790472 -0.27522
v 2.45509 -1.0861 -0.362305
v 2.18428 -1.1608 -1.12362
v 1.95086 -0.842457 -1.48498
v 1.82622 -0.744545 -1.64738
v 1.35378 -0.341648 -1.94534
v 1.29919 -0.242331 -1.76843
v 1.49092 -0.398189 -1.76789
v 2.82728 -0.75408 -0.273994
v 2.41626 -1.15139 -0.387646
v 2.06134 -0.948338 -1.32884
v 1.64603 -0.605626 -1.81848
v 2.42866 -1.15386 -0.351661
v 2.97178 -0.683869 -0.078723
v 2.7693 -0.86585 -0.192519
v 2.68427 -1.04558 -0.17829
v 2.55363 -1.06733 -0.309976
v 2.46043 -1.12005 -0.328948
v 2.02226 -0.930265 -1.39603
v 1.89097 -0.889261 -1.61375
v 2.93427 -0.810002 0.0487394
v 2.60333 -1.09441 -0.235166
v 2.44571 -1.2501 -0.239979
v 2.08904 -1.09868 -1.33167
v 2.92982 -0.767479 -0.0800834
v 2.48864 -1.15213 -0.270194
v 2.40058 -1.44093 -0.48024
v 2.0011 -0.954587 -1.44976
v 1.97485 -1.01365 -1.51973
v 2.55784 -1.13654 -0.232761
v 2.43138 -1.27152 -0.297485
v 2.36123 -1.4161 -0.654872
v 1.74425 -0.771102 -1.7894
v 2.12469 -1.27251 -1.29182
v 1.48239 -0.482534 -1.94925
v 1.2788 -0.313172 -2.05202
v 1.17023 -0.19867 -1.99261
v 1.16916 -0.233091 -2.12563
v 1.11228 -0.15937 -2.01268
v 2.59016 -1.1821 -0.137156
v 2.47477 -1.20464 -0.221199
v 2.79124 -0.95883 -0.0355686
v 2.74529 -1.0633 -0.0162922
v 1.78343 -0.901917 -1.79359
v 1.86834 -0.972115 -1.68371
v 1.59175 -0.683584 -1.96504
v 1.54729 -0.584215 -1.9532
v 1.23492 -0.280241 -2.10533
v 2.76978 -1.11669 0.719893
v 2.87498 -0.951417 0.35189
v 2.80166 -1.01652 0.207435
v 1.6494 -0.839961 -1.96115
v 0.937445 -0.0711954 -2.24856
v 2.46051 -1.28143 -0.144479
v 1.87418 -1.08313 -1.70262
v 1.17782 -0.273882 -2.19745
v 2.77982 -1.09106 0.461304
v 2.67874 -1.16198 -0.0125669
v 2.44511 -1.34089 -0.130828
v 2.41382 -1.58288 -0.323195
v 2.07391 -1.33687 -1.39511
v 1.95472 -1.19093 -1.59105
v 1.39649 -0.490917 -2.09733
v 1.33924 -0.408253 -2.09889
v 2.809 -1.02925 0.342685
v 1.7727 -0.969583 -1.82966
v 1.1999 -0.320065 -2.22627
v 1.38447 -0.591015 -2.18475
v 2.64504 -1.3024 0.519987
v 2.6373 -1.30188 0.672234
v 2.37431 -1.62337 -0.532232
v 2.32817 -1.59989 -0.731524
v 2.27807 -1.63365 -0.86188
v 2.25838 -1.39799 -0.978562
v 0.784871 0.0246366 -2.38062
v 1.03969 -0.173514 -2.28297
v 2.70139 -1.20576 0.275617
v 2.79822 -0.991074 0.0818937
v 2.59473 -1.27041 0.0424582
v 2.48999 -1.25588 -0.126906
v 2.19311 -1.51698 -1.12033
v 2.73571 -1.13085 0.135795
v 2.67365 -1.20616 0.0992087
v 1.70241 -0.989262 -1.9276
v 2.38982 -1.53247 0.651361
v 2.3628 -1.55235 0.789607
v 2.4458 -1.4024 -0.019184
v 1.8394 -1.20649 -1.76496
v 1.74207 -1.06681 -1.88942
v 1.48586 -0.729421 -2.12161
v 1.14073 -0.314584 -2.30989
v 2.36526 -1.57138 0.708146
v 2.57522 -1.37206 0.641326
v 2.51079 -1.31526 0.0213651
v 1.28613 -0.53648 -2.27297
v 0.891484 -0.112405 -2.43687
v 0.626848 0.100978 -2.51258
v 2.27387 -2.01159 0.7998
v 1.94592 -1.42199 -1.59501
v 1.6195 -0.973513 -2.03203
v 2.41314 -1.7316 -0.12161
v 2.13221 -1.62952 -1.21183
v 1.52891 -0.870519 -2.11618
v 1.08911 -0.413225 -2.43328
v 2.38551 -1.56115 0.559345
v 2.39333 -1.53331 0.587944
v 2.48243 -1.38722 0.144177
v 2.32752 -1.78492 -0.593916
v 2.23849 -1.86746 -0.794533
v 2.13657 -1.85007 -1.06728
v 1.64595 -1.13307 -2.01269
v 2.37763 -1.75241 -0.385469
v 1.68923 -1.24128 -1.95685
v 1.15352 -0.491335 -2.39961
v 1.25754 -0.582456 -2.32809
v 2.5708 -1.36446 0.327114
v 0.917823 -0.226432 -2.50445
v 1.07185 -0.358427 -2.4204
v 0.926047 -0.309175 -2.5466
v 2.37563 -1.77248 0.486403
v 1.74606 -1.30145 -1.87893
v 1.46824 -0.975561 -2.20181
v 2.32709 -1.97615 0.56448
v 0.32363 0.311664 -2.54449
v 0.450556 0.260003 -2.45509
v 0.482132 0.208441 -2.52919
v 2.41747 -1.4964 0.483109
v 2.41375 -1.51081 0.400706
v 2.42637 -1.48706 0.257185
v 2.43691 -1.46347 0.128839
v 2.4562 -1.41711 0.154324
v 2.41279 -1.72257 0.09177
v 2.34999 -1.9227 -0.241037
v 0.286882 0.354361 -2.47537
v 2.40004 -1.55175 0.442883
v 2.30372 -1.91502 -0.517232
v 0.986136 -0.46229 -2.5548
v 0.284723 0.339754 -2.52858
v 2.45354 -1.4559 0.370698
v 1.84091 -1.56954 -1.70024
v 1.80096 -1.48243 -1.77444
v 0.244327 0.338263 -2.56341
v 0.24022 0.365838 -2.50723
v 2.39791 -1.76416 0.291219
v 2.4583 -1.43933 0.295777
v 2.08887 -2.05155 -0.966992
v 1.69094 -1.42799 -1.9197
v 0.28373 0.293843 -2.60138
v 2.12103 -2.12772 -0.787405
v 1.66158 -1.5998 -1.9005
v 2.37774 -1.90152 0.16615
v 2.3491 -1.98393 0.0046172
v 1.77579 -1.6515 -1.74595
v 2.21961 -2.12269 -0.476608
v 0.466726 -0.258027 -2.79973
v 0.478886 -0.111908 -2.76178
v 0.67086 -0.307351 -2.72657
v 1.44113 -1.4893 -2.15453
v 1.56617 -1.35071 -2.07145
v 2.13266 -2.24966 -0.511446
v 1.57574 -1.85281 -1.85481
v 1.7687 -1.75161 -1.70336
v 1.40706 -1.70352 -2.09791
v 1.81325 -2.16009 -1.30212
v 1.88446 -2.00155 -1.37345
v 1.93582 -2.06158 -1.22883
v 1.85049 -2.21516 -1.18358
v 1.8883 -2.19819 -1.14105
v 1.75358 -1.99468 -1.54864
v 1.63149 -1.97236 -1.70874
v 1.77444 -1.85297 -1.63066
v 1.35503 -1.76955 -2.11133
v 0.610739 -0.668435 -2.79089
v 0.669044 -0.501642 -2.75683
v 0.754479 -0.83375 -2.73928
v 1.2525 -1.61823 -2.26112
v 1.11604 -1.34721 -2.45162
v 1.73487 -2.20683 -1.35223
v 1.74156 -2.25185 -1.27412
v 1.46141 -1.92 -1.92447
v 1.47961 -2.05259 -1.8039
v 1.0591 -1.62855 -2.39046
v -0.436965 0.0078299 -2.79984
v -0.274078 0.161722 -2.76917
v -0.203879 0.110836 -2.80012
v 1.33154 -1.96618 -2.00743
v 1.6039 -2.09681 -1.63944
v -0.368421 0.157 -2.74904
v -0.440234 0.122347 -2.74599
v 1.12959 -1.82226 -2.25093
v 1.56791 -2.20048 -1.56064
v 1.40738 -2.1039 -1.82736
v 1.31234 -2.12833 -1.8786
v 1.09232 -2.00036 -2.15988
v 0.885352 -1.73588 -2.44243
v 1.31803 -2.17194 -1.82985
v 1.23029 -2.04878 -2.02357
v 1.5025 -2.29893 -1.47384
v 1.50186 -2.21411 -1.61688
v 1.63818 -2.29491 -1.32884
v 1.22312 -2.18195 -1.89553
v 1.32947 -2.27678 -1.68094
v 1.34744 -2.22808 -1.73693
v 0.907537 -1.46992 -2.54191
v 0.918566 -1.95541 -2.29682
v 1.09211 -2.1816 -1.98911
v 0.658207 -1.5558 -2.62213
v 0.894516 -2.05613 -2.2305
v 0.94579 -2.16214 -2.09884
v 0.624111 -1.77394 -2.53435
v 0.475339 -1.44742 -2.71498
v 0.71716 -1.26607 -2.69304
v 0.759045 -1.90875 -2.40294
v 0.558663 -1.60701 -2.63421
v 0.514735 -1.25612 -2.76086
v 0.683435 -2.03083 -2.34724
v 0.812101 -2.13277 -2.20034
v 0.851038 -2.22995 -2.07351
v 1.12431 -2.24755 -1.88749
v 0.446903 -1.76454 -2.59777
v 0.62673 -2.1071 -2.30264
v 0.255611 -1.56101 -2.72383
v 0.819908 -2.30249 -1.9807
v 0.721343 -2.28743 -2.05467
v 0.474105 -1.98814 -2.45541
v 0.549117 -2.20426 -2.2238
v 0.300649 -1.38853 -2.7694
v 0.462156 -2.12016 -2.34002
v 0.25622 -1.85151 -2.59302
v 0.603975 -2.31898 -2.04668
v 0.0311026 -1.69451 -2.69425
v 0.278565 -2.00282 -2.48386
v 0.377344 -2.07793 -2.40073
v 0.0545011 -1.43654 -2.78421
v -0.190409 -1.33986 -2.81472
v 0.298567 -2.19258 -2.30237
v 0.17431 -2.08462 -2.43349
v -0.267278 -1.61627 -2.7143
v -0.362433 -1.40509 -2.7785
v 0.113037 -1.97419 -2.53483
v 0.0728933 -2.14054 -2.38881
v -0.0720569 -2.08495 -2.44219
v -0.0904359 -2.0193 -2.49668
v 0.783328 0.855708 -0.562145
v 0.770741 0.668489 -0.523983
v 0.616477 0.575901 -0.610512
v 0.752444 1.14025 -0.590864
v 0.748269 1.03957 -0.60337
v 0.671737 0.707265 -0.620255
v 0.691859 0.935442 -0.65099
v 0.622611 1.24379 -0.6687
v 0.627168 0.809704 -0.677917
v 0.599522 1.11602 -0.703451
v 0.49413 0.624353 -0.710675
v 0.567445 0.971347 -0.732059
v 0.619471 1.38708 -0.635837
v 0.44464 0.781 -0.776634
v 0.575354 1.34416 -0.676612
v 0.481186 0.979111 -0.780555
v 0.51531 1.21484 -0.739221
v 0.446371 1.31201 -0.755857
v 0.300436 2.11326 -0.26036
v 0.414397 2.01497 -0.31973
v 0.293407 1.97443 -0.441388
v 0.320396 2.21276 -0.0704389
v 0.219435 2.21057 -0.141813
v 0.293958 2.26329 0.0227486
v 0.205093 0.734788 -0.855867
v 0.410818 1.87936 -0.472108
v 0.225665 1.85382 -0.57806
v 0.166581 2.32051 0.0698275
v 0.163681 2.09194 -0.354254
v 0.0444681 2.22983 -0.174379
v 0.0141535 1.95311 -0.543551
v 0.0107798 1.68208 -0.738844
v 0.278616 1.70244 -0.663099
v 0.24919 1.57813 -0.738184
v 0.0711747 1.83864 -0.62807
v -0.0315987 2.05952 -0.433388
v 0.198057 1.40359 -0.82184
v 0.075906 1.43242 -0.839325
v -0.106885 1.88953 -0.609386
v -0.188416 2.14698 -0.30756
v -0.126405 2.2265 -0.188444
v -0.0407876 1.52332 -0.818433
v -0.155789 1.42324 -0.860663
v -0.032623 1.30269 -0.886875
v -0.172214 1.61562 -0.778979
v -0.184945 1.78642 -0.677698
v -0.244996 2.02728 -0.459004
v -0.343913 1.84778 -0.610382
v -0.343439 1.9308 -0.539577
v -0.351586 1.7003 -0.709172
v -0.310636 1.52133 -0.812284
v 2.64935 -0.519752 -0.564517
v 2.55044 -0.57667 -0.500849
v 2.55437 -0.516898 -0.557042
v 2.70105 -0.51077 -0.560804
v 2.61617 -0.432939 -0.599363
v -0.329428 1.34499 -0.867601
v -0.502447 1.98867 -0.424512
v 2.73571 -0.462491 -0.563562
v -0.498444 1.81574 -0.588192
v -0.627865 0.610178 -0.735372
v -0.466354 0.508076 -0.756515
v -0.572989 0.443545 -0.685882
v 2.71509 -0.375402 -0.571124
v -0.494332 1.34729 -0.823656
v -0.405674 0.692125 -0.84469
v -0.760107 0.38215 -0.544908
v -0.628385 0.347535 -0.572958
v -0.703235 0.270416 -0.458479
v -0.482339 1.53574 -0.759577
v -0.629451 0.750957 -0.77291
v -0.554013 1.64958 -0.673897
v -0.78758 0.462234 -0.586984
v -0.606175 1.44102 -0.747763
v -0.637277 1.84227 -0.497173
v -0.804764 0.277614 -0.403382
v -0.832649 0.416555 -0.527036
v -0.639133 1.26368 -0.780035
v -0.801322 0.738024 -0.677126
v -0.692413 1.72969 -0.552155
v -0.910567 0.324903 -0.384924
v -0.922218 0.552569 -0.533631
v -0.816049 1.24223 -0.680444
v -0.713277 1.09857 -0.758614
v -0.770237 1.56479 -0.601389
v -1.00874 0.655284 -0.503412
v -0.798704 1.13642 -0.70248
v -0.818504 1.01292 -0.692608
v -0.847718 1.65275 -0.498823
v -0.941495 1.0431 -0.603806
v -1.00827 0.173116 -0.113125
v -1.06996 0.34004 -0.232756
v -0.934313 0.179471 -0.209776
v -1.01888 0.804945 -0.525656
v -0.977836 0.944703 -0.574015
v -1.13988 0.325369 -0.114726
v -0.885795 1.48046 -0.559701
v -1.07453 0.147049 0.007897
v -0.989187 0.110443 -0.0936296
v -1.04445 0.0757549 0.0060743
v -1.08556 1.35778 -0.424414
v -0.941665 1.31775 -0.567628
v -1.08716 1.15675 -0.466831
v -0.967221 1.57702 -0.444095
v -0.954899 1.13591 -0.586537
v -1.1321 0.912467 -0.425434
v -1.13521 0.818462 -0.409541
v -1.04126 1.48452 -0.422091
v -1.23346 0.740005 -0.267223
v -1.07292 0.651266 -0.438658
v -1.11257 0.554505 -0.352728
v 1.34034 -0.667944 -2.27043
v 1.39375 -0.797077 -2.24979
v -1.23248 0.830979 -0.287179
v 0.690306 0.0198356 -2.53759
v 0.811159 -0.138228 -2.54937
v -1.20234 0.998019 -0.341143
v 1.26758 -0.770267 -2.37476
v 0.798358 -0.25905 -2.63093
v 0.665295 -0.192772 -2.69324
v 0.479447 -0.0075829 -2.72152
v 0.647268 -0.0311133 -2.62191
v 0.14318 0.395565 -2.5122
v 0.0910779 0.358554 -2.60347
v 0.546089 0.0485064 -2.64406
v 1.12275 -0.756858 -2.49986
v 0.930773 -0.54069 -2.61721
v 1.2157 -0.936025 -2.43592
v 0.30914 0.04075 -2.77085
v 0.347917 0.11415 -2.71753
v 1.35199 -1.153 -2.30191
v 1.01986 -0.843223 -2.58622
v 0.847645 -0.617633 -2.68209
v 0.245146 -0.0608007 -2.81905
v 1.1179 -1.10022 -2.49817
v -0.168897 0.212977 -2.74992
v -0.0074442 0.189874 -2.76014
v 0.013992 0.0725589 -2.81486
v 0.9214 -1.17321 -2.61907
v 0.891124 -0.901312 -2.66431
v 0.202421 -0.381225 -2.86885
v 0.052096 -0.0969376 -2.85244
v 0.139638 0.0353652 -2.81419
v -0.147033 -0.0139956 -2.84028
v -0.33968 -0.0401958 -2.83286
v 1.71737 -2.14781 -1.44457
v 1.64597 -2.15338 -1.52261
v -0.235697 -0.266844 -2.87907
v -0.931242 -0.276878 -2.63019
v -0.916398 -0.142687 -2.55795
v -0.846175 -0.13909 -2.62801
v 1.43669 -2.14148 -1.76009
v -0.416692 -0.261971 -2.86276
v -1.02447 -0.305212 -2.55018
v -0.0061355 -0.54262 -2.89604
v 0.201556 -0.767958 -2.88239
v -1.04396 -0.422774 -2.58812
v -1.1962 -0.485221 -2.44816
v -0.580022 -0.20809 -2.81836
v -1.17256 -0.537396 -2.49936
v -0.707613 -0.283393 -2.78667
v -0.631279 -0.114592 -2.76788
v -1.07358 -0.526733 -2.59335
v -0.320075 -0.51874 -2.89388
v -2.40066 -0.422424 -0.621617
v -2.2957 -0.408569 -0.528759
v -2.31546 -0.441394 -0.581717
v -2.40835 -0.362363 -0.54129
v -2.36249 -0.341413 -0.41734
v -2.26682 -0.363339 -0.399782
v -2.38755 -0.263643 -0.118597
v -2.40855 -0.267128 -0.283329
v -2.44532 -0.24951 -0.317001
v -2.3275 -0.529117 -0.652507
v -2.42339 -0.474909 -0.661348
v -2.4718 -0.450452 -0.666154
v -2.45087 -0.367969 -0.58241
v -2.4728 -0.428651 -0.655515
v -2.46751 -0.407282 -0.637105
v -2.48898 -0.3731 -0.61598
v -2.46072 -0.333996 -0.572173
v -2.48422 -0.310354 -0.594816
v -0.738398 -0.6912 -2.8159
v -0.564749 -0.566767 -2.86349
v -0.601975 -0.798276 -2.85331
v -2.49679 -0.307245 -0.612013
v -2.47939 -0.265611 -0.533616
v -2.52117 -0.345534 -0.659917
v -0.43994 -1.09317 -2.84797
v -0.242948 -0.981955 -2.88212
v -0.628294 -1.09515 -2.80796
v -0.485403 -1.26829 -2.79878
v -0.707512 -1.331 -2.71281
v -0.747006 -1.47557 -2.64553
v -0.8996 -1.30239 -2.6325
v -0.962063 -1.54287 -2.5073
v 0.0992278 -2.26565 -2.2449
v 0.434873 -2.31764 -2.11064
v 0.235696 -2.32748 -2.13818
v -0.671888 -1.64296 -2.60122
v -0.0577822 -2.18381 -2.34332
v -0.236593 -2.10916 -2.40129
v -0.242982 -2.20135 -2.30363
v -0.50425 -1.93342 -2.47671
v -0.259724 -1.79712 -2.6278
v -0.309188 -1.99263 -2.48729
v -0.422927 -1.75362 -2.61618
v -0.357333 -2.29829 -2.15056
v -0.141473 -2.3396 -2.12685
v -0.40202 -2.18962 -2.2828
v -0.474207 -2.10154 -2.34885
v 0.108899 0.276773 -0.636063
v 0.243984 0.261813 -0.596625
v 0.0775788 0.362985 -0.678615
v 0.0131803 0.288603 -0.654676
v 0.102269 0.443415 -0.730158
v -0.0924299 0.322418 -0.673562
v -0.0346874 0.454984 -0.758984
v -0.13286 0.216571 -0.64941
v -0.0118276 0.212824 -0.65571
v -0.120003 0.265266 -0.652362
v -0.0927514 0.466868 -0.773359
v -0.197622 0.230792 -0.640667
v -0.243459 0.277152 -0.640831
v -0.163471 0.430687 -0.748761
v -0.278279 0.409252 -0.729347
v -0.234556 0.612218 -0.847668
v -0.289843 0.510278 -0.794088
v -0.301588 0.344279 -0.669146
v -0.192922 0.891879 -0.916462
v -0.422145 0.432337 -0.722721
v -0.481246 0.347532 -0.628844
v -0.516046 0.276556 -0.558119
v -0.36 0.26608 -0.605634
v -0.304721 0.754506 -0.881
v -0.195984 1.28955 -0.893925
v -0.250846 1.19426 -0.904769
v -0.625889 0.280741 -0.511424
v -0.365097 0.897783 -0.890703
v -0.443363 1.25673 -0.85701
v -0.354896 1.16079 -0.891619
v -0.531015 1.16093 -0.841167
v -0.598283 1.12004 -0.816176
v -0.881473 0.238212 -0.31181
v -0.807762 0.184614 -0.334226
v -0.975644 0.407847 -0.403812
v -0.965455 0.472411 -0.459213
v -0.82169 1.36521 -0.646571
v -1.00096 0.34579 -0.320473
v -0.99096 0.271158 -0.243856
v -1.062 0.418109 -0.320662
v -1.06988 0.53623 -0.391365
v -1.19404 0.452077 -0.155357
v -1.23922 0.0233222 0.713015
v -1.24078 0.357963 0.0260372
v -1.18661 -0.0698735 0.712913
v -1.13513 0.125943 0.150169
v -1.27421 0.581383 -0.117408
v -1.08776 0.0417562 0.106817
v -1.20995 -0.0105909 0.675346
v -1.26247 0.341122 0.10582
v -1.19248 -0.0576877 0.673923
v -1.19749 -0.110572 0.66996
v -1.1969 -0.123347 0.720404
v -1.10758 0.0257369 0.166194
v -1.08507 0.0161344 0.0911517
v -1.16097 0.0704293 0.287937
v -1.21515 0.177466 0.252942
v -1.34697 0.413938 0.214262
v -1.21463 0.0172654 0.581711
v -1.4551 1.11773 0.796644
v -1.50744 0.965883 0.948655
v -1.19095 -0.0224088 0.541209
v -1.13701 0.003228 0.255378
v -1.1159 -0.0083762 0.191498
v -1.30535 0.7805 -0.146592
v -1.23733 0.0912642 0.453049
v -1.35364 0.694918 -0.00128
v -1.31056 0.165381 0.474884
v -1.18964 -0.0699251 0.538901
v -1.32063 0.293578 0.294137
v -1.53652 0.927287 0.813608
v -1.15093 0.0051615 0.317655
v -1.41469 0.614328 0.221424
v -1.33203 0.986509 -0.123383
v -1.48945 0.313763 0.618891
v -1.55104 0.875719 0.874356
v -1.37676 0.2225 0.49343
v -1.18954 0.037165 0.418049
v -1.45937 0.298481 0.546307
v -1.17874 -0.0227032 0.448152
v -1.34475 0.900421 -0.0844488
v -1.57519 0.77661 0.835002
v -1.57528 0.594012 0.685116
v -1.3859 0.342156 0.349329
v -1.42642 0.76859 0.182187
v -1.55564 0.864115 0.750273
v -1.44414 0.432784 0.38608
v -1.3294 1.17866 -0.103408
v -1.26077 1.10854 -0.249235
v -1.57239 0.773727 0.716923
v -1.49308 0.385985 0.527008
v -1.46779 0.764728 0.33126
v -1.34731 1.34128 0.0044071
v -1.33038 1.49509 0.0715052
v -1.23254 1.50621 -0.151776
v -1.50397 0.931991 0.544835
v -1.40703 1.23767 0.167165
v -1.44553 1.20567 0.396023
v -1.40033 1.42462 0.316159
v -1.41791 1.0489 0.147294
v -1.38307 1.07612 0.0194174
v -1.47902 0.923149 0.416679
v -0.736387 0.0753728 -2.56199
v -0.662229 0.191153 -2.51429
v -0.678571 0.122423 -2.58061
v -1.84682 -0.350729 -0.503553
v -1.67297 -0.241494 -0.571493
v -1.779 -0.313342 -0.606155
v -1.66337 -0.224099 -0.436717
v 0.399627 -0.428009 -2.83522
v -1.54481 -0.595998 -1.87243
v -1.61588 -0.540493 -1.65144
v -1.50279 -0.503854 -1.80741
v -1.68294 -0.416599 -1.30291
v -1.76758 -0.401373 -1.07213
v -1.62922 -0.339614 -1.22551
v -1.86981 -0.408861 -0.750996
v -1.72997 -0.299928 -0.773702
v -1.69531 -0.717777 -1.73339
v -1.87328 -0.520947 -1.10781
v -1.93782 -0.506336 -0.883017
v -1.58236 -0.69336 -1.91422
v -1.94421 -0.433457 -0.494075
v -1.92909 -0.40265 -0.373357
v -1.6618 -0.465061 -1.44304
v -1.89091 -0.581895 -1.19013
v -1.96483 -0.475784 -0.612222
v -1.99928 -0.538036 -0.795719
v -1.96347 -0.601445 -1.04561
v -0.797969 -0.21894 -2.70942
v -0.816009 -0.17053 -2.67304
v -0.6666 -0.0937585 -2.73925
v -1.92425 -0.747996 -1.35649
v -1.79018 -0.617116 -1.45129
v -2.06273 -0.516419 -0.44585
v -1.97892 -0.470222 -0.434692
v -2.05765 -0.532263 -0.501972
v -2.03002 -0.730347 -1.1098
v -2.08276 -0.693941 -0.927934
v -2.09419 -0.582922 -0.595318
v -2.08548 -0.608414 -0.679002
v -2.11819 -0.616524 -0.645857
v -2.12805 -0.593727 -0.600153
v -1.58278 -1.01356 -2.06511
v -1.62742 -0.874397 -1.95767
v -1.40999 -0.806548 -2.27623
v -2.15959 -0.645832 -0.66779
v -2.18655 -0.618255 -0.634693
v -1.48135 -0.959577 -2.20275
v -2.07702 -1.59367 1.31848
v -2.07185 -1.74072 1.2367
v -1.542 -1.0284 -2.12329
v -2.24146 -0.627826 -0.664762
v -2.20965 -0.641665 -0.661686
v -1.52482 -1.1339 -2.15014
v -1.59982 -1.1841 -2.04781
v -2.2974 -0.605682 -0.677416
v -2.22976 -0.679668 -0.687971
v -2.25498 -0.772835 -0.724589
v -2.22671 -0.783538 -0.742225
v -2.27712 -0.887404 -0.737973
v -2.28239 -0.726247 -0.709812
v -2.2498 -0.718167 -0.707429
v -2.281 -0.568588 -0.646488
v -1.00045 -0.817443 -2.66718
v -1.11769 -0.723605 -2.5825
v -0.916515 -0.696419 -2.72475
v -1.72283 -1.21038 -1.87714
v -2.30186 -0.876664 -0.723148
v -1.11036 -0.917465 -2.57812
v -2.2671 -0.912005 -0.753767
v -2.24697 -0.872582 -0.760955
v -2.31102 -0.803673 -0.720411
v -2.37961 -0.567376 -0.692289
v -2.25081 -0.923538 -0.787674
v -2.29036 -0.969349 -0.735762
v -2.35993 -0.536047 -0.674215
v -1.46779 -1.15303 -2.21726
v -2.40623 -0.729965 -0.718044
v -1.52577 -1.24516 -2.13622
v -2.35461 -0.902758 -0.705348
v -1.00705 -0.918009 -2.64969
v -0.892986 -0.934917 -2.72191
v -1.41094 -1.28138 -2.25564
v -1.1472 -1.16169 -2.51363
v -1.25689 -1.06372 -2.44213
v -2.47691 -0.929487 -0.672301
v -2.44551 -0.842403 -0.708651
v -2.19163 -1.78193 0.69282
v -1.67883 -1.42046 -1.91146
v -2.23784 -1.5973 0.672365
v -0.739731 -0.950435 -2.79405
v -1.81905 -1.36087 -1.71628
v -2.31092 -0.996705 -0.709785
v -2.29256 -1.05188 -0.744731
v -2.3133 -1.13021 -0.695301
v -2.34667 -1.0265 -0.669672
v -2.33503 -1.06392 -0.673803
v -2.33608 -0.965916 -0.696158
v -2.48937 -0.855482 -0.691788
v -2.5209 -0.413106 -0.684439
v -2.50989 -0.384505 -0.661137
v -1.50712 -1.4432 -2.10638
v -2.38965 -1.01969 -0.654035
v -2.08773 -1.98057 0.895071
v -2.02289 -1.96408 1.15688
v 0.158471 -1.23163 -2.8295
v -1.37472 -1.07789 -2.33001
v -1.26268 -1.3091 -2.38554
v -2.36118 -1.05666 -0.650756
v -2.6023 -0.40009 -0.714969
v -2.48725 -0.499919 -0.685596
v -2.54682 -0.344613 -0.681944
v -0.979072 -1.20876 -2.61185
v -2.51844 -1.00979 -0.611689
v -2.54355 -0.909122 -0.642664
v -2.26037 -1.56663 0.647852
v -2.27297 -1.57496 0.548531
v -2.33728 -1.17538 -0.626689
v -2.36143 -1.14243 -0.610911
v -2.42174 -1.11012 -0.586788
v -2.60501 -0.799639 -0.633757
v -2.26117 -1.60234 0.514554
v -0.817416 -1.20214 -2.70202
v -2.38252 -1.12576 -0.601526
v -2.63122 -0.756006 -0.643697
v -2.59651 -0.698104 -0.670594
v -2.61739 -0.46473 -0.720491
v -2.55443 -0.57422 -0.695156
v -2.67178 -0.534024 -0.717875
v -1.33972 -1.43461 -2.27558
v -1.87944 -1.58152 -1.56734
v -2.33789 -1.24516 -0.586391
v -2.58302 -1.00631 -0.562818
v -2.72972 -0.628754 -0.689058
v -1.63508 -1.58057 -1.90621
v -2.24778 -1.2001 -0.922309
v -2.28004 -1.36018 -0.77822
v -2.62015 -0.867357 -0.594599
v -2.6587 -0.800483 -0.608467
v -2.15268 -1.96958 0.583328
v -1.94785 -1.40384 -1.4991
v -2.3745 -1.19129 -0.56018
v -2.41708 -1.15638 -0.551999
v -2.53812 -1.10465 -0.528284
v -2.75124 -0.698235 -0.655089
v -2.73965 -0.532052 -0.710937
v -2.05506 -2.12018 0.748102
v -2.03362 -1.55487 -1.30646
v -2.08591 -1.36717 -1.26685
v -2.36194 -1.21055 -0.56042
v -2.56968 -1.06074 -0.538437
v -2.66141 -0.884855 -0.55216
v -2.65686 -0.939196 -0.522695
v -2.22923 -1.8393 0.30336
v -1.09888 -1.4048 -2.47519
v -1.72977 -1.70742 -1.73041
v -2.22881 -1.4611 -0.894521
v -2.41289 -1.18994 -0.522269
v -1.5089 -1.61945 -2.02885
v -2.74777 -0.79437 -0.590645
v -2.72486 -0.808556 -0.580548
v -2.80335 -0.644537 -0.658559
v -2.77556 -0.471922 -0.70225
v -2.69158 -0.443012 -0.724472
v -2.73817 -0.378365 -0.696266
v -2.68637 -0.36238 -0.705123
v -3.01647 -0.719389 0.215624
v -2.29019 -1.58403 0.316601
v -2.27834 -1.57232 0.450892
v -2.29262 -1.56991 0.384981
v -1.26625 -1.5637 -2.28158
v -1.6553 -1.68598 -1.83433
v -2.37519 -1.29737 -0.437066
v -2.39492 -1.22206 -0.498914
v -2.77879 -0.385931 -0.675849
v -3.02287 -0.621302 0.141514
v -2.97497 -0.895288 0.278456
v -2.54534 -1.19863 -0.422738
v -2.81596 -0.337856 -0.615211
v -2.74677 -0.314488 -0.649764
v -2.84375 -0.261653 -0.426824
v -2.74794 -0.225494 -0.477313
v -2.77061 -0.262556 -0.559055
v -2.95169 -0.359123 -0.101657
v -2.94104 -0.35782 -0.0063153
v -2.9062 -0.326813 0.0059948
v -3.00897 -0.521991 0.0963126
v -2.92747 -1.02362 0.275603
v -2.34219 -1.31564 -0.514373
v -2.64338 -1.10073 -0.431459
v -2.80869 -0.753265 -0.600882
v -2.83755 -0.570436 -0.659706
v -2.82985 -0.423137 -0.656303
v -2.89569 -0.29334 -0.376809
v -2.85241 -0.252314 -0.263052
v -2.92308 -0.312286 -0.173023
v -2.85801 -0.265428 -0.137261
v -1.40847 -1.79012 -2.03448
v -2.84101 -0.455928 -0.65845
v -2.84799 -0.489612 -0.657412
v -2.98605 -0.42618 -0.0022481
v -1.08038 -1.57857 -2.41345
v -1.76341 -1.7908 -1.63941
v -1.88003 -1.75032 -1.48313
v -2.41686 -1.27913 -0.396652
v -2.77041 -0.937501 -0.436668
v -2.69283 -0.884908 -0.530058
v -2.71053 -0.959526 -0.45818
v -2.73863 -0.864272 -0.526133
v -2.79909 -0.816616 -0.55149
v -2.94022 -0.327731 -0.264845
v -0.141519 -1.81051 -2.63682
v -2.99125 -0.412669 -0.180229
v -2.96105 -0.937755 0.127279
v -2.84503 -0.878407 -0.45113
v -2.88621 -0.348215 -0.532188
v -2.96772 -0.366235 -0.182672
v -1.57581 -1.84935 -1.8317
v -2.36675 -1.36267 -0.360103
v -2.333 -1.42896 -0.426782
v -2.41212 -1.3329 -0.308141
v -3.02416 -0.52595 -0.0644223
v -3.03144 -0.655627 0.0618113
v -2.07948 -2.14013 0.516017
v -2.15261 -2.04359 0.284266
v -1.30119 -1.84565 -2.09232
v -2.03523 -1.74947 -1.17444
v -3.03076 -0.563841 -0.119229
v -2.69295 -1.30881 0.0925391
v -2.67771 -1.35179 0.2546
v -2.70248 -1.32572 0.239028
v -1.53162 -1.88339 -1.85475
v -1.09268 -1.75675 -2.30373
v -2.34547 -1.46973 -0.21197
v -2.37714 -1.39159 -0.262401
v -0.487936 -1.62715 -2.66705
v -0.890895 -1.74018 -2.43469
v -1.41241 -2.03424 -1.8568
v -2.17462 -1.55199 -0.987986
v -2.08588 -1.75723 -1.04123
v -2.39579 -1.4052 -0.193904
v -2.43624 -1.38761 -0.168621
v -1.57495 -1.94942 -1.75334
v -2.62739 -1.39334 0.242136
v -1.62002 -1.93617 -1.71276
v -2.94947 -0.787334 -0.399164
v -2.89888 -0.878278 -0.386305
v -2.94921 -0.837722 -0.32127
v -2.9002 -1.05073 0.0217864
v -2.05447 -2.20978 0.312313
v -2.36342 -1.44029 -0.19655
v -2.99988 -0.628829 -0.375929
v -3.01441 -0.585888 -0.279846
v -2.99297 -0.426907 -0.274722
v -1.09808 -1.89149 -2.21241
v -1.49549 -2.02477 -1.78202
v -1.92651 -1.90812 -1.25447
v -2.38654 -1.43914 -0.11956
v -2.94339 -0.942988 -0.110681
v -2.89744 -1.02312 -0.117115
v -2.82163 -1.17403 0.161548
v -1.68862 -1.98947 -1.57969
v -1.76713 -1.97545 -1.47144
v -2.01336 -1.87757 -1.10688
v -2.39693 -1.44418 -0.0637049
v -2.98459 -0.522424 -0.435053
v -0.21926 -2.03692 -2.46705
v -1.2322 -1.97606 -2.04789
v -1.60742 -1.99628 -1.67412
v -2.03144 -1.97095 -0.95218
v -2.34126 -1.50191 -0.12078
v -2.92138 -0.948984 -0.219269
v -2.86994 -1.03183 -0.176308
v -2.78296 -1.1735 0.0160538
v -1.84457 -2.03017 -1.28374
v -1.16968 -2.07145 -2.01432
v -1.48283 -2.11536 -1.70533
v -2.36528 -1.46309 -0.119646
v -0.757805 -1.88083 -2.41511
v -0.579617 -1.72438 -2.586
v -2.04448 -2.23162 0.234639
v -1.40996 -2.11042 -1.78484
v -1.67032 -2.08787 -1.49401
v -1.76535 -2.06156 -1.37833
v -1.93411 -2.04949 -1.07296
v -0.896089 -2.04273 -2.21128
v -1.23474 -2.1904 -1.84416
v -2.09659 -1.9717 -0.738091
v -0.950136 -1.976 -2.23448
v -1.6072 -2.22568 -1.39061
v -1.38889 -2.22606 -1.65569
v -2.04888 -2.23042 0.126487
v -0.554578 -2.00168 -2.40471
v -0.953883 -2.16208 -2.06279
v -1.76147 -2.16359 -1.24742
v -0.277429 -2.37584 -2.04244
v -0.682684 -2.0559 -2.30457
v -1.14953 -2.26097 -1.80882
v -1.67798 -2.27893 -1.19411
v -0.678829 -2.18011 -2.18957
v -0.869625 -2.22863 -2.03661
v -1.27558 -2.34359 -1.54843
v -1.84258 -2.19262 -1.03357
v -1.5366 -2.35352 -1.23938
v -1.00509 -2.33053 -1.78395
v -1.04643 -2.35449 -1.71434
v -0.61843 -2.264 -2.10778
v -1.13921 -2.36483 -1.60409
v -0.463295 -2.36304 -2.00564
v -0.602116 -2.35628 -1.96583
v -1.009 -2.37294 -1.67394
v -1.33563 -2.37211 -1.40109
v -0.789135 -2.32032 -1.94068
v -1.66897 -2.35213 -0.995792
v -1.62986 -2.37461 -0.974195
v -2.80938 -1.11424 -0.0813288
v 1.25673 0.949539 1.30102
v 1.2186 0.911573 1.37476
v 1.21425 0.97828 1.35829
v 1.12853 0.925621 1.48299
v 1.0914 0.862428 1.5372
v 0.969077 0.74217 1.67099
v 0.844646 1.5287 1.35331
v 0.892404 1.43318 1.35769
v 0.922722 1.44206 1.32428
v 0.87913 1.54739 1.32077
v 0.922365 1.49769 1.29359
v 0.828673 1.50873 1.41759
v 0.833069 1.42416 1.46923
v 1.21826 -0.0264879 1.04143
v 0.934959 1.54964 1.19234
v 0.875762 1.65133 1.25753
v 0.875178 1.59312 1.30901
v 0.827613 1.55404 1.3763
v 1.31718 -0.0655686 1.08459
v 1.54045 -0.0624651 0.748955
v 0.795777 1.59764 1.40012
v 0.70162 1.09864 1.76883
v 1.24901 -0.0793009 1.21338
v 0.842306 1.69061 1.28513
v 0.831118 0.777622 1.95634
v 1.51781 -0.0104818 0.499398
v 1.29498 0.0326203 0.555023
v 0.833717 1.74304 1.22176
v 0.721373 1.72901 1.40278
v 0.665055 1.61208 1.53295
v 1.21291 -0.094635 1.31581
v 1.48682 -0.140547 1.13917
v 0.78807 0.757076 2.01711
v 1.24058 -0.119077 1.35784
v 0.793333 0.872437 2.07056
v 0.813947 0.870379 2.00755
v 0.786951 0.708747 2.02748
v 1.04816 -0.101153 1.48073
v 1.34255 -0.152159 1.34729
v 1.63068 -0.114967 0.799757
v 0.691742 1.87889 1.28501
v 0.763433 0.847126 2.10618
v 0.964432 -0.118175 1.55176
v 0.738801 0.742012 2.07534
v 0.75142 -0.106 1.64749
v 0.858767 1.79574 1.10328
v 0.727244 1.98186 1.08783
v 0.62502 1.83055 1.3965
v 0.589066 1.74708 1.48819
v 0.767303 0.893351 2.12846
v 0.739702 0.802705 2.0933
v 0.745844 0.763763 2.06824
v 1.28467 -0.147107 1.40602
v 0.700958 0.759444 2.10794
v 0.693346 -0.0725122 1.64058
v 1.60652 -0.181871 1.07656
v 0.743761 0.940249 2.18216
v 0.730079 0.858216 2.1457
v 1.40881 -0.204027 1.43158
v 1.59748 -0.0640444 0.618689
v 1.71171 -0.12507 0.580772
v 0.413478 1.34279 1.82319
v 0.47096 1.36411 1.77199
v 0.351046 1.41231 1.81491
v 0.461189 1.25778 1.86316
v 0.467301 1.27669 1.83388
v 0.400616 1.30018 1.87341
v 0.40341 1.28037 1.90291
v 0.511578 1.20514 1.88186
v 0.411484 1.26205 1.93656
v 0.732288 0.917772 2.18446
v 0.799362 -0.172535 1.742
v 1.10923 -0.207382 1.69447
v 1.81107 -0.250921 0.84988
v 1.67211 -0.0738328 0.366266
v 0.648797 0.782469 2.14534
v 0.700822 0.744648 2.11267
v 0.553913 -0.0951804 1.73627
v 0.32748 1.63533 1.71828
v 0.492026 1.50789 1.68704
v 0.696011 0.967049 2.24036
v 0.685553 0.917456 2.22289
v 0.666773 0.755446 2.13776
v 1.76757 -0.255093 0.953986
v 1.7933 -0.20433 0.684357
v 0.507321 1.92798 1.41903
v 1.76181 -0.333892 1.19422
v 0.460403 1.65609 1.63548
v 0.52995 1.67273 1.57207
v 0.483501 1.79951 1.5372
v 0.578167 -0.167101 1.79611
v 0.564601 -0.125869 1.75562
v 1.6256 -0.278402 1.30799
v 1.78894 -0.165027 0.438308
v 0.393864 1.74856 1.62439
v 0.247389 1.3817 1.89124
v 0.27855 1.34365 1.93557
v 0.946751 -0.226829 1.82267
v 1.54232 -0.284382 1.44559
v 1.42954 -0.306795 1.62999
v 0.25079 1.49453 1.81481
v 1.83463 -0.29283 0.980182
v 0.226645 1.35138 2.02258
v 0.603172 -0.199445 1.83666
v 1.18475 -0.288934 1.80847
v 1.73775 -0.382793 1.33533
v 1.80051 -0.31365 1.08234
v 1.80011 -0.369517 1.23453
v 1.87627 -0.2814 0.917385
v 1.85143 -0.274178 0.895285
v 1.84178 -0.252047 0.795614
v 1.45282 0.0419282 -0.0226769
v 1.46492 0.0350133 0.169818
v 1.53031 0.0097288 0.18034
v 0.362161 1.90879 1.53459
v 0.12605 1.46241 1.87679
v 0.749504 -0.232085 1.89255
v 1.59805 -0.388521 1.56503
v 1.78213 -0.153837 0.238946
v 0.425055 -0.189724 1.8726
v 1.06402 -0.290909 1.89316
v 1.33576 -0.300406 1.70495
v 1.83851 -0.322826 1.07662
v 1.82319 -0.365564 1.20352
v 1.87272 -0.313808 1.03713
v 1.67943 -0.0736277 0.249741
v 1.615 -0.0359221 0.0398083
v 0.146516 1.40855 1.92254
v 0.171977 1.38168 1.96865
v 0.505877 0.71007 2.28998
v 0.383363 -0.133688 1.83062
v 0.503809 -0.229843 1.92205
v 0.0528055 1.50594 1.86556
v 1.37341 -0.371622 1.7879
v 1.90386 -0.244514 0.648994
v 1.84402 -0.231095 0.669115
v 1.87765 -0.247962 0.718582
v 1.89742 -0.237702 0.468123
v 0.447589 0.815597 2.27767
v 1.89447 -0.238727 0.379949
v 1.84242 -0.209445 0.445798
v 0.422111 0.859579 2.27803
v 0.426356 0.840908 2.28479
v 0.421287 0.723796 2.35435
v 0.444286 0.691751 2.36227
v 0.39042 0.898158 2.27759
v 0.380136 0.864218 2.30833
v 0.384025 0.782451 2.37683
v 0.477893 1.24479 2.47064
v 0.361469 0.921891 2.28386
v 0.373123 0.890774 2.28819
v 0.0508749 1.43367 1.93079
v 0.332442 0.9065 2.29764
v -0.104025 1.53563 1.86973
v -0.0851694 1.67979 1.80112
v 0.437637 1.29726 2.49628
v 0.407337 1.24356 2.49353
v -0.111319 1.4727 1.91574
v 0.345321 0.677664 2.45893
v 0.338134 0.819578 2.40242
v 0.389916 0.658175 2.45675
v 0.406854 1.33503 2.51658
v 1.87474 -0.501171 1.47567
v 1.81485 -0.503506 1.49349
v 0.363602 1.32814 2.53209
v 0.191869 0.976822 2.28249
v 0.174639 0.962142 2.28983
v 1.90807 -0.539773 1.52462
v 1.95981 -0.459668 1.44114
v 2.1051 -0.359124 1.32435
v 0.317218 1.33658 2.54598
v 0.180551 0.944405 2.30336
v 0.273987 -0.353155 2.18545
v -0.24937 1.51087 1.88656
v 0.331035 1.35132 2.54828
v 0.101023 1.04251 2.30609
v 0.1121 1.01419 2.2896
v 0.13316 0.978725 2.28899
v 0.223984 1.44014 2.58927
v 0.243072 1.39848 2.57852
v 0.0999529 0.99952 2.28616
v 0.106856 0.966138 2.30244
v -0.258574 1.55896 1.85727
v 0.165345 1.41607 2.5974
v 2.26393 -0.303267 1.25218
v 0.198247 1.5029 2.57263
v 0.0228144 1.0265 2.28062
v 0.041775 1.00174 2.27729
v 0.0799519 0.986541 2.28513
v 0.0007039 0.932438 2.39597
v 0.183353 1.48829 2.59333
v 0.0361798 0.977791 2.29457
v -0.0989843 -0.399047 2.19754
v 0.100827 -0.403061 2.25933
v 2.16319 -0.607813 1.60756
v 0.0004416 1.02802 2.27983
v 0.0046948 0.995829 2.28176
v 2.2581 -0.569749 1.57375
v -0.0184032 1.00277 2.27595
v -0.021109 0.975431 2.29402
v 2.39689 -0.328211 1.28351
v -0.0337475 1.02887 2.28002
v -0.0460812 1.00866 2.26778
v 2.20291 -0.622258 1.61074
v -0.0498208 0.981487 2.27562
v -0.0848098 0.957081 2.27961
v -0.265546 -0.370684 2.08754
v 2.32731 -0.568223 1.55397
v 2.49465 -0.143119 0.675301
v 2.38171 -0.172866 0.789508
v 2.50085 -0.177402 0.863308
v -0.0605278 0.99044 2.26155
v 2.54953 -0.127956 0.558316
v 2.42402 -0.131159 0.509365
v -0.106072 0.989749 2.24477
v -0.0975155 0.969845 2.25018
v -0.305002 -0.329919 2.01404
v 2.30161 -0.616966 1.58549
v 2.41857 -0.553159 1.50734
v -0.143672 0.930125 2.24131
v 2.4433 -0.595736 1.51498
v -0.524455 1.37122 1.89689
v -0.416415 1.38084 1.96438
v -0.407664 1.42514 1.90854
v -0.161975 0.966502 2.22493
v -0.138675 0.959165 2.22667
v 2.38072 -0.667726 1.57339
v 2.60141 -0.139481 0.640197
v 2.60476 -0.119958 0.503473
v 2.51625 -0.0983005 0.381284
v -0.193087 0.902861 2.31352
v -0.203365 0.868133 2.46258
v 2.66429 -0.144014 0.613468
v 2.62106 -0.166223 0.75875
v -0.201307 0.950999 2.22361
v -0.186902 0.935592 2.2277
v -0.191925 0.91614 2.24878
v 1.92184 -1.16837 1.85877
v 2.38985 -0.714205 1.57588
v 2.50115 -0.623324 1.4916
v 2.69927 -0.127134 0.469556
v -0.220277 0.937785 2.22596
v -0.249771 0.920603 2.24074
v 2.47212 -0.697958 1.52304
v 2.50945 -0.691083 1.4963
v -0.300241 0.875791 2.40555
v 2.74832 -0.161105 0.581637
v 2.69411 -0.195346 0.780898
v 1.66405 -1.16415 2.15698
v -0.242959 -0.618681 2.45973
v 2.49924 -0.752789 1.50255
v 2.54138 -0.791732 1.46406
v 2.48973 -0.836651 1.49067
v 2.59603 -0.789629 1.41571
v -0.404139 -0.618236 2.41549
v 2.04316 -1.14975 1.68097
v 2.1286 -1.1373 1.60554
v -0.634697 1.83841 1.62549
v -0.168333 -0.66578 2.52048
v 1.2333 -1.155 2.5295
v 2.70035 -0.784679 1.30591
v -0.614189 -0.546379 2.24453
v -0.57397 -0.470949 2.14912
v 0.114566 -0.667344 2.56036
v 0.779918 -0.938222 2.65188
v 0.635554 -0.990972 2.71638
v 1.52952 -1.26439 2.33357
v 1.47718 -1.07145 2.30321
v 1.38978 -1.1515 2.41297
v -0.612529 2.01025 1.51887
v 0.661856 -0.989368 2.70962
v -0.370613 0.682418 2.59342
v 0.669571 -1.02624 2.72698
v -0.958321 -0.462153 1.99495
v -0.258259 -0.88294 2.66945
v 1.60029 -1.36054 2.29263
v 1.61035 -1.26368 2.25552
v 1.69954 -1.35975 2.18759
v -0.969802 1.6619 1.48353
v -0.927488 1.51575 1.57914
v 1.44501 -1.36067 2.43608
v 2.0115 -1.37169 1.77933
v -0.654006 0.537705 2.42316
v -0.6435 0.51891 2.48789
v -0.584741 0.541347 2.47309
v -0.685738 0.519272 2.44745
v -0.922702 1.82955 1.43392
v -0.589007 0.664457 2.43447
v -0.653733 0.5652 2.38705
v -0.0845925 -1.00309 2.76421
v -0.715338 0.561259 2.32357
v 1.35122 -1.41057 2.5135
v -0.778654 2.05205 1.36711
v -0.873628 2.05062 1.2714
v -0.667104 0.58058 2.35954
v 1.59338 -1.48308 2.32123
v 1.70947 -1.53901 2.20124
v 1.9936 -1.60371 1.80962
v -0.699416 0.579022 2.31825
v 1.49119 -1.57609 2.41669
v -0.814117 1.08228 2.49139
v -0.766171 1.13482 2.52094
v -0.846935 1.09342 2.48716
v -0.794053 1.17044 2.52872
v -0.854328 1.13677 2.49452
v -0.303307 -1.12162 2.78001
v -0.878693 1.03223 2.45366
v -0.863741 1.00531 2.44565
v -1.07517 1.93299 1.14202
v -0.888052 1.05956 2.45717
v 1.60662 -1.64128 2.3051
v -1.11241 1.86609 1.15697
v -1.21263 1.74974 1.09343
v 0.647321 -1.60504 2.8296
v -1.26817 1.2018 1.27883
v -1.22264 1.27054 1.32032
v -1.23213 1.08318 1.32669
v -1.18577 1.16912 1.37383
v -1.3264 1.44944 1.07861
v -1.13415 0.958268 1.50677
v -1.21716 0.936676 1.42672
v -0.299594 -1.44843 2.86095
v -1.30591 -0.789266 2.13371
v -0.152668 -1.56372 2.88676
v -0.31712 -1.53733 2.85981
v -1.38176 -0.880601 2.1422
v -0.11809 -1.70903 2.87253
v -1.53951 -0.935254 2.04058
v -1.54002 -1.01686 2.08323
v -1.53832 -1.07366 2.10493
v -1.49231 -1.19521 2.18092
v -1.65958 -1.21785 2.01887
v -1.64008 -1.05734 2.00338
v -1.54463 -1.30879 2.14046
v -1.51849 -1.44592 2.16976
v -1.65576 -1.41712 2.03243
v -1.81735 -1.14258 1.82596
v -1.80139 -1.36998 1.86099
v -1.70427 -1.56948 1.96127
v -1.7428 -1.49217 1.92232
v -2.21607 -0.384032 0.559923
v -2.13375 -0.445658 0.713181
v -2.06374 -0.450518 0.592725
v -2.05732 -0.438052 0.434492
v -2.26037 -0.337916 0.346186
v -2.08146 -0.431782 0.33312
v -2.11574 -0.40323 0.223473
v -2.36697 -0.351308 0.578434
v -2.37941 -0.31334 0.401999
v -2.48277 -0.281641 0.299401
v -2.33321 -0.29332 0.100429
v -2.17861 -0.374701 -0.0329185
v -2.55602 -0.326441 0.499254
v -2.60013 -0.287026 0.327665
v -2.44764 -0.265049 0.151869
v -2.3812 -0.264151 0.0009715
v -2.65101 -0.333482 0.471882
v -2.67097 -0.376007 0.579852
v -2.73086 -0.328169 0.384377
v -2.54233 -0.239513 0.073875
v -2.51182 -0.225157 -0.0416643
v -2.62458 -0.269136 0.239678
v -2.61003 -0.239108 0.0845561
v -2.59626 -0.22052 0.0234164
v -2.53839 -0.216835 -0.130684
v -2.47216 -0.227735 -0.184469
v -2.5213 -0.214392 -0.288159
v -2.63207 -0.201315 -0.280794
v -2.60869 -0.209721 -0.165508
v -2.71027 -0.256663 0.10589
v 1.04593 1.36409 1.186
v 1.03294 1.33763 1.24997
v 1.06236 1.48495 0.944776
v 1.02873 1.42953 1.11596
v 0.985567 1.37995 1.25998
v 0.953902 1.35707 1.33171
v 0.962275 1.42674 1.2528
v 1.0437 1.58718 0.851997
v 0.871335 1.34803 1.44092
v 0.972114 1.70129 0.935141
v 0.828208 1.33944 1.49228
v 0.769773 1.33855 1.53319
v 0.771853 1.41197 1.51314
v 0.791152 1.50262 1.47749
v 0.684989 1.16428 1.72608
v 0.921866 1.81318 0.904713
v 0.697291 1.32204 1.60971
v 0.710828 1.35953 1.58716
v 0.576728 1.3514 1.70304
v 0.721771 1.51871 1.52653
v 0.893809 1.88648 0.851336
v 0.654884 1.504 1.58803
v 0.613996 1.42987 1.62408
v 0.542271 1.28386 1.76525
v 0.82497 2.01607 0.755185
v 0.801128 1.96727 0.94997
v 0.576174 1.4919 1.61564
v 0.567004 1.65447 1.55505
v 1.46723 0.0255515 0.350515
v 0.543096 1.54295 1.61617
v 0.790707 2.0698 0.583592
v 0.532194 1.17519 2.01235
v 0.538383 1.1725 1.9351
v 0.69291 2.11693 0.880925
v 1.55408 -0.0079279 0.3275
v 0.652444 2.04475 1.12205
v 0.819456 2.00936 0.319301
v 0.509795 1.20957 2.11644
v 0.580062 2.06739 1.19495
v 0.54555 2.00521 1.30779
v 0.728263 2.12875 0.480166
v 0.306094 1.31249 2.0584
v 0.621923 2.21309 0.729234
v 0.496164 1.24788 2.18709
v 0.591825 1.22642 2.31147
v 0.539002 2.16734 1.07774
v 0.420249 2.12682 1.28809
v 0.675728 2.14567 0.309819
v 1.88765 -0.263619 0.819591
v 0.508318 2.25239 0.913615
v 0.501858 2.155 1.15393
v 0.313245 1.32642 2.13805
v 0.548259 1.27967 2.32028
v 1.87774 -0.371721 1.20765
v 1.92349 -0.294165 0.985326
v 1.93409 -0.267945 0.862319
v 0.487944 2.30819 0.598963
v 1.94915 -0.249944 0.71446
v 1.5972 -0.0492504 -0.274671
v 0.640112 2.09879 0.0955806
v 0.292962 2.0594 1.44772
v 1.74498 -0.446892 1.45168
v 1.82021 -0.430722 1.36229
v 1.39313 0.0460279 -0.290736
v 1.15677 0.101727 -0.384644
v 1.31009 0.0793977 -0.0458951
v 0.442147 2.24663 1.04857
v 0.502428 1.31867 2.34695
v 1.77725 -0.429411 1.385
v 1.93241 -0.24538 0.630363
v 1.92638 -0.2448 0.506136
v 1.92862 -0.243324 0.443392
v 0.184928 1.37469 2.13276
v 1.96931 -0.243094 0.653306
v 1.95572 -0.245605 0.49448
v 1.95428 -0.244355 0.434037
v 0.450807 1.36331 2.36195
v 1.88173 -0.439209 1.36894
v 2.06389 -0.24024 0.879935
v 1.92773 -0.24823 0.365645
v 0.49437 2.28325 0.402505
v 0.40084 2.23117 1.13681
v 2.08889 -0.297592 1.15484
v 2.09938 -0.216749 0.711268
v 2.1129 -0.213185 0.593123
v 1.96942 -0.250621 0.292863
v 1.90512 -0.238446 0.249
v 0.54767 2.20765 0.218046
v 2.08911 -0.21771 0.40151
v 1.95084 -0.253455 0.226645
v 1.6767 -0.093965 -0.211578
v 0.336008 1.36596 2.26848
v 0.376538 1.42211 2.42537
v 2.17109 -0.234624 0.946785
v 2.00472 -0.250041 0.248648
v 1.16954 0.0916093 -0.52102
v 0.259685 1.46372 2.4069
v 1.97692 -0.255464 0.222818
v 0.997668 0.120679 -0.608963
v 0.419836 2.29713 0.278921
v 1.99713 -0.264402 0.153939
v 1.51126 -0.0373988 -0.482661
v 1.29989 0.0361086 -0.595484
v 0.353113 2.36459 0.478221
v 2.32101 -0.214873 0.992155
v 2.13623 -0.226493 0.224161
v 1.95189 -0.265019 0.130594
v 0.360518 1.43473 2.47737
v 2.21162 -0.20857 0.747113
v 2.16833 -0.215252 0.46502
v 2.15496 -0.21585 0.358318
v -0.0791433 1.4352 1.96283
v 2.23295 -0.216964 0.505679
v 2.133 -0.251591 0.0650915
v 1.98323 -0.294639 0.0148698
v 2.2594 -0.208275 0.577661
v 2.23778 -0.226716 0.353736
v 2.01665 -0.298422 0.001874
v 1.10985 0.0811772 -0.773425
v 0.776492 0.13764 -0.690981
v 0.804204 0.142756 -0.780359
v 0.140029 1.53025 2.45931
v 0.151663 1.45116 2.31573
v 0.271817 1.48283 2.46632
v 1.93001 -0.282668 -0.0295001
v 1.94032 -0.273598 0.068277
v -0.211028 1.44395 1.94876
v 0.274902 1.48519 2.51965
v 2.2954 -0.197206 0.781982
v 2.29337 -0.194635 0.650819
v 1.97884 -0.301369 -0.0311691
v 1.72344 -0.168024 -0.451784
v 2.27621 -0.221402 0.397122
v 2.27828 -0.226272 0.345796
v 2.00278 -0.312506 -0.0666874
v 0.197258 1.52046 2.50566
v 2.142 -0.279901 -0.0428258
v 1.57315 -0.114624 -0.651356
v 0.229538 1.4995 2.54318
v 1.28222 0.0071239 -0.797796
v 2.40223 -0.2494 1.12577
v 2.40542 -0.202361 0.973096
v 2.35078 -0.168709 0.641249
v 2.36907 -0.168667 0.696187
v -0.343206 1.43545 1.9247
v 0.125756 1.55036 2.55024
v 2.38659 -0.149907 0.578639
v 2.37361 -0.151684 0.542437
v -0.407133 1.48295 1.87
v -0.257191 1.41962 1.98347
v -0.125427 1.57715 2.47924
v -0.0423776 1.51325 2.37927
v -0.105256 1.49811 2.34758
v 0.0971419 1.55976 2.52583
v 0.130903 1.54375 2.56814
v -0.0279574 1.5772 2.48893
v 0.0235801 1.57625 2.52348
v 0.122487 1.5305 2.59398
v 1.04147 0.0495452 -1.09965
v 1.609 -0.191205 -0.851829
v 0.0888478 1.56279 2.5719
v 0.11166 1.55688 2.56974
v 2.48642 -0.262947 1.1337
v -0.139575 1.59073 2.51152
v -0.200903 1.57645 2.48641
v -0.108581 1.59309 2.52981
v -0.0336549 1.58671 2.55886
v -0.0203598 1.58428 2.52978
v 0.0739121 1.55867 2.59351
v 2.51277 -0.200286 0.947826
v -0.321034 1.39786 2.00778
v -0.158621 1.59522 2.54406
v -0.226431 1.58803 2.5273
v -0.114305 1.59392 2.56882
v 2.55246 -0.332023 1.21716
v -0.336456 1.44796 2.30495
v -0.225943 1.49907 2.36324
v -0.222594 1.59337 2.56573
v -0.0355486 1.57165 2.60541
v 2.55739 -0.230635 1.02425
v 2.58675 -0.202309 0.911277
v 1.21953 -0.0347495 -1.13452
v -0.327867 1.55877 2.50206
v -0.295572 1.58243 2.557
v -0.301265 1.58111 2.58733
v -0.192761 1.58392 2.60765
v 2.63766 -0.261403 1.03354
v 2.59034 -0.095067 0.369065
v 2.52392 -0.0925612 0.274368
v 2.48431 -0.10043 0.320196
v -0.343994 1.5712 2.55409
v 2.53516 -0.0837717 0.158691
v -0.517559 1.33776 1.95661
v -0.428806 1.54545 2.54424
v 2.66397 -0.0958404 0.339296
v -0.538402 1.30509 2.02989
v -0.475762 1.33684 2.03343
v -0.417615 1.35936 2.05786
v 1.7537 -0.251676 -0.674282
v -0.599278 1.29265 1.94388
v -0.481401 1.46241 2.41218
v -0.476831 1.3772 2.25869
v -0.389292 1.55983 2.57413
v -0.361627 1.55989 2.61207
v -0.618594 1.26314 1.99304
v -0.462408 1.53614 2.58584
v -0.445974 1.53472 2.60955
v 2.7853 -0.217018 0.710619
v -0.620433 1.255 2.04067
v 2.77507 -0.276468 0.878449
v 2.83935 -0.193839 0.510031
v 2.77584 -0.136491 0.384992
v -0.512049 1.51748 2.57623
v -0.529886 1.50058 2.52658
v -0.704966 1.19436 1.99021
v -0.500652 1.51085 2.60862
v 2.86081 -0.243804 0.626397
v 2.79277 -0.12096 0.204158
v -0.578991 1.48045 2.56615
v 2.80425 -0.12409 -0.0165989
v 2.67392 -0.0872819 -0.05701
v 2.77446 -0.11066 0.119188
v -0.571955 1.47845 2.59182
v -0.531324 1.4797 2.6195
v 2.83561 -0.322068 0.847473
v 2.85457 -0.279357 0.721495
v 2.89127 -0.226973 0.473091
v -0.624472 1.44884 2.53666
v -0.680129 1.40437 2.47572
v 2.88328 -0.343635 0.77802
v 2.9245 -0.273093 0.499237
v 2.86928 -0.162579 0.0216555
v 1.49315 -0.250609 -1.37409
v -0.711351 1.19297 2.09984
v 0.282042 0.0971111 -1.41977
v 0.362412 0.114818 -1.3724
v 0.4995 0.0786958 -1.47687
v 2.19237 -0.719458 -0.681446
v 2.22147 -0.84911 -0.796302
v 2.02413 -0.63271 -1.0329
v 2.12347 -0.715981 -0.895502
v 2.10014 -0.763569 -1.04988
v 0.630362 0.0399943 -1.58515
v 0.621593 0.0685908 -1.46379
v 0.456076 0.0555061 -1.6035
v 0.500804 0.0469837 -1.67994
v 0.650933 0.0312425 -1.62691
v 0.267499 0.0658387 -1.64427
v 0.248173 0.0720506 -1.56125
v 0.648904 0.0270661 -1.742
v 0.200954 0.0678813 -1.60968
v 0.373925 0.0580924 -1.72179
v 0.176723 0.0725635 -1.70636
v 0.481095 0.0570211 -1.81099
v 0.244165 0.073403 -1.74961
v 0.0588099 0.069867 -1.49149
v 0.657056 0.0302064 -1.84021
v 0.330201 0.0872697 -1.86285
v -0.121695 0.0511063 -1.61489
v 0.0865271 0.0693069 -1.69757
v -0.144136 0.0486059 -1.54989
v -0.135144 0.0566676 -1.46321
v 0.141538 0.0850616 -1.7934
v 0.518417 0.0815949 -1.95309
v -0.290489 0.0353296 -1.5031
v -0.16326 0.0554158 -1.6966
v -1.08704 2.07346 0.789139
v -0.940963 2.18989 0.871719
v -0.94077 2.2152 0.709283
v 0.167229 0.113926 -1.88857
v -0.0079866 0.0951153 -1.82618
v -0.414188 0.0160624 -1.67591
v 0.650978 0.0747689 -2.08335
v 0.835194 -0.0071749 -1.98982
v 0.407445 0.123691 -2.00544
v 0.770303 0.0455919 -2.19244
v 0.211021 0.149449 -1.9664
v -0.184986 0.0752198 -1.80815
v -0.0489142 0.120395 -1.88935
v -1.16045 1.93982 0.938382
v -1.19112 1.95826 0.730666
v 0.467506 0.141693 -2.09628
v 0.0729037 0.13361 -1.9215
v -0.373247 0.0380742 -1.78079
v 0.599993 0.137674 -2.22949
v -0.0515131 0.159074 -1.95601
v -0.279873 0.106605 -1.90881
v 0.697375 0.0965282 -2.25346
v 0.22981 0.228425 -2.11124
v 0.350278 0.185753 -2.08583
v 0.396371 0.231146 -2.20946
v -0.540061 0.0022459 -1.79446
v -0.496528 5.12e-05 -1.63014
v 0.20944 0.3014 -2.21933
v 0.638399 0.129396 -2.29021
v 0.507434 0.208896 -2.28175
v 0.659782 0.118754 -2.37968
v -0.163171 0.220678 -2.04316
v -0.123441 0.169244 -1.97584
v -0.0362066 0.220641 -2.04506
v -0.695096 -0.04453 -1.69165
v -0.703592 -0.0438081 -1.81473
v 0.359587 0.280796 -2.28916
v 0.377079 0.298087 -2.373
v 0.2561 0.354601 -2.36583
v 0.0038562 0.399219 -2.31153
v 0.157238 0.385984 -2.36293
v -0.0713352 0.387134 -2.26609
v 0.566192 0.168392 -2.47796
v 0.154707 0.399366 -2.41997
v 0.0400968 0.422824 -2.4106
v 0.195364 0.386971 -2.47387
v -0.0613343 0.425501 -2.37223
v -0.0524223 0.44045 -2.43642
v 0.0115945 0.436753 -2.45877
v -0.142786 0.431275 -2.38204
v -0.226541 0.38967 -2.27432
v -0.253715 0.420677 -2.37538
v -0.148111 0.443215 -2.47224
v -0.216208 0.43499 -2.43341
v -1.10667 -0.204045 -2.05097
v -0.970411 -0.135069 -1.89941
v -0.879814 -0.0592487 -2.02116
v -0.642926 0.24151 -2.43433
v -0.641542 0.238834 -2.36011
v -0.543954 0.317725 -2.42789
v -0.241899 0.428977 -2.50829
v -0.12529 0.433332 -2.52913
v -0.270097 0.394043 -2.58754
v -0.780802 0.10025 -2.24699
v -0.836057 0.0670759 -2.31975
v -0.319195 0.407999 -2.52173
v -0.346308 0.371736 -2.58889
v -0.547121 0.311623 -2.48153
v -0.949946 -0.0694851 -2.14213
v -1.00249 -0.102254 -2.23526
v -0.831933 0.0631911 -2.38181
v -2.04245 -0.575144 1.04844
v -2.05436 -0.541908 0.968712
v -0.573277 0.245778 -2.55711
v -0.500919 0.294523 -2.57396
v -0.962537 -0.0704238 -2.34787
v -0.550534 0.184182 -2.6433
v -0.441253 0.278486 -2.64003
v -2.01532 -0.439838 0.426681
v -1.96863 -0.433614 0.486224
v -1.98909 -0.429749 0.342818
v -2.02771 -0.452021 0.562502
v -2.02723 -0.437517 0.30788
v -2.02193 -0.435667 0.209816
v -1.97981 -0.427856 0.158495
v -2.01229 -0.441597 0.0863074
v -1.93347 -0.401666 0.309014
v -2.06144 -0.437449 0.113529
v -2.06664 -0.429483 0.16535
v -2.05459 -0.431162 0.22386
v -2.01491 -0.435133 0.258233
v -2.04423 -0.44279 0.0507511
v -2.03419 -0.450491 -0.0930004
v -1.98796 -0.438418 -0.143524
v -2.01868 -0.452336 -0.176169
v -2.07533 -0.437457 0.03203
v -2.06109 -0.444861 -0.0214897
v -2.09966 -0.420808 0.107348
v -2.04674 -0.460315 -0.218032
v -2.06711 -0.451948 -0.13101
v -2.07642 -0.45703 -0.208255
v -2.09095 -0.445798 -0.145225
v -2.09223 -0.436183 -0.032969
v -2.11282 -0.442799 -0.221125
v -2.12147 -0.430374 -0.182539
v -2.21724 -0.393802 -0.391177
v -2.1256 -0.471651 -0.36077
v -2.19758 -0.377819 -0.244294
v -2.15501 -0.512123 -0.476299
v -2.29392 -0.318706 -0.0419252
v -2.25763 -0.338551 -0.170078
v -2.23359 -0.489487 -0.554495
v -2.17423 -0.555114 -0.571571
v -2.33587 -0.324254 -0.261462
v -2.33081 -0.300871 -0.129526
v -2.35 -0.307944 -0.222857
v -2.38173 -0.313938 -0.331702
v -2.38951 -0.319003 -0.408922
v -2.41526 -0.276222 -0.336484
v -2.43388 -0.329957 -0.530707
v -2.45803 -0.240653 -0.390925
v -2.4821 -0.224859 -0.364571
v -2.53997 -0.21947 -0.515616
v -2.50517 -0.215113 -0.379724
v -2.60082 -0.215738 -0.0213037
v -2.62717 -0.213158 -0.083038
v -2.65545 -0.231916 0.0315645
v -2.62568 -0.219412 0.0033562
v -2.71773 -0.218389 -0.120766
v 1.18405 0.0761528 0.454772
v 1.14808 0.0965759 0.307815
v 1.06045 0.152066 0.251182
v 1.22208 0.0722429 0.349683
v 1.05422 0.142361 0.222472
v 1.08001 0.120582 0.219467
v 1.1738 0.0897508 0.151746
v 1.0381 0.1568 0.151357
v 1.09903 0.111732 0.132247
v 1.06096 0.131417 0.150594
v 1.0177 0.142978 0.0907715
v 0.965706 0.180525 0.0367354
v 0.959557 0.158223 -0.0119874
v 1.32085 0.0718925 0.144595
v 1.00903 0.129785 -0.0402129
v 0.972136 0.143783 -0.0291648
v 1.13111 0.102898 -0.0431255
v 0.940717 0.148617 -0.077391
v 0.934413 0.128994 -0.184681
v 0.854858 0.176864 -0.166165
v 0.87347 0.147445 -0.198141
v 0.995881 0.115348 -0.23298
v 0.745703 0.179799 -0.298539
v 0.82667 0.135021 -0.301529
v 0.784041 0.155847 -0.288797
v 0.700508 0.174154 -0.343937
v 0.916781 0.117882 -0.403835
v 0.694789 0.151957 -0.398267
v 0.716703 0.133389 -0.451138
v 0.67719 0.176053 -0.372461
v 1.87832 -0.226153 0.104984
v 0.59216 0.225152 -0.423818
v 0.754534 0.126046 -0.525964
v 0.580381 0.184851 -0.452399
v 0.591726 0.20473 -0.431399
v 0.596603 0.16886 -0.458258
v 0.530831 0.211709 -0.467362
v 0.596513 1.93382 -0.250404
v 0.65801 0.1446 -0.461996
v 0.631317 0.151249 -0.463049
v 0.624448 0.132663 -0.572449
v 0.551417 0.143189 -0.552661
v 0.444187 0.23693 -0.511945
v 0.51034 2.03094 -0.212299
v 0.536478 0.172137 -0.492885
v 0.597144 1.72344 -0.466673
v 0.580542 1.83268 -0.381892
v 1.77617 -0.167961 -0.205125
v 0.461262 0.186973 -0.516616
v 0.36976 0.201532 -0.563125
v 0.738838 0.129099 -0.591272
v 0.487941 0.159331 -0.533342
v 0.37571 0.26194 -0.546713
v 0.446652 2.21856 0.0703605
v 0.527266 2.13496 -0.0090152
v 0.459318 0.159696 -0.557895
v 0.547221 1.64465 -0.563195
v 0.477629 0.136592 -0.640063
v 0.415313 0.169557 -0.556125
v 0.319569 0.218637 -0.579151
v 0.50531 1.78957 -0.488028
v 0.499228 1.92449 -0.359387
v 1.95369 -0.299885 -0.11488
v 0.357235 0.166898 -0.604091
v 0.4214 2.09534 -0.198207
v 0.3826 0.139785 -0.665569
v 2.25955 -0.240452 0.161148
v 1.99901 -0.324139 -0.129726
v 1.92281 -0.307755 -0.287554
v 2.3125 -0.201573 0.410969
v 2.27493 -0.25668 0.0414941
v 2.03631 -0.327792 -0.121018
v 1.88389 -0.324038 -0.532167
v 0.448996 1.57212 -0.661865
v 2.29759 -0.232744 0.141345
v 2.31412 -0.21146 0.281782
v 2.00126 -0.33846 -0.173848
v 1.91695 -0.318007 -0.393216
v 0.549239 0.137966 -0.720125
v 0.399166 1.7442 -0.586141
v 2.38171 -0.14354 0.214138
v 2.37104 -0.150485 0.357928
v 1.99687 -0.349925 -0.236703
v 0.950998 0.118281 -0.865465
v 0.254935 0.174532 -0.633251
v 2.03323 -0.352502 -0.185128
v 2.06135 -0.335685 -0.153464
v 0.29097 0.13864 -0.696155
v 0.179134 0.20821 -0.629016
v 0.366618 1.42475 -0.760355
v 2.27153 -0.283785 -0.0900058
v 2.14711 -0.334873 -0.211919
v 2.04251 -0.355474 -0.199884
v 0.375321 0.138531 -0.78002
v 2.07603 -0.372916 -0.25567
v 2.03394 -0.367944 -0.246609
v 0.142671 0.149798 -0.699714
v 0.121866 0.175652 -0.661824
v 1.99715 -0.387414 -0.37061
v 0.763726 0.145541 -0.9481
v 0.297587 0.134018 -0.748416
v 2.04395 -0.390848 -0.309924
v 0.0851941 0.233488 -0.638682
v 2.314 -0.270731 -0.116473
v 2.31677 -0.23022 0.0411978
v 2.27639 -0.307872 -0.177456
v 2.08724 -0.409678 -0.330191
v 1.99208 -0.433942 -0.541267
v 0.791902 0.13297 -1.022
v 0.704019 0.152008 -0.959037
v 0.138678 0.133306 -0.761817
v 0.0044132 0.187627 -0.668083
v 2.0323 -0.419385 -0.383234
v 0.0030179 0.131213 -0.755228
v 2.38025 -0.213761 -0.215912
v 2.31333 -0.303055 -0.204204
v 2.19745 -0.379022 -0.319461
v 2.05908 -0.431134 -0.382697
v 0.607814 0.155602 -0.898623
v -0.149365 2.46085 0.559464
v -0.0587054 2.45914 0.599012
v -0.0060053 2.45176 0.52861
v 2.38452 -0.15819 -0.0323921
v 2.33748 -0.281631 -0.214229
v 2.14769 -0.458707 -0.426161
v 2.09652 -0.469316 -0.442812
v 0.910038 0.0884823 -1.12211
v 2.2877 -0.379507 -0.33712
v 2.05488 -0.457219 -0.456344
v 2.31979 -0.363299 -0.338033
v 0.697765 0.140805 -1.09224
v -0.178389 2.46121 0.731485
v 2.58587 -0.0788898 0.138073
v 2.4847 -0.0988013 0.0107883
v 2.5784 -0.0852858 -0.0456642
v 2.42369 -0.187685 -0.29725
v 2.05578 -0.519222 -0.620688
v 0.139405 0.129262 -0.831585
v 0.224937 0.134242 -0.781472
v -0.0722391 0.141245 -0.712159
v -0.0052445 0.147292 -0.714121
v 2.1397 -0.513404 -0.489815
v 2.08657 -0.506826 -0.522787
v 0.581258 0.160053 -0.975895
v 0.479024 0.15969 -1.13979
v 2.3065 -0.402407 -0.37741
v 2.11112 -0.519604 -0.511728
v -0.0130354 0.122793 -0.819013
v 2.66585 -0.0835832 0.165706
v 2.23035 -0.48618 -0.472133
v 2.34813 -0.451537 -0.440197
v 0.761924 0.113069 -1.17894
v -0.117478 0.119479 -0.782492
v 2.4826 -0.148642 -0.291587
v 2.46206 -0.125248 -0.135102
v 2.3435 -0.414041 -0.411469
v 2.54435 -0.0964805 -0.142104
v 2.34421 -0.3437 -0.366003
v 2.14908 -0.572276 -0.549948
v -0.183302 0.144871 -0.688021
v -0.204376 0.1828 -0.648622
v -0.15127 0.175414 -0.66509
v 2.27846 -0.541278 -0.520351
v 2.18813 -0.575677 -0.538676
v 2.13847 -0.617657 -0.63093
v 0.614877 0.124347 -1.248
v -0.242936 0.111784 -0.738398
v -0.161039 0.109633 -0.843013
v 0.0243219 1.15373 -0.905537
v 2.38316 -0.424826 -0.456041
v -0.256593 0.131769 -0.66177
v 2.40812 -0.486505 -0.488136
v 2.38312 -0.508923 -0.486959
v 2.41602 -0.460998 -0.490729
v 1.0422 -0.0291354 -1.41971
v 0.940202 0.0139838 -1.38292
v -0.297656 0.162681 -0.628251
v 2.77483 -0.126043 -0.169663
v 2.70193 -0.132963 -0.324923
v 2.66201 -0.0956016 -0.164611
v 2.31492 -0.594122 -0.541555
v 2.39791 -0.544122 -0.503854
v 0.289801 0.15574 -1.13978
v -0.310491 0.111947 -0.715688
v -0.300558 0.141266 -0.649033
v -0.133107 1.1336 -0.917322
v 2.47144 -0.473707 -0.521047
v 2.43085 -0.472124 -0.50053
v 2.43414 -0.43824 -0.523322
v 2.42269 -0.516873 -0.498699
v -0.292101 0.0992276 -0.775898
v 2.47083 -0.421136 -0.577962
v 2.44298 -0.584325 -0.510055
v 0.801322 0.0343973 -1.4525
v 0.0068619 0.124693 -1.16446
v -0.0092154 0.127223 -1.03883
v 0.152307 0.137039 -1.2062
v 2.81839 -0.177319 -0.278397
v 2.48675 -0.279092 -0.524981
v 2.44406 -0.298568 -0.511073
v 2.47011 -0.221978 -0.444748
v 2.51074 -0.4834 -0.550394
v 2.47255 -0.579128 -0.513761
v -0.338544 0.100189 -0.733612
v 2.48665 -0.344905 -0.579584
v 2.43989 -0.359539 -0.552342
v 2.45511 -0.371812 -0.57054
v 2.482 -0.37651 -0.586955
v 2.5094 -0.531265 -0.54395
v 2.44997 -0.616527 -0.511397
v -0.372758 0.109819 -0.671047
v -0.308368 0.207019 -0.611483
v -0.467524 0.184677 -0.559417
v 2.55344 -0.192831 -0.452759
v 2.55764 -0.316443 -0.581116
v 2.51663 -0.431931 -0.591844
v 1.24275 -0.139691 -1.51275
v -0.430933 0.108941 -0.642748
v -0.439416 0.148614 -0.58788
v -0.47679 0.226084 -0.554532
v 2.53429 -0.366989 -0.599429
v 0.895011 -0.0202819 -1.61286
v 2.55133 -0.338524 -0.591804
v 2.50669 -0.566326 -0.519735
v 2.66944 -0.218472 -0.491028
v 2.60363 -0.351425 -0.593257
v 1.09681 -0.0881403 -1.59075
v 2.8406 -0.228085 -0.344474
v 2.76261 -0.201796 -0.41745
v 2.71586 -0.213369 -0.47161
v 2.67645 -0.173487 -0.4262
v 0.791233 0.0034819 -1.61883
v 2.76502 -0.237181 -0.463259
v 1.1914 -0.156128 -1.70724
v -0.579603 0.226609 -0.501958
v 2.74492 -0.258424 -0.500555
v -0.573255 0.164379 -0.500985
v -0.531203 0.149197 -0.536479
v 2.70972 -0.267796 -0.524964
v 2.66589 -0.331495 -0.572405
v 2.72214 -0.317141 -0.546507
v 0.911325 -0.0421606 -1.81581
v 0.787416 -0.0052589 -1.75169
v 2.77041 -0.286649 -0.499349
v 2.75195 -0.305213 -0.524624
v 1.07859 -0.1144 -1.83657
v -0.636472 0.112196 -0.476962
v -0.669899 0.164686 -0.432927
v -0.68581 0.225643 -0.438152
v -0.685493 0.194257 -0.42448
v -0.713211 0.111959 -0.40769
v -0.663571 0.122903 -0.447332
v -0.634376 0.0537914 -1.17127
v -0.556669 0.0721124 -1.09783
v -0.422788 0.0737752 -1.20735
v -0.706084 0.0584973 -0.466897
v -0.629119 0.0905933 -0.504021
v -0.7483 0.0711035 -0.398241
v -0.71321 0.136685 -0.39991
v -0.773691 0.129103 -0.348326
v -0.75092 0.16652 -0.371544
v -0.723438 0.224338 -0.410166
v -0.781214 0.0499817 -0.394253
v -0.780696 0.091784 -0.351734
v 0.992732 -0.0781651 -1.95328
v -0.81087 0.0243436 -0.447479
v -0.785144 0.167797 -0.34442
v -0.844842 0.0483666 -0.314154
v -0.814211 0.124311 -0.307049
v -0.917644 2.20856 0.413366
v -0.879832 2.2574 0.548078
v -0.785374 2.27993 0.35896
v 0.887987 -0.0226448 -2.14591
v -0.906338 0.0471167 -0.222477
v -0.863559 0.137255 -0.25723
v -0.894542 0.0104181 -0.333016
v -0.863872 0.107649 -0.252918
v -1.01482 2.14146 0.453961
v -0.922157 0.0049291 -0.264526
v -0.908327 0.0195593 -0.250634
v -0.969315 -0.0196456 -0.391653
v -0.912675 0.113273 -0.201428
v -0.918144 0.14526 -0.206626
v -0.962722 -0.004886 -0.192092
v -0.908864 0.0775781 -0.205587
v -0.990201 -0.0282225 -1.26311
v -0.688886 0.0315371 -1.26177
v -0.77799 -0.0174457 -1.39243
v -1.04345 -0.036048 -0.26362
v -0.97766 -0.0211776 -0.209725
v -0.94631 0.0629212 -0.156899
v -0.951822 0.0871112 -0.142456
v -1.14069 -0.0216803 -0.741592
v -0.81512 0.02046 -0.630193
v -0.789934 0.0531926 -0.96992
v -1.03032 -0.0289291 -0.190382
v -0.991256 -0.007411 -0.164365
v -0.967924 0.0474344 -0.12501
v 0.796363 0.0317255 -2.29108
v -1.10938 2.02722 0.362507
v -1.02884 2.04354 0.176049
v -1.04119 -0.0211124 -0.113733
v -1.01082 0.0153578 -0.0780578
v -0.985649 0.0686496 -0.0932793
v -1.13458 -0.0648284 -0.148097
v -1.01461 0.0521649 -0.0467632
v -1.27927 -0.0778788 -0.463399
v -1.01448 -0.0151411 -0.584816
v -1.18357 -0.0759484 -0.210439
v -1.21105 -0.0937321 0.0203506
v -1.22644 -0.108933 0.173935
v -1.13039 -0.0568899 0.0167355
v 0.690295 -0.0130105 -2.56867
v 0.579754 0.0923699 -2.57662
v -1.38151 -0.100251 -0.604384
v -1.52475 -0.157743 -0.106514
v -1.3727 -0.111755 -0.236902
v 1.57552 -1.19218 -2.08746
v 0.445307 0.155476 -2.63279
v -1.18225 -0.0854775 0.282293
v -1.11425 -0.0316263 0.129762
v -1.14601 -0.0618066 0.136306
v -1.15817 -0.0554547 0.292
v -1.13617 -0.0342852 0.233861
v -1.25117 -0.122177 0.253221
v 0.427342 0.126396 -2.66689
v -0.0445892 0.441744 -2.4733
v 0.0015489 0.435293 -2.4956
v -1.17036 -0.0501932 0.383121
v -0.0236722 0.419566 -2.54165
v -1.18216 -0.0764312 0.400884
v -1.68085 -0.232221 0.139585
v -1.65417 -0.206214 -0.14467
v -0.169389 0.37502 -2.62562
v -0.057505 0.3684 -2.62391
v -1.23605 -0.134981 0.376661
v -1.36648 -0.179465 0.404032
v 1.24975 -1.27384 -2.36811
v -0.334104 0.294418 -2.67388
v -0.238884 0.246735 -2.72538
v -0.429033 0.340432 -2.57425
v -1.81612 -0.312458 -0.389623
v -1.79296 -0.304421 0.248943
v -1.78293 -0.287875 0.141199
v -0.917793 -0.0610304 -2.45918
v -1.06497 -0.195472 -2.35533
v -1.13814 -0.238179 -2.1906
v -0.441171 0.217606 -2.68548
v -0.487826 0.189401 -2.68541
v -1.78542 -0.28141 -0.207735
v -0.695486 0.0406689 -2.63975
v -1.12499 -0.316456 -2.41262
v -1.12254 -0.251443 -2.3136
v -0.818612 -0.0504058 -2.58913
v -1.92834 -0.396211 0.140435
v -1.24123 -0.427921 -2.31893
v -1.95719 -0.418055 -0.033265
v -1.88489 -0.356206 -0.0497835
v 0.708584 -1.00621 -2.74482
v -1.99273 -0.452425 -0.302815
v -1.98467 -0.435623 0.0239735
v -1.79435 -0.723192 -1.57142
v 0.496917 -0.981166 -2.81298
v -1.79759 -0.842608 -1.65823
v -2.01649 -0.4742 -0.331722
v 0.40491 -0.750208 -2.84863
v -1.31726 -0.611174 -2.33972
v -2.06079 -0.487256 -0.342265
v -2.08495 -0.487537 -0.347642
v -1.5571 -0.754618 -2.00889
v -1.24584 -0.640381 -2.45222
v -2.07179 -0.562113 -0.571959
v -2.07679 -0.505888 -0.399314
v -2.10692 -0.519026 -0.447754
v -1.44637 -0.734285 -2.19242
v -2.10234 -0.569137 -0.556643
v -2.02822 -0.518668 -0.521377
v -2.10282 -0.550436 -0.522201
v -1.67103 -0.987405 -1.9254
v -1.78053 -0.895064 -1.71742
v -2.1369 -0.562967 -0.553213
v 0.349967 -1.09514 -2.83071
v -1.32345 -0.801691 -2.38572
v -2.15444 -0.679387 -0.71934
v -2.13058 -0.682961 -0.773495
v -1.74982 -1.05034 -1.81481
v -2.19098 -0.700746 -0.710134
v -1.87883 -1.00018 -1.59812
v -1.91218 -1.12371 -1.57594
v -1.95086 -1.03137 -1.48944
v -1.9699 -1.23656 -1.48529
v -2.01529 -1.10213 -1.39972
v 0.0527896 -0.999719 -2.87751
v -2.54748 -0.276368 -0.639517
v -2.54311 -0.205893 -0.392111
v -2.56939 -0.20512 -0.427881
v -2.52795 -0.307834 -0.650975
v -2.71454 -0.204591 -0.279305
v -2.5668 -0.218315 -0.536255
v -2.55711 -0.305487 -0.666362
v -2.58894 -0.237959 -0.592499
v -2.61285 -0.218139 -0.541627
v -2.62954 -0.24044 -0.599562
v 1.01081 0.840132 1.61403
v 0.975941 0.891417 1.63403
v 0.965122 0.818618 1.66635
v 0.728311 0.0824547 1.56651
v 0.728005 0.0463873 1.55668
v 0.671793 0.0218364 1.61099
v 0.706614 0.0051993 1.58289
v 0.689437 -0.0159272 1.60496
v 0.654556 -0.0162241 1.63106
v 0.663616 -0.0436165 1.63877
v 0.534179 -0.0600466 1.72506
v 0.499615 -0.0124956 1.73502
v 0.37237 -0.0596072 1.79642
v 0.608053 0.54337 2.3507
v 0.498303 0.488551 2.45742
v 0.511859 0.526581 2.47793
v 0.386579 0.380396 2.4192
v 0.5275 0.560375 2.47271
v 0.527805 0.58655 2.47291
v -0.0270928 0.103423 2.05375
v 0.481234 0.536327 2.51767
v -0.0469093 0.178542 2.25637
v 0.427648 0.493814 2.55014
v 0.394679 0.454995 2.54466
v 0.393125 0.619524 2.54476
v 0.256293 0.359945 2.53032
v 0.286527 0.392838 2.56696
v 0.269065 0.762915 2.49666
v 0.360483 0.462431 2.58957
v 0.317248 0.418461 2.57701
v 0.370552 0.53891 2.61432
v -0.0594745 0.215763 2.39688
v 0.262985 0.592202 2.63512
v 0.346638 0.513897 2.63118
v 0.157916 0.376667 2.64633
v -0.194233 0.16026 2.23373
v 0.305898 0.575732 2.63512
v 0.309123 0.539493 2.6527
v 0.291832 0.443532 2.63436
v 0.244369 0.541501 2.67886
v -0.0240544 0.303423 2.59784
v -0.200267 0.232038 2.4758
v -0.289548 0.173698 2.27316
v 0.114916 0.407651 2.70423
v -0.366019 0.112169 2.07812
v -0.028785 0.361812 2.69854
v 0.0906141 0.626916 2.62065
v 0.142593 0.633219 2.60237
v 0.112962 0.653275 2.60822
v 0.137827 0.613844 2.61582
v 0.170682 0.603104 2.62341
v 0.012313 0.707469 2.6374
v -0.217467 0.311032 2.64128
v -0.381758 0.267195 2.52735
v -0.0736308 0.396653 2.73695
v -0.0456331 0.719967 2.64562
v -0.0193154 0.60352 2.64892
v -0.410723 0.227671 2.40208
v -0.022856 0.574763 2.66519
v 0.0088847 0.518377 2.73912
v -0.0582407 0.428729 2.75096
v -0.253512 1.1603 2.42685
v -0.070703 0.687936 2.65452
v -0.171883 0.381616 2.72573
v -0.318224 0.334776 2.66087
v -0.0993543 0.742827 2.63933
v -0.0492938 0.540137 2.71445
v -0.0453004 0.490283 2.75243
v -0.0962945 0.45434 2.758
v -0.0883558 0.614546 2.65165
v -0.0684333 0.577241 2.66027
v -0.0774364 0.593572 2.6545
v -0.0754499 0.504381 2.74513
v -0.156881 0.431442 2.7509
v -0.122796 0.511939 2.73267
v -0.0995366 0.491029 2.74982
v -0.153122 0.468865 2.75296
v -0.464999 0.318645 2.58133
v -0.15202 0.549918 2.66909
v -0.226702 0.431999 2.74288
v -0.558388 0.185343 2.16807
v -0.165392 0.489474 2.74319
v -0.321843 0.389232 2.70699
v -0.577415 0.240851 2.31293
v -0.0925559 1.55312 2.63619
v -0.234448 1.51875 2.66062
v -0.179142 0.570564 2.65372
v -0.13452 0.569392 2.65926
v -0.195737 0.51237 2.72066
v -0.241991 0.468382 2.73655
v -0.451722 0.367146 2.64404
v -0.582623 0.293758 2.45228
v -0.711914 0.154327 1.91465
v -0.285852 1.55812 2.63391
v -0.266886 0.477625 2.72722
v -0.632242 0.198483 2.12353
v -0.567733 0.338278 2.54246
v -0.653173 0.259483 2.28357
v -0.772258 0.120375 1.79086
v -0.578635 0.400751 2.59385
v -0.728965 0.208931 2.01543
v -0.506527 1.46232 2.63709
v -0.657489 0.362163 2.48892
v -0.692371 0.329544 2.40687
v -0.406683 0.517293 2.63462
v -0.630291 0.388644 2.54148
v -0.675141 1.34544 2.37756
v -0.775451 0.343967 2.32028
v -0.815443 0.0535783 1.64405
v -0.605264 1.29552 2.20958
v -0.760712 1.33208 2.43801
v -0.635121 1.39381 2.60723
v -0.490407 0.538666 2.56158
v -0.691149 1.40644 2.52057
v -0.669541 1.40686 2.56651
v -0.626496 1.37479 2.61365
v -0.596953 0.491546 2.55641
v -0.585795 1.35112 2.61774
v -0.775114 0.388962 2.38269
v 1.91095 -1.34473 1.92688
v -0.6905 1.39588 2.54998
v -0.488895 0.558814 2.54477
v -0.799576 -0.0363627 1.54189
v -0.706971 1.35631 2.56495
v -0.644079 1.25663 2.58073
v -0.786896 0.441181 2.39865
v -0.826227 -0.0052613 1.54989
v -0.796559 1.27266 2.39508
v -0.729482 1.35826 2.53077
v -0.756206 1.34148 2.48977
v -0.876364 0.416249 2.26034
v -0.627811 1.30827 2.59864
v -0.768174 1.30352 2.53315
v 1.90619 -1.49147 1.94626
v -0.900949 0.457357 2.24301
v -0.778997 1.26679 2.53884
v -0.937078 0.425969 2.12999
v -0.800187 1.27776 2.50736
v -0.730667 1.20258 2.55289
v -0.853763 1.16671 2.4931
v -0.856073 1.18372 2.48531
v -0.889267 1.17236 2.41368
v -0.827507 0.95384 2.41451
v -0.824938 0.87469 2.34952
v -0.932944 1.09647 2.35791
v -0.906187 1.13143 2.42576
v -0.871527 1.18937 2.45062
v -0.880128 1.14314 2.46925
v -0.94213 1.07546 2.36564
v -0.932364 1.06404 2.40803
v -0.902204 1.08086 2.44798
v -0.878582 1.11058 2.47038
v -0.913493 0.878691 2.35052
v -0.96897 0.925707 2.33624
v -0.929912 1.01359 2.41026
v -0.903084 0.977311 2.41536
v -0.925907 0.963584 2.39579
v 1.98863 -1.76202 1.77813
v -0.958088 0.899699 2.3371
v -0.93747 0.884933 2.34238
v -0.95097 0.776724 2.24089
v -0.963701 0.855377 2.30166
v -0.955246 0.818555 2.27602
v -0.984769 0.789231 2.22755
v 1.85587 -2.01781 1.8435
v 0.787484 -2.133 2.6543
v 0.67311 -2.21542 2.63997
v 0.54716 -2.09237 2.72453
v 1.53998 -2.31623 1.80328
v 1.54922 -2.2963 1.90662
v 1.36919 -2.31726 2.06788
v 0.640471 -2.25978 2.6116
v 0.467914 -2.26143 2.62857
v 0.48967 -2.29007 2.59451
v 0.637676 -2.29198 2.57665
v 0.119091 -2.26487 2.64475
v 0.421595 -2.28378 2.60529
v 0.482279 -2.31002 2.56203
v 1.77288 -2.33508 1.40204
v 1.68844 -2.31934 1.60559
v 1.51865 -2.37992 1.36772
v 0.180993 -2.28846 2.61279
v 0.299157 -2.28403 2.61566
v 0.685176 -2.31352 2.53569
v 1.39183 -2.36577 1.62849
v 0.619965 -2.34355 2.46718
v 0.197079 -2.31073 2.57657
v -1.3706 -1.77603 2.26601
v 1.65641 -2.36652 1.30079
v -1.47527 -1.62761 2.19943
v 0.284148 -2.33947 2.48148
v -1.57633 -1.64504 2.09555
v -1.29383 -1.89398 2.2937
v -0.197343 -2.28077 2.60892
v -0.0616667 -2.28939 2.61171
v -0.551211 -2.15474 2.60539
v -0.129758 -2.3154 2.57002
v -0.142696 -2.33896 2.51239
v -1.43022 -1.82311 2.19796
v -0.414955 -2.3068 2.52981
v 0.176586 -2.40406 2.2202
v -1.7151 -1.67491 1.92916
v -0.598638 -2.25706 2.51957
v -1.74427 -1.59361 1.90725
v -1.71807 -1.56931 1.94348
v -1.52352 -1.78815 2.11752
v -0.383103 -2.33447 2.48715
v -1.47491 -1.87355 2.13599
v -1.24721 -2.05526 2.25646
v -1.35344 -1.99263 2.19466
v -1.60555 -1.8643 1.99926
v -0.638641 -2.28116 2.47961
v -1.7664 -1.79516 1.81781
v -1.31089 -2.0623 2.19424
v -0.761255 -2.29813 2.39484
v -0.788837 -2.27934 2.40163
v -0.605071 -2.32233 2.43573
v -1.66256 -1.96833 1.87746
v -1.31506 -2.18466 2.10482
v -0.794904 -2.32851 2.32002
v -0.580049 -2.34494 2.39116
v -1.5302 -2.01838 2.00002
v -1.2562 -2.20433 2.14405
v -1.1869 -2.25308 2.16323
v -1.60732 -2.10907 1.84509
v -1.45245 -2.22428 1.92656
v -1.05106 -2.29017 2.2287
v -1.15161 -2.29516 2.14196
v -1.69772 -2.07638 1.74714
v -1.76422 -2.02977 1.68073
v -1.49259 -2.1961 1.90033
v -1.33754 -2.25126 2.02127
v -1.02688 -2.31858 2.20657
v -1.23179 -2.30685 2.05269
v -1.38479 -2.26807 1.95335
v -0.517048 -2.43708 1.89777
v -0.210529 -2.4509 1.98974
v -0.250535 -2.41288 2.1484
v -1.60713 -2.20273 1.75065
v -1.44007 -2.269 1.88863
v -1.76308 -2.17598 1.52728
v -1.37187 -2.31019 1.90139
v -1.68839 -2.19592 1.64121
v -1.51536 -2.26323 1.79942
v -1.46633 -2.30528 1.79791
v -1.66096 -2.24906 1.61248
v -1.58403 -2.29372 1.65876
v -1.7306 -2.27296 1.43659
v -1.64589 -2.29014 1.56388
v -1.82101 -2.20586 1.36712
v -1.53391 -2.33631 1.64087
v -1.65822 -2.31635 1.47288
v -1.81748 -2.26919 1.25035
v -1.73655 -2.32695 1.28034
v -1.60423 -2.35619 1.40759
v -1.7152 -2.35008 1.17497
v 0.584401 1.1737 1.81716
v 0.221183 1.8438 1.64581
v 0.0950772 1.7511 1.73906
v 0.277576 2.14211 1.37169
v 0.0960179 1.39363 2.04795
v 0.372011 2.3164 0.959918
v 0.0361404 1.41697 1.98401
v 0.171273 1.95958 1.58766
v 0.100952 2.10991 1.48544
v 0.116849 2.2679 1.2823
v -0.0912725 1.84332 1.71773
v -0.0538919 1.94268 1.6533
v 0.297351 0.672002 2.50386
v 0.283251 0.64051 2.54593
v 0.0049467 2.25514 1.34113
v 0.237037 0.660872 2.55008
v -0.0844602 2.2235 1.3981
v -0.228495 1.81704 1.73315
v 0.214609 0.684148 2.55429
v -0.117745 2.11312 1.52241
v -0.286572 1.93478 1.65995
v -0.375797 1.77879 1.73327
v 0.575313 -0.633598 2.48098
v 0.784831 -0.575742 2.37869
v 0.888204 -0.651176 2.40655
v -0.23782 2.09111 1.5462
v -0.200576 2.21783 1.41161
v 0.386112 -0.565965 2.45884
v 0.476852 -0.595635 2.46502
v -0.495961 1.86549 1.66121
v 0.682097 -0.681681 2.49844
v 0.0565349 2.44779 0.679751
v -0.58941 1.43476 1.82489
v 0.145748 -0.579288 2.47984
v -0.179753 2.32304 1.2479
v -0.37735 2.2436 1.34868
v -0.337472 2.17539 1.44511
v -0.391571 2.32507 1.20855
v -0.607918 1.31082 1.8971
v -0.598416 -0.358594 1.91917
v -0.300625 2.45584 0.606602
v -0.645497 1.33365 1.84635
v -0.403494 1.51865 2.64622
v -0.698986 1.34788 1.79896
v -0.65276 1.26587 1.91417
v -0.689821 1.25492 1.87886
v -0.723861 1.26394 1.82999
v -0.731743 1.20041 1.90291
v -0.561783 1.29508 2.12191
v -0.793437 -0.327396 1.75374
v -0.877218 1.31705 1.67286
v -0.956594 -0.39233 1.85699
v -0.824543 1.26253 2.45928
v -0.92818 1.18764 1.66471
v -0.942495 -0.279904 1.54565
v -0.937145 -0.317025 1.64403
v -0.949344 1.27326 1.61728
v -0.910279 -0.241596 1.46628
v -0.931439 -0.219968 1.41746
v -0.953719 -0.255607 1.45416
v -0.996143 -0.235823 1.35804
v -1.0463 -0.292837 1.4795
v -0.739977 -0.807832 2.45748
v -0.875622 -0.747498 2.35566
v -0.970354 -0.161529 1.31382
v -0.986098 -0.198926 1.32124
v -1.01634 -0.263312 1.39485
v -1.04168 -0.214126 1.26487
v -1.13403 -0.383303 1.72695
v -1.11614 -0.422706 1.83266
v -1.03821 -0.195529 1.24284
v -1.02921 -0.234328 1.31491
v -1.1142 -0.266055 1.30736
v -1.07948 -0.234166 1.2567
v -1.12449 -0.218034 1.14263
v -1.04117 1.00738 1.60064
v -1.12927 -0.194354 1.08514
v -1.34408 -0.331681 1.29275
v -1.3386 -0.352386 1.3921
v -1.21005 -0.304195 1.31418
v -1.15754 -0.273836 1.25198
v -1.22162 -0.2763 1.16921
v -1.39952 -0.315702 1.15757
v -1.18777 -0.244365 1.10419
v -1.23016 -0.244978 1.02545
v -1.32154 1.5888 0.937566
v -1.2864 1.6474 1.00193
v -1.26889 1.73386 0.94127
v -1.25802 -0.266524 1.09739
v -1.28069 1.73254 0.867417
v -1.23793 1.85274 0.824272
v -1.33509 1.6078 0.868603
v -1.29252 1.7534 0.779295
v -1.3257 -0.259509 0.927191
v -1.36137 -0.292482 1.09132
v -1.49849 -0.338295 1.14066
v -1.27903 1.82182 0.664675
v -1.34197 1.654 0.709707
v -1.44316 -0.296131 1.0102
v -1.50896 -0.33157 1.0899
v -1.53138 -0.395654 1.29178
v -1.40031 1.38035 0.823311
v -1.35485 1.39502 0.944453
v -1.35994 1.53689 0.854655
v -1.36759 1.09827 1.1104
v -1.39553 0.938564 1.24455
v -1.64882 -0.380853 1.06446
v -1.52773 -0.824644 1.97474
v -1.38779 1.48853 0.740215
v -1.54095 -0.441546 1.41584
v -1.62665 -0.741381 1.80568
v -1.49812 0.715341 1.19107
v -1.54059 -0.28206 0.828291
v -1.41449 -0.265482 0.857707
v -1.78746 -0.488499 1.16036
v -1.66618 -0.948908 1.92342
v -1.60002 -0.815809 1.89844
v -1.69021 -0.350153 0.884895
v -1.60099 -0.287631 0.768358
v -1.90146 -0.695829 1.39984
v -1.87186 -0.644611 1.36013
v -1.40922 1.43472 0.455914
v -1.37136 1.59783 0.529925
v -1.34777 1.61429 0.315187
v -1.73223 -0.33856 0.752668
v -1.91494 -0.593153 1.19123
v -1.82497 -0.448987 0.98215
v -1.65679 -0.268672 0.561448
v -1.94251 -0.551557 1.05796
v -1.98165 -0.576567 1.07288
v -1.98802 -0.611051 1.14404
v -1.96786 -0.690248 1.28896
v -1.94907 -0.635686 1.22468
v -1.97863 -0.739319 1.3353
v -1.55125 -0.204458 0.323977
v -1.96952 -0.547902 1.01532
v -1.97845 -0.6478 1.21433
v -1.85653 -0.400145 0.692528
v -1.94751 -0.519435 0.958641
v -1.98695 -0.718373 1.30345
v -1.6415 -0.226229 -0.68443
v -2.01665 -0.709018 1.26541
v -2.00066 -0.526209 0.93278
v -1.81386 -0.35051 0.568196
v -1.84342 -0.420763 0.827053
v -1.91734 -0.44371 0.716596
v -1.92796 -0.428314 0.595531
v -1.988 -0.466469 0.703711
v -1.98999 -0.446769 0.560721
v -2.35171 -0.464293 0.897923
v -2.40532 -0.523153 0.989051
v -2.45954 -0.809054 1.20333
v -2.56178 -0.533537 0.927504
v -2.54568 -0.726084 1.10911
v -2.5386 -0.953898 1.17724
v -2.56164 -0.867623 1.15594
v -2.5907 -0.647659 1.02425
v -2.55585 -0.811242 1.14091
v -2.61803 -0.68006 1.02481
v -2.62256 -0.719402 1.04348
v -2.60149 -0.788723 1.09624
v -2.57141 -0.906789 1.15309
v -2.69837 -0.633316 0.912479
v -2.65081 -0.561138 0.894491
v -2.71869 -0.728204 0.951498
v -2.80048 -0.362355 0.405249
v -2.87318 -0.544338 0.588062
v -2.79542 -0.280486 0.112337
v -2.68701 -0.211716 -0.483356
v -2.92428 -0.39333 0.201523
v -2.73939 -0.217378 -0.440024
v -2.72514 -0.218161 -0.468666
v 0.30749 2.23899 1.21512
v 0.363934 2.36414 0.743555
v 0.350397 2.34521 0.893309
v 0.258016 2.3044 1.1306
v 0.0279288 1.40416 2.08316
v 0.0793151 1.39667 2.12633
v 0.054572 1.40967 2.17241
v -0.0289491 1.41234 2.14726
v 0.190249 2.37543 0.999368
v -0.122159 1.41944 2.01502
v -0.0008199 1.47261 2.30428
v 0.228429 2.39147 0.886136
v -0.0662426 1.41148 2.09563
v -0.0776737 1.42955 2.19726
v 0.283641 2.39593 0.655649
v 0.171984 2.42317 0.74869
v -0.0875029 1.41577 2.14742
v 0.186436 2.42051 0.526538
v 0.0354285 2.33844 1.18026
v -0.171625 1.41356 2.1438
v -0.164954 1.45538 2.26231
v -0.252575 1.40198 2.09058
v -0.230615 1.42062 2.19076
v 0.0286825 2.44255 0.805312
v -0.0336118 2.38651 1.08344
v -0.267699 1.40311 2.13277
v -0.0787259 2.43539 0.9075
v -0.339877 1.38344 2.09144
v -0.357712 1.39838 2.20892
v -0.412411 1.36526 2.14601
v -0.418264 2.01899 1.5793
v -0.225601 2.38026 1.11363
v -0.229723 2.44216 0.885531
v 0.37132 0.160851 -1.02405
v 0.511548 0.161775 -0.952688
v -0.413719 2.37967 1.06442
v -0.478402 2.13463 1.45249
v -0.396654 2.42828 0.868104
v -0.556 2.2547 1.26072
v -0.389516 2.44147 0.714281
v -0.473733 2.42231 0.782873
v -0.637314 2.1633 1.34128
v -0.592775 2.3345 1.05865
v -0.561942 2.38464 0.896171
v -0.122803 0.120374 -1.11036
v 0.13186 0.119457 -1.29869
v -0.634437 2.38043 0.735752
v -0.613645 2.36541 0.906211
v -0.709262 2.24569 1.14468
v -0.678032 2.32207 0.981724
v -0.311471 0.102211 -1.08151
v -0.76246 2.26889 1.01512
v -0.776135 2.23628 1.07963
v -0.746275 2.31149 0.890373
v -0.784531 2.18636 1.17083
v -0.997753 1.50609 1.52146
v -0.773632 2.32038 0.714757
v -1.04353 1.33699 1.50434
v -0.893576 2.16542 1.05648
v -1.05395 1.17757 1.52288
v -0.981575 2.0283 1.1559
v -1.15 -0.330225 1.50599
v -1.07394 -0.564489 2.07276
v -1.09431 1.34845 1.42987
v -1.10689 1.24183 1.43573
v -1.02987 2.06676 1.00027
v -1.16291 -0.304278 1.37514
v -1.26458 -0.386396 1.59429
v -0.557413 0.014748 -1.41493
v -1.15997 1.12937 1.39828
v -0.31591 0.0453102 -1.39474
v -1.18616 1.26036 1.38783
v -1.09767 0.829633 1.61692
v -1.28775 -0.459914 1.76276
v -1.13792 1.90902 1.04828
v -1.4121 -0.444195 1.58919
v -1.17909 1.88074 0.987822
v -1.29422 1.54511 1.03279
v -1.39587 -0.410797 1.51907
v 0.0581146 0.234413 -2.06339
v -1.23956 1.81484 0.908082
v -1.2625 1.00581 1.33511
v -1.09782 2.07733 0.584076
v -1.33076 1.47947 0.975065
v -1.28804 1.05431 1.25792
v -0.354939 0.0845816 -1.89502
v -1.37906 1.00935 1.19662
v -0.543217 0.0285168 -1.87442
v -1.19574 -0.187633 0.886331
v -1.18826 -0.152861 0.828648
v -0.332009 0.18348 -2.01948
v -1.21454 -0.190882 0.844645
v -1.09144 -0.0305117 0.0271568
v -1.07536 0.0014223 0.0502323
v -1.03932 0.0271444 -0.0078463
v -0.62696 -0.0107047 -1.87096
v -1.30642 -0.235922 0.813168
v -0.120238 0.325025 -2.16117
v -0.564005 0.0614458 -1.95447
v -1.25375 -0.187635 0.692564
v -1.22078 -0.163587 0.720571
v -0.287593 0.30152 -2.14447
v -0.45869 0.159685 -2.03641
v -0.913034 -0.112972 -1.79087
v -1.40024 1.47537 0.631474
v -1.1029 -0.0038118 0.135828
v -1.37642 -0.231929 0.700842
v -1.55776 -0.266891 0.705231
v -1.75848 -0.879941 1.7775
v -0.192112 0.356322 -2.20814
v -1.19885 -0.101284 0.566994
v -0.721316 0.0265762 -2.02605
v -0.789343 -0.0496344 -1.9218
v -0.880525 -0.0895055 -1.90776
v -0.344683 0.335576 -2.2078
v -0.578957 0.170786 -2.12446
v -1.21052 -0.125397 0.58833
v 0.0853226 0.413923 -2.46174
v -1.35544 -0.205435 0.575866
v -1.22935 -0.146128 0.575119
v 0.0655077 0.412409 -2.50864
v -1.54135 -0.247547 0.633217
v -0.453626 0.309755 -2.23414
v -0.717117 0.12432 -2.18636
v -1.82992 -0.995885 1.75933
v -0.612391 0.230383 -2.25895
v -0.841502 -0.0012302 -2.10992
v -1.20028 -0.104215 0.489214
v -0.340384 0.39041 -2.3209
v -0.463321 0.347635 -2.34095
v -1.18333 -0.071464 0.460331
v -1.22276 -0.130588 0.451099
v -1.30393 1.71514 0.288769
v -1.26679 1.68069 0.097198
v -0.282509 0.423903 -2.46048
v -0.344513 0.40847 -2.46913
v -0.37949 0.39536 -2.48794
v -1.9404 -0.484188 0.849889
v -0.448786 0.360023 -2.50331
v -2.00652 -0.504562 0.852684
v -0.40351 0.373915 -2.52894
v -2.07581 -0.499101 0.851184
v -1.76443 -0.296591 0.390476
v -1.96365 -0.479471 0.784693
v -2.03924 -0.469848 0.697283
v -2.00603 -0.4741 0.721863
v -2.26853 -0.419002 0.761509
v -0.454682 0.187064 -2.70435
v -0.669059 -0.0047291 -2.6907
v -0.54701 0.0033116 -2.75663
v -0.889535 -0.355945 -2.69476
v -2.18734 -0.790578 -0.801061
v -2.22702 -0.902859 -0.8302
v -2.19125 -0.756926 -0.760418
v -2.69556 -0.321468 -0.680401
v -2.71301 -0.241049 -0.565991
v 0.258918 2.3351 0.193076
v 0.664955 0.134389 -0.693815
v 0.213434 2.38768 0.347244
v 0.168441 2.37539 0.242711
v 2.31891 -0.222685 0.116097
v 2.41125 -0.127765 0.370001
v 2.41804 -0.119761 0.20406
v 0.0339022 2.42915 0.370152
v 0.34309 0.14069 -0.804635
v 0.0025236 2.39092 0.1944
v 2.48632 -0.0944211 0.162805
v 2.41429 -0.137409 -0.0436031
v 0.0441738 2.33556 0.0491559
v -0.114681 2.43614 0.353832
v -0.085442 2.33192 0.0158313
v 2.36414 -0.271465 -0.336516
v -0.213587 2.3903 0.179722
v -0.240304 2.44924 0.46502
v 2.6179 -0.0920186 -0.163123
v -0.239158 2.32632 0.0207716
v 2.3889 -0.276519 -0.404412
v 2.38166 -0.384875 -0.453041
v -0.260246 2.43013 0.349276
v 2.40624 -0.339661 -0.488815
v 2.61314 -0.126125 -0.318298
v -0.311701 2.23404 -0.137703
v -0.351425 2.43531 0.455512
v 2.65705 -0.128041 -0.332803
v 2.51939 -0.181088 -0.411415
v 2.44237 -0.393987 -0.556716
v -0.231877 0.112447 -0.996625
v -0.331014 0.0910903 -0.797922
v -0.398751 2.39995 0.3029
v -0.459926 2.42924 0.584704
v -0.351688 2.32733 0.0654877
v -0.453543 2.40848 0.402587
v -0.521464 2.31117 0.129009
v -0.576613 2.38488 0.447103
v -0.61029 2.38858 0.589869
v -0.575484 0.0757946 -0.940044
v -0.442065 0.0938886 -0.670202
v -0.473717 0.113215 -0.6078
v -0.402107 2.12698 -0.276876
v -0.496783 0.0706286 -0.713785
v -0.525067 2.22279 -0.0552719
v -0.543789 2.36647 0.318318
v -0.567538 0.0610411 -0.782528
v -0.577495 0.082039 -0.584793
v -0.535865 0.120296 -0.558842
v -0.547742 0.0991186 -0.577047
v -0.630418 2.31486 0.243474
v -0.710297 2.33972 0.459416
v -0.608638 0.0591615 -0.626505
v -0.662601 2.27073 0.160201
v -0.668616 0.0442451 -0.635588
v -0.478397 0.848413 -0.853235
v -0.483241 1.00873 -0.862686
v -0.667929 2.07549 -0.211719
v -0.654571 2.2269 0.0553753
v -0.762164 2.21026 0.130557
v -0.749085 2.15322 0.0012708
v -0.672934 0.934135 -0.775228
v -0.683148 1.92579 -0.391087
v -0.790358 2.06193 -0.1288
v -0.866526 2.16811 0.176394
v -0.470547 0.011736 -1.49362
v -0.838104 0.0375476 -1.0811
v -0.872716 2.03593 -0.0829036
v -0.828795 1.78993 -0.41064
v -0.827333 1.92705 -0.277839
v -0.795454 1.99774 -0.216107
v -0.78904 -0.0476574 -1.53248
v -0.917211 1.84124 -0.282489
v -0.998652 0.0078903 -1.01518
v -0.958274 1.97286 -0.0759001
v -0.588142 -0.0122839 -1.56858
v -0.893392 -0.0484515 -1.42862
v -0.950202 1.72879 -0.35411
v -1.20745 1.94399 0.581396
v -1.19984 1.93389 0.421696
v -1.0695 1.89715 -0.0271669
v -1.05624 -0.0951976 -1.43469
v -1.13343 1.91763 0.135119
v -1.23159 -0.0517522 -0.875773
v -1.07276 1.61058 -0.313999
v -1.08395 1.72584 -0.199521
v -0.950432 -0.112849 -1.67259
v -1.17242 -0.0574593 -1.07823
v -1.29677 1.78373 0.442579
v -1.24004 1.84402 0.318471
v -1.16748 1.78044 -0.011599
v -1.20921 1.82141 0.149205
v -1.2832 -0.12681 -1.2085
v -1.40144 -0.126425 -0.917648
v -1.21976 -0.157423 -1.43122
v -1.19312 1.68054 -0.0762019
v -1.09152 -0.1866 -1.7445
v -1.20855 1.20486 -0.312708
v -1.43432 1.16728 0.842861
v -1.44235 1.20552 0.729873
v -1.18936 1.42677 -0.267815
v -1.42424 1.36879 0.598665
v 0.443949 0.202034 -2.58138
v -1.30986 -0.225879 -1.49427
v -1.22314 -0.257808 -1.73922
v -1.25496 1.31893 -0.208473
v -1.40893 -0.235394 -1.35958
v -1.46303 1.12092 0.635662
v -1.48624 1.04538 0.719065
v -1.48979 -0.209196 -1.10247
v -1.53457 -0.282478 -1.26747
v 0.313292 0.213222 -2.66151
v -1.14769 -0.234289 -1.91661
v -1.38528 -0.349806 -1.69088
v -1.54442 -0.199045 -0.894364
v 0.242046 0.221923 -2.68514
v 0.0674103 0.297236 -2.67436
v -0.0092682 0.267488 -2.71244
v -1.30543 -0.344928 -1.87131
v -1.49522 -0.393392 -1.59432
v -1.52827 -0.321044 -1.38341
v -1.64195 -0.260092 -0.909667
v -1.47591 1.0301 0.497909
v -1.61402 -0.270774 -1.04932
v 0.189557 0.129296 -2.76248
v -1.59658 -0.332509 -1.3068
v 0.103882 0.190197 -2.7458
v -1.28204 -0.360242 -2.03001
v -1.38952 -0.427815 -1.89363
v -1.50005 0.873548 0.48248
v -1.75384 -0.325764 -0.857183
v -1.39511 -0.495583 -2.04047
v -1.40605 -0.615914 -2.17789
v -1.15469 -0.613459 -2.53954
v -0.0122883 -0.783073 -2.8977
v -1.91818 -0.88953 -1.4923
v -0.871382 -0.470118 -2.73565
v -1.22397 -0.723375 -2.48788
v -1.00503 -0.585725 -2.65958
v -2.00615 -0.848549 -1.29741
v -2.13193 -0.847375 -1.03215
v -0.603255 -0.412745 -2.84364
v -1.28211 -0.912507 -2.43329
v -1.41473 -0.952099 -2.28883
v -0.763556 -0.517069 -2.79872
v -0.281537 -0.715321 -2.89758
v -2.02154 -0.954872 -1.34177
v -2.71694 -0.294866 0.27712
v -2.26228 -0.961713 -0.784245
v -2.30715 -0.93373 -0.719184
v -0.428072 -0.798728 -2.88314
v -2.52529 -0.613506 -0.691836
v -2.54162 -0.723808 -0.680082
v -2.58435 -0.337994 -0.685157
v -2.63777 -0.288944 -0.660749
v -2.64752 -0.367221 -0.710919
v -2.65197 -0.341556 -0.698671
v -2.67823 -0.26862 -0.633162
v -2.84638 -0.299004 0.0740641
v -2.84613 -0.694649 -0.609727
v -2.8801 -0.641784 -0.605647
v -2.88573 -0.579333 -0.618513
v -2.90926 -0.518693 -0.602363
v -2.9188 -0.622298 -0.572179
v -2.92973 -0.353911 -0.435798
v -2.90994 -0.454109 -0.588043
v -2.93869 -0.347152 -0.375636
v -0.558317 -1.47774 -2.7092
v -2.95011 -0.525902 -0.536778
v -2.95186 -0.381547 -0.404263
v -2.939 -0.430561 -0.515336
v -2.95899 -0.461732 -0.493807
v -2.97025 -0.612304 -0.47683
v 2.09533 -1.16107 1.62839
v 2.15736 -1.18617 1.5659
v 2.22071 -1.1684 1.52875
v 2.60269 -0.956333 1.33603
v 2.20876 -1.22596 1.50632
v 2.29153 -1.22704 1.43504
v 2.70664 -0.91462 1.23306
v 2.27017 -1.28021 1.40923
v 2.25228 -1.36706 1.34397
v 2.67992 -1.08259 1.13002
v 2.2388 -1.42795 1.31769
v 2.22768 -1.47995 1.31911
v 2.69458 -1.11133 1.06268
v 2.81066 -0.650727 -0.405963
v 0.505953 -1.49608 2.86085
v 2.84516 -0.670191 -0.35529
v 2.72273 -1.143 0.940152
v 2.8749 -0.7597 -0.210076
v 2.74905 -1.12414 0.836255
v 0.737787 -1.7393 2.78934
v 2.64682 -1.26296 0.871242
v 2.21198 -1.89001 1.17124
v 2.82232 -0.897711 -0.0577764
v 2.45942 -1.17467 -0.281225
v 2.13785 -1.8674 1.40752
v 2.34748 -1.51908 0.916556
v 2.02848 -2.03963 1.51718
v 1.97313 -2.05312 1.60287
v 2.12493 -2.01997 1.30132
v 2.20448 -2.0234 1.05842
v 2.47595 -1.31578 -0.03967
v 1.82038 -2.18667 1.72823
v 1.97643 -2.22919 1.38399
v 2.08642 -2.18831 1.20919
v 2.495 -1.45051 0.637442
v 2.46552 -1.36889 0.041813
v 1.76079 -2.23714 1.75458
v 0.93213 -2.22233 2.54928
v 1.89921 -2.21965 1.54558
v 2.16581 -2.14543 1.03157
v 1.9187 -2.2699 1.41796
v 2.25189 -2.12833 0.683731
v 2.55216 -1.39694 0.526998
v 2.04043 -1.52236 -1.41975
v 1.57721 -2.26874 1.94677
v 1.48706 -2.28164 2.03283
v 2.00526 -2.26239 1.26464
v 2.41642 -1.50098 0.589321
v 1.06596 -2.26 2.44317
v 1.15777 -2.24817 2.39718
v 1.14704 -2.29438 2.34838
v 1.24977 -2.28732 2.28225
v 1.25361 -2.26383 2.31112
v 1.23329 -2.31482 2.23818
v 1.61682 -2.27651 1.87081
v 1.69624 -2.29439 1.70427
v 1.98427 -2.28923 1.24031
v 1.95198 -2.27536 1.34798
v 2.10968 -2.25987 0.987965
v 0.793337 -2.23644 2.59197
v 1.14656 -2.28262 2.36432
v 1.92247 -2.29651 1.34546
v 2.05147 -2.27006 1.12981
v 2.13532 -2.26684 0.864955
v 1.08561 -2.29484 2.38863
v 2.01115 -2.29313 1.16974
v 0.974135 -2.29683 2.45332
v 1.98576 -2.31012 1.16308
v 2.02114 -2.29681 1.12507
v 2.15163 -2.2703 0.769876
v 1.97199 -1.67648 -1.47283
v 0.923436 -2.27678 2.50543
v 1.06729 -2.32316 2.34149
v 0.823283 -2.28113 2.5409
v 0.946835 -2.31486 2.43611
v 1.02284 -2.35706 2.25947
v 2.03924 -1.85282 -1.24896
v 0.754032 -2.2857 2.56011
v 0.886213 -2.30347 2.48715
v 1.3866 -2.34626 1.77065
v 2.25576 -2.179 0.478421
v 1.06777 -2.37369 2.09872
v 2.16734 -2.28819 0.570671
v 1.85096 -1.74234 -1.60621
v 0.850392 -2.33969 2.42382
v 1.08456 -2.38821 1.87496
v 1.95235 -1.78376 -1.44118
v 2.2725 -2.12223 -0.233137
v 0.757374 -2.4142 2.11182
v 2.33346 -2.02893 0.265727
v 1.72651 -2.36717 1.20176
v 1.64833 -2.37199 1.27269
v 2.01396 -2.17313 -0.960741
v 0.782705 -2.42607 1.92524
v 1.09958 -2.41931 1.63454
v 1.24758 -2.41309 1.46883
v 1.99266 -2.25522 -0.874632
v 1.98467 -2.23216 -0.929936
v 2.26135 -2.2007 0.127709
v 2.15915 -2.23648 -0.438353
v 2.05296 -2.25816 -0.727511
v 1.92266 -2.24027 -1.02673
v 1.3669 -2.40306 1.30201
v 2.21461 -2.2374 -0.138908
v 2.01758 -2.28996 -0.731891
v 1.91434 -2.27427 -0.978421
v 2.04807 -2.28435 -0.661937
v 1.98079 -2.28651 -0.823456
v 0.976167 -2.42432 1.70733
v 2.05895 -2.29331 -0.594217
v 2.17477 -2.26391 -0.238841
v 2.14638 -2.27228 -0.350713
v 2.09124 -2.29958 -0.468695
v 1.97771 -2.30745 -0.756033
v 1.24903 -2.4138 0.986829
v 1.56713 -2.40145 1.16028
v 2.17583 -2.2861 -0.109276
v 2.12473 -2.29357 -0.337783
v 1.57795 -2.40928 0.986815
v 2.19458 -2.2842 0.0435508
v 2.14318 -2.29727 -0.208965
v 2.06577 -2.31871 -0.416095
v 1.85501 -2.31311 -0.964895
v 1.81584 -2.25661 -1.16433
v 2.1706 -2.30679 0.0670972
v 2.13828 -2.31218 -0.110859
v 1.77089 -2.34288 -0.894571
v 1.85644 -2.32629 -0.876415
v 1.92901 -2.33139 -0.709944
v 1.12617 -2.41501 1.17731
v 1.69142 -2.40764 0.73157
v 1.76588 -2.30239 -1.13113
v 2.19159 -2.29272 0.156445
v 1.75841 -2.37584 -0.385779
v 1.68439 -2.35973 -0.700213
v 1.55516 -2.32109 -1.34839
v 2.00573 -2.33718 -0.409276
v 1.61791 -2.34276 -1.12788
v 1.39286 -2.37069 -0.891798
v 1.82008 -2.32927 -0.94597
v 1.16357 -2.42197 0.281351
v 1.77052 -2.39942 0.3276
v 1.84896 -2.37865 0.0804874
v 1.88608 -2.38203 0.249766
v 1.11287 -2.42268 0.513786
v 1.83642 -2.3785 -0.0741693
v 2.05495 -2.33227 -0.246021
v 0.627151 -2.43239 0.953071
v 0.69479 -2.43327 1.46463
v 1.62548 -2.38186 -0.441026
v 1.62522 -2.37404 -0.615287
v 1.44677 -2.33421 -1.41163
v 1.36154 -2.35658 -1.24107
v 1.52971 -2.38164 -0.529577
v 1.50226 -2.40517 0.0062329
v -0.71002 -2.40879 1.96397
v -0.811379 -2.36396 2.18447
v -1.00213 -2.36568 2.06955
v 1.25491 -2.30436 -1.69296
v 1.24271 -2.39056 -0.727503
v -0.935801 -2.41054 1.80438
v 1.57993 -2.3982 -0.152947
v 1.31076 -2.34677 -1.47773
v 1.24331 -2.33564 -1.61044
v 0.98075 -2.30877 -1.8806
v -0.791302 -2.4347 1.78523
v 1.14979 -2.36521 -1.25085
v 1.1036 -2.33795 -1.71974
v 1.25258 -2.41294 -0.14778
v 0.952298 -2.36739 -1.20049
v 1.08153 -2.35852 -1.61334
v 0.829305 -2.35116 -1.85751
v 0.886994 -2.37931 -1.12247
v 0.872631 -2.37239 -1.42208
v 0.70076 -2.39208 -0.98379
v 0.71585 -2.37663 -1.78035
v 0.736786 -2.3459 -1.9429
v 0.77462 -2.37867 -1.551
v 0.270628 -2.43245 0.756798
v 0.486955 -2.4327 0.636199
v 0.432593 -2.43961 0.878491
v 0.741533 -2.36607 -1.29953
v 0.554955 -2.42481 0.479351
v 0.602218 -2.42645 0.442931
v 0.377011 -2.42328 0.663773
v 0.464689 -2.4221 0.574192
v -0.316122 -2.44234 1.21223
v 0.12949 -2.46296 1.33094
v 0.0150275 -2.4572 1.53642
v 0.252396 -2.41955 0.725626
v 0.559892 -2.41382 0.41758
v 0.601623 -2.42342 0.260572
v 0.569795 -2.41415 0.241437
v 0.536378 -2.37248 -1.93654
v 0.362722 -2.36099 0.567634
v 0.431485 -2.36306 0.506137
v 0.678292 -2.36165 -1.36226
v 0.546944 -2.34532 -2.02552
v 0.548838 -2.42092 0.121118
v 0.794809 -2.42428 0.0163954
v 0.695079 -2.42735 0.265606
v 0.470904 -2.39496 -1.75707
v 0.65146 -2.37616 -1.47558
v 0.303015 -2.38924 -1.57859
v 0.0133654 -2.42979 0.765904
v 0.192751 -2.4419 0.839007
v -0.0120288 -2.43916 0.810342
v -0.241227 -2.43101 0.711147
v -0.222382 -2.44351 0.977083
v 0.295453 -2.39847 -1.71054
v 0.109925 -2.27656 0.486178
v 0.276561 -2.36606 0.634878
v 0.0383139 -2.36871 0.672659
v -0.125842 -2.42502 0.723649
v 0.0040257 -2.28891 0.499503
v 0.27798 -2.38776 -1.93755
v -0.0518817 -2.31656 0.525362
v -0.211092 -2.41865 0.671796
v 0.248276 -2.35903 -1.40832
v 0.395028 -2.3602 -1.4223
v 0.524007 -2.35618 -1.37832
v -0.122357 -2.36214 0.605676
v -0.062597 -2.28984 0.455323
v 0.498147 -2.37628 -1.28442
v -0.0156529 -2.26192 0.453582
v -0.0890089 -2.31593 0.478514
v -0.05326 -2.23661 0.403085
v -0.0133396 -2.21701 0.413079
v 0.256206 -2.37886 -1.29869
v 0.197814 -2.37778 -1.33785
v -0.0584632 -2.18733 0.378408
v -0.089362 -2.26444 0.380131
v -0.082365 -2.2441 0.372157
v -0.0451123 -2.16903 0.35064
v -0.108002 -2.28969 0.402198
v -0.0837841 -2.19519 0.349399
v -0.095923 -2.26048 0.335814
v -0.087494 -2.23119 0.346078
v -0.11645 -2.28397 0.3323
v -0.0935836 -2.26821 0.274745
v -0.069913 -2.17303 0.340782
v -0.0841658 -2.23668 0.287467
v -0.0876622 -2.19693 0.305449
v 0.0498642 -2.28793 0.100269
v 0.11287 -2.27771 0.126598
v 0.0425349 -2.23425 0.169584
v -0.067724 -2.22648 0.243552
v -0.0476966 -2.16738 0.261003
v -0.0211483 -2.17088 0.277812
v 0.0094497 -2.19095 0.229732
v -0.0053366 -2.20221 0.207071
v 0.0148199 -2.26335 0.142107
v -0.0002104 -2.36049 -2.08956
v 0.0813111 -2.37961 -2.00381
v -0.187273 -2.38901 -1.97177
v -0.131516 -2.29214 0.248771
v -0.11216 -2.29355 0.211031
v -0.0681999 -2.19668 0.249869
v -0.0631268 -2.17824 0.259785
v -0.0468056 -2.19239 0.230736
v -0.0269609 -2.25222 0.180265
v 0.0237887 -2.36015 -0.0742971
v 0.135415 -2.34809 -0.0395951
v -0.0706173 -2.25649 0.23239
v -0.050771 -2.22181 0.220012
v -0.0517315 -2.24539 0.2149
v -0.0633222 -2.27939 0.179389
v -0.0275242 -2.30438 0.0992198
v -0.0402873 -2.35669 -0.0496947
v -0.173154 -2.33553 0.102786
v -1.41515 -2.38886 0.17694
v -1.31435 -2.39489 0.335388
v -1.53958 -2.39307 0.344087
v -1.13465 -2.37665 -0.456848
v -1.2403 -2.38716 -0.0317358
v -1.25755 -2.37201 -0.628743
v -1.05445 -2.35544 -1.03261
v -1.22077 -2.38249 -1.08212
v -1.01282 -2.37184 -1.22348
v -1.21609 -2.36396 -0.846763
v -1.5113 -2.37824 -0.774122
v -0.886184 -2.34784 -1.16743
v 1.38387 -2.17424 2.2824
v 1.31517 -2.23802 2.29021
v 1.77775 -2.25284 1.69161
v 1.8435 -2.2637 1.56661
v 0.591267 -2.04799 2.73624
v 1.65017 -2.25621 1.86919
v 1.74022 -2.2615 1.73739
v 1.31038 -2.26119 2.26735
v 1.76755 -2.27002 1.66939
v 1.8439 -2.29129 1.50095
v 1.8692 -2.27705 1.4978
v 1.87302 -2.30939 1.38568
v 2.05994 -2.29682 1.01665
v 1.97083 -2.32366 1.10627
v 2.05465 -2.31252 0.943309
v 2.08297 -2.29983 0.917354
v 2.05626 -2.33191 0.760256
v 2.11734 -2.30247 0.775202
v 2.09617 -2.32046 0.743025
v 2.1406 -2.29902 0.661976
v 1.79973 -2.36078 1.08492
v 2.13656 -2.3113 0.612847
v 2.09954 -2.33108 0.600733
v 1.80344 -2.39241 0.75525
v 2.13368 -2.3181 0.54511
v 2.18122 -2.28458 0.486055
v 1.6256 -2.37611 1.27231
v 1.71567 -2.38861 1.01744
v 2.14851 -2.31869 0.437217
v 2.16993 -2.30562 0.422835
v 2.12577 -2.33167 0.378063
v 0.577223 -2.44245 2.02323
v -0.474842 -2.26981 2.55311
v 2.21317 -2.26558 0.32044
v 2.17196 -2.31276 0.295849
v 0.406035 -2.41639 2.14784
v 2.14267 -2.32855 0.221526
v -0.314009 -2.37932 2.33044
v 0.401924 -2.45236 2.00272
v 0.683948 -2.43542 1.86613
v 2.12145 -2.32491 -0.0028125
v -0.0048989 -2.43565 2.08726
v 0.154151 -2.44827 2.04898
v -1.0384 -2.24605 2.28105
v -0.0244845 -2.45033 1.99274
v 0.138 -2.45236 1.98511
v 0.298954 -2.44384 1.89466
v 0.31519 -2.45044 1.64994
v -0.327337 -2.44641 1.86027
v -1.12785 -2.34631 2.04872
v -1.27257 -2.33988 1.93929
v -2.55261 -1.30203 0.939925
v -1.20444 -2.37277 1.85272
v -1.42182 -2.35097 1.71711
v -2.54641 -1.3581 0.848544
v -0.905807 -2.4346 1.68935
v -0.422041 -2.44396 1.5847
v -2.51943 -1.41332 0.744952
v -1.38559 -2.39266 1.4192
v -2.59315 -1.35073 0.767724
v -2.40941 -1.49495 0.653078
v -1.12717 -2.42736 1.5021
v -0.771658 -2.43322 1.4954
v -2.519 -1.45641 0.544742
v -0.980778 -2.42057 1.31588
v -1.28129 -2.41744 1.34876
v -1.61465 -2.37264 1.03833
v -1.43635 -2.41209 1.11518
v 0.550498 -2.42053 -0.309541
v 0.79277 -2.4145 -0.524679
v -1.3333 -2.42283 1.22644
v -1.13092 -2.41948 1.16543
v -2.85381 -1.14796 0.351819
v 0.184268 -2.42824 0.764092
v 0.485335 -2.36193 0.350373
v -1.51547 -2.40203 0.894349
v 0.301104 -2.31769 0.49352
v 0.498713 -2.3652 0.26831
v 0.39411 -2.34988 -2.05797
v -0.600601 -2.4311 1.07237
v 0.467072 -2.35666 0.201904
v 0.508412 -2.42409 -0.0418573
v 0.652805 -2.3797 -1.23998
v 0.272907 -2.27852 0.385104
v 0.413047 -2.364 0.0655351
v 0.457031 -2.41471 0.0023741
v 0.214024 -2.36452 -2.05293
v 0.214715 -2.27525 0.449389
v 0.242436 -2.27168 0.240414
v 0.325703 -2.31906 0.130653
v 0.342339 -2.41963 -0.116204
v 0.247666 -2.40042 -0.859868
v -2.59128 -1.39425 0.10026
v -2.47928 -1.47681 0.274848
v 0.0357933 -2.2589 0.455453
v 0.351358 -2.36334 0.0053827
v 0.374017 -2.40935 -0.0568093
v 0.11279 -2.2413 0.395032
v 0.118926 -2.23812 0.239182
v -0.874361 -2.42002 0.854032
v 0.0527316 -2.22222 0.386614
v 0.275265 -2.41972 -0.250793
v -1.21144 -2.4113 0.940261
v 0.163773 -2.26118 0.189884
v 0.0905821 -2.39694 -1.78401
v -0.406077 -2.42553 0.571326
v 0.0737853 -2.216 0.30113
v 0.221258 -2.36072 -0.0524237
v 0.229811 -2.40793 -0.121379
v 0.23839 -2.35788 -1.45977
v 0.109267 -2.38563 -1.58942
v -0.271338 -2.37848 0.514821
v 0.114727 -2.25765 0.166091
v -0.317061 -2.42092 0.576145
v 0.182247 -2.41946 -0.179555
v 0.03705 -2.35031 -1.47644
v -0.0481652 -2.3912 -1.62787
v -0.26389 -2.35121 0.42621
v -0.0222301 -2.41408 -0.451745
v 0.105864 -2.3773 -1.32997
v 0.0748263 -2.40412 -0.147602
v -0.33643 -2.41513 0.51049
v 0.104843 -2.35165 -1.42882
v -0.959466 -2.40967 0.499569
v 0.0603326 -2.41811 -0.204214
v -0.432681 -2.41847 0.389828
v -0.398323 -2.40926 0.381653
v -0.246475 -2.39821 -1.69479
v -0.290311 -2.35269 0.238416
v -0.0015108 -2.40822 -0.141491
v -2.03362 -2.20397 -0.250615
v -0.294571 -2.40241 -0.556481
v -0.673982 -2.41406 0.313072
v -0.1684 -2.36857 -0.0012967
v -0.153904 -2.40361 -0.0891125
v -0.147196 -2.35812 -1.4772
v -0.100562 -2.41511 -0.14064
v -0.296588 -2.38196 -1.5379
v -0.392224 -2.41061 0.196561
v -0.334726 -2.40778 0.0590305
v -0.281823 -2.4079 -0.0112339
v -0.296156 -2.39383 -0.835709
v -0.15244 -2.35897 -1.41045
v -0.362231 -2.4012 -1.67553
v -0.314884 -2.4005 -1.84316
v -0.20119 -2.41511 -0.109071
v -0.099675 -2.41801 -0.360811
v -0.382116 -2.3834 -1.99092
v -1.98485 -2.28733 -0.0762207
v -0.429088 -2.41677 0.217089
v -0.438246 -2.39352 -1.91285
v -1.96767 -2.24446 -0.476575
v -2.04134 -2.10545 -0.638207
v -1.92677 -2.24117 -0.659585
v -2.04091 -2.17755 -0.349213
v -1.97929 -2.26106 -0.321081
v -1.91131 -2.313 -0.415314
v -0.39152 -2.41633 0.0177033
v -0.337664 -2.41136 -0.319141
v -0.9332 -2.35995 -1.7677
v -1.8528 -2.33223 -0.554418
v -0.868618 -2.40281 0.139619
v -0.399408 -2.35491 -1.39045
v -0.98271 -2.36212 -1.75126
v -1.84363 -2.28351 -0.809682
v -0.643159 -2.3912 -1.77909
v -0.917243 -2.37176 -1.7337
v -1.64985 -2.35962 -0.116759
v -1.67625 -2.36274 -0.0240723
v -1.85676 -2.35548 -0.181396
v -0.632524 -2.40724 -0.0340147
v -0.379516 -2.3586 -1.34593
v -0.629543 -2.38205 -1.86826
v -0.902614 -2.38667 -1.60565
v -1.06921 -2.38632 -1.51987
v -0.204172 -2.37501 -1.30855
v -0.565168 -2.36827 -1.20122
v -0.896156 -2.37861 -1.38616
v -1.79051 -2.36296 -0.412376
v -0.721907 -2.37382 -1.40032
v -1.72741 -2.37013 -0.629744
v -0.580191 -2.34973 -1.31469
v -0.560199 -2.39068 -0.727576
v -0.727733 -2.34897 -1.24222
v -1.08863 -2.36892 -0.813776
v -0.839519 -2.36664 -1.05294
v -0.886301 -2.38261 -0.582246
v -1.85284 -1.49909 1.77505
v -1.88091 -1.6426 1.69872
v -0.94932 -2.27217 2.31332
v -1.88802 -1.83656 1.59564
v -1.97282 -1.73151 1.49104
v -1.86119 -2.04649 1.48837
v -1.96437 -1.9058 1.37878
v -2.21448 -0.739031 -0.726542
v -2.18671 -0.874234 -0.923013
v -2.17471 -0.897623 -0.978408
v -2.08625 -0.941565 -1.20763
v -1.92542 -2.175 1.14581
v -2.07933 -1.03445 -1.26935
v -2.14376 -0.953845 -1.09337
v -2.23831 -1.547 0.778797
v -2.17295 -1.06827 -1.08387
v -2.22129 -0.985923 -0.934636
v -2.26316 -1.53518 0.723488
v -2.31089 -1.51827 0.660639
v -2.00906 -2.09 1.01416
v -2.15062 -1.1839 -1.1547
v -2.2883 -1.54636 0.622739
v -2.28989 -1.55506 0.573447
v -1.81541 -2.29706 1.18628
v -2.3326 -1.52583 0.575381
v -1.9638 -2.20674 0.929812
v -1.91318 -2.24783 1.02347
v -1.88194 -2.27844 1.03327
v -1.80041 -2.32882 1.09092
v -2.18826 -1.37919 -1.03986
v -2.39665 -1.51738 0.476308
v -2.30076 -1.54366 0.468812
v -1.88899 -2.29739 0.928499
v -2.33779 -1.53245 0.431445
v -1.96932 -2.23059 0.836356
v -1.79609 -2.34659 0.972876
v -2.50972 -1.47137 0.376098
v -2.30974 -1.54921 0.406323
v -2.36782 -1.51904 0.288577
v -2.60752 -1.1138 -0.459134
v -2.30953 -1.55202 0.336221
v -1.83358 -2.34512 0.827576
v -1.9082 -2.31326 0.734695
v -2.85658 -0.789331 -0.537283
v -1.98768 -2.24774 0.673977
v -1.95776 -2.27795 0.690203
v -1.79172 -2.35921 0.780002
v -2.69492 -1.01709 -0.424594
v -2.72768 -0.991636 -0.41398
v -1.68155 -2.37069 0.720063
v -2.60496 -1.16202 -0.407351
v -2.88281 -0.722565 -0.562954
v -2.56687 -1.25907 -0.301039
v -2.73702 -1.09288 -0.286996
v -2.89202 -0.815496 -0.473363
v -2.38878 -1.49965 0.179146
v -1.98364 -2.26503 0.590643
v -1.87975 -2.34456 0.525136
v -2.60941 -1.2021 -0.34896
v -2.63881 -1.19411 -0.315811
v -2.76805 -1.00278 -0.358424
v -2.93358 -0.726489 -0.498493
v -2.78479 -1.02926 -0.303426
v -2.34037 -1.53551 0.133859
v -1.95914 -2.29448 0.531832
v -2.85949 -0.940275 -0.349953
v -2.37929 -1.49345 0.0898818
v -1.98898 -2.2738 0.433395
v -1.84342 -2.3549 0.521006
v -1.57945 -2.39481 0.539681
v -2.77448 -1.06358 -0.264914
v -1.45706 -2.40705 0.780711
v -2.64013 -1.27263 -0.160054
v -2.87695 -0.983644 -0.259284
v -2.89984 -0.939666 -0.292492
v -2.54638 -1.34659 -0.136551
v -2.68063 -1.21246 -0.20066
v -2.35331 -1.50663 0.0341909
v -2.7869 -1.09293 -0.183495
v -2.36785 -1.48272 -0.0027425
v -2.71623 -1.21336 -0.118888
v -2.77364 -1.14218 -0.0959145
v -2.71477 -1.26539 0.0141136
v -2.67751 -1.30709 0.0279121
v -1.99583 -2.27971 0.304504
v -1.89426 -2.33838 0.421098
v -1.8396 -2.35407 0.38845
v -1.95229 -2.3145 0.291639
v -1.67868 -2.37348 0.383045
v -1.737 -2.36819 0.259687
v -1.91206 -2.33992 0.122887
v -1.98308 -2.30215 0.113849
v -1.85676 -2.08806 -1.18889
v -1.85215 -2.35429 0.0874401
v -1.85284 -2.1238 -1.13403
v -2.04777 -2.12767 -0.53722
v -1.91444 -2.33832 -0.0431943
v -1.87483 -2.16386 -1.01551
v -1.94491 -2.1503 -0.852891
v -1.59398 -2.38379 0.0559371
v -1.50623 -2.38555 -0.0220173
v -1.75148 -2.30982 -0.954912
v -1.91717 -2.33376 -0.182901
v -1.00435 -2.40148 0.167046
v -1.49537 -2.37593 -1.21013
v -1.37336 -2.386 -1.29143
v -1.7632 -2.34108 -0.811617
v -1.76372 -2.35918 -0.690938
v -1.83892 -2.35248 -0.408736
v -1.0411 -2.39424 -0.0829019
v -1.17264 -2.39002 -1.32724
v -1.36072 -2.3933 -1.16533
v -1.51114 -2.38529 -1.11168
v -1.47821 -2.37639 -0.273099
v -1.56229 -2.38795 -0.944837
v -1.6634 -2.38094 -0.792337
v -1.45499 -2.36347 -0.562171

vn 0.0115085 -0.0592999 0.0796936
vn 0.032311 -0.0490182 0.080952
vn 0.0233183 -0.0796081 0.0558463
vn 0.0047993 -0.0851277 0.0522517
vn 0.0036569 -0.064033 0.0767229
vn 0.0038156 -0.0337931 0.0940397
vn 0.0006502 -0.0322814 0.094644
vn 0.0052838 0.0062285 0.0996659
vn -0.000389 -0.085898 0.0511995
vn 0.0012759 -0.0720246 0.0693602
vn -0.0030007 -0.06196 0.0784344
vn -0.0032736 0.0192127 0.0980824
vn -0.0010875 0.0676905 0.073599
vn -0.0096185 0.0605137 0.0790289
vn -0.0077974 0.0587243 0.0805646
vn -0.0148649 0.0085384 0.0985197
vn -0.0074328 0.0814803 0.0574953
vn -0.0029656 0.0817652 0.0574948
vn -0.0135612 -0.0240783 0.0961058
vn -0.0144849 0.0724293 0.0674105
vn -0.0125192 0.0834274 0.0536948
vn -0.0251909 0.0142412 0.0957215
vn -0.0196293 0.0537595 0.0820037
vn -0.0225573 0.0320971 0.0919834
vn -0.0070527 -0.0823348 0.0563137
vn -0.0121962 -0.0682409 0.0720725
vn -0.0267288 -0.0110892 0.0957215
vn -0.0120646 -0.0476455 0.0870882
vn -0.0187801 0.0748482 0.0636008
vn 0.0027478 -0.0588045 0.0808361
vn 0.0042158 -0.0513597 0.0856995
vn 0.0100852 -0.0440048 0.0892293
vn -0.023851 -0.0797771 0.0553782
vn -0.0236545 -0.0419876 0.0876214
vn 0.0032354 0.071454 0.0698846
vn 0.0088697 0.0762718 0.064062
vn -0.0058592 0.0788483 0.0612259
vn -0.0368205 -0.0456668 0.0809864
vn -0.0388595 0.0242787 0.0888847
vn -0.033033 0.0491911 0.0805547
vn -0.0270764 0.0610173 0.0744565
vn -0.0244652 0.051994 0.0818418
vn -0.0392533 -0.065678 0.0643861
vn -0.0424879 -0.0044832 0.0904139
vn 0.0109138 -0.0380373 0.0918371
vn 0.0166839 -0.0243251 0.0955507
vn 0.0155608 0.0177495 0.0971742
vn 0.0279193 0.04402 0.0853391
vn 0.0176777 0.0529591 0.0829629
vn 0.013735 -0.0114636 0.0983867
vn 0.0234579 0.0081626 0.0968664
vn -0.0134023 0.0803422 0.058013
vn 0.0017242 0.0729497 0.0683766
vn -0.0024605 0.087286 0.048735
vn -0.0120568 0.0580387 0.0805366
vn 0.0140571 0.0500939 0.085399
vn -0.0213011 0.0903122 0.0372823
vn -0.0408769 -0.0753617 0.0514751
vn -0.0257673 -0.0869003 0.0422419
vn 0.0099907 -0.031892 0.0942501
vn -0.0475466 -0.0512902 0.0714747
vn -0.0556486 0.0043377 0.0829724
vn -0.0552093 -0.0252488 0.0794634
vn -0.013358 0.0759812 0.0636273
vn -0.0181757 0.0815506 0.0549467
vn 0.0089446 -0.0448902 0.0889093
vn -0.0103982 0.0718159 0.0688067
vn -0.0285139 0.0644084 0.0709825
vn -0.018638 -0.0921318 0.0341228
vn -0.0326372 -0.0875151 0.0357201
vn -0.0394278 -0.082751 0.0399715
vn -0.0111513 0.068445 0.0720481
vn -0.0460746 0.0328374 0.0824551
vn -0.0300472 0.0395515 0.086792
vn -0.0400573 0.0372963 0.0836923
vn -0.0294121 0.0796384 0.0528455
vn -0.0229456 0.0435856 0.0870276
vn 0.0076442 0.0239849 0.0967796
vn 0.039091 0.0308317 0.0867254
vn 0.0181225 -0.0334956 0.0924642
vn 0.0151268 0.0830438 0.0536181
vn -0.0121004 0.0717799 0.0685655
vn -0.0253961 0.0660868 0.0706228
vn -0.019782 0.064349 0.0739451
vn -0.0170045 0.0618554 0.0767122
vn -0.0144715 -0.007328 0.0986756
vn -0.0051197 0.0172951 0.0983599
vn -0.0154468 0.0146505 0.0977075
vn -0.0013375 -0.0266883 0.0963636
vn 0.0135719 -0.017853 0.0974529
vn -0.011598 0.0438552 0.0891191
vn 0.0055179 0.0185541 0.0981086
vn -0.0427204 0.0717871 0.0549689
vn -0.0373041 0.0433936 0.0820085
vn 0.019678 -0.0274044 0.094137
vn -0.0140616 0.0446597 0.0883617
vn -0.0260457 0.0748146 0.0610278
vn -0.0493163 0.0477609 0.0727103
vn 0.0010205 0.0225196 0.097426
vn -0.0318961 0.0676863 0.0663415
vn 0.0172436 -0.0275408 0.0945736
vn 0.027049 -0.0608046 0.0746401
vn -0.0174719 0.0301129 0.0937441
vn -0.0547211 0.061166 0.0571343
vn -0.0435359 0.0652788 0.0619943
vn 0.0294955 -0.0440142 0.0848102
vn 0.000696 -0.0065005 0.0997861
vn -0.0234474 0.0367031 0.0900172
vn -0.0587747 0.0233355 0.0774661
vn -0.0418821 0.0187913 0.0888413
vn -0.0498802 0.0195089 0.0844474
vn -0.061087 0.023108 0.0757258
vn -0.070185 0.0659208 -0.0269912
vn -0.052938 0.0754577 -0.0387776
vn -0.0604003 0.075559 -0.0253505
vn -0.0703234 -0.0633056 0.0323577
vn -0.0594628 -0.0721532 0.0354696
vn -0.0660062 -0.0707196 0.025336
vn -0.0736212 0.0670599 0.0091038
vn -0.0713407 0.0699658 0.0039114
vn -0.0746175 0.059554 0.0297583
vn -0.0681534 0.0675129 -0.0282333
vn -0.0213141 -0.0220735 0.095176
vn -0.0294427 -0.0110928 0.0949214
vn -0.0486739 0.0075544 0.0870275
vn 0.025814 -0.0626271 0.0735628
vn 0.0235823 -0.0675579 0.0698557
vn 0.0148406 -0.0557912 0.0816523
vn -0.0209111 0.0307702 0.092822
vn -0.0354316 0.035673 0.086441
vn -0.053771 0.0611508 0.0580454
vn -0.0749111 0.0412829 0.0518079
vn -0.0693347 0.0545627 0.0470703
vn -0.0693915 0.0335769 0.0636979
vn -0.0752998 0.0527749 0.0393033
vn 7.25e-05 -0.0159388 0.0987216
vn -0.0670341 0.0272007 0.0690402
vn -0.0640611 0.0241738 0.0728822
vn -0.0600969 -0.0631815 0.0489536
vn -0.0554322 -0.0669099 0.0495009
vn -0.0648336 -0.0577315 0.0496354
vn -0.0786623 0.0590031 0.0181901
vn -0.0433818 0.0446976 0.0782313
vn -0.0649749 0.0537798 0.0537215
vn -0.0811284 -0.0524637 0.0258021
vn -0.0736613 0.0664946 -0.0123479
vn -0.0828627 0.053653 -0.0159728
vn 0.011785 -0.0448507 0.0885976
vn 0.0314358 -0.0544427 0.0777675
vn -0.0189201 0.0010179 0.0981886
vn -0.0649854 0.0382415 0.0656847
vn -0.0679221 -0.0674593 0.0289108
vn -0.0582195 0.0433524 0.0687827
vn -0.0628185 -0.0625378 0.046291
vn -0.0619445 -0.0557995 0.0552205
vn -0.0798398 0.0443864 0.0406872
vn -0.0762409 0.0647044 -0.0008126
vn -0.0808682 0.0568187 -0.0152307
vn -0.0390439 0.0307427 0.0867782
vn -0.072168 0.0362551 0.0589691
vn -0.075685 0.0303263 0.0578973
vn -0.0474933 0.0766958 0.0431526
vn -0.0661753 0.052799 0.0532268
vn -0.0520388 0.0684897 0.0510012
vn -0.0753429 -0.0312115 0.0578731
vn -0.0713207 -0.0274929 0.0644786
vn -0.0749649 -0.0104217 0.0653579
vn -0.0777093 0.0254305 0.0575722
vn -0.0735496 0.0256089 0.0627267
vn -0.0699481 0.0386641 0.0601028
vn -0.0763838 0.033658 0.0550695
vn -0.0838357 0.0519874 0.0163976
vn -0.0108534 -0.0359795 0.0926697
vn -0.0423562 -0.0129711 0.0896532
vn -0.0619379 0.013909 0.0772673
vn -0.079816 0.0192201 0.0570963
vn -0.065709 0.0590223 0.0468902
vn -0.0806758 0.0306093 0.0505419
vn -0.0761308 0.0478965 0.0437039
vn -0.0917746 -0.0015506 0.0396866
vn -0.08537 0.0312996 0.0416209
vn -0.0949759 -0.021486 0.0227582
vn -0.0847466 -0.0472759 0.0241456
vn -0.0912942 -0.0335104 0.0232901
vn -0.0674627 -0.0457825 0.057903
vn 0.0195195 0.0172992 0.0965387
vn 0.0302525 0.0234337 0.0923886
vn 0.0165343 0.0314139 0.0934868
vn -0.0787406 0.0253559 0.0561872
vn -0.0871434 0.0471756 -0.0134348
vn -0.0762264 0.0101532 0.0639253
vn -0.0754121 0.0170627 0.0634183
vn -0.089396 -0.0315113 0.0318652
vn -0.0779328 -0.050164 0.0375507
vn -0.0786208 -0.0413228 0.0459478
vn -0.0745378 0.0402338 0.053154
vn 0.0112023 -0.0612604 0.0782411
vn -0.0603612 -0.0147152 0.0783581
vn -0.0768356 0.0298341 0.0566235
vn -0.074993 0.0207943 0.0627984
vn -0.0478971 0.0796824 0.0368318
vn -0.0623833 0.0672856 0.0397615
vn -0.0655453 0.0614124 0.0439582
vn -0.0942832 -0.0120862 0.0310581
vn -0.0665318 0.0504326 0.0550461
vn -0.0937665 0.0347536 0.0001739
vn -0.0268949 -0.0448923 0.0852135
vn -0.0809896 -0.0040704 0.0585159
vn -0.0770303 0.0100038 0.0629782
vn -0.0806424 0.035615 0.0472056
vn -0.0847065 0.0430098 0.0312246
vn -0.0893467 0.0443743 -0.0069346
vn -0.0810118 0.0216585 0.0544793
vn -0.0449977 0.0797825 0.0401243
vn -0.0504589 0.0639205 0.058035
vn -0.0689814 0.032773 0.0645562
vn -0.0928648 -0.0027624 0.0369933
vn -0.0742237 -0.048734 0.0459983
vn -0.0777901 0.0314824 0.0543835
vn -0.0737657 0.0295981 0.0606843
vn -0.0916441 0.0397766 -0.004379
vn -0.0496886 0.0741213 0.045134
vn -0.04982 0.0296402 0.0814827
vn -0.0792996 0.0286735 0.0537532
vn -0.0893281 -0.0318351 0.0317336
vn -0.0851519 -0.0061734 0.0520676
vn -0.081701 -0.0258413 0.0515479
vn -0.0602584 -0.0694072 0.03939
vn -0.0797041 0.0345144 0.0495581
vn -0.0881464 0.0471009 -0.0034237
vn -0.0942211 0.0319055 0.0102187
vn -0.0979007 0.0168121 0.0115244
vn -0.0955872 0.012597 0.0265406
vn -0.0116716 -0.0664811 0.0737837
vn -0.0745528 -0.0005094 0.0666455
vn -0.074965 0.0370021 0.0548734
vn -0.0490159 0.0639718 0.0592034
vn -0.0378922 0.058564 0.071655
vn -0.0664845 0.0019843 0.0746718
vn -0.0804404 -0.03561 0.0475528
vn -0.0719208 -0.0057336 0.0692425
vn -0.0948458 -0.0259817 0.0181444
vn -0.0987627 0.0045384 0.0150114
vn -0.0938786 -0.006193 0.0338889
vn -0.0410187 -0.0416439 0.0811373
vn -0.063228 0.0562786 0.0532441
vn -0.0714501 0.0385357 0.0583942
vn -0.0429122 0.0103797 0.0897263
vn -0.0462587 -0.0293981 0.0836414
vn -0.094136 -0.0113581 0.0317712
vn -0.0693471 -0.034681 0.0631523
vn -0.0636707 -0.0525487 0.0564329
vn -0.0823745 -0.0298235 0.0482183
vn -0.0848249 0.0276138 0.045191
vn -0.0843073 0.0315036 0.0435868
vn -0.0964595 0.0263027 0.0019305
vn -0.0568907 -0.001946 0.0822172
vn -0.05913 -0.0474184 0.0652314
vn -0.0612259 -0.065944 0.0436208
vn -0.0574607 -0.0725327 0.0379113
vn -0.0621655 0.0254829 0.0740681
vn -0.073554 0.0170024 0.0655799
vn -0.0890196 0.0432284 0.014381
vn -0.0870964 0.0323763 0.0369594
vn -0.0881214 0.0472162 0.0022926
vn -0.0756931 -0.0323194 0.056798
vn -0.0783745 -0.0323845 0.0529971
vn -0.0333264 -0.062755 0.0703645
vn -0.0604681 -0.0588722 0.053644
vn -0.0824184 -0.0396561 0.0404301
vn -0.0931096 -0.0282371 0.0230927
vn -0.0983186 -0.0171793 0.0061908
vn -0.0717825 -0.0402998 0.0567733
vn -0.073972 -0.0265244 0.0618434
vn -0.0726959 0.0318226 0.0608492
vn -0.0932824 0.0359294 0.0027351
vn -0.0991273 0.0022774 0.0129842
vn -0.0835799 -0.0337544 0.0433018
vn -0.0455133 -0.0623826 0.063537
vn -0.0996077 -0.0005893 0.0088298
vn -0.0713697 -0.0168546 0.0679874
vn -0.0673436 -0.0612618 0.0413743
vn -0.0924882 0.0299243 0.0234622
vn -0.0946233 0.0322918 0.0019182
vn -0.0889136 -0.0314473 0.0332482
vn -0.0789878 -0.0456119 0.0409937
vn -0.0999536 0.0028909 -0.0009578
vn -0.0918203 0.0013272 0.0395887
vn -0.0782273 0.0407734 0.0470958
vn -0.0909896 0.0193307 0.0367045
vn -0.0978664 0.0082558 0.0188151
vn -0.0733318 0.001918 0.0679616
vn -0.0820002 -0.0342496 0.0458578
vn -0.096137 0.0248448 0.0118499
vn -0.0501499 -0.0643586 0.0578183
vn -0.0850455 -0.0072227 0.0521066
vn -0.0862829 0.012359 0.0490154
vn -0.0804421 0.0293613 0.0516428
vn -0.0819385 0.0157097 0.0551297
vn -0.0689377 0.0139555 0.0710833
vn -0.0681973 -0.0564966 0.0464465
vn -0.0668745 -0.0663617 0.033525
vn -0.0705552 0.0542538 0.0455904
vn -0.085584 0.0238218 0.0459118
vn -0.0760663 0.0487546 0.0428591
vn -0.0818394 0.0433323 0.0377442
vn -0.0787913 0.0147276 0.0597916
vn -0.0879037 0.0162707 0.0448129
vn -0.0933476 -0.0093278 0.0346297
vn -0.079427 0.0085902 0.0601462
vn -0.0821441 -0.0476943 0.0312667
vn -0.0912123 -0.00642 0.0404858
vn -0.0984261 0.001731 0.017587
vn -0.0961855 -0.0087658 0.0259135
vn -0.068541 0.018034 0.0705472
vn -0.0724577 0.0249947 0.0642274
vn -0.0666955 0.0300229 0.0681934
vn -0.0619876 -0.0754504 0.0215586
vn -0.0922438 0.0222114 0.031587
vn -0.0512479 0.0652901 0.0557751
vn -0.0447848 0.0631904 0.0632557
vn -0.0402694 0.0751484 0.0522598
vn -0.088515 0.0149081 0.0440777
vn -0.0679871 0.0075654 0.0729419
vn -0.0723955 -0.0123494 0.0678704
vn -0.057868 -0.0739741 0.0343384
vn -0.0692173 -0.0716604 0.0085883
vn -0.0901397 0.0036435 0.0431458
vn -0.0963632 -0.0137241 0.0229301
vn -0.0806958 -0.0364606 0.046463
vn -0.0781759 -0.0486402 0.0390213
vn -0.0678684 -0.0640452 0.0359456
vn -0.0934122 0.0224106 0.0277836
vn -0.0812141 0.0485722 0.0323266
vn -0.0963706 -0.0013136 0.0266643
vn -0.088128 0.0157154 0.04457
vn -0.0600261 -0.0750237 0.0277184
vn -0.0856085 -0.0481474 0.0187887
vn -0.0968399 -0.0096343 0.0230047
vn -0.0795665 0.0542775 0.026891
vn -0.0624817 0.0726185 0.0286808
vn -0.0528053 0.0824793 0.0202182
vn -0.0551509 0.0559961 0.0618289
vn -0.0789745 0.0407464 0.0458558
vn -0.0780244 0.0579993 0.0234151
vn -0.0980583 0.0127141 0.0149308
vn -0.0809546 -0.0543576 0.0221722
vn -0.0892256 0.0364442 0.0266573
vn -0.0875989 -0.004638 0.0480096
vn -0.0984784 0.0116002 0.0129397
vn -0.056535 0.0680656 0.0465926
vn -0.0472289 0.0757148 0.0451299
vn -0.0858241 -0.0398278 0.0323725
vn -0.0950158 0.0068533 0.0304144
vn -0.074923 0.0182754 0.0636597
vn -0.0765646 -0.0084711 0.063766
vn -0.0699001 -0.0712276 0.006373
vn -0.0927651 -0.0361103 0.0095233
vn -0.0513301 0.0764741 0.0389478
vn -0.0923918 0.0120476 0.0363127
vn -0.0756671 -0.0653714 0.0010363
vn -0.0583409 0.0610368 0.0535803
vn -0.0885048 -0.0260413 0.0385844
vn -0.0906007 -0.0327783 0.0267788
vn -0.0990516 -0.0007117 0.0137213
vn -0.0918552 -0.0375051 0.0124896
vn -0.0821377 -0.0570313 -0.000918199
vn 0.0073265 -0.0319365 0.0944795
vn 0.0029457 -0.0194033 0.0980553
vn -0.0036652 -0.0291964 0.0955727
vn 0.0227577 -0.0282989 0.0931733
vn 0.0153604 -0.0248413 0.0956398
vn 0.0165289 -0.0366592 0.0915582
vn -0.062226 0.0615461 0.0483737
vn -0.0257289 -0.0209593 0.0943331
vn -0.0215141 -0.0115426 0.0969738
vn -0.0336864 -0.0023041 0.0941271
vn -0.0880639 0.0373643 0.0291317
vn -0.0962191 0.0167342 0.0214907
vn -0.0938122 0.022515 0.0263124
vn -0.0919019 0.0259054 0.0297145
vn -0.0601167 0.067108 0.0433878
vn -0.0847359 0.0419608 0.0325442
vn -0.0778126 0.045382 0.0434243
vn -0.0799785 0.0471258 0.0371832
vn -0.0766115 -0.0623285 -0.0156792
vn -0.0353826 -0.0182664 0.0917301
vn -0.067697 -0.0724998 -0.0126846
vn -0.0434264 -0.0134936 0.0890622
vn 0.0054544 -0.0431998 0.0900224
vn -0.0920052 0.0356776 0.0161911
vn -0.0943023 -0.0074963 0.0324174
vn -0.0972687 -0.0149437 0.0177621
vn -0.0024806 -0.0390981 0.0920064
vn -0.0911928 -0.0408044 -0.0043442
vn -0.0906804 0.0329624 0.0262784
vn -0.0875248 0.0292737 0.0385027
vn -0.037601 -0.027389 0.0885212
vn -0.0952016 0.015322 0.0264932
vn -0.094147 0.0270336 0.0201379
vn -0.0978326 -0.020706 -0.0001912
vn -0.016132 -0.0286849 0.0944295
vn -0.031451 -0.0351721 0.0881689
vn -0.0982616 0.0027081 0.0183665
vn -0.0657493 0.0530961 0.0534587
vn -0.0676228 0.0545322 0.0495318
vn -0.0040945 -0.0504561 0.0862405
vn -0.0155257 -0.0427756 0.0890461
vn 0.0005622 -0.058973 0.0807581
vn -0.09512 -0.0273062 -0.0143721
vn 0.009059 -0.0565535 0.0819734
vn -0.0999708 -0.0012398 0.0020765
vn -0.0713529 0.045601 0.0531913
vn -0.0760499 0.0396473 0.0514247
vn 0.0041845 -0.0683798 0.072847
vn -0.0077766 -0.0639174 0.0765121
vn -0.0738516 0.0465826 0.0487443
vn -0.0717756 0.0506695 0.0477584
vn -0.0799096 0.031236 0.0513689
vn -0.066717 0.0411451 0.0620961
vn -0.0834798 0.0184429 0.0518748
vn -0.0160117 -0.0639491 0.075194
vn -0.024105 -0.05356 0.0809338
vn -0.0276776 0.0446851 0.0850717
vn -0.0485832 0.0523456 0.0699972
vn -0.0215534 0.0593733 0.0775258
vn -0.0814452 0.0240951 0.0527836
vn -0.0427721 0.0327374 0.0842544
vn -0.0672808 0.0261868 0.0691921
vn -0.01449 0.0468193 0.0871665
vn -0.0678253 0.0100096 0.0727979
vn -0.0951461 -0.0040634 -0.0305074
vn -0.0897053 -0.017995 -0.0403627
vn -0.0934836 -0.0163141 -0.0315383
vn -0.0120333 0.0737246 0.0664822
vn -0.0147493 0.0758742 0.0634474
vn -0.0031013 0.0851319 0.0523732
vn -0.0185955 0.0314509 0.0930862
vn -0.0567368 0.0288091 0.0771425
vn -0.0827547 0.0089184 0.0554267
vn -0.0140015 0.0618566 0.0773157
vn -0.0164977 0.0478647 0.0862369
vn -0.0338463 0.0132259 0.0931639
vn -0.0887259 0.0024945 0.0460596
vn -0.0848651 0.0050732 0.0526514
vn -0.0349782 -0.0042316 0.0935875
vn -0.0964087 0.008608 -0.025125
vn -0.0954149 0.009525 -0.0283772
vn 0.0098502 0.0890371 0.0444451
vn -0.0183986 0.0230982 0.0955404
vn -0.0068285 0.0830437 0.0552912
vn -0.021613 0.036253 0.0906565
vn -0.0215439 0.0023922 0.0976224
vn -0.0617392 -0.0041568 0.0785557
vn -0.0827554 -0.0091898 0.0553813
vn -0.0302645 -0.0182971 0.0935376
vn -0.0593049 -0.0158962 0.0789319
vn -0.0285274 0.0701908 0.0652644
vn -0.0309579 0.0435421 0.0845322
vn -0.0292381 -0.0208935 0.0933199
vn -0.0880561 -0.0082784 0.0466647
vn -0.0362743 0.0545827 0.0755308
vn -0.0704834 -0.0215544 0.0675833
vn -0.043826 -0.0024666 0.089851
vn -0.0333879 -0.0333664 0.0881586
vn -0.0545484 -0.0321531 0.0773993
vn -0.0833391 -0.0172992 0.0524912
vn -0.0919336 -0.0087715 0.0383572
vn -0.0314813 -0.0449981 0.0835709
vn -0.0348082 -0.0514917 0.0783389
vn -0.0591776 -0.039519 0.0702585
vn -0.0887548 -0.0214649 0.0407657
vn -0.0304532 -0.0603196 0.0737167
vn -0.0694716 -0.0452673 0.0558978
vn -0.0487114 -0.0578744 0.0654045
vn -0.0502825 -0.0480994 0.07182
vn -0.0469224 -0.0286001 0.0835483
vn -0.0324637 -0.0668028 0.0669589
vn -0.0790532 -0.0418048 0.0447544
vn -0.0594706 -0.0360392 0.0718639
vn -0.0558122 -0.0205862 0.0803817
vn -0.0432387 -0.0699592 0.056887
vn -0.0616583 -0.0209835 0.0758811
vn -0.0427223 -0.0584701 0.0689642
vn -0.0375039 -0.0676631 0.0633653
vn -0.0329771 -0.0754354 0.0567628
vn -0.0222286 0.0893552 0.0390068
vn -0.0219583 0.084339 0.0490385
vn -0.010614 0.0910129 0.0400499
vn -0.0632244 -0.0463627 0.0620739
vn -0.0673105 -0.0574522 0.0465676
vn -0.0873292 -0.0330406 0.0358041
vn -0.0434095 0.0730249 0.0527539
vn -0.0344626 0.0810093 0.0474323
vn -0.0696947 -0.0280921 0.0659809
vn -0.0499988 -0.0625877 0.0598573
vn -0.002199 0.0947253 0.0319733
vn -0.0561051 -0.0620779 0.054759
vn -0.0457521 -0.0726518 0.0512685
vn -0.0655541 -0.0095279 0.0749125
vn -0.0762458 -0.0139736 0.0631769
vn -0.0489414 -0.0744667 0.0453812
vn -0.0355599 -0.0827297 0.043489
vn -0.0747928 -0.048071 0.0457736
vn -0.0411673 -0.0816659 0.0404467
vn -0.0776651 -0.0525543 0.03473
vn -0.0588317 0.0651525 0.0478956
vn -0.0569223 0.0601241 0.0560798
vn -0.0835395 -0.001682 0.0549393
vn -0.0728229 0.0120489 0.0674659
vn -0.0424359 0.0800391 0.0423431
vn -0.0788683 -0.03392 0.051276
vn -0.0500777 -0.0804311 0.0319853
vn -0.0699016 0.0447117 0.0558088
vn -0.0829378 -0.0221336 0.0512974
vn -0.0933798 -0.0255244 0.0250743
vn -0.0750489 0.0432684 0.0499551
vn -0.0949052 -0.0198956 0.0244372
vn -0.0749956 -0.0579608 0.031878
vn -0.0923202 -0.0313311 0.0222565
vn -0.0939815 -0.0273337 0.0205024
vn -0.0717394 0.0565458 0.0406944
vn -0.0802227 0.0184104 0.0567923
vn -0.0828186 0.0209601 0.0519783
vn -0.0445959 0.0818252 0.0362745
vn -0.0902762 0.0050725 0.0427139
vn -0.0889405 -0.0114799 0.0442471
vn -0.0857558 -0.0320568 0.0402281
vn -0.0384826 -0.0882868 0.0269172
vn -0.0608004 0.0687961 0.0396284
vn -0.0733927 -0.0562201 0.0381159
vn -0.0865979 0.0233984 0.0441964
vn -0.0378355 -0.089718 0.0227848
vn -0.0941983 -0.0056008 0.0330955
vn -0.0785986 -0.0509645 0.0349984
vn -0.0951722 0.0061119 0.0300816
vn -0.0927673 -0.0216157 0.0304466
vn -0.0815356 -0.0508548 0.0276718
vn -0.0685933 -0.0678871 0.0261974
vn -0.0920522 0.0232165 0.0314228
vn -0.077324 -0.0614436 0.0156744
vn -0.0715221 0.0641467 0.0277451
vn -0.0709127 0.0623034 0.0330101
vn -0.0586339 0.0775218 0.0235042
vn -0.085208 0.041814 0.0314832
vn -0.0868013 -0.0444559 0.0221178
vn -0.0973257 -0.0121561 0.0194918
vn -0.0829102 0.0500142 0.0249896
vn -0.0702114 -0.0702866 0.0114083
vn -0.0621854 -0.0764566 0.0169518
vn -0.094272 0.026369 0.0204321
vn -0.0978486 0.0057581 0.0198113
vn -0.0943122 -0.02863 0.0168976
vn -0.0868047 0.0464457 0.0175423
vn -0.073372 -0.0678906 0.0027227
vn -0.0608791 -0.0792288 0.004066
vn -0.0695952 -0.0718044 0.0007963
vn -0.0887714 -0.045358 0.0078931
vn -0.0643539 -0.0764347 0.0040397
vn -0.0896954 -0.0438034 0.0059993
vn -0.0967585 -0.0229122 -0.0106221
vn -0.0952859 -0.0224931 -0.020363
vn -0.0932937 -0.0331789 -0.0139804
vn -0.0948369 -0.0317138 0.0004464
vn -0.082879 -0.0557514 -0.0047802
vn -0.090645 -0.0332814 -0.0259967
vn -0.0977784 -0.0206759 -0.0034498
vn -0.0994129 -0.0088534 -0.0062198
vn -0.096665 -0.0220413 -0.0130404
vn -0.0925582 -0.0376293 0.004125
vn -0.0952512 -0.0303239 0.0027694
vn -0.0920108 -0.038774 -0.0055314
vn -0.0888894 -0.0456294 -0.0040783
vn -0.0872221 -0.0489107 -0.000237
vn -0.0955664 -0.0290557 -0.0047773
vn -0.0884042 -0.0434845 -0.0171406
vn -0.0847227 -0.0528629 -0.0052522
vn -0.0859438 -0.0500881 -0.0102396
vn -0.0785029 -0.0616755 -0.0057819
vn 0.0753515 -0.033185 0.0567531
vn 0.0742857 -0.0421388 0.0520187
vn 0.0746336 -0.0242375 0.0619869
vn 0.0781942 -0.0126825 0.0610313
vn 0.0776008 -0.00921331 0.0623957
vn 0.0817947 -0.0294823 0.0494006
vn 0.0868875 -0.0073945 0.0489478
vn 0.0695195 -0.0461359 0.0551228
vn 0.0690799 -0.0521023 0.0501329
vn 0.0911224 0.0105878 0.0398071
vn 0.0927513 -0.0067463 0.0367652
vn 0.0882224 -0.028884 0.0371824
vn 0.0788502 -0.0432482 0.0437292
vn 0.0927787 0.0101705 0.0358982
vn 0.0920896 -0.0104972 0.0375408
vn 0.0605893 -0.0568726 0.0556278
vn 0.0620624 -0.0578803 0.0528974
vn 0.0890996 0.0042086 0.0452056
vn 0.0698363 -0.0536546 0.0473717
vn 0.0676274 -0.0635388 0.0372742
vn 0.0622342 -0.0630392 0.0464
vn 0.084653 -0.0374554 0.0378281
vn 0.0745195 -0.0549566 0.0377706
vn 0.0548824 -0.0754461 0.0359975
vn 0.0540343 -0.0693307 0.0476817
vn 0.0374387 -0.0286219 0.0881994
vn 0.0406059 -0.0464759 0.0786839
vn 0.026808 -0.0561282 0.0783005
vn 0.081987 -0.0104027 0.0563021
vn 0.0838342 0.0209843 0.0503138
vn 0.0788795 0.0268929 0.0552703
vn 0.0632773 -0.0688739 0.0353888
vn 0.0418438 -0.0816838 0.0397096
vn 0.0452664 -0.0770924 0.0448076
vn 0.0335129 -0.0826021 0.0453187
vn 0.0412069 -0.0308061 0.0857495
vn 0.0756073 0.0263955 0.05989
vn 0.0665555 0.0438077 0.0604256
vn 0.0643997 0.0557775 0.0523597
vn 0.0454335 0.0768139 0.0451158
vn 0.0096274 -0.0498018 0.0861806
vn 0.0757815 0.014365 0.0636459
vn 0.0371227 -0.0840655 0.0394322
vn 0.0421271 -0.0837728 0.034748
vn 0.0266337 -0.0167794 0.0949163
vn 0.060672 -0.0024241 0.0794546
vn 0.044104 0.0709427 0.0549724
vn 0.0162812 0.0522021 0.0837249
vn 0.026836 0.0468865 0.0841516
vn 0.024276 0.0263632 0.0933577
vn 0.0747171 0.0030399 0.0663936
vn 0.0798382 -0.0193365 0.057026
vn 0.0139552 -0.0033668 0.0989642
vn 0.021617 -0.0098497 0.0971375
vn 0.0568201 0.0461158 0.0681528
vn 0.0097043 0.0476125 0.0874007
vn 0.0115241 0.0650229 0.0750947
vn 0.0151966 0.064346 0.0750244
vn 0.0011822 0.0401765 0.0915667
vn 0.0045292 0.0800924 0.0597051
vn -0.0115587 -0.0344224 0.0931745
vn -0.0025856 -0.0433543 0.0900762
vn 0.001856 -0.0560605 0.0827876
vn -0.0091403 -0.0640875 0.0762184
vn 0.0104143 0.0006019 0.0994544
vn -0.0070451 0.0712714 0.0697908
vn 0.0126661 0.081296 0.0568378
vn 0.0263545 0.077726 0.0571324
vn 0.0173806 0.0859303 0.0481031
vn 0.0090249 0.0265676 0.0959829
vn -0.001902 0.0133492 0.0990867
vn -0.0152866 -0.0454018 0.0877781
vn 0.0647842 0.0048102 0.0760255
vn 0.0613511 0.0313472 0.0724803
vn 0.0512099 0.0441999 0.0736472
vn -0.0101006 0.0862299 0.0496225
vn 0.064103 -0.0169129 0.074865
vn -0.0100865 0.0568279 0.081663
vn 0.0073796 0.0886275 0.0457243
vn 0.0059575 0.0849939 0.0523503
vn 0.0408937 0.0747408 0.0523595
vn 0.0177662 0.0658763 0.0731073
vn 0.0239975 0.0856757 0.0456486
vn 0.0399778 0.0555882 0.0728816
vn 0.0565215 0.0267925 0.0780223
vn 0.0330136 0.0728917 0.0599741
vn 0.0468237 0.0550998 0.0690765
vn -0.0085974 0.0416469 0.0905076
vn -0.0083324 0.0890164 0.0447957
vn 0.0167547 0.0769751 0.0615964
vn 0.0299395 0.0534529 0.0790342
vn 0.0428563 0.037751 0.0820866
vn 0.0220916 0.0611952 0.0759415
vn 0.0016399 0.0772172 0.0635202
vn -0.0035561 0.0670995 0.0740609
vn -0.0026378 -0.0700849 0.0712821
vn 0.0451665 0.022571 0.0863165
vn 0.0332791 0.0226716 0.0915341
vn 0.030898 -0.0188795 0.0932142
vn 0.0455295 -0.0118868 0.088237
vn 0.028355 0.0303831 0.0909553
vn 0.0417263 -0.0501104 0.0758147
vn 0.0227814 0.0361042 0.0904295
vn 0.0127859 0.0678777 0.0723128
vn -0.0214866 0.0621913 0.0753032
vn -0.0197049 0.0724386 0.0660634
vn 0.004681 0.0726694 0.0685365
vn 0.0069502 0.067479 0.073473
vn -0.0158846 0.0851215 0.05002
vn 0.011702 0.0508069 0.085333
vn 0.0400542 0.0525914 0.075032
vn 0.0423054 0.0601256 0.0677876
vn 0.0368968 0.059973 0.0710061
vn 0.0470134 0.0541094 0.0697275
vn -0.0052209 -0.0624694 0.0779122
vn -0.0056786 -0.0703732 0.0708193
vn -0.025987 0.0697793 0.0667497
vn -0.0185704 0.0791879 0.0581757
vn 0.0504497 0.0438891 0.0743544
vn -0.0469663 0.036102 0.0805656
vn -0.0213206 0.085563 0.0471637
vn 0.0514644 0.0526433 0.0676764
vn 0.0138107 -0.0645404 0.0751252
vn 0.0026494 -0.0582409 0.0812464
vn -0.0287607 0.071965 0.063197
vn 0.0280695 0.0561889 0.0778133
vn 0.0570944 0.0421135 0.0704747
vn -0.0399683 0.0646422 0.0649917
vn 0.0120142 -0.0335491 0.0934351
vn -0.0463727 -0.0691096 0.0554386
vn -0.0303507 0.0756357 0.0579489
vn -0.0259069 0.0824094 0.0503738
vn 0.0228621 0.0559315 0.0796806
vn 0.0127693 0.0057122 0.0990167
vn 0.0256259 -0.0062049 0.0964615
vn -0.0549771 0.0287008 0.0784461
vn -0.0247547 0.0146747 0.0957698
vn -0.0105076 0.014015 0.0984539
vn -0.0623947 0.0433644 0.065011
vn -0.051641 0.0632793 0.057697
vn -0.0376207 0.0771922 0.0512451
vn -0.0238146 0.0265695 0.093418
vn -0.0347243 0.0020935 0.0937542
vn -0.0253993 -0.0126536 0.0958893
vn -0.0419918 -0.0322077 0.084849
vn -0.0511247 0.0029129 0.085894
vn -0.0572422 -0.0552592 0.0605785
vn -0.0638062 -0.0065629 0.0767183
vn -0.0262582 0.0835315 0.048301
vn 0.0189575 -0.0618375 0.0762675
vn -0.0089358 0.0104052 0.099055
vn -0.0240315 0.0214613 0.0946673
vn -0.0336837 0.0398857 0.0852909
vn -0.0389671 0.0199103 0.0899174
vn -0.0699012 0.0190123 0.0689374
vn -0.0537318 0.0691056 0.0483457
vn -0.0361884 0.0134243 0.0922507
vn -0.0346807 0.0507726 0.0788631
vn -0.0310398 0.060988 0.0729177
vn -0.0440145 0.0408431 0.079966
vn -0.0551262 0.0398327 0.0733107
vn -0.0580563 0.0110362 0.0806701
vn -0.0463485 -0.0730381 0.0501723
vn -0.0455467 -0.0746419 0.0485189
vn -0.071798 0.0442612 0.0537215
vn -0.0254125 0.0873025 0.0416231
vn -0.0262211 0.0526638 0.0808639
vn -0.0238619 0.0619013 0.0748254
vn -0.0242152 0.07099 0.0661366
vn -0.0401835 0.0646253 0.0648758
vn -0.0540329 0.0210443 0.0814714
vn -0.0376427 0.0849608 0.0369417
vn -0.0162717 0.0899332 0.0405863
vn -0.0286748 0.0845808 0.0449872
vn -0.0303263 0.0307622 0.0901887
vn -0.0644459 -0.0345978 0.0681888
vn -0.0730573 0.0222152 0.0645686
vn -0.0589609 0.0228911 0.0774571
vn -0.0395028 0.0698579 0.0596608
vn -0.0334004 0.054484 0.0769149
vn -0.06892 -0.0059579 0.0722118
vn -0.0664013 -0.0311427 0.0679779
vn -0.0243543 0.0670398 0.0700895
vn -0.0242266 0.0867093 0.0435266
vn 0.0325592 0.0322224 0.088891
vn 0.0433342 0.0343698 0.0833118
vn 0.0384388 0.0435812 0.0813827
vn 0.0085075 -0.0529531 0.0844014
vn 0.0203644 -0.0618701 0.0758774
vn 0.0115989 -0.0658576 0.0743521
vn -0.0643264 0.0341832 0.06851
vn -0.0665546 -0.0075423 0.0742536
vn -0.0596936 0.0393213 0.0699322
vn -0.0678361 0.0264753 0.0685371
vn -0.0722663 -0.0038302 0.0690139
vn -0.0671563 -0.0402713 0.0621953
vn -0.0553102 0.0439597 0.0707695
vn -0.0504866 0.0388634 0.0770762
vn -0.0494258 0.0529362 0.0689554
vn -0.0578392 0.0347235 0.0738167
vn -0.0556425 0.0270445 0.0785653
vn -0.054919 0.0589471 0.059238
vn -0.0715601 -0.0290372 0.0635295
vn -0.045568 0.0603537 0.0654293
vn -0.0701529 0.014278 0.0698191
vn -0.064872 0.0329791 0.0685858
vn -0.0373245 0.0820748 0.0432506
vn -0.001339 0.0439012 0.0898382
vn 0.0062239 0.0540046 0.0839331
vn -0.0020249 0.0537819 0.0842817
vn -0.0711039 0.0287804 0.0641555
vn -0.04546 0.0697292 0.0554186
vn -0.0247222 0.0896746 0.0367054
vn 0.0442117 0.0192724 0.0876008
vn -0.060254 0.0490591 0.0629497
vn -0.0417259 0.076278 0.0494027
vn -0.0338251 0.0851463 0.0400746
vn -0.04662 0.0741655 0.0482291
vn -0.0084295 0.0530348 0.0843579
vn -0.0731614 0.0306457 0.0608954
vn -0.0301003 0.0877891 0.037243
vn -0.0285531 0.0616086 0.0734105
vn -0.0223325 0.0604305 0.0764815
vn -0.0254098 0.0663298 0.0703896
vn -0.0721899 0.0057723 0.0689587
vn -0.0652284 0.0468687 0.05957
vn -0.0519495 0.0677985 0.052006
vn -0.0749584 0.0265551 0.0606306
vn -0.0256536 0.0699889 0.0666592
vn 0.0332554 0.0117983 0.0935675
vn -0.0321816 0.0677576 0.0661306
vn -0.0238286 0.0762852 0.0601063
vn 0.0399326 0.0063771 0.0914589
vn -0.058553 0.0557029 0.058896
vn -0.0644773 0.0584184 0.0492948
vn 0.0059566 0.0296032 0.0953319
vn -0.0064637 0.0329463 0.0941953
vn -0.0272909 0.0645742 0.0713119
vn 0.0015466 0.0164284 0.0986292
vn 0.026929 0.0046917 0.0961916
vn -0.0242905 0.0421985 0.0873456
vn -0.0275184 0.0517492 0.0810232
vn -0.032304 0.0424432 0.0845874
vn -0.0134419 0.0250434 0.0958757
vn -0.0363179 0.0476512 0.0800648
vn 0.0355912 -0.0043291 0.0933516
vn 0.0466179 0.0016077 0.0884544
vn -0.0336553 0.0291428 0.0895434
vn -0.0397391 0.0347287 0.0849395
vn 0.0449381 -0.0146764 0.0881202
vn -0.0467474 0.0513475 0.0719591
vn -0.0375012 0.0533217 0.0758318
vn -0.0400816 0.0594762 0.0696853
vn -0.0455406 0.0445249 0.0770946
vn 0.000212 -0.0030831 0.0999522
vn -0.0077822 0.0111302 0.0990735
vn 0.0112788 0.0113972 0.0987061
vn -0.0342942 0.0161506 0.0925368
vn -0.0239735 0.0230234 0.0943143
vn 0.0102208 -0.0093748 0.0990336
vn 0.0346393 -0.0204834 0.0915453
vn -0.0453114 0.0225615 0.086243
vn -0.0497768 0.0308727 0.0810502
vn -0.0544067 0.0330419 0.0771242
vn -0.0667829 0.0211023 0.0713774
vn -0.0512777 0.0043697 0.0857409
vn -0.0432841 0.013677 0.0891035
vn -0.0574664 0.0368092 0.0730938
vn 0.0168471 -0.0147732 0.0974573
vn 0.0370122 -0.0331491 0.0867827
vn 0.0481967 -0.0272025 0.0832893
vn -0.0561197 0.0115449 0.0819591
vn -0.0707874 0.0335807 0.0621408
vn -0.0651484 0.0393719 0.0648502
vn -0.0740826 0.0228168 0.0631756
vn -0.0730957 0.0032331 0.0681657
vn -0.0603043 0.0201182 0.0771923
vn -0.082699 0.0073335 0.0557413
vn -0.0821858 -0.015969 0.0546853
vn -0.0821492 0.0290101 0.049091
vn -0.0893929 -0.0070698 0.0442597
vn -0.0593308 -0.0027785 0.0804496
vn -0.0426763 0.0016706 0.0904209
vn -0.052858 -0.0102452 0.0842678
vn -0.0484044 -0.0189287 0.0854325
vn -0.0641449 0.004959 0.0765561
vn -0.0642264 -0.0057168 0.0764349
vn -0.0583865 -0.0174797 0.079281
vn -0.0433756 -0.0309207 0.0846314
vn -0.0515083 -0.0270697 0.0813273
vn -0.0392991 -0.0501809 0.0770549
vn -0.0464423 -0.0408568 0.0785738
vn -0.0540382 -0.0333798 0.0772377
vn -0.0426554 -0.053693 0.0727845
vn -0.0519855 -0.0465365 0.071637
vn -0.0329805 0.0237765 0.0913617
vn -0.0443947 0.012813 0.0886845
vn 0.0972178 0.0129136 0.0195435
vn 0.0964262 -0.0011121 0.0264717
vn 0.0995494 0.0019034 0.0092896
vn 0.0984907 0.0153575 0.0079836
vn 0.0982893 -0.0131394 0.0129065
vn 0.0943529 -0.0175268 0.028113
vn 0.0921305 0.0019302 0.0388361
vn 0.0938656 0.0170065 0.0300006
vn 0.0950341 -0.027743 0.0141015
vn 0.0860564 0.0478074 0.0175713
vn 0.0889048 0.0335196 0.031183
vn 0.0947509 0.02937 0.0126363
vn 0.088081 -0.0201857 0.0428284
vn 0.089822 -0.0347352 0.0269347
vn 0.0867175 -0.0009686 0.0497909
vn 0.0888463 -0.0452614 0.0075987
vn 0.096183 -0.0272154 0.0028564
vn 0.0856129 -0.0472875 0.0208403
vn 0.0806984 -0.0441036 0.0392765
vn 0.0782892 -0.0613238 0.0104978
vn 0.0803297 0.0415472 0.0426729
vn 0.0772254 0.0541424 0.0332392
vn 0.0778415 0.0051844 0.0625606
vn 0.07931 -0.0278369 0.054176
vn 0.07586 -0.0598422 0.0257717
vn 0.0777163 0.0612035 0.0146393
vn 0.086275 0.0503907 -0.0041704
vn 0.0826117 0.0561432 0.0048212
vn 0.0739084 -0.0495402 0.0456434
vn 0.0960898 0.0126605 -0.0246263
vn 0.0934111 0.0173373 -0.0312054
vn 0.0941122 0.0050329 -0.0334299
vn 0.0805981 0.0560407 0.0190627
vn 0.0677367 0.0317241 0.0663726
vn 0.0741311 0.0367787 0.0561418
vn 0.0602328 0.0408857 0.0685592
vn 0.0801473 -0.0552423 0.0229065
vn 0.0593873 0.0625124 0.0506493
vn 0.0673013 0.0504149 0.054119
vn 0.0689947 0.0618241 0.0376499
vn 0.0719287 -0.0602649 0.0345602
vn 0.0633103 0.0385761 0.0671096
vn 0.0656079 0.0234587 0.0717307
vn 0.0922266 0.0360597 -0.0139267
vn 0.0921642 0.0284526 -0.0263858
vn 0.0960936 0.0234901 -0.0146371
vn 0.0907826 0.0411189 0.0082317
vn 0.0877056 0.0470858 -0.0095214
vn 0.0932019 0.0359675 -0.004443
vn 0.0854539 0.0502949 0.0129635
vn 0.0790816 0.0547719 0.0273154
vn 0.0749187 0.0608205 0.0262308
vn 0.056638 0.0561209 0.0603538
vn 0.0573583 0.048403 0.0660846
vn 0.0838893 -0.043269 0.0330209
vn 0.0973409 0.0216878 -0.0073753
vn 0.082569 0.0469588 0.0312607
vn 0.0967603 0.001232 -0.0252176
vn 0.0943353 -0.0072763 -0.0323714
vn 0.0933782 -0.0229341 0.0274689
vn 0.0951219 -0.0237982 0.0196334
vn 0.0573298 0.0571378 0.0587244
vn 0.0521251 0.0525726 0.0672243
vn 0.0536111 0.0472864 0.0699275
vn 0.0755601 -0.0544735 0.0363773
vn 0.0960418 0.0044912 0.0274919
vn 0.0979612 0.0063817 0.0190495
vn 0.0969361 0.0240012 -0.0052287
vn 0.070366 -0.0591458 0.039375
vn 0.0925389 -0.0065926 0.0373241
vn 0.0950416 0.0144366 0.0275443
vn 0.0899721 0.034125 0.0272122
vn 0.0900788 0.0401381 0.0165751
vn 0.0858189 0.0490966 0.0149879
vn 0.0954974 0.0264418 0.0134563
vn 0.0932987 0.0359529 0.0016559
vn 0.0950726 0.0115472 0.0287726
vn 0.0945158 -0.0117286 -0.0304828
vn 0.0717768 -0.059844 0.0355919
vn 0.086615 -0.0173221 0.0468806
vn 0.0919125 0.0131092 0.0371517
vn 0.0880226 0.0381774 0.0281869
vn 0.0700649 0.0686781 0.0193449
vn 0.0957809 -0.0041879 -0.0284338
vn 0.0907036 0.016689 0.0386566
vn 0.08633 0.0353205 0.0360499
vn 0.0782698 0.0550506 0.0290392
vn 0.0581902 0.0799311 0.0149972
vn 0.0977753 0.014638 -0.0150239
vn 0.0387441 0.0903628 0.0182607
vn 0.0976961 0.0032561 -0.021092
vn 0.0800437 -0.0353908 0.0483786
vn 0.0804729 0.044385 0.0394219
vn 0.0943174 0.0322582 -0.0079774
vn 0.0949829 0.0264226 -0.0167359
vn 0.0744443 0.0455606 0.0488086
vn 0.0745755 0.0354272 0.0564217
vn 0.0774554 0.0365659 0.0516101
vn 0.0746337 0.0296813 0.059572
vn 0.0824607 0.0228424 0.0517539
vn 0.0701028 -0.0540883 0.0464764
vn 0.0801932 0.0049846 0.0595332
vn 0.0825943 0.0259549 0.0500452
vn 0.0733189 0.0513462 0.044586
vn 0.0601108 0.0733422 0.031743
vn 0.0550531 0.0483598 0.0680477
vn 0.055067 0.0487607 0.0677497
vn 0.0624495 0.0522344 0.0580656
vn 0.0665706 0.0529382 0.0525919
vn 0.0884108 0.0300901 0.0357509
vn 0.0980137 0.0049599 -0.0192018
vn 0.0962893 -0.0198564 -0.0182784
vn 0.0986972 0.0129439 -0.009556
vn 0.0937929 0.0310622 -0.0154283
vn 0.0965373 0.0102263 -0.0239995
vn 0.0583578 0.0460447 0.0668899
vn 0.0731982 0.0594607 0.0332632
vn 0.0827823 0.0487297 0.0277942
vn 0.0670543 -0.0534592 0.0514376
vn 0.0769822 0.0048825 0.0636389
vn 0.0756191 0.0388371 0.0526635
vn 0.0614605 0.0596412 0.0516289
vn 0.0557262 0.0715752 0.0420903
vn 0.0630213 0.0776422 6.67e-05
vn 0.0791098 0.0611622 0.0009057
vn 0.0500806 0.0862706 0.0070225
vn 0.087113 0.0489491 -0.003913
vn 0.0699801 0.039373 0.0596033
vn 0.042595 0.0843558 0.0327073
vn 0.0938812 0.0234598 -0.0252184
vn 0.0908185 0.0296419 0.0295525
vn 0.0682768 0.0381937 0.0622858
vn 0.0701583 0.0706512 -0.0092859
vn 0.0767115 -0.0179101 0.0616001
vn 0.038206 0.0852387 0.0357024
vn 0.0931145 0.0342199 -0.0125975
vn 0.0735048 0.0666745 0.0123111
vn 0.0670906 0.0658958 0.0340088
vn 0.0581108 -0.0600371 0.0549426
vn 0.0644711 0.0395593 0.0654106
vn 0.0700797 0.0221646 0.0678054
vn 0.0567531 0.0594798 0.0569318
vn 0.0847713 0.0500727 0.0175087
vn 0.0888195 0.0370127 0.0272241
vn 0.0445563 0.0766285 0.0462904
vn 0.0919829 0.0129234 -0.0370424
vn 0.0518855 0.0619297 0.0589289
vn 0.0453968 0.0748684 0.04831
vn 0.0312127 0.082687 0.0467827
vn 0.0352715 0.0853408 0.038378
vn 0.0948059 0.0170009 0.0268853
vn 0.0534148 -0.0629238 0.0564576
vn 0.0660339 -0.0462399 0.0591727
vn 0.0895841 0.0104513 0.0431909
vn 0.0605421 0.0442732 0.0661403
vn 0.0286826 0.0894451 0.0343056
vn 0.0644328 0.0707591 0.0290097
vn 0.0878137 0.0465327 0.0111112
vn 0.0901835 -0.0233567 0.0363511
vn 0.0563412 -0.0565259 0.0602536
vn 0.0688971 0.018479 0.0700837
vn 0.0640809 0.076375 0.0077782
vn 0.0645781 0.0316544 0.0694815
vn 0.072878 0.0684165 -0.0028246
vn 0.0586216 -0.0363288 0.0724136
vn 0.051473 0.0564063 0.0645667
vn 0.0670409 -0.0208215 0.0712179
vn 0.0938859 0.0268539 0.0215479
vn 0.0942657 0.0124257 0.030977
vn 0.0919221 0.0072675 0.0386978
vn 0.0452306 -0.070331 0.0548429
vn 0.0591771 -0.006544 0.0803446
vn 0.0908712 0.040546 0.0099223
vn 0.0928413 0.0168305 0.0331244
vn 0.0857776 0.0331538 0.0392813
vn 0.0795255 0.0443926 0.0412916
vn 0.0432884 -0.0587214 0.0683952
vn 0.0686374 0.0616901 0.038513
vn 0.0682811 0.0497967 0.0534601
vn 0.0846184 0.0355799 0.0396711
vn 0.0884287 -0.0061304 0.0462902
vn 0.0492155 -0.0321854 0.0808822
vn 0.086593 0.0499214 0.0030837
vn 0.0659246 0.07202 -0.0216118
vn 0.0611888 0.0578686 0.0539181
vn 0.0929566 0.0158261 0.0332958
vn 0.050061 0.0626561 0.0597337
vn 0.0827684 -0.0346376 0.0441546
vn 0.0353927 -0.0715142 0.060275
vn 0.0824372 0.0462076 0.0326951
vn 0.080652 -0.011324 0.0580261
vn 0.0883543 0.0126494 0.0450945
vn 0.0300873 0.0856963 0.0418437
vn 0.0446473 0.0835352 0.0320701
vn 0.0609967 0.0659881 0.0438745
vn 0.0717046 -0.02022 0.0667053
vn 0.0720657 0.0485591 0.0494828
vn 0.0362189 -0.0263315 0.0894139
vn 0.0354947 0.0845302 0.0399346
vn 0.0298055 0.0889975 0.0345119
vn 0.0271158 0.0882489 0.0384299
vn 0.023864 0.0605235 0.0759435
vn 0.0338955 0.0280965 0.0897869
vn 0.0891693 0.0341934 0.029659
vn 0.0720811 -0.0127187 0.0681363
vn 0.0236195 0.0159891 0.0958461
vn 0.0225724 -0.0578433 0.0783878
vn 0.0823289 0.0559625 0.009495
vn 0.0748734 0.0641337 -0.0167582
vn 0.0815913 0.0109623 0.0567687
vn 0.0501384 -0.0352801 0.0790029
vn 0.0209353 0.0772163 0.0599947
vn 0.0253655 -0.0792868 0.0554093
vn 0.0524846 0.0158959 0.0836223
vn 0.02187 0.090607 0.0362225
vn 0.0858617 0.0348179 0.0376228
vn 0.0672673 0.0011129 0.0739857
vn 0.0449762 0.0548485 0.0704896
vn 0.0803536 0.0109678 0.0585064
vn 0.0606074 -0.0189803 0.0772431
vn 0.0410955 0.0798858 0.0439252
vn 0.0259718 -0.073096 0.0631066
vn 0.0287175 -0.0143722 0.0947035
vn 0.0793805 0.0115515 0.0597101
vn 0.0712379 0.0414572 0.0566256
vn 0.0266733 -0.0491417 0.0829073
vn 0.0430478 -0.0291518 0.0854228
vn 0.0250067 -0.0515571 0.0819544
vn 0.0842129 0.0346122 0.0413544
vn 0.0740827 0.0212152 0.0637313
vn 0.0730577 0.0037019 0.0681826
vn 0.0222145 -0.0415429 0.0882083
vn 0.0797893 0.0164136 0.0580022
vn 0.063452 0.0569926 0.0522081
vn 0.0603668 -0.0030534 0.0796651
vn 0.0207491 -0.0897633 0.0388848
vn 0.0305263 -0.0888352 0.0342996
vn 0.0836478 0.0480917 0.0262725
vn 0.077841 0.0627583 -0.0014747
vn 0.0656399 0.0754338 0.0010714
vn 0.0799464 0.0411486 0.043765
vn 0.0797997 0.0579101 0.0166862
vn 0.02774 0.0783596 0.0555902
vn 0.0175759 0.0892552 0.0415282
vn 0.0581522 0.0638994 0.0503507
vn 0.0594915 0.0670312 0.0443574
vn 0.0531576 0.0721727 0.0443325
vn 0.0737996 0.0393577 0.0548141
vn 0.0663411 0.0152485 0.0732553
vn 0.0367742 -0.0868117 0.0333376
vn 0.0614249 0.069686 0.0370248
vn 0.0590008 0.0394418 0.0704503
vn 0.0599066 0.0120359 0.0791602
vn 0.0562402 0.0023124 0.082654
vn 0.0530616 0.0668347 0.0521305
vn 0.0520655 0.0726292 0.0448797
vn 0.0204792 -0.0924774 0.0320708
vn 0.0276558 -0.0886564 0.0370837
vn 0.0541881 0.0614324 0.057356
vn 0.0495298 0.0692493 0.0524532
vn 0.0373075 0.072711 0.0576303
vn 0.05653 0.078486 0.0253833
vn 0.0507108 0.0625602 0.0592844
vn 0.0600191 0.0596781 0.0532563
vn 0.047773 0.0628574 0.0613733
vn 0.0273707 0.0693218 0.0666733
vn 0.0206664 0.0724118 0.0657984
vn 0.0431288 0.0644104 0.063176
vn 0.0384235 0.0744052 0.054658
vn 0.033599 0.0691244 0.063976
vn 0.026488 0.0677106 0.0686562
vn 0.0572092 0.0657254 0.0490641
vn 0.0533226 0.0379923 0.0755863
vn 0.04135 0.0037703 0.0909723
vn 0.0448961 0.0688629 0.0569407
vn 0.059946 0.0687515 0.0409843
vn 0.0614725 0.0545117 0.0570053
vn 0.0289405 0.0557925 0.0777794
vn 0.0542216 0.0659926 0.0520096
vn 0.0415982 0.0299168 0.0858753
vn 0.0628149 0.0535878 0.0564149
vn 0.050887 0.0519339 0.0686541
vn 0.004056 0.0639458 0.0767756
vn 0.0005114 0.0838155 0.0545408
vn 0.0657239 0.0455662 0.060034
vn 0.0047533 0.0529213 0.0847156
vn 0.0365863 0.0433873 0.0823346
vn -0.0062689 0.0576232 0.0814878
vn 0.0557682 0.0430433 0.0709731
vn 0.0161747 0.0419571 0.0893195
vn 0.0010758 0.043142 0.0902087
vn 0.0646144 0.0461107 0.0608177
vn 0.0578859 0.0508235 0.0637667
vn 0.0288418 0.0341149 0.0894669
vn 0.0148132 0.0275492 0.0949822
vn 0.0532034 0.0569544 0.0626546
vn 0.0053419 0.0357336 0.0932447
vn 0.0685259 0.0397289 0.0610395
vn 0.0678641 0.0331088 0.0655612
vn 0.0513854 0.0343442 0.0786131
vn 0.0185551 0.0265079 0.0946205
vn 0.0645094 0.0406311 0.0647121
vn 0.0717929 0.0327666 0.0614177
vn 0.0680993 0.0334535 0.065141
vn 0.028826 0.0116948 0.0950384
vn 0.0199179 0.0242921 0.0949377
vn 0.0123429 0.010291 0.0987003
vn 0.017105 -0.0376726 0.0910395
vn 0.0490182 0.0145825 0.0859335
vn 0.0573197 0.0472911 0.0669179
vn 0.0624936 0.0413298 0.0662299
vn 0.0605834 0.0254704 0.0753718
vn 0.0234649 -0.0011402 0.0972013
vn 0.0421832 0.0639434 0.0642792
vn 0.0272889 0.0768097 0.0579275
vn 0.0258681 0.0690614 0.0675379
vn 0.0408091 0.0561909 0.0719528
vn 0.053005 -0.0020692 0.0847714
vn 0.0302682 -0.0099602 0.0947873
vn 0.0350533 0.0068187 0.0934065
vn 0.0738622 0.0223628 0.0635947
vn 0.0621437 0.0175368 0.0763585
vn 0.0535825 0.0474602 0.0698315
vn 0.0070654 -0.0609815 0.0789388
vn 0.0367086 -0.0186624 0.0911274
vn 0.0580206 0.0615947 0.0532888
vn 0.0505132 0.0563537 0.0653657
vn 0.0427592 -0.0237997 0.087208
vn 0.0510251 0.0401565 0.0760519
vn 0.0668727 0.003831 0.0742521
vn 0.0608824 0.0343103 0.0715272
vn 0.0621955 0.0426987 0.0656394
vn 0.0436004 -0.0241213 0.0867016
vn 0.0621084 0.0214956 0.075369
vn 0.0696054 0.0183594 0.069412
vn 0.0636107 0.0497797 0.0589548
vn 0.007921 -0.0422432 0.0902927
vn 0.0107927 -0.0277374 0.0954681
vn 0.008516 -0.0079013 0.0993229
vn 0.0784023 0.02254 0.0578362
vn 0.0653578 0.0592873 0.0470465
vn 0.0485376 0.0732192 0.0477814
vn 0.0610177 0.0674336 0.0415878
vn 0.002913 -0.0200603 0.0979239
vn 0.0184874 0.0538276 0.0822241
vn 0.0076029 0.0618746 0.0781904
vn 0.0808543 0.0352462 0.0471199
vn 0.0717191 0.0538408 0.0442441
vn 0.0097683 0.0437887 0.0893707
vn 0.0580694 -0.0264708 0.0769886
vn 0.0495699 -0.0149076 0.0855605
vn 0.0519435 -0.0334275 0.0786415
vn 0.0759996 6.15e-05 0.0649927
vn -0.0022847 -0.0362324 0.0931772
vn 0.0809303 0.0455132 0.0371327
vn 0.0892579 0.0196452 0.0405843
vn 0.0905298 0.0056651 0.0420982
vn -0.0052478 0.0578913 0.0813699
vn -0.0114295 0.0594234 0.079613
vn 0.0557545 -0.0417879 0.0717301
vn 0.0499765 -0.0407484 0.0764324
vn 0.0613076 -0.0402145 0.0680012
vn 0.0634657 -0.0309529 0.0708098
vn 0.084389 -0.013733 0.0518643
vn 0.0740985 -0.0166109 0.0650653
vn 0.081509 0.0040194 0.0577939
vn 0.0865272 -0.0029078 0.0500459
vn 0.0572073 -0.0473727 0.0669564
vn 0.0640705 -0.0489283 0.0591691
vn 0.0832854 -0.0202607 0.0515077
vn 0.0685623 -0.036984 0.0627008
vn 0.0687383 -0.0468983 0.0554581
vn 0.0932643 0.0225754 0.0281446
vn 0.0880002 0.031448 0.0355948
vn 0.0924041 0.0089247 0.037173
vn 0.0959585 -0.0012267 0.0281153
vn 0.0908832 -0.0084469 0.040852
vn 0.0638354 -0.0579196 0.0506987
vn 0.0572234 -0.0563873 0.0595479
vn 0.0648813 -0.0585332 0.0486239
vn 0.0698231 -0.0528329 0.0483055
vn 0.0919973 -0.0298529 0.0254029
vn 0.0930115 -0.0114206 0.034906
vn 0.0865158 -0.0289513 0.0409493
vn 0.0579603 -0.0707909 0.040364
vn 0.0951594 -0.0233124 0.0200305
vn 0.0657241 -0.0636557 0.0403522
vn 0.0702988 -0.0179789 0.0688102
vn 0.0730445 -0.0256716 0.0632888
vn 0.0783387 -0.0096329 0.0614024
vn 0.0873464 -0.0452961 0.0178572
vn 0.0856359 -0.0399874 0.0326726
vn 0.0917401 -0.0208131 0.03392
vn 0.0928155 -0.0101157 0.0358183
vn 0.0890387 -0.0104257 0.0443104
vn 0.0533958 -0.0026865 0.0845084
vn 0.090712 -0.0399938 0.0131084
vn 0.0651334 -0.0296389 0.0698511
vn 0.0670379 -0.0658966 0.034111
vn 0.0725031 -0.0584623 0.0364068
vn 0.0552867 -0.0174114 0.0814876
vn 0.0633544 -0.0187223 0.0750713
vn 0.0962093 -0.0252731 0.0102494
vn 0.0916251 -0.0399965 -0.0022628
vn 0.0948344 -0.0303329 -0.00929321
vn 0.0974511 -0.0224065 0.0011138
vn 0.0854921 -0.0269264 0.0443404
vn 0.088402 -0.046635 0.0032031
vn 0.0954948 -0.0140218 0.026156
vn 0.0966351 -0.0121854 0.0226534
vn 0.0912908 -0.0268249 0.0307639
vn 0.0662968 -0.0689543 0.0291555
vn 0.0575327 -0.0309577 0.0757074
vn 0.0719963 -0.0406032 0.0562843
vn 0.0796162 -0.0236773 0.0556835
vn 0.0842418 -0.0534127 0.0070995
vn 0.0834948 -0.0541526 -0.0098036
vn 0.0655643 -0.0391784 0.0645475
vn 0.0811724 -0.058251 -0.0042268
vn 0.0959057 -0.0170936 0.0225811
vn 0.0579052 -0.0414451 0.0702089
vn 0.0615098 -0.0458583 0.0641371
vn 0.0951154 -0.0238077 0.0196535
vn 0.090611 -0.0347558 0.0241181
vn 0.046682 -0.0362251 0.0806755
vn 0.0638783 -0.0527713 0.0559888
vn 0.0651641 -0.0742893 0.0153214
vn 0.0641297 -0.0752625 0.0149313
vn 0.0621219 -0.073575 0.0269741
vn 0.0684466 -0.0522134 0.0508805
vn 0.0973354 -0.0156043 0.0168024
vn 0.0488116 -0.0454721 0.0744964
vn 0.0600546 -0.066127 0.0449518
vn 0.0591625 -0.0671719 0.044584
vn 0.0670786 -0.0564488 0.048104
vn 0.0239673 -0.0349872 0.0905619
vn 0.0194382 -0.0415902 0.0888393
vn 0.0424694 -0.0815879 0.0392397
vn 0.0557983 -0.059908 0.0574246
vn 0.0431731 -0.0795533 0.042513
vn 0.0565424 -0.0690417 0.0451243
vn 0.0989084 0.0146426 -0.0016493
vn 0.0992418 -0.0122797 -0.0005299
vn 0.0999486 0.0015773 -0.0027903
vn 0.0975247 0.0159254 -0.0153398
vn 0.0953383 0.0293314 -0.0070911
vn 0.0991368 -0.0029363 -0.0127782
vn 0.0921611 0.0387893 -0.0013147
vn 0.0962306 -0.0237545 -0.0132436
vn 0.0974389 9.6e-05 -0.0224869
vn 0.0915871 0.0357212 -0.0183251
vn 0.0954646 0.0065959 -0.0290345
vn 0.0932794 0.0236841 -0.0271665
vn 0.0904939 -0.0414093 -0.00980391
vn 0.0955383 -0.012785 -0.0266267
vn 0.0825868 -0.0561146 -0.0055295
vn 0.0942052 -0.0010772 -0.0335293
vn 0.0902935 -0.0321318 -0.0285419
vn 0.0753352 -0.0651427 0.0090022
vn 0.0820856 -0.0571109 0.0005494
vn 0.0894081 -0.0429167 0.0128196
vn 0.0854624 -0.0467211 -0.0226565
vn 0.0964904 -0.0262273 0.0013155
vn 0.0919347 -0.021259 -0.0331069
vn 0.0988978 -0.0071014 0.0129922
vn 0.0997024 0.0066726 0.0038606
vn 0.0944607 -0.0322568 -0.0060558
vn 0.0861083 -0.0491085 -0.0131799
vn 0.095779 0.0280477 0.0063015
vn 0.0887338 -0.0390726 -0.0244878
vn 0.0878016 -0.0339908 -0.0336973
vn 0.0790152 0.0600964 0.0120429
vn 0.0533769 0.0834533 0.0136548
vn 0.099941 -0.0011605 -0.0032331
vn 0.033387 0.0930739 0.0149187
vn 0.0952497 0.0303452 -0.0025826
vn 0.0869238 -0.0352046 -0.0347116
vn 0.0857427 -0.0363802 -0.036396
vn 0.0899837 -0.0226831 -0.0372613
vn 0.0958377 -0.0112049 -0.0262598
vn 0.0899522 -0.0116469 -0.0421065
vn 0.0906206 -0.0152535 -0.0394366
vn 0.0873604 0.0451674 0.0181127
vn 0.0904056 0.0407579 0.0128695
vn 0.0842568 0.0530781 0.009138
vn 0.0949578 0.0277803 -0.0145352
vn 0.0944078 0.0160442 -0.0288053
vn 0.0944966 -0.0113816 -0.0306733
vn 0.0809944 -0.0400149 -0.0428802
vn 0.0920216 0.0010048 -0.0391282
vn 0.0895083 0.0445878 0.0004285
vn 0.0894259 0.0106366 -0.0434726
vn 0.0730924 0.0628408 -0.0266182
vn 0.0780889 -0.0405465 -0.0475195
vn 0.0837777 -0.0268472 -0.047545
vn 0.0959189 0.0072749 -0.0273247
vn 0.0933665 -0.0124935 -0.0335651
vn 0.0831257 0.0553934 -0.0046569
vn 0.0880259 0.0108404 -0.0461944
vn 0.0886686 -0.0050256 -0.0459633
vn 0.0848291 -0.0260061 -0.0461271
vn 0.0860332 0.009625 -0.0500565
vn 0.0804953 0.0429175 -0.0409708
vn 0.0749278 -0.0401204 -0.0526895
vn 0.0793776 -0.0222443 -0.0566074
vn 0.0895183 0.0231202 -0.0381042
vn 0.0886459 0.0439436 -0.0145214
vn 0.0870888 0.0116293 -0.0477525
vn 0.0876071 -0.0016858 -0.0481887
vn 0.0853003 -0.0100386 -0.0512161
vn 0.081185 -0.0160118 -0.0561482
vn 0.0865487 0.0070303 -0.0495973
vn 0.0852253 0.0281156 -0.0441153
vn 0.0878357 0.0340176 -0.0335811
vn 0.0818197 0.044031 -0.0369705
vn 0.0894858 0.0374509 -0.024284
vn 0.0837961 0.0165128 -0.0520148
vn 0.0869795 0.0179563 -0.0459581
vn 0.0809088 0.0521693 -0.0270579
vn 0.0782632 0.0594585 -0.0184268
vn 0.0751516 -0.0275815 -0.0599291
vn 0.0692286 -0.0423574 -0.058423
vn 0.0845773 0.0098424 -0.0524386
vn 0.0730658 -0.0324882 -0.0600492
vn 0.0807344 -0.0103018 -0.0581019
vn 0.0826442 -0.0025545 -0.0562443
vn 0.0769735 0.0434582 -0.0467597
vn 0.0779147 -0.0035629 -0.0625828
vn 0.064256 -0.0516349 -0.0566128
vn 0.0801122 0.0352599 -0.0483608
vn 0.0749115 0.0382525 -0.0540834
vn 0.0656752 -0.0503003 -0.0561841
vn 0.0677875 -0.0415543 -0.0606473
vn 0.0782072 0.0196895 -0.0591267
vn 0.0792622 0.0044875 -0.0608059
vn 0.0732418 0.0537741 -0.0417611
vn 0.0745957 -0.019883 -0.0635622
vn 0.0815901 0.0176921 -0.0550458
vn 0.0708508 0.0638046 -0.0301518
vn 0.0730105 -0.0222209 -0.0646197
vn 0.0791819 -0.0057801 -0.0608015
vn 0.0759847 0.0205064 -0.0616913
vn 0.0778123 -0.0004206 -0.0628098
vn 0.0583765 -0.0522469 -0.0621485
vn 0.0715748 0.0001659 -0.0698356
vn 0.0629021 -0.0388769 -0.0673195
vn 0.057846 -0.0491682 -0.0650871
vn 0.0642768 -0.0344134 -0.0684413
vn 0.0743904 -0.0093256 -0.0661748
vn 0.0742584 0.0434758 -0.0509465
vn 0.0673357 -0.0183587 -0.0716161
vn 0.0686513 0.0241538 -0.0685827
vn 0.0735479 0.0170841 -0.0655656
vn 0.0624256 0.0669704 -0.0402245
vn 0.0575967 -0.0461225 -0.0674932
vn 0.0516882 -0.0529652 -0.0672534
vn 0.0738444 0.0018866 -0.0674051
vn 0.0744797 0.0296778 -0.0597662
vn 0.0654288 0.0554323 -0.0514426
vn 0.0667738 0.0088517 -0.0739115
vn 0.0579644 -0.0182415 -0.079419
vn 0.0667345 0.0339798 -0.0662713
vn 0.0635685 0.031307 -0.0705615
vn 0.0658686 0.0445458 -0.0606382
vn 0.0595773 0.0039943 -0.0802159
vn 0.0541122 -0.0388863 -0.0745636
vn 0.0655427 0.0195046 -0.0729638
vn 0.0657018 0.0321318 -0.0681969
vn 0.0456041 -0.0386803 -0.0801505
vn 0.0420249 -0.0537249 -0.0731269
vn 0.0489825 -0.0128845 -0.0862247
vn 0.0584549 0.0417753 -0.0695547
vn 0.0605356 0.0255507 -0.075383
vn 0.0511091 0.0339259 -0.078974
vn 0.0331918 -0.0380839 -0.0863014
vn 0.0354388 -0.0521025 -0.0776493
vn 0.0411122 -0.0315835 -0.0855118
vn 0.0443632 -0.0500533 -0.0743409
vn 0.0267053 -0.0557067 -0.0786358
vn 0.032033 -0.0478022 -0.0817853
vn 0.0239137 -0.0598692 -0.0764449
vn 0.0229508 -0.0456799 -0.0859454
vn 0.0191326 -0.059862 -0.0777849
vn 0.0151833 -0.0585418 -0.0796387
vn 0.0305303 -0.0299693 -0.0903866
vn 0.0189901 -0.0463013 -0.086577
vn 0.0252583 0.0048206 -0.0966374
vn 0.0369051 0.0089882 -0.0925053
vn 0.0317859 -0.0043616 -0.0947134
vn 0.0310181 0.0145686 -0.0939449
vn 0.0209854 -0.0099066 -0.0972701
vn 0.0260234 0.0174072 -0.0949725
vn 0.0053445 -0.0515954 -0.0854947
vn 0.01462 -0.0322073 -0.0935358
vn 0.0193612 0.016062 -0.0967841
vn 0.0163591 0.0049837 -0.0985269
vn 0.0055641 -0.0056008 -0.0996879
vn 0.0093389 -0.0158696 -0.0982901
vn 0.0052189 0.0037241 -0.0997943
vn 0.0610764 0.0755166 -0.02381
vn 0.0521527 0.0825904 -0.0214224
vn 0.0637724 0.0736997 -0.022393
vn -0.0034269 -0.0235414 -0.0971291
vn 0.0038791 -0.0338384 -0.0940208
vn 0.0370701 0.0350426 -0.0860106
vn 0.0244288 0.0480547 -0.0842258
vn 0.0195501 0.0205136 -0.0959009
vn 0.0566133 0.0461776 -0.0682829
vn 0.053769 0.0559512 -0.0630742
vn 0.0662722 0.0580302 -0.0473338
vn 0.0695681 0.0342765 -0.0631301
vn 0.0740562 0.0477845 -0.0472474
vn 0.0224165 0.0205076 -0.095273
vn 0.0130858 0.0257421 -0.0957398
vn 0.0550964 0.0169295 -0.0817177
vn 0.0823578 0.0390338 -0.0411529
vn 0.0306493 0.0074558 -0.0948948
vn 0.0349181 -5.89e-05 -0.0937055
vn 0.0789621 0.0212507 -0.0575621
vn 0.0700723 0.0648741 -0.0296855
vn 0.0670947 0.0707861 -0.0220824
vn 0.0745208 0.0666408 0.0023787
vn 0.0745824 0.0646045 0.0162397
vn 0.0860277 0.0480888 0.0169324
vn 0.06073 0.0788035 0.0100935
vn 0.0874508 0.0306025 -0.0376277
vn 0.0919217 0.0391768 0.0039481
vn 0.0826997 0.0559867 0.0051231
vn 0.0627809 0.0032467 -0.077769
vn 0.0735698 0.062543 -0.0259971
vn 0.0370512 -0.0112869 -0.0921944
vn 0.0941423 0.0301274 0.0151518
vn 0.0740146 0.0644164 -0.0192969
vn 0.0805087 0.0526295 -0.0273585
vn 0.0638539 0.0752991 -0.0158973
vn 0.0927208 0.0307352 0.0214054
vn 0.084314 0.0504582 0.0185771
vn 0.0851952 0.0489949 0.0184738
vn 0.0883167 0.0466337 -0.0050456
vn 0.078472 0.0617308 -0.0056084
vn 0.0853628 0.0487176 -0.0184335
vn 0.0478908 -0.0174209 -0.0860406
vn 0.0726377 0.006098 -0.0684586
vn 0.0865959 0.0202564 -0.0457255
vn 0.0648189 0.0700043 -0.0299651
vn 0.0989186 0.0134197 0.0059178
vn 0.0931698 0.0341473 -0.0123831
vn 0.0921441 0.0303907 -0.0242049
vn 0.0329511 -0.0088605 -0.0939985
vn 0.0103543 -0.0201837 -0.0973931
vn 0.0139172 -0.0402504 -0.0904777
vn 0.0873628 0.0386141 0.0296091
vn 0.0970894 0.0236666 -0.0036797
vn 0.0487178 -0.0272235 -0.0829787
vn 0.0980336 0.0093064 0.0174012
vn 0.0857526 0.0401345 -0.0321824
vn 0.0813882 0.0428961 -0.0391904
vn 0.0407586 -0.0250641 -0.0878096
vn 0.0841162 0.0073944 -0.0535704
vn 0.0916033 0.0191921 -0.0352207
vn 0.0687432 -0.0048518 -0.0724626
vn 0.092762 0.0202573 -0.0313825
vn 0.0425021 -0.0513499 -0.0745437
vn 0.0588998 -0.0304132 -0.0748722
vn 0.0900669 0.0334514 -0.0277302
vn 0.0998461 -0.0040081 -0.0038339
vn 0.099859 -0.0041462 0.0033163
vn 0.0990853 0.006176 -0.0119988
vn 0.0967989 0.0035957 -0.0248406
vn 0.0870027 0.0200869 -0.0450227
vn 0.0202144 -0.061047 -0.0765809
vn 0.0514714 -0.0324855 -0.0793435
vn 0.0684566 -0.014977 -0.0713399
vn 0.0928492 0.0216285 -0.0301866
vn 0.0973941 -0.005849 0.0219129
vn 0.0899017 -0.0031674 -0.0436767
vn 0.0423766 -0.0548702 -0.0720658
vn 0.0166179 -0.0566111 -0.0807405
vn 0.0491627 -0.0341542 -0.0801032
vn -0.0039553 -0.0544642 -0.0837735
vn 0.0741139 0.0338548 -0.057974
vn 0.0324327 -0.0642711 -0.0694071
vn 0.0945145 0.0125502 -0.0301578
vn 0.0772665 0.0536598 -0.0339193
vn 0.081207 0.0460097 -0.035896
vn 0.0990109 -0.0094674 0.0103543
vn 0.0620335 -0.0254386 -0.0741938
vn 0.0683231 -0.0268131 -0.0679192
vn 0.0766388 -0.017207 -0.0618903
vn 0.0719194 0.0586991 -0.0371754
vn 0.080047 0.0148213 -0.0580759
vn 0.0718326 0.0101579 -0.0688251
vn 0.0605257 0.0277114 -0.0746239
vn 0.0530774 0.0037211 -0.0846696
vn 0.0563936 -0.0482313 -0.0670336
vn 0.0647611 -0.034753 -0.0678102
vn 0.0929403 0.0018373 -0.036861
vn 0.087833 0.0295883 -0.0375486
vn 0.0820649 0.0465445 -0.0331507
vn 0.0894287 0.0333951 -0.0297873
vn 0.0834128 0.0348743 -0.0427328
vn 0.0932302 -0.0182525 -0.0312247
vn 0.0831183 -0.0057327 -0.0553036
vn 0.0682692 -0.0123285 -0.0720231
vn 0.0723459 -0.0242497 -0.0646377
vn 0.0614845 -0.0393733 -0.068333
vn 0.0433274 -0.0650437 -0.0623863
vn 0.0448593 -0.060211 -0.0660476
vn 0.0522842 -0.0406963 -0.0749011
vn 0.0733129 -0.0304574 -0.0608076
vn 0.056319 -0.0425222 -0.0708522
vn 0.0895186 0.0286446 -0.0341453
vn 0.0861532 0.0277576 -0.0425105
vn 0.0844994 -0.0214979 -0.0489663
vn 0.0683552 -0.0397756 -0.0612002
vn 0.0672967 -0.0467109 -0.057352
vn 0.0960055 0.0086694 -0.0266042
vn 0.090578 0.0194335 -0.0376559
vn 0.0793584 0.0449313 -0.0410295
vn 0.0967712 -0.0195762 -0.0158777
vn 0.0897953 0.0259798 -0.0355225
vn 0.090782 0.0300444 -0.0292567
vn 0.0766215 0.0465579 -0.0442889
vn 0.0855862 -0.0357678 -0.0373587
vn 0.0705706 -0.0424409 -0.0567324
vn 0.0570662 -0.049733 -0.0653458
vn 0.0767416 -0.0421644 -0.0483
vn 0.0520493 -0.0637289 -0.0568286
vn 0.0558234 -0.051497 -0.0650523
vn 0.0924117 0.0115662 -0.0364183
vn 0.0834926 0.0304171 -0.0458671
vn 0.0812376 0.0354684 -0.0462866
vn 0.0663064 0.0692231 -0.0284892
vn 0.058111 0.0781809 -0.0226022
vn 0.065628 0.0687334 -0.0311237
vn 0.0547818 -0.0664413 -0.050838
vn 0.0955809 -0.0063117 -0.0287135
vn 0.0887342 0.0216744 -0.0406997
vn 0.0752741 0.0490012 -0.0439623
vn 0.0861213 -0.0286502 -0.0419796
vn 0.0899641 -0.0374848 -0.0223909
vn 0.0705301 -0.0544662 -0.0453755
vn 0.0749942 -0.050057 -0.0432455
vn 0.0515116 -0.0570624 -0.0639565
vn 0.0631803 -0.0508128 -0.0585347
vn 0.0866448 0.0237799 -0.0438999
vn 0.0838187 0.0245299 -0.0487105
vn 0.0831476 -0.0528519 -0.0171217
vn 0.0618515 -0.0584581 -0.0525075
vn 0.092206 -0.0281284 -0.0265867
vn 0.0895588 0.0128646 -0.0425878
vn 0.0804894 -0.0530761 -0.0265402
vn 0.0539336 -0.062125 -0.0568476
vn 0.0981633 -0.0036517 -0.0187252
vn 0.086251 0.0207763 -0.0461422
vn 0.0858699 0.0152152 -0.0489373
vn 0.0518005 -0.0656718 -0.054808
vn 0.0984661 -0.0053521 -0.016607
vn 0.096516 -0.0007472 -0.0261554
vn 0.0795713 0.0316373 -0.0516477
vn 0.0906022 0.003637 -0.0421665
vn 0.072292 0.056924 -0.0391603
vn 0.0702544 0.0667115 -0.024777
vn 0.0599302 0.0780682 -0.0177127
vn 0.062921 0.073624 -0.024909
vn 0.0579826 0.0803762 -0.0133299
vn 0.0593325 -0.0680553 -0.0429898
vn 0.0688013 -0.0571608 -0.0447105
vn 0.0816596 -0.0493297 -0.0299714
vn 0.0836501 -0.0483271 -0.0258292
vn 0.0815809 0.0211594 -0.0538223
vn 0.0837611 0.0166073 -0.0520411
vn 0.0768692 0.0335083 -0.0544823
vn 0.0748949 0.0439217 -0.049615
vn 0.0689344 0.0671668 -0.0271417
vn 0.0817379 -0.057287 0.0060917
vn 0.0805059 -0.0589531 -0.0065823
vn 0.0835624 -0.0537453 -0.011348
vn 0.0780764 0.0214027 -0.0587026
vn 0.0620744 0.0765405 -0.0169802
vn 0.0849246 -0.043906 -0.0293271
vn 0.0834093 0.0093237 -0.0543688
vn 0.0680298 0.0628108 -0.0377722
vn 0.0827948 -0.0558595 -0.0049738
vn 0.073779 -0.0607794 -0.0293688
vn 0.0975505 -0.0177988 -0.0129265
vn 0.098777 -0.0103817 -0.0116329
vn 0.0878563 -0.0021231 -0.0477155
vn 0.0852001 0.0042224 -0.0521835
vn 0.0740687 0.0441925 -0.0506048
vn 0.0727551 0.0556283 -0.0401521
vn 0.0815202 -0.0572911 -0.0084958
vn 0.081051 0.0137134 -0.0569446
vn 0.0712893 0.0540396 -0.0446941
vn 0.0738356 0.033299 -0.0586471
vn 0.0776017 -0.0630524 -0.0015415
vn 0.0767037 -0.0637858 0.0069226
vn 0.0969061 -0.0136885 -0.0205388
vn 0.094821 -0.013614 -0.0286991
vn 0.0923885 -0.0178603 -0.0338434
vn 0.0938351 -0.0004095 -0.0345661
vn 0.0628906 0.0731313 -0.026393
vn 0.0671265 0.0655267 -0.0346452
vn 0.0808555 -0.0583342 -0.0077146
vn 0.0841545 -0.0514632 -0.016418
vn 0.0615074 -0.0734299 -0.028721
vn 0.06187 -0.0678318 -0.0396353
vn 0.0910792 -0.0103887 -0.0399581
vn 0.0843864 -0.0520925 -0.0128568
vn 0.0751492 -0.063639 -0.0173976
vn 0.0785383 0.0111292 -0.0608923
vn 0.0781412 -0.0622727 0.0040078
vn 0.0836854 -0.0522642 0.0162854
vn 0.0972184 -0.0220374 -0.0079335
vn 0.0812669 -0.0006575 -0.0582688
vn 0.0793736 0.0060087 -0.0605288
vn 0.0750021 0.0241232 -0.0615854
vn 0.0706422 0.0477108 -0.0522816
vn 0.0959856 -0.0245501 0.0135665
vn 0.0716565 -0.069552 0.0052784
vn 0.0577001 -0.0738799 -0.0348204
vn 0.0724952 0.0341391 -0.0598245
vn 0.06604 0.0578727 -0.0478484
vn 0.0602218 0.0676077 -0.0424563
vn 0.0933317 -0.0298544 0.0199479
vn 0.0825544 -0.0100398 -0.0555335
vn 0.0766046 0.0098046 -0.0635264
vn 0.0982599 -0.0178056 -0.005288
vn 0.087712 -0.0198813 -0.0437188
vn 0.0746301 0.0159232 -0.0646282
vn 0.0692741 0.0323124 -0.0644749
vn 0.096829 -0.0225574 0.0107379
vn 0.0881734 -0.0467627 0.0062205
vn 0.0649859 -0.0729959 -0.0211762
vn 0.0935325 -0.0254291 -0.0245974
vn 0.0892822 -0.0324212 -0.031266
vn 0.0859884 -0.0321098 -0.0396856
vn 0.0760239 0.0007417 -0.0649602
vn 0.0962846 -0.0222105 -0.0153614
vn 0.0762574 -0.0065169 -0.064361
vn 0.0695542 0.0275695 -0.0663486
vn 0.0703376 0.0259532 -0.0661744
vn 0.066616 -0.073619 -0.0119395
vn 0.0652907 0.0438552 -0.0617564
vn 0.0692385 0.038499 -0.0610234
vn 0.0635713 0.0342139 -0.0691961
vn 0.0983077 -0.0139717 0.011849
vn 0.0779401 -0.0089922 -0.0620039
vn 0.0712498 0.0041469 -0.0700447
vn 0.0953098 -0.0276667 0.0122721
vn 0.0473203 0.0781425 -0.0406761
vn 0.0542756 0.0831313 -0.011973
vn 0.05498 0.0732581 -0.0401304
vn 0.0823934 -0.0566572 0.0011345
vn 0.090612 -0.0421529 0.0035483
vn 0.0950295 -0.0311066 0.0013325
vn 0.0973771 -0.0227526 0.0001299
vn 0.0841069 -0.0532031 -0.0097707
vn 0.0990073 -0.0138112 0.0026104
vn 0.0942132 -0.031386 -0.0117808
vn 0.0429668 0.0899497 -0.0079319
vn 0.0982811 -0.0152649 0.0103835
vn 0.0911084 -0.0349141 -0.0219152
vn 0.0633749 0.0232404 -0.0737802
vn 0.0410203 0.0841126 -0.0352477
vn 0.0693938 -0.0716298 -0.0073262
vn 0.0776901 -0.0209092 -0.059389
vn 0.076998 -0.015473 -0.0619023
vn 0.0299887 0.0808899 -0.0505717
vn 0.0324778 0.0903288 -0.028034
vn 0.0985714 -0.0148784 0.0078945
vn 0.072267 -0.0682432 -0.0109704
vn 0.0813372 -0.0440477 -0.0380007
vn 0.073748 -0.0163359 -0.0655314
vn 0.0353107 0.0705698 -0.0614252
vn 0.0824912 -0.0476049 -0.0304791
vn 0.0700698 -0.0269728 -0.0660506
vn 0.096721 -0.0252915 0.0023211
vn 0.094098 -0.0335467 -0.0044933
vn 0.0734979 -0.0282002 -0.0616669
vn 0.086245 -0.0454395 -0.0222949
vn 0.029151 0.0155255 -0.0943884
vn 0.0363479 0.0271596 -0.0891133
vn 0.044802 0.0199222 -0.0871544
vn 0.0645182 -0.0228574 -0.0729036
vn 0.0696833 -0.0152215 -0.0700896
vn 0.0756478 -0.0617317 -0.0216012
vn 0.0658941 -0.0399365 -0.063742
vn 0.0711656 -0.0351157 -0.0608469
vn 0.0620446 -0.0319847 -0.0716062
vn 0.0670698 -0.0568316 -0.0476635
vn 0.0730398 -0.046229 -0.0502799
vn 0.0748518 -0.0485561 -0.045161
vn 0.0663974 -0.0625867 -0.0409181
vn 0.0698565 -0.0579368 -0.0419929
vn 0.0687471 -0.0473102 -0.0550961
vn 0.0659956 -0.0452548 -0.0599715
vn 0.0708555 -0.04062 -0.057702
vn 0.0588592 -0.0378925 -0.0714126
vn 0.0317903 0.0028312 -0.0947701
vn 0.0384602 0.0101554 -0.0917479
vn 0.0402691 -0.0018665 -0.0915146
vn 0.0568147 -0.0315691 -0.0759966
vn 0.0554586 -0.0221411 -0.080213
vn 0.0606825 -0.064416 -0.046564
vn 0.0562232 -0.0714171 -0.0416959
vn 0.0616575 -0.0445 -0.064947
vn 0.060235 -0.0514714 -0.0610119
vn 0.0506472 -0.0335701 -0.0794223
vn -0.0256548 0.0327653 -0.09093
vn -0.0148873 0.0440884 -0.0885132
vn -0.006205 0.0368502 -0.0927554
vn 0.0555238 -0.0489957 -0.0672051
vn 0.0627931 -0.0542692 -0.0557843
vn -0.023637 0.0465283 -0.0853019
vn -0.0315107 0.0443096 -0.083927
vn 0.0509553 -0.0418689 -0.0751702
vn 0.057062 -0.0657448 -0.0492092
vn 0.0540037 -0.0580216 -0.060968
vn 0.0498577 -0.0602099 -0.0623617
vn 0.0461292 -0.054512 -0.0700039
vn 0.0414752 -0.0404758 -0.0814955
vn 0.0475453 -0.0660988 -0.0580551
vn 0.0495643 -0.0568443 -0.0656667
vn 0.038889 -0.0843702 -0.0370041
vn 0.0516807 -0.0688504 -0.0508796
vn 0.044718 -0.081891 -0.0359744
vn 0.0454204 -0.0674577 -0.0581932
vn 0.0398729 -0.0785917 -0.0472599
vn 0.045102 -0.0714671 -0.0534627
vn 0.0447996 -0.029417 -0.0844253
vn 0.0404562 -0.0515393 -0.0755447
vn 0.0399871 -0.0676021 -0.061895
vn 0.0334746 -0.0337135 -0.0879935
vn 0.0371951 -0.0606659 -0.0702579
vn 0.0373689 -0.0672559 -0.0638766
vn 0.0311826 -0.0445374 -0.0839289
vn 0.0239518 -0.0300841 -0.0923107
vn 0.0356679 -0.0230036 -0.0905463
vn 0.0340455 -0.0503203 -0.0794278
vn 0.0265877 -0.0364422 -0.0892472
vn 0.0252783 -0.0224521 -0.0941112
vn 0.030058 -0.0591723 -0.0748008
vn 0.0305238 -0.0678372 -0.0668312
vn 0.0298425 -0.0750768 -0.0589313
vn 0.0370933 -0.0762994 -0.0529385
vn 0.0227751 -0.0436041 -0.0870631
vn 0.0252769 -0.0674403 -0.069375
vn 0.0145536 -0.0343608 -0.0927768
vn 0.0264185 -0.0843181 -0.0468244
vn 0.0224974 -0.0807101 -0.0545871
vn 0.0225465 -0.0575475 -0.0786126
vn 0.0201443 -0.0751938 -0.0627702
vn 0.0158732 -0.0266172 -0.0950766
vn 0.0188578 -0.0692872 -0.0695965
vn 0.0139567 -0.0484692 -0.0863478
vn 0.0197686 -0.0826085 -0.0527734
vn 0.003782 -0.040158 -0.0915043
vn 0.0148592 -0.0604068 -0.0782957
vn 0.0159551 -0.0666824 -0.0727935
vn 0.00471 -0.0289503 -0.0956018
vn -0.0036819 -0.0256833 -0.0965754
vn 0.0131634 -0.0747881 -0.0650651
vn 0.0096781 -0.0675733 -0.0730766
vn -0.010525 -0.0377342 -0.0920074
vn -0.0140254 -0.0306761 -0.0941396
vn 0.0058323 -0.0578929 -0.0813289
vn 0.0040344 -0.0712023 -0.0700996
vn -0.0036145 -0.0674903 -0.0737021
vn -0.005557 -0.0608111 -0.0791905
vn 0.0682328 -0.0122734 -0.0720669
vn 0.0667236 -0.0238887 -0.0705499
vn 0.0542814 -0.0388539 -0.0744574
vn 0.0648761 0.0107981 -0.0753293
vn 0.0637824 0.0038182 -0.0769235
vn 0.0587656 -0.0235176 -0.0774179
vn 0.0601917 -0.004725 -0.079716
vn 0.0558325 0.0159916 -0.0814064
vn 0.0547737 -0.0158344 -0.082153
vn 0.0533415 0.008779 -0.0841286
vn 0.045398 -0.031714 -0.0832661
vn 0.0510964 -0.0021079 -0.0859344
vn 0.0550766 0.0244314 -0.0798102
vn 0.0416715 -0.0161163 -0.0894637
vn 0.0500759 0.0225576 -0.0835677
vn 0.0431334 -0.0009907 -0.0902138
vn 0.0465138 0.0137882 -0.0874434
vn 0.0411295 0.0207174 -0.0887646
vn 0.0310185 0.0791619 -0.0526426
vn 0.041228 0.0716043 -0.0563301
vn 0.029477 0.0695867 -0.0654889
vn 0.0342349 0.084319 -0.0414521
vn 0.0235952 0.0856257 -0.0459512
vn 0.0310475 0.0882084 -0.0354306
vn 0.0256839 -0.0194965 -0.0946585
vn 0.0400566 0.0623956 -0.0670989
vn 0.0250718 0.0604744 -0.0755927
vn 0.0218053 0.0910463 -0.0351441
vn 0.0189476 0.0781473 -0.0594474
vn 0.0103435 0.0863796 -0.049311
vn 0.0106487 0.0690705 -0.0715253
vn 0.0109218 0.048307 -0.0868743
vn 0.027936 0.0490672 -0.0825348
vn 0.0260904 0.0410564 -0.0873708
vn 0.0149176 0.0579023 -0.0801548
vn 0.0043674 0.0774578 -0.0630969
vn 0.0247038 0.0277644 -0.0928378
vn 0.0156907 0.031209 -0.0937006
vn -0.0007701 0.0634759 -0.0772672
vn -0.0074307 0.0823733 -0.0562087
vn -0.0026994 0.0860312 -0.0509053
vn 0.0074719 0.0383559 -0.0920489
vn -0.0011306 0.0310988 -0.0950347
vn 0.0087018 0.0212278 -0.0973327
vn -0.0036343 0.045591 -0.0889284
vn -0.0058874 0.0548811 -0.0833871
vn -0.0112028 0.0754685 -0.0646453
vn -0.0174436 0.0601362 -0.0779702
vn -0.0179953 0.0681497 -0.0709351
vn -0.0186948 0.0504888 -0.0842697
vn -0.01546 0.0385829 -0.0909525
vn 0.0002571 -0.0465332 -0.0885132
vn 0.0002539 -0.0515476 -0.08569
vn -0.0129029 -0.0502216 -0.0855062
vn 0.024232 -0.0353142 -0.0903644
vn 0.0081275 -0.0150647 -0.0985241
vn -0.0173081 0.0244487 -0.095408
vn -0.0283983 0.0724947 -0.0627539
vn 0.0385775 -0.0158124 -0.0908941
vn -0.0301217 0.0581327 -0.0755862
vn -0.0405496 -0.0304262 -0.0861973
vn -0.0256384 -0.0414417 -0.0873227
vn -0.0321582 -0.0523156 -0.0789236
vn 0.0370456 0.0171487 -0.0912883
vn -0.0316609 0.0245227 -0.0916309
vn -0.0253646 -0.0272025 -0.092826
vn -0.0393353 -0.0612879 -0.0685312
vn -0.0311524 -0.0647647 -0.0695346
vn -0.0411052 -0.0595453 -0.0690269
vn -0.0295783 0.0391452 -0.0871365
vn -0.0417554 -0.0183893 -0.0889849
vn -0.0353782 0.0461381 -0.0813613
vn -0.0469655 -0.0416863 -0.0778235
vn -0.0417509 0.031361 -0.085284
vn -0.0395588 0.059965 -0.0695651
vn -0.0430371 -0.0607816 -0.0667338
vn -0.0493524 -0.0529439 -0.069002
vn -0.0443782 0.0171499 -0.0879571
vn -0.0528007 -0.0182472 -0.0829405
vn -0.0440133 0.0507551 -0.0740726
vn -0.04891 -0.0621894 -0.0611579
vn -0.0568755 -0.0314479 -0.0760014
vn -0.0554466 0.0141023 -0.0820171
vn -0.0491152 0.0033281 -0.0870438
vn -0.0488347 0.0384208 -0.0783518
vn -0.0638341 -0.0226842 -0.073557
vn -0.0556055 0.0060201 -0.0828962
vn -0.0554034 -0.0029735 -0.0831963
vn -0.0540028 0.0452919 -0.070939
vn -0.0622959 0.0021166 -0.0781968
vn -0.0694258 -0.0498015 -0.0519603
vn -0.0672445 -0.0542088 -0.0503943
vn -0.0641987 -0.0482601 -0.0595776
vn -0.0654083 -0.0113615 -0.0747841
vn -0.0636878 -0.0040283 -0.0769911
vn -0.0720928 -0.0523085 -0.0454582
vn -0.0580156 0.0312315 -0.0752249
vn -0.0767904 -0.04537 -0.0452195
vn -0.0798515 -0.0233792 -0.055472
vn -0.0869126 -0.0149533 -0.0471444
vn -0.0717829 0.0207011 -0.0664731
vn -0.0632754 0.0188443 -0.0751074
vn -0.0715087 0.0085878 -0.069374
vn -0.0619156 0.0395508 -0.0678394
vn -0.0634737 0.0081366 -0.0768433
vn -0.0740582 -0.0037935 -0.0670895
vn -0.0748554 -0.012093 -0.0651953
vn -0.0683467 0.0305112 -0.0663159
vn -0.082369 -0.0182477 -0.0536877
vn -0.0715516 -0.0220953 -0.0662734
vn -0.0752372 -0.031951 -0.0576064
vn 0.072139 0.0233264 -0.0652062
vn 0.0725488 0.0158974 -0.0669623
vn -0.0831521 -0.0076094 -0.0550257
vn 0.0617296 0.058923 -0.0521301
vn 0.0617379 0.0461313 -0.0637207
vn -0.0804535 0.0005956 -0.0593875
vn 0.0683456 0.0134036 -0.0717581
vn 0.0568054 0.0315946 -0.075993
vn 0.0494902 0.032584 -0.0805544
vn 0.0428028 0.0398666 -0.0811084
vn 0.0549495 0.0458439 -0.0698491
vn 0.0238724 0.0928062 -0.0285853
vn 0.0201847 0.0783602 -0.0587559
vn 0.051433 0.0503542 -0.0694198
vn 0.0632984 0.0104871 -0.0767029
vn 0.057184 0.0156251 -0.0805348
vn 0.064319 -0.0004255 -0.0765695
vn 0.0289265 0.0363964 -0.0885356
vn 0.0349477 0.0491783 -0.0797506
vn 0.0660847 -0.0088671 -0.0745265
vn 0.0565959 0.000938 -0.082438
vn 0.0493208 0.0087141 -0.0865536
vn 0.0207283 0.0209165 -0.0955659
vn 0.0584027 -0.0102411 -0.0805248
vn -0.0018414 0.0506364 -0.0862123
vn 0.0060807 0.0475881 -0.0877405
vn 0.0060566 0.0340559 -0.093827
vn 0.0484153 -0.0162534 -0.0859755
vn 0.0495443 -0.0034651 -0.0867949
vn 0.0134669 0.0084803 -0.0987255
vn 0.0072439 0.0159791 -0.098449
vn 0.014669 0.0311002 -0.0939021
vn -0.002333 0.0226292 -0.097378
vn -0.0131248 0.0241799 -0.0961409
vn 0.0644047 -0.0562338 -0.0518633
vn 0.063221 -0.0573197 -0.0521301
vn -0.0031758 0.0114715 -0.0992891
vn -0.0632641 0.0345857 -0.0692927
vn -0.0689081 0.0484033 -0.0539332
vn -0.0612798 0.0434151 -0.0660296
vn 0.0539077 -0.061804 -0.0572208
vn -0.0147257 0.0134207 -0.0979951
vn -0.0707835 0.0394953 -0.0585647
vn 0.0044813 0.0042514 -0.099809
vn 0.0124549 -0.0028631 -0.09918
vn -0.0661221 0.0265941 -0.0701472
vn -0.0763247 0.0345649 -0.0545877
vn -0.0290951 0.0216877 -0.0931833
vn -0.0714811 0.0245881 -0.0654666
vn -0.0421762 0.0217008 -0.0880355
vn -0.0409334 0.0323513 -0.0853103
vn -0.0644925 0.0185409 -0.0741414
vn -0.0072925 0.0043911 -0.099637
vn 0.0373797 0.0620729 -0.0689181
vn 0.0498522 0.0723607 -0.0477356
vn 0.0483463 0.0592702 -0.064418
vn 0.047722 0.0741919 -0.0470974
vn 0.0404706 0.0885176 -0.0229512
vn 0.0414429 0.0875174 -0.0249638
vn 0.0453283 0.089035 -0.0042559
vn 0.0597874 0.0788054 -0.0146686
vn 0.0522733 0.0851399 -0.0043241
vn 0.0450783 0.0483015 -0.0750661
vn 0.0280353 0.0430494 -0.0857949
vn 0.0398195 0.0333548 -0.085451
vn 0.0511954 0.0591753 -0.062268
vn 0.0475506 0.0439331 -0.0762156
vn 0.0453609 0.0609103 -0.0650563
vn 0.0689183 0.0430696 -0.058269
vn 0.075456 0.0295985 -0.0585689
vn 0.0777604 0.0351018 -0.052165
vn -0.0367523 -0.0012694 -0.0929928
vn -0.0205213 0.0039384 -0.0977925
vn -0.023556 -0.006571 -0.0969636
vn 0.0749212 0.0395417 -0.0531344
vn 0.0645498 0.0679762 -0.0348219
vn 0.072852 0.0234222 -0.0643738
vn -0.0139665 -0.0175425 -0.0974536
vn -0.0040239 -0.012805 -0.0990951
vn -0.0284598 -0.0196731 -0.0938244
vn -0.0195811 -0.0267416 -0.0943476
vn -0.0340127 -0.0286972 -0.0895523
vn -0.0372007 -0.0348199 -0.0860447
vn -0.0459703 -0.0268663 -0.0846459
vn -0.046291 -0.0377843 -0.0801841
vn 0.0035497 -0.0801888 -0.0596419
vn 0.0142627 -0.0825834 -0.0545578
vn 0.0082566 -0.0860986 -0.0501883
vn -0.0335452 -0.0436378 -0.0834893
vn -0.0035619 -0.0753263 -0.0656754
vn -0.0124568 -0.0684925 -0.0717886
vn -0.0100717 -0.0763091 -0.0638395
vn -0.0254846 -0.0563916 -0.0785527
vn -0.0153226 -0.0495262 -0.0855124
vn -0.0171389 -0.0594887 -0.0785325
vn -0.0213715 -0.0491769 -0.0844091
vn -0.0149259 -0.0819908 -0.0552696
vn -0.0044802 -0.0855925 -0.0515156
vn -0.0186925 -0.0739408 -0.0646788
vn -0.0236633 -0.0660085 -0.0712946
vn 0.0223073 -0.0182932 -0.0957483
vn 0.0302564 0.0005336 -0.0953114
vn 0.0159351 -0.0517017 -0.0841012
vn 0.0098763 -0.0214652 -0.0971684
vn 0.0133828 -0.0605487 -0.0784522
vn 0.0013957 -0.0465564 -0.0884904
vn 0.009879 -0.0594832 -0.0797757
vn -0.0089602 0.0175931 -0.0980316
vn 0.0040537 0.0300383 -0.0952957
vn -0.0059199 -0.0179807 -0.0981919
vn 0.0016185 -0.0563473 -0.0825976
vn -0.0161163 0.0012765 -0.0986845
vn -0.0155679 -0.0323475 -0.0933342
vn -0.0020963 -0.0556056 -0.0830881
vn -0.0089156 -0.0597949 -0.079656
vn -0.0100458 -0.03687 -0.0924104
vn -0.011511 -0.0466497 -0.0877001
vn -0.0143143 -0.0588004 -0.0796092
vn -0.0082 -0.0072957 -0.0993958
vn -0.0186226 -0.0582004 -0.0791575
vn -0.0239761 -0.0628614 -0.0739837
vn -0.0332323 -0.0503856 -0.0797302
vn -0.0270267 -0.0369871 -0.0888905
vn -0.0162153 -0.0209725 -0.0964221
vn -0.0040823 0.0199208 -0.0979107
vn -0.0109777 0.0100759 -0.0988836
vn -0.0383879 -0.0573284 -0.0723866
vn -0.0208822 -0.0075543 -0.0975032
vn -0.0271758 0.0151981 -0.0950289
vn -0.019949 0.0071573 -0.0977283
vn -0.0340262 0.0088395 -0.0936167
vn -0.0415346 0.0038712 -0.0908839
vn -0.0535937 -0.0580935 -0.0612606
vn -0.0575285 -0.0391918 -0.0717947
vn -0.0591326 -0.0506302 -0.0627688
vn -0.0604639 -0.0407559 -0.068433
vn -0.0538891 0.0247116 -0.0805314
vn -0.0589713 -0.0584139 -0.0557692
vn -0.0569846 -0.059465 -0.0567156
vn -0.0688544 -0.046458 -0.0556841
vn -0.0681807 -0.0351545 -0.0641526
vn -0.0780587 -0.0410981 -0.0470934
vn -0.0766961 -0.0631314 -0.0114956
vn -0.0799739 -0.0464223 -0.0380676
vn -0.0981492 -0.0161888 0.0102306
vn -0.0825644 -0.042865 -0.036684
vn -0.0851673 -0.029575 -0.0432649
vn -0.0922114 -0.0082033 -0.0378121
vn -0.0874864 -0.0464977 -0.013568
vn -0.0799566 -0.0497605 -0.0336279
vn -0.0989541 -0.0143193 0.0017434
vn -0.0953818 0.0294446 0.0059432
vn -0.0902203 0.0391696 0.0180563
vn -0.0946809 -0.0099702 -0.030596
vn -0.0954071 0.0116628 -0.0275947
vn -0.0876651 -0.0375076 -0.0301333
vn -0.0769653 -0.0537207 -0.0345026
vn -0.0851759 -0.0356823 -0.0383645
vn -0.0870711 -0.047378 -0.0131889
vn -0.0943308 0.0319814 0.0088821
vn -0.090591 0.0389145 0.0167013
vn -0.0970779 -0.0209256 -0.0117473
vn -0.095926 -0.0027993 -0.0281133
vn -0.0945668 0.0206882 -0.0250823
vn -0.0891262 -0.0128922 -0.0434778
vn -0.076729 -0.0590717 -0.0249638
vn -0.091637 -0.018328 -0.0355913
vn -0.0699338 -0.0651631 -0.0293775
vn -0.098825 0.0147681 -0.0039412
vn -0.0755503 -0.0522514 -0.0395214
vn -0.0936646 0.0349817 0.0017975
vn -0.097197 -0.0061888 -0.0226811
vn -0.0917871 -0.0200323 -0.0342613
vn -0.0906915 -0.0003543 -0.0421298
vn -0.0873021 -0.0445182 -0.0199114
vn -0.0957947 0.0270587 0.0095501
vn -0.0704387 -0.0628508 -0.0329874
vn -0.0877098 -0.041135 -0.0247973
vn -0.0804856 -0.0503378 -0.0314353
vn -0.0984189 -0.0088255 -0.0153566
vn -0.0927433 -0.0058267 -0.0369423
vn -0.0987676 0.0147516 0.0052303
vn -0.0987557 -0.0065257 -0.014308
vn -0.079244 -0.0432601 -0.0429994
vn -0.0953544 -0.0080173 -0.029039
vn -0.0960904 0.0267107 -0.007292
vn -0.0839889 -0.0283109 -0.0463072
vn -0.0911486 0.0105237 -0.0397642
vn -0.0855994 0.0055711 -0.0513975
vn -0.0983542 0.0135248 -0.0119802
vn -0.0888304 -0.0321109 -0.0328337
vn -0.0956684 -0.0012872 -0.0290844
vn -0.0927362 0.0189712 -0.0322505
vn -0.0915345 0.0282063 -0.0287374
vn -0.0835535 0.0318919 -0.0447406
vn -0.096266 0.0217097 -0.0161723
vn -0.0968402 0.0134704 -0.0209885
vn -0.0986053 0.0140041 -0.008993
vn -0.0966583 0.0215504 -0.0138833
vn -0.0971858 0.0044238 -0.0231375
vn -0.0952228 0.0046346 -0.0301851
vn -0.0974967 0.0100717 -0.019823
vn -0.0657818 0.05725 -0.0489407
vn -0.0659218 0.0653459 -0.0372052
vn -0.0607485 0.0581818 -0.0540786
vn -0.06102 0.0783332 -0.011852
vn -0.0572611 0.0817861 -0.0056745
vn -0.0593692 0.0799581 -0.009056
vn -0.0470854 0.0880733 -0.005105
vn 0.0229107 0.0079166 -0.0970177
vn -0.076301 0.0524967 -0.0377128
vn -0.0703478 0.0600122 -0.0380752
vn -0.0702145 0.0629066 -0.0333569
vn -0.0672677 0.0674537 -0.0304148
vn -0.0648619 0.0720222 -0.0246115
vn -0.060833 0.075896 -0.0232196
vn -0.0658173 0.0741469 -0.0130504
vn -0.0583737 0.0805321 -0.0103485
vn -0.0780487 0.0449166 -0.0434844
vn -0.0706866 0.0648704 -0.0282
vn -0.0691517 0.0684866 -0.0229702
vn -0.0805594 0.0402743 -0.0434531
vn -0.0687672 0.0719263 -0.0098831
vn -0.0669134 0.0738688 -0.0081237
vn -0.0663341 0.0656186 -0.035972
vn -0.0737948 0.0584975 -0.0336507
vn -0.0670512 0.073031 -0.0130617
vn -0.0708955 0.0679113 -0.0190229
vn -0.0749419 0.0596036 -0.0288292
vn -0.0534382 0.0316289 -0.0783835
vn -0.0568001 0.040059 -0.0718959
vn -0.0491166 0.0372557 -0.0787374
vn -0.0791897 0.0457996 -0.0403904
vn -0.0735825 0.055428 -0.0389019
vn -0.0237304 0.0938601 -0.0250431
vn -0.0645219 0.0756493 -0.0106818
vn -0.0362097 0.0891867 -0.0271032
vn -0.0790314 0.0500251 -0.035377
vn -0.0780713 0.0548683 -0.0299056
vn -0.0361521 0.0860753 -0.0358339
vn -0.0641443 0.0729919 -0.0236154
vn -0.0416674 0.0810353 -0.0411959
vn -0.0029821 0.0835417 -0.0548806
vn -0.0824292 0.0084733 -0.0559789
vn -0.0829653 0.022881 -0.0509236
vn -0.0806621 0.0143805 -0.0573309
vn -0.0235988 0.0753563 -0.0613558
vn 0.0190039 0.067121 -0.0716493
vn -0.0804145 0.0057453 -0.059165
vn -0.0922167 -0.0166711 0.0349022
vn -0.0919289 -0.0252462 0.0301946
vn -0.0810224 0.0029714 -0.0585367
vn 0.034456 0.0464325 -0.0815893
vn 0.021811 0.0582031 -0.0783369
vn -0.0786733 -0.0023456 -0.0616848
vn -0.0803575 -0.0032172 -0.0594334
vn 0.0337732 0.037768 -0.0862146
vn 0.0022103 0.0475712 -0.0879323
vn -0.0282294 0.0243063 -0.0928025
vn -0.0537275 0.031225 -0.0783477
vn -0.0578692 0.0160443 -0.0799609
vn 0.0035241 0.0237557 -0.0970734
vn -0.0115796 0.0426638 -0.0896979
vn 0.0442098 0.0502583 -0.074294
vn -0.0558622 -0.00498 -0.0827926
vn -0.0628915 0.0019086 -0.077724
vn -0.0510469 0.0001232 -0.0859895
vn -0.0827141 -0.00062 -0.0561961
vn -0.038791 0.0034725 -0.0921043
vn -0.0605314 -0.0083584 -0.0791586
vn -0.078642 0.0202451 -0.0583572
vn -0.0739291 0.0308166 -0.0598734
vn -0.0082385 0.0027217 -0.0996229
vn 0.0166948 0.0264781 -0.0949747
vn -0.086045 0.0273694 -0.0429788
vn -0.0804199 0.0060568 -0.0591266
vn 0.0326493 0.0438879 -0.0837131
vn -0.0751999 -0.007177 -0.0655245
vn -0.0070542 0.0050764 -0.0996216
vn -0.0761868 -0.0117812 -0.0636928
vn -0.0203148 -0.0212058 -0.0955909
vn -0.0552099 -0.0127943 -0.0823904
vn -0.0482504 -0.0126877 -0.0866656
vn -0.0699546 -0.0171011 -0.0693823
vn -0.0579708 -0.017566 -0.0795665
vn -0.0652024 -0.0110725 -0.075007
vn -0.0327568 -0.0360057 -0.0873532
vn -0.0203988 -0.0151835 -0.0967127
vn -0.095538 -0.0252644 0.0153035
vn -0.0788307 -0.015593 -0.0595196
vn -0.092192 -0.034549 0.0175213
vn -0.0369845 -0.0133032 -0.091952
vn -0.083717 -0.0084037 -0.0540448
vn -0.0749587 -0.006075 -0.0659113
vn -0.0922246 0.0059973 -0.0381923
vn -0.0928043 -0.0062736 -0.0367151
vn -0.0546224 -0.0237882 -0.0803151
vn -0.0751604 -0.014868 -0.0642639
vn -0.0491643 -0.0191894 -0.0849391
vn -0.0393554 -0.0195922 -0.0898181
vn 0.0482073 0.0242257 -0.0841972
vn 0.069262 0.0362119 -0.0623817
vn -0.0713829 -0.0231034 -0.0661114
vn -0.0337875 -0.0398261 -0.0852777
vn -0.0908286 -0.0359573 0.021383
vn -0.0890891 -0.0353505 0.0285214
vn 0.008822 -0.021216 -0.0973245
vn -0.0715202 -0.0080974 -0.0694211
vn -0.0623095 -0.0222191 -0.0749922
vn -0.0552256 -0.0329863 -0.076564
vn 0.0200647 0.0186898 -0.0961671
vn 0.0208422 0.0151045 -0.0966305
vn 0.0410399 0.0320007 -0.0853913
vn -0.0510879 -0.0208261 -0.0834044
vn -0.0446427 -0.0456131 -0.0769836
vn -0.054303 -0.0309344 -0.0780656
vn -0.0784652 -0.0588152 0.0195958
vn -0.0800163 -0.0593994 0.00831221
vn -0.0827697 -0.0270743 -0.0491545
vn -0.069971 -0.0352803 -0.0621237
vn -0.0412621 -0.0523352 -0.0745551
vn -0.0431188 -0.0302546 -0.0850025
vn -0.0934389 -0.0339475 0.0108049
vn -0.042064 -0.0225975 -0.0878634
vn -0.0544509 -0.044019 -0.0713962
vn -0.0192727 -0.0412358 -0.0890403
vn -0.012913 -0.0262612 -0.0956222
vn 0.0147798 -0.0029505 -0.0988577
vn 0.0112194 -0.0114693 -0.0987045
vn 0.0004526 -0.0170164 -0.0985405
vn -0.0642133 -0.0277383 -0.071465
vn -0.0830752 -0.0195718 -0.05211
vn -0.0927928 -0.0200648 -0.0314149
vn -0.0624904 -0.0396729 -0.0672385
vn -0.01749 -0.0303955 -0.0936494
vn -0.0742568 -0.0257993 -0.0618088
vn -0.0943444 -0.0001186 -0.0331531
vn -0.09574 -0.0116034 -0.0264428
vn -0.0573961 -0.0370165 -0.0730443
vn -0.032009 -0.0512063 -0.0797078
vn -0.0924097 -0.0357412 0.0135282
vn -0.0855347 -0.0105215 -0.0507259
vn -0.0643045 -0.0502458 -0.0577953
vn -0.047106 -0.0577959 -0.0666383
vn -0.0466616 -0.0586907 -0.0661672
vn -0.0241627 -0.0443991 -0.0862838
vn -0.0253715 -0.0144435 -0.0956435
vn -0.0870858 -0.0463459 0.0163743
vn -0.0872 -0.0207177 -0.0443501
vn -0.0885871 -0.0094778 -0.0454148
vn -0.0796694 -0.039416 -0.0458166
vn -0.0579622 -0.0483873 -0.0655672
vn -0.053633 -0.0458651 -0.0708512
vn -0.0647878 -0.0398964 -0.0648908
vn -0.0952666 -0.0286538 0.0101601
vn -0.0543139 -0.0286896 -0.0789108
vn -0.0765339 -0.0287778 -0.0575709
vn -0.0934429 -0.0184802 -0.0304451
vn -0.0482558 -0.0664246 -0.057089
vn -0.0676899 -0.0322139 -0.0661841
vn -0.0217426 -0.0644922 -0.0732667
vn -0.0200167 -0.0699835 -0.0685685
vn -0.0423042 -0.030593 -0.0852902
vn -0.0412702 0.006605 -0.0908468
vn -0.0121884 0.0081569 -0.0989187
vn -0.0370583 0.0348072 -0.0861112
vn -0.0183067 0.036499 -0.0912836
vn -0.0990672 -0.0106545 0.0084949
vn -0.0912517 -0.0394986 0.0106294
vn -0.0870808 -0.0479941 0.0106538
vn -0.0727412 -0.0679443 0.009607
vn -0.0590974 -0.0356043 -0.0723867
vn -0.072669 -0.0313606 -0.0611207
vn -0.0789205 -0.0494343 -0.036439
vn -0.0612818 -0.0623169 -0.0485915
vn -0.0508762 0.0370603 -0.0777055
vn -0.0988641 0.0105248 0.0107293
vn -0.0959215 -0.0275406 0.0063707
vn -0.0455239 -0.0710912 -0.0536061
vn -0.0599133 0.0558622 -0.0573569
vn -0.0427851 0.0626307 -0.0651677
vn -0.0546706 0.0813858 -0.0196845
vn -0.036697 0.0905391 -0.0213542
vn -0.0472385 0.0784154 -0.0402437
vn -0.0800517 0.0591422 0.00969209
vn -0.0753841 0.0647141 0.0113723
vn -0.0635781 0.0757089 0.015033
vn -0.0956988 0.0267034 0.0113436
vn -0.0896513 -0.0442315 0.0024925
vn -0.0943128 -0.0231245 -0.023882
vn -0.0690668 -0.0496946 -0.0525379
vn -0.0398782 -0.0517676 -0.0756957
vn -0.0533687 -0.014966 -0.0832334
vn -0.0598945 0.0323146 -0.0732695
vn -0.0681914 0.0716963 -0.0144768
vn -0.0486984 0.0873377 0.000769
vn -0.0696203 0.0714562 0.0068577
vn -0.0480028 0.0870616 0.010771
vn -0.0619661 -0.040679 -0.0671225
vn -0.0612691 0.0185672 -0.0768203
vn -0.0614467 0.003233 -0.078828
vn -0.0892534 0.0440325 0.009745
vn -0.0519996 -0.0387495 -0.0761217
vn -0.0765448 -0.0357437 -0.0535097
vn -0.0817798 -0.032629 -0.0474069
vn -0.0527963 -0.0716151 -0.045649
vn -0.0438665 -0.0659625 -0.0610301
vn -0.0421959 -0.0564987 -0.0709042
vn -0.0521327 -0.0548515 -0.0653719
vn -0.0288755 -0.0655053 -0.0698231
vn -0.0351719 -0.0651892 -0.0671811
vn -0.0778004 0.0626543 -0.0046416
vn -0.005765 -0.0490161 -0.0869723
vn -0.0926294 0.037662 0.0011698
vn -0.093474 -0.0353636 -0.003469
vn -0.0512309 -0.0659517 -0.055007
vn -0.0715832 0.0566817 -0.0407802
vn -0.084766 0.0528853 0.0042277
vn -0.0682824 -0.0402201 -0.0609906
vn -0.0857918 -0.0448357 -0.0250905
vn -0.0966104 -0.0218231 -0.0137911
vn -0.0577934 -0.0724775 -0.037509
vn -0.0975342 0.0217451 0.0037722
vn -0.0998912 -0.0025182 0.0039258
vn -0.0860812 -0.049817 0.010406
vn -0.0896015 -0.0439059 0.0066215
vn -0.0560194 -0.0459128 -0.0689481
vn -0.0864384 -0.0312384 -0.0394026
vn -0.0993986 0.0100041 -0.004453
vn -0.0692505 -0.0705178 -0.0152185
vn -0.0674097 -0.0735769 -0.0065094
vn -0.0729156 -0.0679634 -0.0080183
vn -0.0637779 -0.0446095 -0.0627883
vn -0.0499439 -0.0450208 -0.0740185
vn -0.0929952 -0.0352643 -0.0104078
vn -0.076644 -0.0581922 -0.0271911
vn -0.0224577 -0.0409379 -0.0884293
vn -0.0426659 -0.0471225 -0.0771952
vn -0.0558981 -0.0540807 -0.0628544
vn -0.0907181 -0.0241696 -0.0344393
vn -0.0884911 -0.0323259 -0.0335314
vn -0.0640162 -0.0706833 -0.0300965
vn -0.0465254 -0.082044 -0.0332292
vn -0.0659153 -0.048633 -0.0573586
vn -0.0572942 -0.0814755 -0.0088949
vn -0.0687271 -0.0459382 -0.0562696
vn -0.0871711 -0.0379848 -0.0309574
vn -0.0705547 -0.057292 -0.0417092
vn -0.0888881 -0.0395143 -0.0231844
vn -0.0834117 -0.0543944 -0.009151
vn -0.0817362 -0.0572146 0.0067588
vn -0.0812659 -0.0549789 -0.0193177
vn -0.0969026 -0.0119131 -0.0216326
vn -0.0992021 0.0019714 -0.0124519
vn -0.0944978 0.0310326 -0.0103512
vn -0.0472148 -0.0520658 -0.0711331
vn -0.0636392 -0.0520209 -0.0569551
vn -0.0812467 -0.0409047 -0.0415426
vn -0.0738823 -0.0643487 -0.0200164
vn -0.0913784 -0.0391686 -0.0107614
vn -0.0777851 -0.0602077 -0.0180141
vn -0.0784138 -0.0612929 -0.009719
vn -0.0706172 -0.0495724 -0.0505549
vn -0.0753913 -0.0464824 -0.0464277
vn -0.0844857 -0.0388931 -0.0367356
vn -0.0564639 -0.079782 -0.0211342
vn -0.096733 0.0098371 -0.0233656
vn -0.0113073 -0.0625634 -0.0771879
vn -0.051255 -0.0536497 -0.067042
vn -0.0657309 -0.0519871 -0.0545599
vn -0.0839124 -0.0452545 -0.0301784
vn -0.0919561 -0.0387251 -0.0066664
vn -0.0834684 -0.0500076 -0.023071
vn -0.0663462 -0.0690034 -0.028926
vn -0.074148 -0.0635674 -0.0214771
vn -0.0764464 -0.0486611 -0.0422854
vn -0.0458103 -0.0607285 -0.0649113
vn -0.0594313 -0.0615258 -0.0517929
vn -0.0786201 -0.0596483 -0.0161542
vn -0.0361197 -0.0541199 -0.0759368
vn -0.0279897 -0.0495511 -0.0822269
vn -0.0788108 -0.0614354 0.0038137
vn -0.0530505 -0.0625106 -0.0572545
vn -0.0668302 -0.0584316 -0.0460377
vn -0.0706933 -0.0552064 -0.0442121
vn -0.0793084 -0.0505942 -0.0339177
vn -0.0383338 -0.0613843 -0.0690108
vn -0.0444178 -0.0693517 -0.0567222
vn -0.0854651 -0.0459724 -0.0241299
vn -0.0420846 -0.0569245 -0.0706292
vn -0.0582745 -0.0691588 -0.0426748
vn -0.0483592 -0.0740679 -0.0466404
vn -0.0806229 -0.0590801 -0.0030806
vn -0.0283475 -0.060757 -0.0741957
vn -0.0384585 -0.0674353 -0.0630351
vn -0.0680949 -0.0614409 -0.0398511
vn -0.0064937 -0.0931569 -0.0357719
vn -0.032094 -0.0628026 -0.070893
vn -0.036719 -0.0784063 -0.0500416
vn -0.0592003 -0.0731032 -0.03393
vn -0.0290068 -0.0707895 -0.0644007
vn -0.0326078 -0.0751486 -0.0573534
vn -0.0350545 -0.0862656 -0.0364613
vn -0.0693952 -0.0651078 -0.0307454
vn -0.0428416 -0.0848901 -0.0309559
vn -0.0311839 -0.0798141 -0.0515487
vn -0.0311619 -0.0882785 -0.0351546
vn -0.0229518 -0.0796834 -0.0558908
vn -0.0215093 -0.0944047 -0.0250019
vn -0.0168646 -0.0896922 -0.0408767
vn -0.0180837 -0.0896048 -0.0405457
vn -0.0132666 -0.0979825 -0.0149473
vn -0.0237878 -0.0940842 -0.024131
vn -0.0257452 -0.0851845 -0.0456157
vn -0.0473513 -0.0851811 -0.0224061
vn -0.0299001 -0.0945541 -0.012865
vn -0.0642274 -0.0718902 -0.0265828
vn 0.0868857 0.0212108 0.0447323
vn 0.0811841 0.0152608 0.0563582
vn 0.0800748 0.0286042 0.0526291
vn 0.0729413 0.0204946 0.0652652
vn 0.0704953 0.0111977 0.0700359
vn 0.0788307 0.0038128 0.06141
vn 0.0784132 0.0193854 0.058954
vn 0.0738453 0.034728 0.0578
vn 0.0748012 0.0320549 0.0581142
vn 0.0688814 0.0222827 0.0689843
vn 0.0838973 0.0317774 0.044175
vn 0.0812739 0.0372418 0.0448063
vn 0.0717582 0.0246631 0.0651344
vn 0.0361719 0.0903462 0.0230033
vn 0.086031 0.0380075 0.033972
vn 0.0864222 0.0418445 0.0279328
vn 0.0776772 0.0323739 0.0540203
vn 0.0820039 0.0253294 0.0513205
vn 0.0299891 0.0923907 0.0237614
vn 0.0349514 0.0917815 0.0188296
vn 0.0720504 0.0373558 0.0584233
vn 0.0634857 0.0577878 0.0512849
vn 0.0324172 0.091117 0.0254328
vn 0.0739117 0.0497275 0.0454339
vn 0.0877959 -0.0064826 0.0474326
vn 0.0342433 0.0930482 0.0130163
vn 0.026381 0.0958629 0.0106929
vn 0.0771772 0.0510786 0.0378768
vn 0.0627926 0.0490289 0.0604421
vn 0.0517107 0.0418482 0.0746641
vn 0.0311124 0.0906356 0.0285869
vn 0.0384834 0.0882801 0.0269379
vn 0.0812606 -0.0105379 0.0573208
vn 0.0300621 0.0905966 0.0298082
vn 0.0914133 -0.0066605 0.0399906
vn 0.0964346 0.0115297 0.023821
vn 0.0835213 0.0232368 0.0498423
vn 0.0234615 0.0902251 0.0361799
vn 0.0335961 0.0901844 0.0271675
vn 0.0480888 0.0852525 0.0204813
vn 0.0653988 0.0565549 0.0502449
vn 0.0709589 -0.0389101 0.0587438
vn 0.0201542 0.08773 0.0435576
vn 0.0715847 0.0187338 0.0672658
vn 0.0290928 0.0777416 0.0557661
vn 0.0794121 0.0490221 0.0359242
vn 0.0712764 0.0598405 0.0365894
vn 0.0554332 0.0543503 0.0630334
vn 0.0517099 0.048382 0.0706064
vn 0.0828783 -0.0203072 0.0521422
vn 0.0562923 -0.045704 0.0688645
vn 0.0709602 -0.0166541 0.0684638
vn 0.0314005 0.0903345 0.0292178
vn 0.0648999 0.0057119 0.0758642
vn 0.0397597 0.061147 0.068412
vn 0.0493842 0.0826998 0.0268691
vn 0.0823735 -0.0129018 0.05521
vn 0.0565093 -0.0488256 0.0665038
vn 0.0399635 0.0854695 0.0331343
vn 0.0445528 0.0884233 0.0140132
vn 0.0555503 0.0821905 0.0126049
vn 0.0483689 0.0530906 0.0695833
vn 0.0503671 0.0407391 0.0761806
vn 0.0407736 0.0453903 0.079229
vn 0.0577689 0.0668383 0.0468551
vn 0.0565483 0.0574454 0.0591804
vn 0.051004 0.0677592 0.0529837
vn 0.0535699 0.0757428 0.037327
vn 0.0600625 0.0749761 0.0277682
vn 0.0540291 0.0819222 0.0192254
vn 0.0652179 -0.0374438 0.0659135
vn 0.0153575 0.0886775 0.0435942
vn 0.022352 0.0888196 0.0401432
vn 0.0437948 0.0875183 0.0205562
vn 0.0531076 0.0844878 0.0064331
vn 0.0393152 -0.0106094 0.0913332
vn 0.0430659 0.0353299 0.0830489
vn 0.0359042 0.053266 0.0766395
vn 0.0369008 0.0421068 0.0828574
vn 0.0550372 0.0386156 0.0740253
vn 0.0623282 -0.0318637 0.0714136
vn 0.0447253 -0.0490318 0.0748033
vn 0.0580624 0.0364781 0.0727881
vn 0.0494165 0.0829653 0.0259764
vn 0.0537937 0.0830727 0.0143233
vn 0.0517888 0.0567769 0.0639867
vn 0.0500479 0.0807662 0.0311774
vn 0.0504457 0.0396977 0.0766767
vn 0.0558256 0.0377659 0.0738731
vn 0.0508183 0.0480737 0.0714592
vn 0.0203311 0.0775535 0.059767
vn 0.0296238 0.0655714 0.0694465
vn 0.0531839 0.0779949 0.032989
vn 0.0600818 0.0795362 0.0080109
vn 0.0420561 0.0462568 0.0780487
vn 0.0383129 0.0717244 0.0582042
vn 0.0458137 0.0836163 0.0301566
vn 0.0172615 0.0901845 0.0396081
vn 0.0505793 0.0783038 0.0361974
vn 0.0450982 0.0785313 0.0424145
vn 0.0303133 0.0417716 0.0856518
vn 0.0251093 0.0929829 0.0269017
vn 0.0398448 0.0915047 0.006267
vn 0.0110136 0.0873181 0.0474789
vn 0.0338064 0.081611 0.0468697
vn 0.0520224 0.0764872 0.0379917
vn 0.0341918 0.0889056 0.0304421
vn 0.0370316 0.0857831 0.035636
vn 0.002368 0.0975885 0.0216996
vn 0.0182434 0.0958328 0.0219832
vn 0.0294656 0.0938789 0.0178475
vn 0.0350098 0.0936249 -0.0029472
vn 0.0301244 0.095304 0.0031106
vn 0.0418779 0.0907908 0.0018087
vn 0.0414218 0.0552471 0.0723325
vn 0.0275343 0.0619614 0.0735027
vn 0.0087326 0.0910925 0.0403224
vn 0.0577768 0.0709732 0.0403068
vn 0.0596807 0.0802236 0.0015471
vn 0.0135294 0.0761016 0.0634469
vn 0.0281929 0.0830422 0.0480537
vn 0.0399158 0.079448 0.0457684
vn 0.0192915 0.092936 0.031476
vn 0.0194954 0.0918029 0.0345277
vn 0.0025385 0.0953007 0.0301883
vn 0.0553565 0.0832683 0.0014298
vn 0.0515503 0.0856155 -0.0035439
vn 0.0323229 0.0797823 0.0508923
vn 0.0342055 0.0910669 0.0231691
vn 0.0251758 0.0897337 0.0362498
vn 0.0214146 0.0605711 0.0766326
vn 0.0072573 0.0887477 0.0455102
vn 0.0181953 0.0539287 0.082223
vn 0.044151 0.0746729 0.0497458
vn 0.013352 0.0989486 0.0055595
vn 0.0379835 0.0918495 0.0109965
vn 0.0151358 0.0978977 0.013673
vn 0.0309437 0.0950605 0.0024454
vn 0.0707738 0.0266438 0.0654307
vn 0.0419485 0.0907691 0.0011365
vn 0.0555159 0.0826572 0.0092616
vn 0.0499152 0.0316867 0.08065
vn 0.0625773 0.0417408 0.0658922
vn 0.0679924 0.0406922 0.0610015
vn 0.0339622 0.0788822 0.0512267
vn 0.0305421 0.0140817 0.0941748
vn 0.0495411 0.0607896 0.0620508
vn 0.0709162 0.0328338 0.0623926
vn 0.0418117 -0.0173762 0.0891619
vn 0.0201906 -0.0050763 0.0978089
vn 0.0332618 0.0497856 0.080094
vn 0.019541 0.0809115 0.0554209
vn 0.029986 0.0389237 0.0870964
vn 0.005548 0.05028 0.0862621
vn 0.0062573 0.0439022 0.0896295
vn 0.0417507 -0.0121481 0.0900517
vn 0.0192993 -0.036939 0.0909013
vn 0.0051733 0.0694606 0.0717528
vn 0.0540669 0.0570821 0.0617933
vn 0.0583295 0.0520737 0.0623377
vn 0.0248619 0.0857492 0.045044
vn 0.045751 -0.0041665 0.0888228
vn 0.0007821 0.081916 0.0573512
vn 0.0250998 0.0834255 0.0490937
vn 0.0297595 -0.0241525 0.0923636
vn -0.0006894 0.0041026 0.0999134
vn 0.0166254 0.0498378 0.0850869
vn -0.0077391 0.0740427 0.0667666
vn -0.0180765 0.081709 0.0547438
vn -0.0162892 0.0882394 0.0441415
vn 0.0143239 -0.0356377 0.0923297
vn 0.0229212 0.0800388 0.0553932
vn -0.0016517 0.0886535 0.0462367
vn -0.0090858 0.0575137 0.0812996
vn 0.0240308 -0.0210228 0.0947658
vn -0.0126137 -0.0646362 0.0752533
vn -0.0104027 -0.0332644 0.0937297
vn 0.0134746 0.0321612 0.0937235
vn 0.0289141 0.0072557 0.0954533
vn 0.0244695 -0.0190622 0.0950677
vn -0.0122941 0.0076513 0.098946
vn 0.0114565 0.0737085 0.0666019
vn -0.008256 0.0462533 0.088275
vn 0.0160779 -0.0241988 0.0956866
vn -0.0052984 0.0907306 0.0417119
vn 0.0464898 0.0657821 0.0592572
vn -0.0088109 -0.044546 0.0890956
vn -0.0043228 0.0168309 0.0984786
vn -0.0095877 0.0429887 0.0897778
vn 0.0010393 0.0897348 0.0441202
vn 0.0396222 0.037136 0.0839702
vn 0.0030058 0.0760783 0.064831
vn -0.0131262 0.0867771 0.0479316
vn -0.010996 0.0854617 0.0507483
vn 0.0045564 0.0471171 0.0880864
vn -0.00494 -0.0377236 0.0924799
vn -0.00331 0.0359427 0.0932586
vn 0.0166435 0.0505926 0.0846368
vn -0.0200703 0.0176613 0.0963601
vn -0.0194699 0.0775079 0.060112
vn 0.0132824 0.0839704 0.0526551
vn -0.0120667 -0.0486461 0.0865329
vn -0.0304579 -0.0145687 0.0941279
vn 0.0139426 0.040357 0.0904263
vn -0.0418168 0.0518013 0.0746189
vn -0.0432397 0.081915 0.0376864
vn -0.0154721 0.0861007 0.0484488
vn 0.0301522 0.0458224 0.0836131
vn -0.0061081 0.0987834 0.0143017
vn -0.0181424 0.0974586 0.0131405
vn 0.0028694 0.0976968 0.0211446
vn -0.0488375 0.023163 0.0841331
vn -0.0027478 0.0989794 0.0139834
vn -0.024475 0.0965056 0.0093621
vn -0.0273628 -0.0255754 0.092721
vn -0.0520042 0.0382162 0.0763878
vn -0.0224587 0.0853643 0.0469951
vn 0.028283 0.0352621 0.0892001
vn 0.0379376 0.0473614 0.0794836
vn -0.0387237 0.0763423 0.0516945
vn 0.044019 0.034632 0.082843
vn -0.0418968 0.0645276 0.0638815
vn -0.0360003 0.0847302 0.0390483
vn -0.0319094 0.0645437 0.0693967
vn -0.0059891 -0.0209257 0.0976025
vn -0.0317442 0.0110679 0.0941797
vn 0.041334 0.0237706 0.0879003
vn 0.0081152 0.0982771 0.0166061
vn 0.006922 0.0984385 0.016185
vn -0.0107743 0.0988082 0.0109935
vn -0.0157603 0.096211 0.0222499
vn -0.0175834 0.092229 0.0344184
vn 0.0207653 0.0959962 0.0188023
vn 0.0197289 0.0952013 0.0233984
vn 0.0006951 0.002143 0.0999746
vn -0.0079299 0.0496816 0.0864226
vn -0.0085186 0.0900879 0.042563
vn 0.0775384 0.0217822 0.0592734
vn 0.0483216 0.0047807 0.0874195
vn 0.0549403 0.0228584 0.0803683
vn 0.0251557 0.0952421 0.0172083
vn 0.0052767 0.0382738 0.0922349
vn 0.0078236 0.0836293 0.0542672
vn 0.0546294 0.0055825 0.0835731
vn 0.0625169 0.0051081 0.0778816
vn -0.0124484 0.0923738 0.0362233
vn 0.0384846 0.0902204 0.0194737
vn 0.0365074 0.0886246 0.0285112
vn 0.0707187 0.0275963 0.0650946
vn -0.0164415 0.0713218 0.0681386
vn 0.05985 -0.0081455 0.0796971
vn 0.0638502 -0.0173851 0.0749727
vn 0.0608711 -0.0211669 0.0764636
vn 0.0693301 -0.0140316 0.0706856
vn -0.0214305 0.0718503 0.0661685
vn 0.0761057 0.0082255 0.0643448
vn 0.0557147 -0.0255174 0.0790236
vn -0.0370683 0.0467134 0.0802733
vn -0.0143788 0.0661706 0.0735847
vn 0.0519636 0.0286689 0.0804852
vn 0.074267 -0.0165697 0.0648834
vn -0.0225242 0.0773204 0.0592808
vn -0.0201119 0.0842612 0.0499556
vn -0.0036634 0.0640683 0.0766931
vn 0.0280341 0.0454285 0.0845597
vn 0.0178383 0.046922 0.0864877
vn 0.0657386 0.024276 0.071338
vn 0.0628216 0.033758 0.0700988
vn 0.0588942 0.030493 0.0748441
vn -0.0351275 0.0605534 0.0714097
vn 0.0193329 0.0478134 0.0856745
vn -0.0412826 0.0283891 0.0865437
vn 0.0220733 0.0385125 0.0896078
vn -0.0242797 0.0827337 0.0506521
vn -0.0170421 0.0519883 0.0837065
vn 0.0698701 0.0152294 0.0699017
vn 0.0692137 0.0251514 0.0676526
vn 0.074286 0.0153366 0.0651642
vn -0.064415 0.0332187 0.0689001
vn -0.0605079 0.025509 0.0754194
vn 0.0618225 0.0158519 0.0769851
vn 0.0844154 0.0062817 0.0532408
vn -0.0378035 0.082479 0.0420489
vn -0.0338829 0.0822229 0.0457312
vn -0.0470366 0.0683756 0.0557883
vn -0.0380349 0.0841546 0.0383581
vn -0.0616573 0.0444317 0.0649939
vn -0.0700487 0.016418 0.0694523
vn -0.0622482 0.052592 0.057959
vn -0.011915 0.0440393 0.0889864
vn -0.0469304 0.0743106 0.0477019
vn 0.0554288 0.0108577 0.0825213
vn -0.0490613 0.0649665 0.0580718
vn -0.057174 0.0656643 0.0491867
vn -0.0707539 0.0412382 0.0573872
vn 0.0698757 0.0063749 0.0712513
vn 0.0754488 0.0012828 0.0656188
vn 0.0848766 -0.0069137 0.0524229
vn -0.0647369 0.0513506 0.0563227
vn 0.0628549 -0.0036076 0.0776933
vn -0.0106551 -0.0433904 0.0894636
vn -0.0064581 -0.0427771 0.0901577
vn -0.0370695 -0.0275696 0.0886892
vn -0.0342903 -0.0186428 0.0920686
vn -0.0557642 -0.009195 0.0824973
vn -0.0209096 0.0351181 0.0912661
vn -0.0394209 -0.0345217 0.0851719
vn -0.0167614 -0.048379 0.0858984
vn -0.0718754 0.0555133 0.0418593
vn -0.0555242 -0.0191958 0.0809233
vn 0.070363 -0.0086473 0.0705286
vn -0.0748016 0.0481882 0.0456358
vn -0.0840203 0.0392515 0.0374154
vn 0.0237082 -0.0064874 0.0969321
vn -0.0828269 -0.0062538 0.0556829
vn -0.0789524 -2.82e-05 0.0613719
vn -0.079241 0.0205286 0.0574408
vn -0.0713117 9.53e-05 0.0701045
vn -0.0915863 0.0303592 0.0262731
vn -0.0730663 0.0295228 0.0615607
vn -0.0673495 0.0362163 0.0644393
vn -0.0224158 0.0099181 0.0969493
vn -0.0508272 0.0537979 0.0672486
vn -0.0110847 -0.0044333 0.0992848
vn -0.02293 -0.0002175 0.0973353
vn -0.0553232 0.046805 0.0689103
vn -0.0089901 -0.0174315 0.0980577
vn -0.0625199 0.0404913 0.0667212
vn -0.0643397 0.0310687 0.0699652
vn -0.0661074 0.0218934 0.0717669
vn -0.0669207 0.0131887 0.0731279
vn -0.0730171 0.0089724 0.0677348
vn -0.0698335 0.0238453 0.0674884
vn -0.0694445 0.0040831 0.0718387
vn -0.0691593 -0.0013516 0.0722161
vn -0.0738468 -0.001472 0.0674128
vn -0.0782405 0.0124901 0.0610117
vn -0.0796757 -0.0009891 0.0604219
vn -0.0759302 -0.0090553 0.0644407
vn -0.0780068 -0.0066 0.0622204
vn 0.0305437 0.0937751 0.0165325
vn 0.0287322 0.0934124 0.0211796
vn 0.0257952 0.0957856 0.0126386
vn 0.0230935 0.0971399 0.005526
vn 0.0344621 0.0933967 0.0094561
vn 0.0318036 0.0947716 0.0026218
vn 0.0444574 0.0895452 0.0022784
vn 0.0133514 0.0962879 0.0234601
vn 0.0195039 0.0968421 0.0155309
vn 0.0098646 0.0978851 0.0179219
vn 0.0384061 0.0921885 0.005124
vn 0.0515158 0.0855896 -0.0045317
vn -0.0069781 0.095929 0.0273668
vn -0.007953 0.0970099 0.0229312
vn 0.020824 0.0970126 0.0124467
vn 0.0376855 0.0925261 0.0043281
vn -0.0205649 0.0934503 0.029054
vn -0.0282455 0.0892297 0.0352172
vn -0.0301026 0.091374 0.0272877
vn 0.0128799 0.0975892 0.0176197
vn 0.0209118 0.0973526 0.0092283
vn -0.0091522 0.0974223 0.0206189
vn -0.0052003 0.0972995 0.0224893
vn 0.0021688 0.0979632 0.0199625
vn 0.0132899 0.0990262 0.0041465
vn 0.0333901 0.0942499 -0.0014367
vn 0.0250153 0.0967976 0.0021113
vn 0.0022414 0.0999504 0.0022129
vn 0.0018597 0.0997994 0.006052
vn -0.0202327 0.0960867 0.0189204
vn 0.0705072 0.0611717 0.0358714
vn 0.0631316 0.0638902 0.0439595
vn 0.0881087 0.0403727 0.0246355
vn 0.0807851 0.0481524 0.0339869
vn 0.0727827 0.0506857 0.0461913
vn 0.0708897 0.0463537 0.05316
vn 0.0822698 0.0415961 0.0387486
vn 0.0901913 0.0378332 0.0208372
vn 0.0712864 0.036826 0.0596833
vn 0.0865506 0.041814 0.0275786
vn 0.0622704 0.0294174 0.0725053
vn 0.0611952 0.0312677 0.0726463
vn 0.0609198 0.0200389 0.0767282
vn 0.0674973 0.0324598 0.0662607
vn 0.0585375 0.0488008 0.0647445
vn 0.0833821 0.0484349 0.0264856
vn 0.0607295 0.0390073 0.0692124
vn 0.0621217 0.0216586 0.0753114
vn 0.0574761 0.0406916 0.0709978
vn 0.0612029 0.0270199 0.0743245
vn 0.0815148 0.0533775 0.0224984
vn 0.0454309 0.0293535 0.0841095
vn 0.0507421 0.0336252 0.0793384
vn 0.0550088 0.0439729 0.0709959
vn 0.0758368 0.0637295 0.0136869
vn 0.0747812 0.0595753 0.0293013
vn 0.047276 0.0375796 0.0797042
vn 0.0455459 0.0396327 0.0797171
vn 0.0279078 0.0955866 0.0091849
vn 0.0612763 0.0335548 0.0715492
vn 0.0735256 0.067764 0.0014227
vn 0.0576495 0.0814522 -0.0064865
vn 0.0601319 0.0792916 0.0098485
vn 0.066539 0.0708119 0.0236271
vn 0.0428502 0.0901152 0.006566
vn 0.0657761 0.0649116 0.0382099
vn 0.0728796 0.0666344 -0.0157616
vn 0.0529938 0.0812621 -0.0242515
vn 0.0594209 0.0658947 0.0461199
vn 0.0557898 0.0609655 0.056309
vn 0.0658839 0.0749554 -0.0064023
vn 0.0443333 0.0892441 -0.0083702
vn 0.0602302 0.079235 0.009703
vn 0.0516347 0.0786078 -0.0339805
vn 0.0737983 0.0665501 -0.0111757
vn 0.0578422 0.0740691 0.0341767
vn 0.0474159 0.069227 0.0543999
vn 0.0615142 0.0766258 -0.0185604
vn 0.0058459 0.0985691 0.0158101
vn 0.0538966 0.0812791 0.0221102
vn 0.0533411 0.0732484 0.0423014
vn 0.0391399 0.0884274 -0.0254689
vn 0.0653191 0.0720671 -0.0232325
vn -0.0077439 0.0934649 0.0347037
vn -0.0154525 0.0957978 0.0241663
vn -0.0134765 0.0979074 0.0152491
vn 0.0501207 0.0865268 -0.0010161
vn -0.0096683 0.0991776 0.0083864
vn 0.0501266 0.0857601 -0.0115124
vn 0.0601717 0.0738212 -0.0304925
vn 0.0382616 0.0630272 0.0675546
vn 0.0445476 0.0795055 0.0411629
vn 0.0168778 0.0887002 0.0429816
vn 0.0343294 0.0935051 -0.0088484
vn 0.0164286 0.0986157 -0.002245
vn 0.0198249 0.0980152 -4.52e-05
vn 0.0485957 0.0810009 0.0328225
vn 0.0590187 0.0763376 -0.0262558
vn 0.0358759 0.0830595 0.0425916
vn 0.0003831 0.0999669 0.0025443
vn 0.0137973 0.0990418 0.0005936
vn 0.0110488 0.0993812 -0.0011406
vn 0.0294448 0.0935278 -0.0196355
vn -0.0157005 0.0987131 0.0030352
vn -0.0083087 0.099647 0.0011972
vn -0.0080979 0.0996405 -0.0024883
vn 0.0460666 0.0818081 -0.0344283
vn -0.0081888 0.0889813 0.0448917
vn -0.0182474 0.0971306 0.0152539
vn 0.0138465 0.0990003 -0.0026869
vn 0.0504933 0.0852665 -0.0134183
vn 0.0457608 0.0794406 0.0399393
vn -0.0197697 0.0936603 0.0289294
vn -0.0149618 0.0987225 0.0054795
vn -0.0111037 0.0993781 -0.000833
vn -0.0046531 0.0997629 -0.0050716
vn 0.0446248 0.0894885 -0.0006648
vn 0.0521327 0.081712 -0.0246037
vn -0.0130483 0.0990659 -0.0039623
vn 0.0162609 0.0983612 -0.0077877
vn 0.0576465 0.0809348 -0.0112443
vn 0.0359563 0.0852512 -0.0379391
vn 0.0454841 0.0868487 -0.0197105
vn -0.0170698 0.0971274 0.01658
vn -0.015457 0.0982561 -0.0103352
vn 0.0259459 0.096181 -0.0087192
vn 0.0322898 0.085842 -0.0398562
vn -0.0004328 0.0993938 -0.0109859
vn 0.0132669 0.0991073 -0.0013206
vn 0.0409864 0.0884502 -0.0222864
vn -0.00726 0.0983539 -0.0165468
vn 0.0461495 0.0868812 -0.0179408
vn 0.0381324 0.0911489 -0.0154204
vn 0.0367874 0.092367 -0.0107246
vn -0.0135878 0.0966965 0.0215677
vn -0.0058819 0.0991993 -0.0111756
vn 0.0279215 0.0948908 -0.0147013
vn 0.0555596 0.0825409 0.0100072
vn -0.0125562 0.099082 0.0050107
vn 0.0029404 0.0999246 -0.0025358
vn 0.0034938 0.0997988 -0.0052902
vn 0.0079646 0.0889655 0.0449633
vn -0.0036006 0.0997073 -0.0067448
vn -0.0111038 0.0971715 -0.0208422
vn 0.0165172 0.0971192 -0.0171767
vn -0.0174404 0.0982836 -0.0060144
vn 0.0036633 0.0996895 -0.0069699
vn -0.0087161 0.0969955 -0.0227137
vn 0.0311032 0.0942274 -0.012401
vn 0.0007665 0.0997349 0.0072358
vn 0.0075713 0.099677 0.0026801
vn 0.025181 0.0902589 -0.0349176
vn 0.0226802 0.088467 -0.0407332
vn 0.040549 0.089083 -0.020494
vn 0.0500712 0.0861422 -0.0085086
vn 0.040721 0.0898363 -0.0164691
vn -0.0070387 0.080266 0.0592269
vn 0.0484032 0.0862273 0.0148994
vn -0.0224534 0.0971519 0.0075736
vn -0.0316497 0.094858 -0.0005109
vn 0.0249717 0.095621 -0.0152658
vn 0.0595717 0.0785344 -0.0168396
vn -0.0261159 0.0960956 -0.0091433
vn -0.0262959 0.0961295 -0.0082243
vn 0.0204744 0.09628 -0.0176341
vn 0.0386192 0.0920511 -0.0059285
vn -0.0136332 0.09537 -0.0268084
vn 0.0512239 0.083238 -0.0211553
vn 0.0428416 0.0859164 0.0279816
vn 0.0423044 0.0888286 -0.0178835
vn 0.0030892 0.0935085 0.0353075
vn -0.0026968 0.0968346 0.0248152
vn -0.0368756 0.0925307 0.0088462
vn -0.0349712 0.093332 0.0081334
vn -0.023589 0.0730102 0.0641332
vn 0.0418842 0.0907199 0.0039513
vn -0.0287828 0.0951796 0.0106014
vn -0.0440271 0.0897682 0.0018152
vn -0.0253657 0.0488935 0.0834626
vn -0.0137565 0.0930595 0.0339217
vn -0.0001961 0.0890151 -0.0455662
vn 0.0072708 0.0873961 -0.0480527
vn -0.0001876 0.0878763 -0.0477254
vn 0.0267036 0.0953523 -0.0139588
vn 0.0486764 0.0797224 0.0357064
vn 0.0112196 0.092984 -0.0350442
vn 0.0202112 0.0972993 -0.0111514
vn 0.0379491 0.0565739 0.073207
vn 0.0343357 0.0919289 -0.0192391
vn 0.0547213 0.0809985 -0.0210909
vn 0.0247248 0.0937849 0.0243533
vn 0.0373837 0.0869972 0.0321549
vn 0.0183837 0.0889569 0.0418176
vn -0.0028912 0.0962254 -0.0270613
vn -0.0101291 0.0904328 -0.0414645
vn 0.0067461 0.0990392 -0.012072
vn 0.0133972 0.098464 0.0111966
vn 0.0044828 0.0992981 -0.0109453
vn 0.0236605 0.0817346 0.0525322
vn 0.0097408 0.0954427 0.0282101
vn -0.0254908 0.0929393 0.026693
vn -0.0032722 0.0996366 -0.0078644
vn -0.0119205 0.0961343 -0.0248212
vn 0.0063602 0.098025 0.0187256
vn 0.0347148 0.0776264 0.0526216
vn -0.0220543 0.0870782 -0.0439432
vn -0.0104791 0.0865215 -0.0490329
vn -0.0079537 0.0994591 0.0066807
vn 0.0144452 0.0836053 0.0529291
vn 0.020697 0.0913039 0.0351459
vn 0.0233425 0.0929761 0.0284707
vn 0.0422159 0.0883437 -0.0203276
vn -0.0222667 0.0894495 -0.0387682
vn -0.0188951 0.0973442 -0.0129264
vn -0.0163304 0.0958213 0.0234861
vn -0.0008459 0.0871657 0.0490044
vn 0.0396744 0.0828544 0.0395106
vn 0.0015637 0.0992116 0.0124341
vn -0.0108859 0.0992667 0.0052548
vn -0.0240726 0.096956 0.0044777
vn -0.0236327 0.0960485 -0.014703
vn -0.0142057 0.0989742 0.00152
vn -0.0440479 0.0816413 0.0373428
vn -0.0310352 0.0920637 -0.0236874
vn 0.0166627 0.0979204 0.0115738
vn -0.047631 0.0872449 0.0109368
vn -0.0445717 0.0866789 0.0223635
vn -0.0361468 0.092897 0.0079719
vn 0.0612954 0.0761371 -0.0211189
vn -0.0539654 0.0769246 0.0342103
vn -0.0326273 0.0830004 -0.0452372
vn -0.0353938 0.0851048 -0.0387874
vn -0.0280503 0.0958023 0.0059244
vn -0.0222737 0.0869424 0.044101
vn -0.0572292 0.0799533 0.0182287
vn -0.0346184 0.0928081 0.0137192
vn -0.0307449 0.0832915 0.0460138
vn 0.0512812 0.0812188 0.0278164
vn -0.0560132 0.0827496 0.0038753
vn 0.056926 0.0748243 0.0340698
vn 0.0524029 0.0829356 0.0193811
vn 0.0388875 0.0908691 0.0151845
vn -0.0437903 0.0894377 0.0091274
vn -0.0400202 0.0870317 -0.0287031
vn -0.0637884 0.0760007 0.0124473
vn -0.0395994 0.0747209 0.053373
vn 0.0655858 0.0710217 0.0255818
vn 0.0450293 0.0892143 0.0036279
vn -0.055159 0.083182 0.006184
vn 0.0422558 0.0904692 -0.0054563
vn 0.0164519 0.0984534 -0.0060216
vn 0.0376755 0.0926081 0.0020711
vn -0.0530711 0.0716976 0.0451986
vn -0.0405511 0.0506212 0.0761124
vn 0.0712045 0.061326 0.0341912
vn 0.0696302 0.0654823 0.0293888
vn 0.0685324 0.070191 0.0194044
vn -0.0552095 0.0833751 -0.0007079
vn -0.0503855 0.0802459 -0.0319671
vn 0.0790534 0.0525925 0.0313781
vn 0.0746199 0.0633891 0.0203393
vn 0.0607728 0.0793739 -0.0025395
vn 0.0554104 0.0790774 -0.0260085
vn -0.0580873 0.0804354 -0.0124903
vn -0.002896 0.0972626 -0.0230564
vn 0.0002061 0.0967294 -0.0253651
vn 0.0075349 0.0970958 -0.0227077
vn 0.0819693 0.0481446 -0.0310343
vn 0.0887471 0.0370394 -0.0274233
vn 0.0767172 0.0588594 -0.025496
vn 0.0830382 0.0492238 -0.0261088
vn 0.085738 0.0431496 -0.0280554
vn 0.0152847 0.0974411 -0.0164806
vn 0.0149244 0.0961437 -0.0231008
vn 0.0077281 0.0990256 -0.0115848
vn 0.0109553 0.0993911 -0.0011779
vn 0.0175336 0.0980802 -0.0085357
vn 0.0055507 0.0998445 -0.000519
vn -0.0001148 0.0993369 -0.011496
vn 0.0183884 0.0982902 0.0009479
vn -0.0014147 0.0999764 -0.0016511
vn 0.0089952 0.0993677 0.0067198
vn 0.0012306 0.0996014 0.0088348
vn 0.0136929 0.0981068 0.0136952
vn 0.0062145 0.0991189 0.0116971
vn -0.0068842 0.098739 -0.0142554
vn 0.0224342 0.0969141 0.0102162
vn 0.0127444 0.0956091 0.026391
vn -0.0092352 0.0995027 0.0037305
vn -0.0033852 0.0990961 0.0129806
vn -0.01054 0.0993706 -0.0037934
vn -0.0103849 0.0985314 -0.0135543
vn 0.0032417 0.0976242 0.0214245
vn 0.0211078 0.0946531 0.0243979
vn -0.0119153 0.0989912 -0.0076655
vn -0.0105988 0.0983209 0.0148548
vn -0.0719042 0.0682667 0.0130171
vn -0.0604946 0.0775033 0.0182658
vn -0.0603859 0.0795081 0.0056576
vn 0.0055721 0.0922537 0.0381865
vn -0.0031759 0.0951898 0.0304766
vn -0.0166908 0.0983616 0.0068132
vn 0.0332919 0.0919886 0.0207304
vn 0.0349634 0.0933889 0.0074884
vn 0.0227581 0.0898214 0.0376057
vn 0.0464484 0.0880601 0.0093793
vn 0.0131973 0.0873603 0.0468403
vn -0.010423 0.0951794 0.0288485
vn -0.0032375 0.0889037 0.045669
vn -0.0789213 0.0563946 0.0243121
vn -0.0809784 0.0578501 0.0097913
vn 0.0333485 0.0873763 0.0354013
vn 0.0037768 0.0861551 0.0506265
vn -0.0182056 0.0953987 0.0238252
vn 0.0427971 0.0866017 0.0258563
vn -0.000346 0.0844677 0.0535265
vn -0.0119965 0.0846674 0.0518413
vn 0.0483044 0.086959 0.0102379
vn 0.0206975 0.0845792 0.0491728
vn 0.0263637 0.0854195 0.0448159
vn 0.0348906 0.0846582 0.0401949
vn -0.0267476 0.0945618 0.0185101
vn -0.018228 0.0983232 -0.0005463
vn 0.0241796 0.0848277 0.0471127
vn 0.0483221 0.0871886 0.0079454
vn 0.0475234 0.0849316 0.0229816
vn 0.0563729 0.0822505 -0.0075466
vn -0.0036953 0.0763055 0.0645277
vn -0.0052263 0.0815328 0.0576636
vn 0.0004404 0.0785374 0.0619006
vn -0.0239927 0.0969836 -0.0043047
vn -0.028989 0.0950904 0.0108379
vn 0.0366325 0.0866709 0.0338558
vn 0.0463291 0.0873273 0.0150851
vn 0.0353052 0.0900437 0.02541
vn 0.0147842 0.0908139 0.0391696
vn 0.0249687 0.0915555 0.0315301
vn 0.0074426 0.0889499 0.0450836
vn 0.0589166 0.0758469 -0.0278583
vn 0.0262118 0.0961215 0.0085794
vn 0.0190245 0.0962323 0.0194274
vn 0.0294226 0.095273 -0.0075744
vn 0.0068239 0.0955927 0.0285566
vn 0.005738 0.0987928 0.0143894
vn 0.019591 0.0979989 0.003523
vn -0.0021315 0.0968787 0.0246977
vn -0.0083316 0.0910607 0.0404788
vn -0.0157694 0.0964346 0.0212531
vn -0.0046271 0.0998287 -0.0035796
vn -0.0124944 0.0988688 0.0082978
vn -0.0619708 0.0784143 0.0032897
vn -0.0467859 0.08818 0.0059466
vn -0.048996 0.0833111 0.0256641
vn -0.0662684 0.0740195 -0.0113849
vn -0.0610698 0.078105 0.0130419
vn -0.051958 0.085311 0.0047334
vn -0.0151013 0.0967147 -0.0204505
vn -9.47e-05 0.0934294 -0.0356501
vn -0.0156516 0.0834393 -0.0528481
vn -0.060954 0.0763082 0.0214865
vn -0.0683295 0.0729595 0.0028271
vn -0.0271139 0.0926631 -0.0260459
vn -0.0295217 0.0800018 -0.0522321
vn -0.0555332 0.0799247 -0.0229806
vn -0.0605727 0.0773161 0.0187927
vn -0.069279 0.0721036 0.0012245
vn -0.0711445 0.0680416 -0.0175728
vn -0.000225 0.0908365 0.0418173
vn 0.007231 0.093921 0.0335642
vn -0.0582458 0.0650651 -0.0487232
vn -0.0514113 0.069544 -0.0502047
vn -0.0736021 0.0657972 -0.0159202
vn -0.0528518 0.0559916 -0.0638094
vn -0.0399466 0.0631682 -0.0664383
vn -0.0086516 0.0994638 0.0056669
vn -0.0381911 0.0919477 0.0093305
vn -0.0320217 0.0946463 0.0040852
vn -0.0003836 0.0994523 0.010445
vn -0.0036737 0.0999011 0.0025071
vn -0.0014452 0.099971 -0.0019277
vn -0.0392465 0.0919345 -0.0027851
vn -0.0132101 0.0990635 -0.0034524
vn -0.0506876 0.0861595 0.0027035
vn 0.0244315 0.096697 -0.0072664
vn 0.0326102 0.0941228 -0.0088021
vn 0.024872 0.0968482 0.0013466
vn -0.0081888 0.0996496 0.0017053
vn 0.0049002 0.0998221 -0.0033973
vn -0.0115764 0.0991946 -0.0051405
vn -0.0467818 0.0882587 -0.004677
vn -0.0270959 0.0960398 -0.0064936
vn 0.0300935 0.0951039 -0.0070449
vn 0.0183564 0.0981207 -0.0059468
vn 0.0484687 0.0872169 -0.0066331
vn -0.0097715 0.0987731 -0.0121821
vn 0.017282 0.0981498 -0.0082432
vn 0.0236601 0.0961932 -0.0136775
vn 0.0411075 0.0907657 -0.0084713
vn 0.044037 0.0894978 -0.0071339
vn 0.0531724 0.0832115 -0.0157652
vn 0.0587066 0.080348 -0.0098865
vn 0.0604919 0.0739272 -0.0295889
vn 0.0550712 0.0777847 -0.030277
vn 0.0545933 0.0829529 -0.0117639
vn 0.05137 0.0741686 -0.0431293
vn 0.0474857 0.0879709 -0.0024971
vn 0.0429913 0.0898951 -0.0084035
vn 0.0563519 0.0602374 -0.0565325
vn 0.0413721 0.0702876 -0.0578619
vn 0.0393407 0.0905657 -0.0158167
vn 0.0485272 0.0868892 -0.0097665
vn 0.056924 0.0806773 -0.0158377
vn 0.0630716 0.0754096 -0.0183132
vn 0.0666599 0.0715984 -0.0207396
vn 0.0693731 0.070484 -0.0148115
vn 0.0716807 0.0553235 -0.0424404
vn 0.0602311 0.0787625 -0.0129878
vn 0.0455049 0.0890463 0.0002412
vn 0.0349939 0.0905632 -0.0239528
vn 0.0342752 0.0938234 -0.0047315
vn 0.0028703 0.0996844 0.0074016
vn -0.0024004 0.0998623 0.0046652
vn -0.017879 0.0961406 0.0209123
vn -0.0131238 0.097777 0.0163531
vn -0.0207757 0.0972934 0.0101173
vn 0.0404698 0.091318 0.0048191
vn 0.0412837 0.0910475 -0.002452
vn 0.0881442 0.0280442 -0.0380017
vn 0.0241375 0.0968382 0.0063044
vn 0.0852801 0.0485091 -0.0193438
vn 0.0516129 0.0851795 -0.0089758
vn 0.0209974 0.0977359 0.0026095
vn 0.0832183 0.0461688 -0.0307109
vn 0.0349512 0.0935654 -0.0048927
vn 0.0572567 0.0812789 -0.0107433
vn 0.0565732 0.0782862 -0.0258988
vn 0.0886155 0.0262255 -0.0382037
vn 0.0716335 0.0623886 -0.031246
vn 0.0173182 0.0982664 0.0066185
vn 0.0278473 0.0956146 -0.0090764
vn 0.044562 0.0877734 -0.0176083
vn 0.0160475 0.098704 5.52e-05
vn 0.0529184 0.0804682 -0.026917
vn 0.0242902 0.0960188 -0.013798
vn 0.0646222 0.0622863 -0.0440951
vn 0.0428467 0.0848538 -0.0310482
vn 0.0117887 0.0992242 -0.0039485
vn 0.0608367 0.0508501 -0.0609357
vn 0.0258845 0.0943887 -0.0205126
vn 0.0448619 0.0807248 -0.0383525
vn 0.058471 0.0607771 -0.0537335
vn 0.0056227 0.0998406 0.0004917
vn 0.0357957 0.0875858 -0.0323635
vn 0.0164313 0.0976432 -0.0139935
vn 0.0573346 0.0638993 -0.0512799
vn 0.0565626 0.0822016 -0.0066006
vn 0.0617489 0.0187693 -0.0763858
vn 0.00565 0.0998394 -0.0004185
vn 0.0482265 0.0570375 -0.0664901
vn 0.059447 0.033636 -0.0730389
vn 0.0398168 0.0742411 -0.0538784
vn 0.0478837 0.035782 -0.0801673
vn 0.057719 0.064394 -0.0502188
vn 0.0235238 0.0934241 -0.0268063
vn 0.0302373 0.0889669 -0.034214
vn 0.0067401 0.09969 -0.0040597
vn 0.0158057 0.0957504 -0.0241255
vn 0.0484663 0.011284 -0.0867392
vn 0.0509055 0.0716552 -0.0476882
vn 0.033489 0.0739452 -0.0584003
vn 0.0574429 0.0514985 -0.0636256
vn 0.0565114 0.0586891 -0.0579832
vn 0.0613703 0.0783393 -0.0098306
vn 0.0409755 0.0545393 -0.0731196
vn 0.0445552 0.0481542 -0.0754719
vn 0.0026156 0.0998263 0.0052794
vn 0.0276025 0.0855878 -0.0437359
vn 0.0422388 -0.0017389 -0.0906248
vn 0.0436725 0.0837848 -0.0327539
vn 0.0508658 0.0774647 -0.0375752
vn 0.0219951 0.0904135 -0.0366282
vn 0.0503152 0.0461559 -0.0730617
vn 0.0072028 0.0993293 -0.0090451
vn 0.0338902 0.0752314 -0.0564951
vn 0.0347416 0.03964 -0.0849805
vn 0.0486561 0.0559531 -0.0670957
vn 0.0494967 0.0649678 -0.0576997
vn 0.0505417 0.0854896 -0.0117074
vn 0.0283022 0.0804119 -0.0522773
vn 0.0421162 0.0776914 -0.0468004
vn 0.0069779 0.0982319 -0.0173726
vn -0.0094175 0.0989951 -0.0105487
vn 0.0282158 0.0927425 -0.02455
vn 0.0627563 0.0765474 -0.0142178
vn -0.0549445 0.0833388 -0.0059789
vn -0.0270687 0.094729 -0.0171377
vn -0.0021091 0.0955413 -0.0294519
vn 0.0657637 0.0727448 -0.0195786
vn 0.0406981 0.0403087 -0.0819687
vn -0.0396079 0.0912867 -0.0098973
vn -0.0610005 0.0790096 -0.0060347
vn 0.0359639 0.0899459 -0.0248261
vn 0.0644309 0.0748377 -0.0157475
vn 0.0004561 0.0998159 0.0060474
vn 0.0381793 0.0523156 -0.0761933
vn -0.0646105 0.076241 -0.0035754
vn -0.0595994 0.0802988 0.0001654
vn 0.0458462 0.086384 -0.0208789
vn 0.0232132 0.0968087 -0.0094459
vn 0.0182073 0.0756216 -0.0628479
vn 0.008167 0.0961093 -0.0263876
vn -0.0185987 0.0922012 -0.0339562
vn 0.0070762 0.0966619 -0.0246254
vn 0.0206854 0.043115 -0.0878249
vn 0.0356777 0.0292802 -0.0887117
vn -0.0228206 0.0945016 -0.0234238
vn -0.0166822 0.0911794 -0.0375235
vn 0.0032094 0.0963364 -0.026627
vn -0.0022198 0.0997909 0.0060711
vn -0.0076245 0.0919501 -0.0385623
vn 0.0222577 0.0930622 -0.0290522
vn 0.00738 0.0911521 -0.0404578
vn 0.0134645 0.068809 -0.0713024
vn 0.0599005 0.0764353 -0.023866
vn 0.0140573 0.0987994 -0.0064084
vn -0.0008622 0.0999953 -0.0004535
vn 0.0287968 0.0894554 -0.0341829
vn 0.0176399 0.0192074 -0.0965397
vn -0.0622439 0.0749555 -0.0225249
vn -0.0658166 0.0745034 -0.0108361
vn -0.0217501 0.0918663 -0.0329775
vn 0.002299 0.088579 -0.0463516
vn 0.065898 0.0717093 -0.0226987
vn 0.0192643 0.0972805 -0.0128606
vn 0.0091637 0.0994971 -0.0040451
vn -0.0010672 0.0989141 -0.014658
vn 0.008954 0.0592416 -0.0800641
vn 0.0481848 0.0809224 -0.0336124
vn -0.0041119 0.0967494 -0.0249528
vn -0.0776808 0.0602592 -0.0182898
vn -0.0553996 0.0765723 -0.0326737
vn -0.0127969 0.0865724 -0.0483887
vn 0.0301561 0.0851894 -0.042818
vn 0.0022482 0.0997325 0.0069545
vn -2.06e-05 0.0998232 -0.0059438
vn 0.0063052 0.0997935 -0.0012239
vn 0.0102633 0.0991668 -0.0077859
vn -0.0693731 0.0711042 -0.0114705
vn -0.078925 0.0565882 -0.0238459
vn -0.0068129 0.0812356 -0.0579168
vn 0.021667 0.0846837 -0.0485717
vn 0.0269611 0.0943474 -0.0192788
vn -0.0242442 0.0831872 -0.049921
vn 0.0497422 0.0812367 -0.0304354
vn -0.0610528 0.0659822 -0.0438053
vn 0.0143315 0.0980835 -0.0131996
vn -0.0013495 0.0997883 0.0063622
vn -0.0030412 0.0999518 0.0006239
vn -0.0306884 0.0950014 -0.0057402
vn -0.007822 0.0995803 -0.0047516
vn -0.0625641 0.073544 -0.0260196
vn 0.0694344 0.0673126 -0.0254533
vn -0.0055033 0.0998484 5.32e-05
vn -0.0030866 0.0999359 -0.0018164
vn -0.0067474 0.0857929 -0.0509318
vn -0.0049232 0.0861723 -0.0504984
vn 0.0114204 0.0740542 -0.0662235
vn 0.0591515 0.0724032 -0.0354808
vn 0.0057415 0.0998277 -0.0012137
vn 0.0040544 0.0992111 -0.0118626
vn -0.0232488 0.0758813 -0.0608402
vn 0.0452524 0.0738214 -0.0500261
vn -0.0059415 0.0996973 -0.005015
vn 0.0149764 0.0987981 0.0038275
vn -0.0051881 0.0712669 -0.0699579
vn -0.0308744 0.0564645 -0.0765411
vn 0.0207959 0.0956192 -0.0206035
vn -0.0075824 0.0979206 -0.0188168
vn -0.0382059 0.0884296 -0.0268423
vn -0.0441628 0.0882901 -0.0159531
vn -0.0642897 0.0415364 -0.064355
vn -0.0211352 0.0966626 -0.014479
vn -0.0848209 0.0367214 -0.03817
vn 0.0433253 0.0682478 -0.0588655
vn -0.02014 0.0812494 -0.0547076
vn -0.0247963 0.0407882 -0.0878719
vn -0.0142878 0.0575495 -0.0805228
vn 0.0040295 0.0541565 -0.0839693
vn 0.0117464 0.057296 -0.0811122
vn 0.071966 0.0608287 -0.0334778
vn 0.0131487 0.0967474 -0.0216115
vn -0.0147204 0.0960854 -0.0234714
vn -0.008943 0.0995747 -0.0022159
vn 0.0112351 0.0127477 -0.0985458
vn -0.0670644 0.0132052 -0.0729931
vn -0.0186087 0.0797992 -0.0573219
vn -0.0462307 0.019123 -0.0865854
vn -0.0119675 0.0459228 -0.088022
vn -0.0698356 -0.0041537 -0.0714544
vn 0.0353151 0.0911295 -0.021172
vn 0.0283633 0.0933861 -0.0217845
vn -0.0258489 0.0487326 -0.0834084
vn 0.0396206 0.090738 -0.0140295
vn 0.0283464 0.0912626 -0.0294555
vn 0.0162908 0.0977847 -0.0131438
vn 0.0132363 0.03616 -0.092289
vn 0.0059578 0.0349688 -0.093497
vn -0.0059178 0.0995273 -0.0077008
vn -0.0158552 0.0943117 -0.0292218
vn -0.0132288 0.0808551 -0.0573363
vn -0.0015557 0.0078821 -0.0996768
vn -0.0544324 -0.0347051 -0.0763719
vn -0.0519028 -0.0170888 -0.0837501
vn -0.071349 -0.035862 -0.0601933
vn -0.0292521 0.0142992 -0.0945508
vn -0.01318 0.0977868 -0.0162493
vn -0.0525836 -0.0337611 -0.0780715
vn 0.0035764 0.0137071 -0.0989916
vn 0.0218075 0.0952286 -0.021353
vn -0.0097134 0.0990202 -0.0100329
vn -0.006997 0.0997519 0.0007753
vn -0.0092002 0.0988328 -0.0121425
vn 0.0586131 0.0766491 -0.0262569
vn -0.0348451 0.0662864 -0.0662716
vn -0.0620359 0.0540209 -0.056862
vn -0.0487798 0.0732657 -0.0474623
vn -0.0507178 -0.0381639 -0.0772737
vn -0.0050598 -0.0192551 -0.0979982
vn -0.0203623 0.0953563 -0.0221935
vn -0.0376718 0.0438295 -0.0816077
vn -0.0737124 0.0255631 -0.062554
vn -0.061385 0.0145091 -0.0775975
vn -0.0378781 0.0083201 -0.0921739
vn -0.031439 -0.0302973 -0.0899648
vn 0.0285848 0.0048948 -0.0957024
vn -0.0235176 0.0902414 -0.0361029
vn -0.0299436 0.0058214 -0.0952339
vn -0.0409112 0.0179604 -0.0894634
vn -0.0161989 0.0817367 -0.0552875
vn -0.0062489 0.0571882 -0.0817952
vn -0.0240733 -0.0312745 -0.0918824
vn 0.0448554 0.0870039 -0.0204526
vn -0.0273875 0.0833057 -0.0480633
vn -0.0339328 0.0587735 -0.0734455
vn -0.0375198 -0.015572 -0.0913771
vn -0.0122474 0.0139313 -0.0982645
vn 0.0276822 0.0951156 -0.0136644
vn -0.0066653 0.0378133 -0.0923349
vn 0.0100544 -0.0644368 -0.0758077
vn 0.0078547 0.0731732 -0.0677051
vn 0.0134806 0.0273509 -0.0952376
vn 0.0389887 0.0906492 -0.0162052
vn 0.0702132 0.0601986 -0.0380295
vn 0.0485669 0.0757472 -0.0436304
vn 0.0299708 0.0749054 -0.0590841
vn 0.0133822 0.086497 -0.0483652
vn 0.0209135 0.0969556 -0.0127372
vn 0.0579392 0.0603517 -0.0547789
vn 0.0493695 0.0851562 -0.0176374
vn -0.0469363 -0.0278956 -0.0837784
vn 0.0456898 0.0563171 -0.0688536
vn -0.0550028 0.0137741 -0.0823709
vn -0.0493241 0.0473542 -0.0729707
vn 0.0263036 0.0557686 -0.0787273
vn 0.02194 0.0391784 -0.0893515
vn 0.0387831 0.0373815 -0.0842526
vn 0.0342292 0.093923 -0.002615
vn 0.0241423 0.0970239 -0.0018763
vn 0.0627137 0.0436672 -0.0644993
vn 0.05126 0.0374508 -0.0772648
vn 0.0461384 0.087973 -0.0114887
vn -0.0576609 0.0494388 -0.0650464
vn -0.0582966 0.0001621 -0.0812495
vn -0.0492388 -0.0431934 -0.0755637
vn -0.0558594 -0.020169 -0.0804546
vn -0.0645404 0.0302427 -0.0701421
vn -0.0611721 0.0440527 -0.0657064
vn -0.0124591 0.0981176 -0.0147552
vn -0.0115917 0.0989714 -0.0083849
vn -0.0113505 0.09801 -0.016285
vn -0.0453941 0.0824907 -0.0336847
vn -0.0527514 0.067318 -0.0518226
vn -0.0598222 0.0579613 -0.0553335
vn -0.0658884 0.0112922 -0.0743721
vn -0.0675469 0.00421 -0.0736186
vn -0.0595605 -0.0175523 -0.0783867
vn -0.049347 -0.0432056 -0.0754861
vn -0.0461634 0.0824005 -0.0328497
vn -0.0662464 0.0316427 -0.0678981
vn 0.0475808 0.0878926 -0.0033119
vn -0.031293 0.0942322 -0.0118759
vn -0.060558 -0.0219259 -0.0764983
vn -0.0644999 0.0610123 -0.0460137
vn -0.0724046 0.0040116 -0.0688585
vn -0.0571983 0.0797384 -0.019239
vn -0.0545973 0.0835145 -0.0066683
vn -0.0468146 0.0853111 -0.0230307
vn 0.0522337 0.0852396 -0.0024211
vn -0.0753424 0.0395548 -0.0525256
vn -0.0697138 -0.0216393 -0.06835
vn -0.0413034 0.0898633 -0.0147857
vn -0.0748058 0.0062208 -0.0660711
vn -0.0651839 0.0746204 -0.0135222
vn -0.0480617 0.0867037 -0.0131357
vn -0.0661489 0.0662526 -0.0351414
vn -0.0245702 0.096931 -0.0008292
vn -0.0767037 -0.0120147 -0.0630253
vn -0.0710001 -0.0317275 -0.0628678
vn -0.0614825 0.067705 -0.0404467
vn -0.0793543 0.0136717 -0.0592957
vn -0.026766 0.0941548 -0.0204563
vn -0.0146104 0.0969058 -0.0198949
vn -0.0179069 0.0959728 -0.0216462
vn -0.0258995 0.0965799 0.0012407
vn -0.0378424 0.0913679 -0.0148278
vn -0.0816014 0.0265693 -0.051335
vn -0.0825408 0.001091 -0.0564431
vn -0.0233491 0.0971644 0.0037275
vn -0.0163272 0.0985746 0.0040576
vn -0.0147767 0.0989021 0.0001499
vn -0.0308703 0.0942397 -0.0128801
vn -0.0504558 0.0783101 -0.0363557
vn -0.0823518 0.0325243 -0.0464795
vn 0.0575944 0.0814544 -0.0069332
vn -0.0719668 0.0669284 -0.0184762
vn -0.0634298 0.0713535 -0.0297548
vn -0.0494083 0.0851197 -0.0177048
vn -0.0757662 0.0544219 -0.0360242
vn -0.0839969 -0.0003638 -0.0542622
vn -0.0326101 0.0945309 -0.0007051
vn -0.0869177 0.0117991 -0.0480218
vn -0.0235492 0.0970243 0.0056327
vn -0.0172853 0.0981688 0.0080069
vn -0.0229686 0.0971546 0.0057817
vn -0.0315756 0.0947629 0.0047933
vn -0.0402684 0.0914688 0.0034533
vn -0.0485162 0.0872669 -0.0055382
vn 0.060018 0.052124 -0.0606707
vn 0.0557709 0.0604983 -0.0568292
vn -0.0353617 0.0935381 -0.0004217
vn -0.0303887 0.0951703 0.0043749
vn -0.0230107 0.0971661 0.0054097
vn 0.0712477 -0.0065081 -0.0698671
vn 0.0475999 0.0600852 -0.0642185
vn -0.0652786 0.0757542 -6e-06
vn -0.0798635 0.0584191 -0.0144578
vn -0.0611545 0.0790245 -0.0039052
vn -0.0882334 0.0446452 -0.0148887
vn -0.0920037 0.0314068 -0.0234295
vn -0.0359654 0.092861 0.009128
vn 0.0431341 0.0525879 -0.0733073
vn 0.0047561 0.0996339 -0.0071046
vn 0.0177894 0.0953535 -0.0243157
vn -0.096393 0.0222192 -0.0146526
vn 0.0121741 0.0877841 -0.0463222
vn -0.0901758 0.0428702 -0.0055198
vn -0.0405992 0.0911268 0.0069004
vn -0.0418565 0.0908183 -0.0002772
vn -0.0022462 0.0751933 -0.0658857
vn 0.0082272 0.0760496 -0.0644109
vn -0.0450443 0.0889409 0.0077801
vn -0.0258251 0.0953296 0.0156629
vn 0.0617639 -0.016393 -0.0769187
vn -0.0221127 0.0618968 -0.0753646
vn -0.0096137 0.0560766 -0.0822374
vn -0.0427648 0.0767429 -0.0477671
vn -0.0573155 0.0815653 -0.0078767
vn -0.053743 0.0841418 0.0056434
vn -0.0535773 0.0842592 0.0054654
vn -0.0720741 0.0593684 -0.0357872
vn -0.0759652 0.0591494 -0.0270304
vn -0.0721706 0.0685123 -0.0098727
vn -0.0330562 0.0561999 -0.0758212
vn -0.0423471 0.0521464 -0.0740775
vn -0.0554025 0.0832266 -0.0019751
vn -0.0575827 0.0504079 -0.0643683
vn -0.0763465 0.0485871 -0.0425501
vn -0.0769707 0.0588012 -0.0248583
vn -0.0648827 0.0513329 -0.056171
vn -0.0565887 0.0824413 0.0010694
vn -0.0798979 0.0477078 -0.0366099
vn -0.0599578 0.0800241 0.0010968
vn -0.0613463 0.0789675 0.0008741
vn 0.0358664 -0.0112911 -0.0926613
vn -0.0560727 0.0817912 -0.0128862
vn -0.0368079 0.0929562 -0.0020793
vn -0.0774224 0.0447329 -0.0447743
vn 0.0250933 -0.0098259 -0.0963005
vn -0.0815881 0.0314753 -0.0485045
vn -0.0406824 0.0892946 -0.0192724
vn 0.021409 -0.0013906 -0.0976715
vn -0.081068 0.0296509 -0.0504856
vn -0.009457 0.0964639 -0.0246024
vn 0.023858 0.0928747 -0.0283741
vn -0.0833286 0.0318182 -0.0452101
vn -0.0755548 0.0178449 -0.063032
vn -0.0512943 0.0806284 -0.0294612
vn -0.0030345 0.0957184 -0.0287887
vn 0.016071 0.0918429 -0.0361471
vn -0.0827404 0.0263307 -0.0496057
vn -0.0149838 0.0885015 -0.0440792
vn -0.0593423 0.0792435 -0.0141053
vn -0.0059678 0.0900522 -0.0430696
vn -0.0834616 0.0129253 -0.0535453
vn -0.0831752 0.0233611 -0.0503601
vn 0.0261062 0.0843873 -0.0468748
vn 0.0172106 -0.0154651 -0.0972863
vn -0.0757951 0.006875 -0.0648678
vn -0.0578509 0.0684604 -0.0443446
vn -0.0740118 0.0602392 -0.0298913
vn -0.0836886 0.011186 -0.0535826
vn -0.0348841 0.0601171 -0.071896
vn -0.0835651 0.0172319 -0.0521529
vn -0.0852729 0.0064444 -0.0518363
vn -0.085076 0.0139207 -0.0506783
vn -0.0860081 -0.0011949 -0.0510017
vn -0.0861603 0.0080239 -0.05012
vn 0.0055964 -0.0130729 -0.0989837
vn 0.0351657 0.0715709 -0.0603405
vn 0.0086022 0.0996232 0.001102
vn 0.0065341 0.099571 -0.0065519
vn 0.0607123 0.0441457 -0.0660694
vn -0.0180598 0.0983328 0.0021243
vn 0.0174338 0.0943132 -0.0283035
vn 0.023603 0.0524307 -0.0818164
vn 0.0133355 0.0875969 -0.0463568
vn -0.0032239 0.0967585 -0.0250479
vn -0.0053641 0.087559 -0.0480067
vn 0.067568 0.015818 0.0720025
vn 0.0669567 0.0224829 0.0707907
vn 0.0739546 0.0137475 0.0658917
vn 0.0714295 -0.0318781 0.0623025
vn 0.0712982 -0.0016718 0.0700983
vn 0.0656993 0.0042526 0.0752697
vn 0.0621204 0.0251014 0.074236
vn 0.057089 0.0338339 0.0748072
vn 0.0571663 0.0253227 0.0780434
vn 0.0476953 0.044825 0.0756034
vn 0.0433984 0.032168 0.0841534
vn 0.0477006 -0.0003709 0.0878892
vn 0.037492 0.0181853 0.0909046
vn 0.0749819 -0.0490379 0.0444185
vn 0.0645241 -0.0621849 0.0443811
vn 0.0726591 -0.0391114 0.0564885
vn 0.0501449 -0.0787321 0.0358712
vn 0.0768687 -0.0162635 0.0618603
vn 0.0693797 0.0123706 0.0709467
vn 0.0096705 -0.0916652 0.0387811
vn 0.0704943 -0.021105 0.0677137
vn 0.0109352 -0.0945972 0.0305253
vn 0.0641435 -0.0478058 0.0600018
vn 0.0570762 -0.0668724 0.0476486
vn 0.0275876 0.0790224 0.0547209
vn 0.0383252 -0.0842056 0.0379551
vn 0.0436534 -0.0781532 0.0445697
vn 0.0578079 0.0335248 0.0743931
vn 0.0567174 -0.0547991 0.0614833
vn 0.0499538 -0.0723401 0.0476605
vn 0.0560621 0.0179857 0.0808304
vn 0.0130666 -0.0937857 0.0321482
vn 0.0156488 0.075488 0.0636921
vn 0.0563894 -0.0183285 0.0805252
vn 0.03185 -0.078709 0.0528249
vn 0.0019733 -0.0949623 0.0312772
vn 0.0353918 0.0586203 0.0728772
vn 0.0455569 0.0240179 0.0857188
vn 0.0496532 -0.0573742 0.0651365
vn 0.0301888 0.040484 0.0863115
vn 0.0153035 -0.0884937 0.0439848
vn 0.0005582 -0.0932325 0.0361579
vn -0.0061176 -0.0950822 0.0303637
vn 0.0277638 -0.0637559 0.0718634
vn -0.0093731 -0.0920827 0.0378539
vn 0.0135185 -0.0762536 0.0632664
vn 0.0202119 0.0365076 0.0908772
vn 0.0324781 0.0401907 0.0856147
vn 0.0341469 0.0154508 0.0927106
vn 0.0170668 0.0626831 0.0760234
vn 0.0070189 0.0808793 0.058389
vn 0.0245351 0.0169333 0.0954531
vn -0.0016301 -0.0843204 0.0537347
vn -0.0161666 -0.0897627 0.0410036
vn 0.0044603 -0.0557115 0.0829237
vn 0.0108643 0.026761 0.0957383
vn 0.0107157 0.0270785 0.0956657
vn -0.0174173 -0.0929768 0.0324339
vn -0.0010976 0.0687342 0.0726251
vn 0.0024833 0.0562217 0.0826617
vn 0.0044551 -0.0306509 0.0950825
vn 0.0093538 -0.0718788 0.0688908
vn 0.0058798 0.0109442 0.0992253
vn -0.0050507 -0.0610688 0.0790259
vn -0.0158422 -0.0755551 0.0635645
vn -0.0027026 0.0414171 0.0909798
vn -0.0061317 0.0764474 0.0641732
vn 0.0002468 0.0273042 0.0961999
vn -0.0010124 -0.0052036 0.0998594
vn 0.0013221 0.0047646 0.0998777
vn -0.0065191 0.058033 0.0811768
vn 0.0017381 0.0236819 0.0971398
vn -0.0067366 0.050785 0.0858808
vn -0.0076854 -0.0252895 0.0964436
vn -0.0126677 0.0678794 0.072332
vn -0.0055685 0.0372376 0.092641
vn -0.0105174 0.0196186 0.097491
vn -0.0289301 -0.0793698 0.0535115
vn -0.0131963 0.0692389 0.0709354
vn -0.0160942 -0.0182685 0.0969909
vn -0.0287043 -0.0900951 0.0325412
vn -0.0123215 0.0472606 0.0872618
vn -0.0221333 -0.0500567 0.0836925
vn -0.0293822 -0.0900937 0.0319344
vn 0.0096245 0.0555978 0.0825606
vn 0.0026715 0.0347683 0.0937232
vn -0.0104948 0.0345706 0.0932456
vn -0.0084096 0.0393574 0.0915438
vn -0.0182832 0.072979 0.0658771
vn -0.0192848 0.028134 0.0940031
vn -0.032972 -0.0621362 0.071077
vn -0.0349898 -0.0849722 0.0394391
vn -0.0483335 -0.0775901 0.0405419
vn -0.0087842 0.0706718 0.0702021
vn -0.0210718 0.0387293 0.0897553
vn -0.0391045 -0.0864799 0.0314972
vn -0.0421097 -0.071802 0.0554188
vn -0.0409563 -0.0858969 0.0307296
vn -0.0527567 -0.0714076 0.0460183
vn -0.052774 -0.0387313 0.0755962
vn -0.0510523 -0.080123 0.0312085
vn -0.0293174 0.0255249 0.0921356
vn -0.0557938 -0.0627651 0.0542918
vn -0.0513883 -0.074519 0.042499
vn -0.0278435 0.0731057 0.062292
vn -0.0585533 -0.0496239 0.0641013
vn -0.0443083 0.0770604 -0.045809
vn -0.0587871 -0.0720236 0.036833
vn -0.0473812 -0.0730092 0.049241
vn -0.0454954 0.08263 -0.0332031
vn -0.0626001 0.0719632 -0.0300421
vn -0.0490025 0.0306811 0.081593
vn -0.0434828 0.0660635 0.0611952
vn -0.0635195 0.0770976 0.0046067
vn -0.0619635 0.0624755 0.0475115
vn -0.0373461 -0.0007166 0.0927618
vn -0.0435024 0.0663894 0.0608275
vn -0.0134089 -0.0231475 0.0963556
vn -0.0690485 -0.0501853 0.0520935
vn 0.0798506 0.0121524 0.0589593
vn -0.0686591 0.0614325 0.0388841
vn -0.0737239 0.0407056 0.0539244
vn -0.0582053 -0.0528526 0.061796
vn -0.0655246 0.0385212 0.0649818
vn -0.0016183 -0.0402041 0.0915479
vn -0.0777014 -0.0127222 0.0616494
vn -0.0521379 -0.0669118 0.0529571
vn -0.0639939 0.0686131 -0.0345981
vn -0.0738357 0.0573819 0.0354346
vn -0.0735273 0.06723 0.0085946
vn -0.0774565 -0.0445692 0.0448784
vn -0.0139366 -0.0262946 0.0954692
vn -0.071323 0.0439439 0.0546073
vn 0.0813908 0.0005312 0.0580969
vn -0.0870202 -0.0096739 0.0483105
vn -0.0622652 0.016323 0.0765285
vn -0.0843685 -0.0431087 0.0319937
vn -0.0782487 0.0463062 0.0416279
vn -0.0141096 -0.0327133 0.0934385
vn -0.0667855 0.0118552 0.0734789
vn -0.0780796 0.0290383 0.0553204
vn -0.0843567 0.0536543 0.0022713
vn 0.0042843 -0.05904 0.0805973
vn 0.010507 -0.0659706 0.0744142
vn -0.0888106 0.0459632 -0.0002372
vn -0.0891986 0.0309536 0.0329468
vn -0.0849374 0.0431418 0.0304044
vn -0.0797389 0.0162124 0.058128
vn -0.0933896 0.032946 0.0138905
vn -0.0885288 0.0126946 0.0447381
vn -0.0748843 0.0011483 0.0662648
vn -0.0625112 -0.0080508 0.0776372
vn -0.0222531 -0.0605329 0.0764236
vn -0.0837169 -0.0145552 0.0527222
vn -0.0735977 -0.0152085 0.0659703
vn -0.0405456 -0.0411732 0.0816139
vn -0.0551478 -0.0357521 0.0753692
vn 0.0843036 -0.0193063 0.0502012
vn -0.0631097 -0.0399254 0.0665066
vn -0.0457059 -0.0517244 0.0723571
vn -0.0317812 -0.0670136 0.0670756
vn -0.056763 -0.0501096 0.0653222
vn -0.0471553 -0.057977 0.0664458
vn -0.0598205 -0.0526559 0.0604059
vn 0.0774809 -0.039966 0.048984
vn 0.0273583 -0.0419722 0.086544
vn 0.0181432 -0.0528711 0.0829185
vn 0.013479 -0.0422097 0.0896474
vn 0.0204736 -0.0967624 0.0147608
vn 0.0334732 -0.0912356 0.0235712
vn 0.0260304 -0.0944882 0.0198595
vn 0.0126794 -0.0672294 0.0729345
vn 0.0053974 -0.0703957 0.0708189
vn 0.0044376 -0.0804113 0.0592818
vn 0.0085675 -0.0795971 0.0599241
vn 0.0002691 -0.0730008 0.0683433
vn 0.0041443 -0.0791229 0.0610114
vn 0.0022151 -0.0899884 0.0435566
vn 0.0217763 -0.096473 0.0147901
vn 0.0234981 -0.0955717 0.017717
vn 0.01439 -0.0982135 0.0121262
vn 0.0017446 -0.0813622 0.0581133
vn 0.0030408 -0.079032 0.0611939
vn 0.0096688 -0.0883629 0.0458095
vn 0.0171187 -0.0975842 0.0135752
vn 0.0035064 -0.0956125 0.0290855
vn 0.0012165 -0.0908708 0.0417254
vn -0.0641573 -0.017608 0.0746579
vn 0.0164736 -0.0977625 0.0130809
vn -0.0682895 -0.0100518 0.0723568
vn 0.0012084 -0.0962772 0.0270045
vn -0.0724914 -0.0116519 0.0678913
vn -0.0606867 -0.0286482 0.0741377
vn -0.0109951 -0.0747687 0.0654885
vn -0.0017363 -0.0787943 0.0615504
vn -0.0347783 -0.045252 0.0821141
vn -0.0037314 -0.0873838 0.0484783
vn -0.001501 -0.0950138 0.0311467
vn -0.0664194 -0.0232723 0.0710412
vn -0.016287 -0.0808737 0.0565171
vn 0.0009139 -0.0971745 0.0235857
vn -0.0776585 -0.0163825 0.060834
vn -0.030844 -0.0601872 0.0736624
vn -0.0795381 -0.0109428 0.059615
vn -0.0785934 -0.007576 0.0613652
vn -0.0707779 -0.0200824 0.0677288
vn -0.0094996 -0.0923076 0.0372701
vn -0.0677343 -0.0299569 0.0671911
vn -0.0576883 -0.0406326 0.0708594
vn -0.0641864 -0.0358972 0.0677606
vn -0.0732208 -0.0268829 0.0625781
vn -0.0308673 -0.0700316 0.0643645
vn -0.0803217 -0.0241597 0.0544493
vn -0.0622554 -0.0424105 0.0657695
vn -0.0319483 -0.0764454 0.0559947
vn -0.0348725 -0.0685781 0.0638824
vn -0.019916 -0.0860917 0.0468143
vn -0.0750653 -0.0341276 0.0565731
vn -0.0611498 -0.0492588 0.0619215
vn -0.0228393 -0.089297 0.0387867
vn -0.0122751 -0.0948347 0.0292525
vn -0.0675961 -0.0400193 0.0618808
vn -0.0567479 -0.051578 0.0641825
vn -0.0517825 -0.0598047 0.0611717
vn -0.0691218 -0.0469396 0.0549441
vn -0.0654355 -0.0536224 0.0533183
vn -0.0419077 -0.0691859 0.0587968
vn -0.0418805 -0.0767906 0.0484688
vn -0.0750706 -0.0436699 0.0495716
vn -0.0794798 -0.0383025 0.0470732
vn -0.0668615 -0.0512122 0.0539153
vn -0.0562054 -0.0607594 0.0561181
vn -0.0295273 -0.085242 0.0431502
vn -0.0420673 -0.0783926 0.0456611
vn -0.0549965 -0.0660143 0.0511614
vn -0.005977 -0.0993024 0.010164
vn -0.0037631 -0.099429 0.0099856
vn -0.0051378 -0.0980172 0.019137
vn -0.0672268 -0.0557703 0.048685
vn -0.0588614 -0.0652887 0.0476731
vn -0.0757683 -0.0519836 0.0394573
vn -0.0448616 -0.0804259 0.0389758
vn -0.0728177 -0.0526937 0.0438288
vn -0.0618431 -0.0627854 0.0472591
vn -0.0478737 -0.0791574 0.0379765
vn -0.0670964 -0.0624128 0.0400339
vn -0.058621 -0.0707148 0.0395347
vn -0.0663221 -0.0674551 0.032422
vn -0.0599175 -0.0727846 0.033351
vn -0.0769954 -0.054374 0.0333942
vn -0.0391456 -0.0881546 0.0263892
vn -0.05079 -0.0822812 0.0254988
vn -0.0707119 -0.0648501 0.0281832
vn -0.0487877 -0.0846954 0.0211293
vn -0.0286493 -0.094739 0.0142737
vn -0.0258829 -0.0961652 0.0090736
vn 0.0608639 0.0630117 0.0482194
vn 0.0309121 0.0499717 0.0809152
vn 0.0210299 0.0462721 0.0861199
vn 0.0348014 0.0717106 0.0603858
vn 0.024137 0.0968605 0.0059539
vn 0.0421618 0.0864265 0.0274381
vn 0.0160341 0.0957496 0.0239775
vn 0.0269237 0.0574243 0.0773147
vn 0.0215837 0.0685654 0.0695193
vn 0.0233893 0.0822638 0.0518229
vn 0.0065596 0.0495418 0.0866174
vn 0.0105395 0.0568709 0.0815759
vn 0.0512696 0.0480738 0.0711361
vn 0.0249495 0.0774436 0.0581378
vn 0.0139094 0.0815689 0.056152
vn 0.0403676 0.0443475 0.0800235
vn 0.0074895 0.0785405 0.0614435
vn -0.0050888 0.0475828 0.0878065
vn 0.0475715 0.0208935 0.0854425
vn 0.0071581 0.0683208 0.0726707
vn -0.0081105 0.0545767 0.0834003
vn -0.0166917 0.0450208 0.0877184
vn 0.015358 0.0661161 0.0734356
vn 0.023363 0.0665157 0.0709213
vn 0.0299989 0.0630929 0.0715497
vn -0.0044895 0.0664207 0.0746199
vn -0.0022555 0.0790944 0.0611473
vn 0.0127108 0.0693072 0.0709573
vn 0.0156936 0.0684774 0.0711657
vn -0.0245595 0.0487588 0.083782
vn 0.0189089 0.0624435 0.0757843
vn 0.0138417 0.0990102 0.00232
vn -0.0408407 0.0407013 0.0817034
vn -0.0029573 0.0705502 0.070809
vn -0.0003723 0.0883803 0.0467844
vn -0.0152853 0.0814536 0.0559613
vn -0.0129541 0.074293 0.0656715
vn -0.0155562 0.0886086 0.0436637
vn -0.0528461 0.0680348 0.0507795
vn -0.0193037 0.0876594 0.0440817
vn -0.0103511 0.0994315 -0.0024974
vn -0.0519893 0.0501899 0.0691237
vn -0.0211616 0.0542412 0.0813024
vn -0.0548566 0.036125 0.0754038
vn -0.0586099 0.0728328 0.0355002
vn -0.0615946 0.0620911 0.048485
vn -0.0642415 0.0487365 0.0591421
vn -0.0668665 0.0679066 0.0302912
vn -0.0467084 0.0875591 -0.0123178
vn -0.0221308 0.0903364 0.0367363
vn -0.0631037 0.0227783 0.0741557
vn -0.0188215 0.0903382 0.0385326
vn -0.0800658 0.0598129 0.0034468
vn -0.0722043 0.023668 0.0650105
vn -0.026701 0.0904602 0.0332267
vn -0.0193081 0.0928132 0.0318262
vn -0.0703493 0.0170236 0.0690013
vn -0.042557 0.0785158 0.0449908
vn -0.0579675 0.0623937 0.0524099
vn -0.0374632 0.0858681 0.0349739
vn -0.05394 0.0731145 0.0417702
vn -0.0282532 0.092231 0.0263665
vn -0.0303624 0.0576742 0.0758407
vn -0.031875 0.0609837 0.0725601
vn -0.0793272 0.0265515 0.0547924
vn -0.0690419 0.0532352 0.048982
vn -0.036274 0.0881831 0.0301321
vn -0.0559781 0.0702209 0.043994
vn -0.0270476 0.0908619 0.0318206
vn -0.029496 0.0852164 0.0432222
vn -0.0686058 0.0558684 0.0466043
vn -0.0449111 0.080224 0.0393332
vn -0.0380126 0.0885303 0.0267849
vn -0.0475079 0.0811479 0.0340297
vn -0.0606409 0.0720872 0.0335577
vn -0.07657 0.0280185 0.0578964
vn -0.0731869 0.0600119 0.0322838
vn -0.0263069 0.0939785 0.0218173
vn -0.0295248 0.0925781 0.0236133
vn -0.0255116 0.0945012 0.0204618
vn -0.0380483 0.0895858 0.0229501
vn -0.0288534 0.0927529 0.0237567
vn -0.02442 0.0947554 0.0206174
vn -0.0423459 0.0869254 0.0255108
vn -0.0393802 0.0898614 0.0193422
vn -0.0922571 0.0256813 0.0287941
vn -0.0906608 0.0275128 0.0319947
vn -0.0901012 0.0378785 0.0211421
vn -0.0274051 0.0940549 0.020066
vn -0.0906597 0.0379304 0.0184959
vn -0.0870094 0.0463381 0.0167973
vn -0.091782 0.0335162 0.0212774
vn -0.0906185 0.0390378 0.0162588
vn -0.0266168 0.0950752 0.0158823
vn -0.0237108 0.0955715 0.0174323
vn -0.031309 0.0923331 0.0222339
vn -0.0893521 0.0444844 0.006111
vn -0.0938994 0.0331523 0.0091558
vn -0.0223884 0.0957095 0.018397
vn -0.0307025 0.0929763 0.0203166
vn -0.0380571 0.0882437 0.0276535
vn -0.0961126 0.0181297 0.0208252
vn -0.0956911 0.0190084 0.021952
vn -0.0947313 0.0237241 0.0215211
vn -0.0751922 0.0438492 0.0492279
vn -0.0711184 0.0444327 0.0544785
vn -0.0413927 0.0873083 0.0257664
vn -0.0595782 0.0481278 0.0642974
vn -0.0966351 0.023648 0.0101212
vn -0.0436344 0.0843998 0.0311885
vn -0.0605545 0.0556222 0.0569151
vn -0.0904596 0.0093407 0.0415911
vn -0.024276 0.0952409 0.0184351
vn -0.0182388 0.0970005 0.0160702
vn -0.0513862 0.079939 0.0311322
vn -0.0676887 0.0367865 0.0637573
vn -0.0621896 0.0484323 0.0615367
vn -0.0406813 0.0885443 0.022471
vn -0.0307536 0.0932952 0.0187141
vn -0.0655474 0.0614853 0.0438531
vn -0.0581976 0.0715794 0.0385932
vn -0.09759 0.0212912 -0.004784
vn -0.0953214 0.0302125 -0.0010149
vn -0.093823 0.0312076 -0.0149445
vn -0.0445442 0.0877165 0.0179338
vn -0.0511145 0.0773358 0.0375032
vn -0.0492314 0.0831522 0.025729
vn -0.0361458 0.0920886 0.0146007
vn -0.0445055 0.0831363 0.0332808
vn -0.0282251 0.0881668 0.0378149
vn -0.0307285 0.0841795 0.0443799
vn -0.0578921 0.0667423 0.0468399
vn -0.0523197 0.0735352 0.0430723
vn -0.0657548 0.0549824 0.0515096
vn -0.0272603 0.095492 0.0117538
vn -0.0352843 0.0873755 0.0334744
vn -0.0399395 0.0762852 0.0508469
vn -0.0511888 0.0843614 0.0162128
vn -0.0396679 0.0871573 0.0288109
vn -0.0541124 0.0624584 0.0563099
vn -0.0502901 0.0860961 -0.0076403
vn -0.0432884 0.0664098 0.0609578
vn -0.0177634 0.0937729 0.0298513
vn -0.0486025 0.0860001 0.0155496
vn -0.0498907 0.0843422 0.0199328
vn -0.044435 0.0877652 0.0179668
vn -0.0447548 0.088325 0.0139897
vn -0.0223015 0.0955184 0.0194647
vn -0.0233808 0.0966865 0.01025
vn -0.0024098 0.0905417 0.0423838
vn -0.0187893 0.0815117 0.0547978
vn -0.0454908 0.0323129 0.0829847
vn -0.0355928 0.0728148 0.0585761
vn -0.0507003 0.043102 0.0746438
vn -0.0567602 -0.0037728 0.0822438
vn -0.0586488 0.0167875 0.079237
vn -0.0489062 0.0560244 0.066854
vn -0.0556424 0.0303165 0.0773617
vn -0.0598027 0.0441676 0.0668794
vn -0.0628378 0.0363145 0.0687944
vn -0.0628907 0.0298086 0.0718067
vn -0.0622447 0.0052665 0.0780888
vn -0.0649369 0.0462471 0.060369
vn -0.0509234 0.0615191 0.0601848
vn -0.0738363 0.0320204 0.059354
vn -0.0481015 0.0823192 0.0301627
vn -0.082505 0.0405327 0.0393704
vn -0.036647 0.0909082 0.0198166
vn -0.0126853 0.0978623 -0.0161879
vn -0.0731693 0.0654357 0.0190898
vn -0.0280365 0.0956381 -0.0082038
vn -0.0238271 0.0959085 -0.0152913
vn 0.0372527 0.079475 0.0479161
vn 0.0404764 0.0910378 0.0085892
vn 0.0404246 0.0892863 0.0198445
vn 0.0320562 0.0865624 0.0384622
vn 0.0124748 0.0991193 0.0044428
vn 0.0174147 0.0981271 -0.008234
vn 0.011784 0.0945168 -0.0304584
vn 0.0086458 0.0984523 -0.0152447
vn 0.0239761 0.093019 0.0277958
vn 0.0001587 0.0974296 0.0225268
vn 0.0083608 0.0903192 -0.0421015
vn 0.0266625 0.0947323 0.0177456
vn 0.0034061 0.0999381 -0.0008752
vn 0.0019289 0.0943666 -0.0330338
vn 0.0310504 0.0950535 0.0008353
vn 0.0226801 0.097098 0.0075895
vn 0.0012492 0.0984153 -0.017688
vn 0.023011 0.097046 -0.0072498
vn 0.0147618 0.0898725 0.0412919
vn -0.0050745 0.0983086 -0.0175972
vn -0.0057356 0.0910626 -0.0409233
vn -0.0135161 0.0990376 0.0029783
vn -0.0117076 0.0949512 -0.0291066
vn 0.011986 0.0984143 0.0130752
vn 0.0086993 0.0944666 0.0316288
vn -0.0174604 0.0975112 -0.0136637
vn 0.0061956 0.0977561 0.0201334
vn -0.0262024 0.0964754 0.0024347
vn -0.0261066 0.0912983 -0.0313539
vn -0.0332566 0.0929102 -0.016177
vn -0.0187535 0.0610743 0.0769301
vn -0.003312 0.0941523 0.0335317
vn -0.0043405 0.0982645 0.0180346
vn -0.0050948 0.0998352 0.0026416
vn -0.000282 0.0998389 0.0056668
vn -0.0167684 0.0938619 0.0301456
vn -0.0239685 0.0716215 0.0655429
vn -0.0152717 0.0975736 0.0156897
vn -0.0296762 0.0821231 0.0487353
vn -0.0149524 0.0987829 0.0042865
vn -0.0225568 0.0971332 0.0075053
vn -0.037965 0.0732829 0.0564649
vn -0.0314355 0.0894559 0.0317718
vn -0.027181 0.0946502 0.0173935
vn -0.0082837 0.0993629 -0.0076411
vn -0.0082454 0.0978024 -0.0191496
vn -0.0340688 0.0938615 0.0054165
vn -0.0343878 0.0922363 0.0176054
vn -0.0420533 0.0813063 0.0402593
vn -0.0397999 0.088243 0.0250827
vn -0.011067 0.0991416 -0.0069618
vn -0.0482932 0.0832102 0.0272731
vn -0.0496235 0.0800477 0.0336135
vn -0.0464747 0.0869656 0.016646
vn -0.0507981 0.0740663 0.0439743
vn -0.069556 0.0207088 0.0687976
vn -0.046705 0.0882874 0.0048976
vn -0.0766939 0.0122337 0.0629951
vn -0.0587852 0.073852 0.0330179
vn -0.0765769 0.0179333 0.0617607
vn -0.0645901 0.0643047 0.0411464
vn -0.0256847 0.0935446 0.0242839
vn -0.0350174 0.0725106 0.0592959
vn -0.0679193 0.0115737 0.0724777
vn -0.0698638 0.00936501 0.0709319
vn -0.0687546 0.0665608 0.0290253
vn -0.0281506 0.0933288 0.0222997
vn -0.0313455 0.0904909 0.0287897
vn -0.0140761 0.0972933 -0.0183271
vn -0.0736994 0.0148384 0.065941
vn -0.0122713 0.0975436 -0.0182937
vn -0.0706238 -0.0022503 0.0707617
vn -0.0799451 0.0283844 0.0529444
vn -0.0390734 0.0826762 0.0404712
vn -0.0767236 0.0544625 0.0338721
vn -0.0409597 0.0842123 0.0350798
vn -0.0828893 0.047764 0.0291199
vn -0.0900491 0.029023 0.0323857
vn -0.036476 0.0883932 0.02926
vn 0.0095842 0.0822443 0.0560715
vn -0.0876995 0.0431659 0.0211068
vn -0.0691365 0.0416356 0.0590477
vn -0.0718655 0.0694871 -0.0026257
vn -0.094387 0.0230992 0.023612
vn -0.0706857 0.0501176 0.0499176
vn -0.018907 0.0861444 0.0471346
vn -0.0685407 0.0535505 0.0493408
vn -0.0298968 0.0879276 0.0370799
vn -0.0707703 0.0675998 0.0205386
vn -0.0862284 0.0471469 0.0184888
vn -0.0154952 0.0769972 0.0618977
vn -0.0698311 0.0683917 0.0211233
vn -0.0654602 0.0733246 -0.0183975
vn -0.0853253 0.0419297 -0.0310079
vn -0.0883522 0.0192474 -0.0427016
vn -0.0334945 0.0893298 0.0299718
vn -0.0312738 0.0933948 0.0173023
vn 0.0030197 0.0804244 0.0593531
vn -0.0326689 0.0809606 0.048766
vn -0.0502452 0.0845903 0.0178855
vn -0.076586 0.0621851 0.0163585
vn -0.0130774 0.0776136 0.0616856
vn -0.0278191 0.0768036 0.0576827
vn -0.0348215 0.0937363 -0.0009819
vn -0.0970696 0.0234148 0.0054079
vn -0.0927463 0.0277881 -0.025019
vn -0.0235053 0.095559 0.0177758
vn -0.0218232 0.0960841 0.0170763
vn -0.069377 0.0424135 0.0582059
vn -0.0044444 0.0847964 0.0528187
vn -0.0904782 0.042376 0.0042401
vn -0.0417853 0.0802897 0.0425154
vn -0.0365296 0.0885409 0.0287419
vn -0.038172 0.090779 0.0173803
vn -0.0228618 0.0828528 0.0511151
vn -0.040427 0.0765528 0.0500532
vn -0.0820683 0.0555605 0.0133354
vn 0.0243208 0.0968616 -0.0051318
vn -0.0287675 0.0944289 0.015988
vn -0.0632563 0.0764545 0.0123838
vn 0.0228829 0.0943062 -0.0241396
vn -0.0223292 0.0958675 0.0176306
vn -0.0378795 0.0811885 0.044425
vn -0.0521344 0.0765053 0.0378015
vn -0.0764363 0.027832 0.0581625
vn -0.0512834 0.0791356 0.0332802
vn -0.0526779 0.0782075 0.033296
vn -0.0857559 0.0514099 -0.0017187
vn -0.0259698 0.092401 0.0280648
vn -0.0422278 0.0880864 0.0213917
vn -0.0962203 0.0259505 -0.0082605
vn -0.0588572 0.0807105 0.0046519
vn -0.0894135 0.0404439 -0.0192231
vn -0.086832 0.039425 -0.0300977
vn -0.0220591 0.0975199 0.0018047
vn -0.0296901 0.0954907 0.0001762
vn -0.036768 0.0923178 -0.0112047
vn -0.0396806 0.0891416 0.0218911
vn -0.0454747 0.0864741 -0.0213139
vn -0.0111003 0.0961668 0.0250744
vn -0.0377559 0.0870217 -0.0316499
vn 0.016375 0.0945058 0.0282935
vn -0.0474018 0.0875704 0.009192
vn -0.0301117 0.0929744 0.0211906
vn 0.0096574 0.0978711 0.0181103
vn -0.0116882 0.0963218 0.0241971
vn 0.0167752 0.0939305 0.0299275
vn -0.0298542 0.0534463 -0.079071
vn -0.0280329 0.0529002 -0.0800982
vn -0.0514124 0.0437312 -0.0737858
vn -0.0400466 0.0393518 -0.0827508
vn -0.0572286 0.0240932 -0.0783863
vn -0.0821881 0.0438524 -0.0363604
vn -0.089056 0.0344222 -0.0297345
vn -0.0685183 0.0475106 -0.0552086
vn -0.0234812 0.0582258 -0.0778357
vn -0.0270338 0.088266 -0.0384486
vn 0.030962 0.0911466 -0.0270861
vn 0.0004926 0.0997853 0.0065317
vn 0.0269969 0.0944963 -0.0184831
vn 0.0218947 0.0942804 -0.0251361
vn -0.0640043 0.0765393 -0.006722
vn -0.0418111 0.0907167 0.0047231
vn -0.0450539 0.0892704 -0.0009693
vn 0.0128883 0.0977041 -0.0169648
vn -0.0036362 0.0995072 0.0092248
vn 0.0093035 0.0954678 -0.0282727
vn -0.0278084 0.0960545 0.0004856
vn -0.0526416 0.0842836 -0.0111862
vn 0.0126676 0.0919626 -0.0371807
vn 0.0017752 0.0982198 -0.0187009
vn 0.0014108 0.0917178 -0.0398227
vn -0.0833628 0.0493017 -0.0248996
vn -0.0066904 0.0950364 -0.0303864
vn -0.0062886 0.0991191 -0.0116559
vn -0.0017511 0.0989312 -0.0144762
vn -0.0100475 0.0906373 -0.0410357
vn -0.0759249 0.0516726 -0.0395645
vn -0.0837986 0.0081519 -0.0539569
vn -0.0088518 0.0975658 -0.0200641
vn -0.0831348 0.026876 -0.0486446
vn -0.0120177 0.094736 -0.0296761
vn -0.0164189 0.0859122 -0.0484718
vn -0.0150275 0.0980254 -0.0128526
vn 0.0046198 0.0944103 -0.0326397
vn -0.0300389 0.086728 -0.0396979
vn -0.0779004 -0.0128185 -0.0613777
vn -0.0087352 0.0996005 0.0018549
vn -0.0126739 0.0991227 -0.0037515
vn -0.0187478 0.0949527 -0.0251496
vn -0.021332 0.0975818 -0.0047678
vn -0.0187202 0.0905012 -0.0381981
vn -0.021388 0.0962641 -0.0166065
vn -0.0270432 0.0893296 -0.0359012
vn -0.0288352 0.0945322 -0.0152377
vn -0.0322636 0.094571 -0.0039233
vn -0.0109212 0.0993494 0.0032298
vn -0.0241294 0.0923388 -0.0298551
vn -0.03731 0.0742024 -0.0556953
vn -0.0220117 0.0809628 -0.0544106
vn -0.0184515 0.0977515 -0.0102075
vn -0.0284264 0.0844747 -0.0453428
vn -0.0282637 0.0926676 -0.0247767
vn -0.0123411 0.0990624 0.0058597
vn -0.0356225 0.087723 -0.0321826
vn -0.0454882 0.0655255 -0.0603095
vn -0.0404675 0.0779305 -0.0478458
vn -0.0350106 0.0891315 -0.0288067
vn -0.0403296 0.0904574 -0.0138196
vn -0.0259632 0.0946514 -0.0191579
vn -0.0377249 0.0859973 -0.03437
vn -0.0193038 0.0979404 -0.0059195
vn -0.0330274 -0.0130677 -0.0934795
vn -0.0318435 -0.0016878 -0.0947795
vn -0.0363416 0.077476 -0.0517373
vn -0.0363908 0.0836631 -0.0409413
vn -0.0444783 0.0821721 -0.0356291
vn -0.0427943 0.0802285 -0.0416177
vn -0.0460083 -0.0071349 -0.0885004
vn -0.0415275 0.0663842 -0.0621981
vn -0.0450145 0.0763854 -0.046249
vn -0.0530484 0.0785465 -0.0318797
vn -0.0126214 0.0984362 -0.0122892
vn -0.0183635 0.097586 -0.011822
vn -0.0526797 0.0732316 -0.0431507
vn -0.0515733 0.0555957 -0.0651868
vn -0.0506255 0.0652358 -0.0564035
vn -0.0464806 0.0702886 -0.053843
vn -0.0208756 0.096418 -0.0163641
vn -0.059248 0.0582183 -0.0556804
vn -0.0252437 0.0964114 -0.0082218
vn -0.0593464 0.0671741 -0.0443355
vn -0.017673 0.097895 -0.0102096
vn -0.0220733 0.0951194 -0.0215656
vn -0.0611065 0.0504989 -0.0609578
vn -0.0817088 0.0576169 -0.0019894
vn -0.0796476 0.0590316 -0.0130968
vn -0.0673696 0.0606895 -0.0421679
vn -0.0317337 0.0921534 -0.0223769
vn -0.0731463 0.0615055 -0.0294396
vn -0.0333211 0.0940388 -0.006813
vn -0.0707869 0.0409941 -0.0575213
vn -0.0697088 0.0500364 -0.0513521
vn -0.0316083 0.0934868 -0.0161598
vn -0.0341248 0.0927465 -0.0152836
vn -0.0894507 0.044048 -0.0076382
vn -0.0826807 0.0529665 -0.0189329
vn -0.0767501 0.0505397 -0.0394356
vn -0.0811687 0.0515722 -0.0274217
vn -0.0406626 0.0889619 -0.0207926
vn -0.0421979 0.0899047 -0.0116823
vn -0.0405331 0.0880548 -0.0245645
vn -0.0800689 0.0419308 -0.0427876
vn -0.0432802 0.0888717 -0.0151209
vn -0.0802723 0.0121585 -0.0583826
vn -0.0953174 0.0266885 0.0142238
vn -0.0977081 0.0186452 0.0102708
vn -0.0789996 0.026627 -0.0552275
vn -0.0982594 0.0183301 0.0030155
vn 0.0505993 0.0680031 -0.0530593
vn -0.0491277 0.0821377 -0.0289805
vn -0.0516251 0.0830178 -0.021045
vn -0.0857889 0.0183973 -0.0479771
vn -0.0487518 0.0828219 -0.0276369
vn -0.0978172 0.0207794 7.46e-05
vn -0.0941741 0.0335371 -0.0025497
vn -0.048424 0.0849333 -0.0210109
vn -0.0518527 0.0821945 -0.023566
vn 0.0364354 0.060119 -0.0711208
vn -0.0558913 0.082646 -0.0067674
vn -0.0557875 0.078355 -0.0273541
vn -0.0484797 0.0863771 -0.0137376
vn 0.026824 0.0596296 -0.0756623
vn 0.017485 0.0660433 -0.0730244
vn 0.0074255 0.0599568 -0.0796871
vn -0.06134 0.0765577 -0.0193991
vn -0.0599844 0.0729537 -0.0328577
vn -0.0538917 0.0768847 -0.0344155
vn -0.0545369 0.0821962 -0.0164166
vn -0.098095 0.0171551 -0.0091147
vn -0.0554376 0.0805564 -0.0209126
vn 0.0213713 0.0462914 -0.0860254
vn -0.0589503 0.0757724 -0.0279892
vn 0.0162953 0.0514744 -0.0841716
vn -0.0702646 0.0687749 -0.0182457
vn -0.0672096 0.0691639 -0.0264427
vn -0.0962126 0.014311 -0.0232019
vn -0.0608158 0.0778319 -0.015609
vn -0.0757149 0.0571072 -0.0317179
vn -0.081688 0.0403719 -0.0411968
vn -0.067479 0.0137136 -0.0725157
vn 0.0032802 -0.0037969 -0.099874
vn -0.0826651 0.0288251 -0.0483281
vn -0.0527121 0.0142219 -0.0837805
vn -0.0700886 0.0051902 -0.0711382
vn -0.0588972 0.0097193 -0.0802288
vn -0.0828031 0.0374272 -0.0417475
vn -0.0839583 0.0405506 -0.0361476
vn -0.0254111 0.0101506 -0.0961834
vn -0.06931 -0.0024246 -0.0720434
vn -0.0770114 0.0022784 -0.06375
vn -0.0398167 0.0080295 -0.0913792
vn -0.0044835 -0.0019827 -0.0998798
vn -0.085199 0.0235152 -0.0467779
vn -0.0250422 0.0939346 0.0234345
vn -0.0899824 0.0202539 -0.0386388
vn -0.0659208 -0.0009757 -0.0751897
vn -0.0124221 -0.0056854 -0.0990625
vn -0.0112307 -0.0024434 -0.0993373
vn -0.0334729 -0.0119537 -0.0934702
vn 0.0127488 0.0440238 -0.0888784
vn -0.000239 0.067503 -0.0737786
vn 0.0032861 0.0325978 -0.0944806
vn 0.001251 0.0504077 -0.0863568
vn -0.0206154 0.077969 -0.0591256
vn -0.0511545 0.0839325 0.0183997
vn -0.0538869 -0.0379015 -0.0752308
vn -0.0639814 -0.0275755 -0.0717354
vn -0.0676787 -0.0135853 -0.0723535
vn -0.0767203 0.0015363 -0.064122
vn -0.0794344 -0.0196709 -0.0574738
vn -0.0803806 0.0533472 -0.0263256
vn -0.0780823 0.0269544 -0.0563614
vn -0.0830734 0.0538105 -0.0142561
vn -0.0254282 -0.0342519 -0.0904445
vn -0.0897588 0.0027085 -0.0440002
vn -0.0898117 0.0393199 -0.0196926
vn -0.0851121 0.0365615 -0.0376721
vn -0.0919699 0.0235603 -0.0314079
vn -0.0924119 -0.0124947 -0.03611
vn 0.0688679 -0.0082914 0.072031
vn 0.0596553 -0.0290664 0.074809
vn 0.0534464 -0.0420731 0.0733031
vn 0.0696504 -0.0370506 0.0614498
vn 0.0602882 -0.0373733 0.0704881
vn 0.0555001 -0.049471 0.0668757
vn 0.0760788 -0.0365097 0.0536569
vn 0.0595584 -0.0560176 0.0575745
vn 0.0735752 -0.0459503 0.0497519
vn 0.0744975 -0.0493632 0.0448708
vn 0.0880134 -0.0270254 0.0390291
vn 0.0936155 -0.0118738 0.0330932
vn 0.076732 -0.0532622 0.0357119
vn 0.0520625 -0.0566774 -0.0638527
vn 0.0165374 0.0006131 0.0986212
vn 0.0612698 -0.0567141 -0.0550412
vn 0.0802746 -0.0551848 0.0225971
vn 0.0686249 -0.0592881 -0.0421373
vn 0.082919 -0.0548028 0.0110039
vn 0.0270595 -0.0155412 0.0950066
vn 0.0754578 -0.0635847 0.0162208
vn 0.0924167 -0.0259874 0.0279966
vn 0.0730083 -0.0575003 -0.0369256
vn 0.073447 -0.0473289 -0.0486365
vn 0.0888253 -0.0288797 0.0357215
vn 0.0770581 -0.0588944 0.0243619
vn 0.0823225 -0.0405667 0.0397159
vn 0.0790493 -0.0427756 0.0438344
vn 0.0872506 -0.035661 0.033401
vn 0.0913074 -0.0310872 0.0263921
vn 0.0781706 -0.0547324 -0.0298953
vn 0.0718096 -0.0544181 0.0433826
vn 0.0745538 -0.0554613 0.0369563
vn 0.0815822 -0.0479954 0.0322612
vn 0.0640394 -0.0768035 -0.0004209
vn 0.083136 -0.0524462 -0.0183796
vn 0.0629201 -0.0660763 0.0409266
vn 0.03603 -0.052304 0.0772407
vn 0.0719629 -0.0571795 0.0393935
vn 0.0874243 -0.0417292 0.0248127
vn 0.0599916 -0.0729937 0.0327557
vn 0.0892665 -0.0423058 0.015547
vn 0.0659355 -0.0750837 -0.0038674
vn 0.0857125 -0.0145202 -0.049422
vn 0.0490892 -0.0793814 0.0359006
vn 0.0435911 -0.0843209 0.0314611
vn 0.0690836 -0.0655166 0.0305784
vn 0.0696112 -0.0715552 -0.0058417
vn 0.0397532 -0.0632588 0.0664681
vn 0.0520818 -0.0611997 0.0595154
vn 0.0441485 -0.0782454 0.0439155
vn 0.0391697 -0.0794181 0.0464596
vn 0.0444538 -0.0677594 0.0585878
vn 0.0292619 -0.0908149 0.02994
vn 0.04548 -0.0826635 0.0331409
vn 0.0351762 -0.0901912 0.0250638
vn 0.0560443 -0.0786964 0.0258054
vn 0.0615384 -0.0720367 0.0319959
vn 0.0753901 -0.0621929 0.021175
vn 0.025628 -0.0571397 0.0779632
vn 0.0437446 -0.0704727 0.055857
vn 0.0474163 -0.0840717 0.0261464
vn 0.0697739 -0.0672635 0.024642
vn 0.0762588 -0.062156 0.0179231
vn 0.0323689 -0.0796236 0.051111
vn 0.0584177 -0.0777142 0.0234067
vn 0.0296249 -0.078682 0.0541434
vn 0.0408124 -0.0895186 0.0179098
vn 0.0571912 -0.0796706 0.0195386
vn 0.0775956 -0.0614352 0.0143052
vn 0.0814325 -0.0247702 -0.0524898
vn 0.0308446 -0.0701844 0.0642087
vn 0.0231703 -0.0909484 0.0345186
vn 0.024643 -0.0714119 0.0655215
vn 0.0223564 -0.088226 0.041429
vn 0.0164103 -0.0962658 0.0215315
vn 0.0813792 -0.0354508 -0.0460506
vn 0.0184036 -0.0749631 0.0635754
vn 0.0218972 -0.0832657 0.0508658
vn 0.0171567 -0.0977147 0.0125494
vn 0.0878054 -0.0469589 0.0092235
vn 0.0165788 -0.0979667 0.0112989
vn 0.0745228 -0.0659258 0.0100077
vn 0.0753038 -0.0328202 -0.0570278
vn 0.0125629 -0.0941017 0.0314171
vn 0.015872 -0.0981584 0.0106304
vn 0.0783022 -0.0345234 -0.0517388
vn 0.0884507 -0.0447559 -0.0131677
vn 0.0095629 -0.0984141 0.0149401
vn 0.093676 -0.0347468 0.0041804
vn 0.0192449 -0.0976438 0.0097631
vn 0.0178721 -0.0973851 0.0140261
vn 0.075329 -0.053141 -0.0387503
vn 0.0106456 -0.0992143 0.0065716
vn 0.0106617 -0.099179 0.0070614
vn 0.0108009 -0.0992721 0.0053287
vn 0.068735 -0.0648779 -0.0326551
vn 0.0706999 -0.0603278 -0.0369065
vn 0.0867271 -0.0497516 -0.0017859
vn 0.0798735 -0.057606 -0.0173717
vn 0.0729336 -0.0626891 -0.0274
vn 0.066381 -0.0631542 -0.0400638
vn 0.0077554 -0.0996396 0.0034348
vn 0.0805164 -0.058354 -0.0105792
vn 0.0577655 -0.078477 -0.0224615
vn 0.0562056 -0.0758245 -0.0330389
vn 0.066933 -0.0714008 -0.02054
vn 0.0529338 -0.0804888 -0.0268248
vn 0.0080592 -0.0995094 0.0057382
vn 0.0559659 -0.0808537 -0.0181797
vn 0.0723679 -0.0677251 -0.013274
vn 0.0709234 -0.0691465 -0.013734
vn 0.0547971 -0.0822291 -0.015351
vn 0.0410409 -0.0891591 -0.019139
vn 0.0025304 -0.0999553 0.0015946
vn 0.0108648 -0.0990681 0.0082143
vn 0.0666694 -0.0739363 -0.0094139
vn 0.0582745 -0.0805316 -0.0108975
vn 0.0067384 -0.09971 0.0035368
vn 0.0733528 -0.067727 -0.0056942
vn 0.0543988 -0.0831667 -0.0111388
vn 0.0381727 -0.0920245 -0.0086224
vn 0.0399082 -0.0886744 -0.0233279
vn 0.0559474 -0.0736769 -0.0379685
vn 0.054587 -0.0836458 -0.0048624
vn 0.0453933 -0.0887572 -0.0078489
vn 0.013447 -0.0988103 -0.0074638
vn 0.0285471 -0.0948929 -0.0134311
vn 0.0244539 -0.0964223 -0.0102342
vn 0.0037785 -0.0999282 0.0002882
vn 0.008121 -0.0996582 0.0015124
vn 0.0411671 -0.0863296 -0.029197
vn 0.0699425 -0.071456 -0.0014453
vn 0.0100216 -0.099397 -0.0044506
vn 0.0077722 -0.0994612 -0.0068609
vn 0.0280478 -0.0931599 -0.0231204
vn 0.0221287 -0.09733 -0.006099
vn 0.0137515 -0.0985288 -0.0101474
vn 0.0060823 -0.0996394 -0.0059157
vn 0.0258413 -0.0955732 -0.0140708
vn 0.002405 -0.0999679 -0.0007955
vn 0.0096594 -0.0995182 -0.0016821
vn 0.0137975 -0.0989796 -0.0035592
vn 0.0168756 -0.0985307 -0.0026314
vn 0.0019118 -0.0999812 0.0003229
vn 0.0134061 -0.099075 -0.0021049
vn 0.0282764 -0.0958134 -0.0044978
vn 0.0036777 -0.0999285 -0.0008812
vn 0.0042962 -0.0999066 -0.0004569
vn 0.006224 -0.0996788 -0.00504
vn 0.0110731 -0.0992325 -0.0055045
vn 0.0198615 -0.0963439 -0.0179825
vn 0.0068637 -0.0995935 -0.0058337
vn 0.0048634 -0.0997991 -0.0040596
vn 0.0053593 -0.0998393 -0.0018417
vn -0.0087746 -0.0981672 0.0169177
vn -0.0116991 -0.0969918 0.0213476
vn -0.0145172 -0.0966019 0.0213851
vn 0.0328641 -0.0853684 -0.0404003
vn 0.004661 -0.0997431 -0.0054405
vn -0.0124903 -0.0980257 0.0153284
vn 0.0065957 -0.0997352 -0.003064
vn 0.0121265 -0.0987059 -0.0104922
vn 0.0214228 -0.0948408 -0.023373
vn 0.0264268 -0.0862633 -0.0431309
vn -0.0075346 -0.0991648 0.0104676
vn 0.0031504 -0.0999169 -0.0025849
vn 0.0198922 -0.094404 -0.0263094
vn 0.0034533 -0.0999034 -0.0027167
vn 0.0028602 -0.099861 -0.0044262
vn 0.0097854 -0.0990814 -0.0093338
vn 0.0165599 -0.0952964 -0.0253845
vn 0.0043441 -0.0995642 -0.0082518
vn 0.0017197 -0.099971 0.0016847
vn 0.0015439 -0.0998494 -0.005265
vn 0.0089458 -0.0991124 -0.0098337
vn 0.0187983 -0.0924828 -0.033069
vn 0.0040795 -0.0999089 0.0012497
vn -0.0060994 -0.0980546 -0.0186575
vn -0.0040876 -0.0996855 -0.0067884
vn 0.0026279 -0.0999156 -0.0031577
vn 0.0004155 -0.0997491 -0.0070675
vn -0.0166542 -0.0975185 -0.0145868
vn -0.0083921 -0.0995328 -0.004775
vn -0.0244978 -0.0900852 -0.0358402
vn -0.0310883 -0.0910853 -0.0271476
vn -0.0036644 -0.0999269 -0.0010886
vn 0.0004301 -0.0999975 -0.0005554
vn -0.0014808 -0.0999846 0.0009394
vn -0.0178211 -0.0882031 -0.043619
vn -0.036439 -0.0923245 -0.0121812
vn -0.0153132 -0.0988201 0.0003252
vn -0.0427452 -0.0901449 0.0068376
vn 0.008581 -0.0977198 -0.019422
vn -0.0329366 -0.0857901 -0.0394366
vn -0.0418865 -0.0860762 -0.0289209
vn -0.0035768 -0.0998501 0.0041444
vn 0.0147215 -0.0904005 -0.0401376
vn -0.0242207 -0.0964814 0.0102326
vn 0.0007086 -0.0999884 -0.0013517
vn -0.0011883 -0.0999907 -0.0006733
vn 0.0040479 -0.0998787 -0.0028027
vn -0.000747 -0.0994499 0.0104478
vn -0.0015989 -0.0990408 0.0137249
vn 0.0041914 -0.0934367 -0.0353839
vn -0.0001615 -0.0995253 -0.0097308
vn 0.0005793 -0.0993503 -0.0113663
vn 0.0052122 -0.09918 -0.0116691
vn -0.0024195 -0.0999314 -0.0028055
vn 0.0006034 -0.099977 0.0020591
vn -0.0066778 -0.0905719 -0.0418585
vn -0.0203354 -0.0864444 -0.0459765
vn 0.0050661 -0.0876143 -0.0479381
vn 0.0118792 -0.0926837 -0.0356177
vn 0.0162305 -0.0863552 -0.0477426
vn 0.0032813 -0.0989198 -0.0142866
vn 0.0260976 -0.0892706 -0.036738
vn 0.0197872 -0.0933526 -0.0298959
vn 0.0002273 -0.099352 -0.0113636
vn -0.0017513 -0.0990112 0.0139182
vn -0.0002337 -0.0999847 -0.0017345
vn 0.022123 -0.0901321 -0.0372396
vn 0.0445136 -0.0765187 -0.0465126
vn 0.0017688 -0.099148 -0.012905
vn 0.0264898 -0.0722362 -0.0638766
vn 0.03589 -0.0871345 -0.0334588
vn 0.0584931 -0.0484008 -0.0650839
vn 0.0049475 -0.0742523 -0.0667991
vn 0.0020985 -0.0994735 -0.0100313
vn 0.0017206 -0.0989003 -0.014689
vn 0.0407291 -0.0633791 -0.0657588
vn 0.0744382 -0.0587956 -0.0316549
vn 0.084905 -0.0313606 -0.0425165
vn -0.0055041 -0.0955403 -0.029013
vn 0.0454133 -0.083966 -0.0297884
vn 0.0882945 -0.03585 -0.0303128
vn 0.0878494 -0.0475548 -0.0045841
vn 0.0983184 -0.0130251 -0.0128
vn 0.055898 -0.0828163 -0.0041078
vn 0.0753232 -0.0641596 0.01449
vn 0.0546973 -0.0821381 -0.0161722
vn 0.0960545 -0.0200812 0.0192424
vn 0.0931772 -0.0341537 0.0123098
vn 0.0050905 -0.0876175 0.0479298
vn -0.0152698 -0.0889465 0.0430738
vn -0.0093863 -0.0810713 0.057787
vn 0.0860118 -0.0215793 0.0462202
vn 0.0207939 -0.0935192 0.0286666
vn -0.0298423 -0.0953545 0.0041177
vn -0.0278359 -0.0906481 0.0317502
vn 0.0126859 -0.0746803 0.0652834
vn 0.0257222 -0.0753158 0.0605467
vn 0.0011798 -0.0926891 -0.0375146
vn 0.0014742 -0.0986088 -0.0165572
vn 0.0012518 -0.0991828 -0.0126965
vn 0.0385178 -0.0914101 0.0126714
vn 0.0387397 -0.0885319 0.0257164
vn 0.0813425 -0.0270053 0.0515181
vn 0.0667676 -0.0671131 0.0322167
vn 0.0464797 -0.0531377 0.0708239
vn 0.0491593 -0.0585807 0.0644334
vn 0.0057577 -0.0882133 0.0467469
vn -0.0060503 -0.0896897 0.0438081
vn 0.0746023 -0.0533693 0.0398273
vn 0.0668874 -0.0336424 0.0662893
vn 0.0731366 -0.0379794 0.0566446
vn 0.04983 -0.0731607 0.0465241
vn 0.0243365 -0.0897256 0.0368381
vn 0.0165204 -0.0893002 0.0418635
vn 0.0280327 -0.0927579 0.0247011
vn -0.0013012 -0.0999626 -0.0024058
vn -0.0020539 -0.0999434 -0.0026662
vn -0.0067727 -0.0997441 -0.0022905
vn -0.0022929 -0.0999313 -0.0029126
vn -0.002612 -0.0999288 -0.0027214
vn -0.0032128 -0.0998797 -0.0037049
vn 0.0045136 -0.099887 0.0014904
vn 0.008404 -0.099426 0.0066221
vn 0.009382 -0.0990432 0.0101207
vn 0.0042343 -0.0998942 0.001794
vn 0.0031473 -0.0997713 0.005982
vn 0.0027499 -0.0999383 0.0021869
vn 0.0568263 -0.0495561 0.0656885
vn 0.0523503 -0.0586692 0.0617848
vn 0.0612813 -0.0705722 0.0355552
vn 0.059302 -0.0717018 0.0366349
vn 0.0182703 -0.0405054 0.0895852
vn 0.0546745 -0.0734991 0.0401071
vn 0.0504566 -0.0796621 0.0332879
vn 0.0500049 -0.0698816 0.0511476
vn 0.049075 -0.0810358 0.0320133
vn 0.0419995 -0.0866036 0.0271268
vn 0.0580199 -0.0747601 0.0323207
vn 0.0374609 -0.0901301 0.0217542
vn 0.0572303 -0.079799 0.0188895
vn 0.0284069 -0.0952259 0.0111838
vn 0.042025 -0.0898699 0.0125417
vn 0.0579086 -0.0799878 0.0157657
vn 0.027194 -0.0958875 0.0081286
vn 0.060581 -0.0784495 0.0132522
vn 0.0436628 -0.0894356 0.0097386
vn 0.0660878 -0.073991 0.0125596
vn 0.0208181 -0.0973806 0.0091447
vn 0.058067 -0.0808622 0.00946259
vn 0.0331872 -0.0941903 0.0051763
vn 0.0179395 -0.0982703 0.0045953
vn 0.0533229 -0.0843309 0.0067061
vn 0.075144 -0.0651646 0.010342
vn 0.0164923 -0.0976744 0.0137008
vn 0.0189741 -0.0977704 0.0089964
vn 0.0480658 -0.0874815 0.0060561
vn 0.0663512 -0.0744629 0.0072661
vn 0.0311839 -0.0949779 0.0025999
vn 0.0055458 -0.0992401 0.0109841
vn -0.0232359 -0.0683715 0.0691768
vn 0.0803244 -0.059409 0.0043091
vn 0.0599952 -0.0799745 0.0021586
vn 0.0017299 -0.0972789 0.0231048
vn 0.0376555 -0.0926056 -0.0025049
vn -0.0045984 -0.0977741 0.0204715
vn 0.0022941 -0.0997029 0.0073537
vn 0.0054232 -0.0998504 0.0007
vn 0.029693 -0.0954117 -0.0038645
vn -0.0024286 -0.0976008 0.0216378
vn -0.0002868 -0.0986466 0.0163942
vn -0.0460722 -0.0571949 0.0678683
vn -0.0013297 -0.0996829 0.0078458
vn 0.0003406 -0.0999531 0.0030448
vn 0.0033357 -0.0999241 -0.00201
vn 0.0034623 -0.0999303 0.0013949
vn -0.0035588 -0.0999356 0.0004694
vn -0.0250277 -0.0922083 0.0295168
vn -0.0303825 -0.0906165 0.0294203
vn -0.0587708 -0.0679848 0.0438641
vn -0.0167196 -0.0972874 0.0159881
vn -0.0257683 -0.0943237 0.020953
vn -0.0564629 -0.0749642 0.03453
vn -0.0083081 -0.099389 0.0072664
vn -0.0029968 -0.0999543 -0.0003968
vn -0.0514325 -0.0821662 0.0245646
vn -0.0169795 -0.0979701 0.0106562
vn -0.0619258 -0.0732598 0.0282524
vn -0.0364161 -0.0917123 0.0162084
vn -0.0083476 -0.0995392 0.0047188
vn -0.0029566 -0.0999399 -0.0018106
vn -0.0493458 -0.0862868 0.0109355
vn -0.0012736 -0.0999706 -0.0020645
vn -0.009758 -0.0993445 0.005954
vn -0.0193961 -0.0980002 0.0044449
vn -0.0164056 -0.0985941 0.0031706
vn -0.0003065 -0.0999682 -0.0025021
vn 0.0015255 -0.099926 -0.0035303
vn -0.0086347 -0.0995368 0.0042279
vn -0.0005489 -0.0999853 -0.0016276
vn -0.0832583 -0.0553205 0.0027762
vn -0.0050357 -0.0942443 -0.0330552
vn -0.0443086 -0.0893594 -0.0071859
vn -0.0165833 -0.098603 0.001564
vn -0.0275295 -0.0916755 -0.0289437
vn -0.0442031 -0.089683 0.0017466
vn 0.0088166 -0.0930315 -0.0356007
vn -0.0033982 -0.0999362 -0.0011
vn -0.0416381 -0.0900299 0.0126837
vn -0.0042598 -0.0998713 0.0027536
vn 0.0023399 -0.0993686 -0.0109732
vn -0.031862 -0.0941726 -0.0107856
vn -0.0381273 -0.0878916 0.0286597
vn -0.0266413 -0.0935358 0.0232659
vn 0.0049447 -0.0952328 -0.0301043
vn -0.0213688 -0.0918491 -0.0332734
vn -0.0291114 -0.0951158 0.0102723
vn -0.0269545 -0.0934733 0.0231558
vn -0.0065909 -0.0991666 0.0110698
vn -0.0005146 -0.0999015 -0.0044076
vn -0.0519994 -0.0833149 -0.0188333
vn -0.0403783 -0.0909038 -0.0102998
vn -0.0046598 -0.0843156 -0.0535647
vn -0.0275354 -0.0876192 0.039556
vn -0.0274392 -0.0879473 0.0388891
vn -0.0216527 -0.0948244 -0.0232271
vn -0.0330752 -0.0935852 0.0121593
vn -0.0030302 -0.0999395 -0.0017095
vn -0.0294819 -0.0890707 -0.034601
vn -0.0004183 -0.0999898 -0.0013695
vn -0.0012463 -0.099949 -0.0029421
vn -0.0226978 -0.0929603 0.0290377
vn 0.000164 -0.0999918 -0.0012718
vn 0.0010114 -0.0998958 -0.0044514
vn -0.0423359 -0.0904747 -0.0046907
vn -0.0140773 -0.0872602 0.0467706
vn -0.0128059 -0.0911119 0.0391743
vn -0.0043229 -0.0991857 0.0119792
vn -0.0026002 -0.0985195 0.0169454
vn 0.0376724 -0.0885931 -0.0270566
vn -0.0277209 -0.0878902 0.0388184
vn 0.0214325 -0.0958452 -0.0188239
vn -0.0038528 -0.0992309 0.0117635
vn -0.0001732 -0.0993403 0.0114662
vn 0.0017278 -0.0989829 0.0141209
vn 0.0379273 -0.0907719 -0.0179438
vn -0.0007379 -0.0999212 -0.0039009
vn -0.0009611 -0.099195 -0.0126268
vn -0.0015674 -0.0927131 0.037441
vn 0.0360002 -0.0912163 -0.0195851
vn -0.001725 -0.0993072 -0.0116236
vn -0.0029764 -0.0999304 -0.0022483
vn 7.29e-05 -0.0995547 0.0094264
vn 0.0095909 -0.0994361 -0.0045246
vn 0.0333156 -0.0939336 -0.0081575
vn 0.0021587 -0.0998808 0.0043784
vn 0.0405293 -0.0911233 0.0073425
vn 0.0097593 -0.0920164 0.0379175
vn -0.0800704 -0.0593317 -0.0082756
vn -0.0021801 -0.0998943 -0.0040458
vn -0.0024793 -0.0999348 -0.0026252
vn 0.024746 -0.0906474 0.0342153
vn 0.0165191 -0.0921688 0.0351004
vn 0.0036954 -0.0990966 0.0128919
vn 0.0036599 -0.0987698 0.0152028
vn 0.004052 -0.0983983 0.0173597
vn 0.0305262 -0.0950513 0.005779
vn 0.023316 -0.0964045 0.0127493
vn 0.020446 -0.0953457 0.022162
vn -0.0021182 -0.0999008 -0.0039169
vn -0.0008345 -0.0995395 -0.0095493
vn 0.0007015 -0.0998596 0.0052516
vn 0.0010467 -0.099925 -0.0037271
vn 0.0057603 -0.0993213 0.0101043
vn -0.0010144 -0.0999644 -0.0024672
vn -0.0099712 -0.0954778 -0.0280101
vn -0.0687395 -0.0723587 -0.0062529
vn 0.0066483 -0.0997772 -0.0005556
vn -0.0075293 -0.0986399 -0.0146109
vn -0.0737147 -0.0658387 -0.0152122
vn -0.0805188 -0.0557359 -0.0202542
vn -0.0719207 -0.0668574 -0.0189075
vn -0.0799585 -0.0590041 -0.0111874
vn -0.0731688 -0.0673999 -0.0101777
vn -0.0599414 -0.0792393 -0.0113207
vn 0.0026667 -0.0999512 0.001625
vn -0.002932 -0.099926 -0.0024883
vn -0.0111618 -0.0909563 -0.0400296
vn -0.0538053 -0.0832387 -0.0132783
vn -0.0024629 -0.0999444 -0.0022453
vn 0.0008842 -0.0996773 0.0079784
vn -0.0198 -0.0882117 -0.0427394
vn -0.0651885 -0.0727209 -0.0214969
vn -0.0060662 -0.0995855 -0.0067769
vn -0.0069624 -0.0979561 -0.0188714
vn -0.0073797 -0.0996597 -0.0036725
vn -0.0107187 -0.0993153 -0.0046454
vn -0.0191366 -0.0981462 -0.0010531
vn -0.0032519 -0.0999271 -0.0019986
vn -0.0048973 -0.0992618 -0.0110953
vn -0.0125336 -0.0969618 -0.0210077
vn -0.0031562 -0.0999016 -0.0031149
vn -0.0034351 -0.0997727 -0.005797
vn -0.0031269 -0.0993312 -0.011115
vn -0.0054312 -0.0993417 -0.0100857
vn 0.0034252 -0.099828 0.0047587
vn -0.0121575 -0.0992579 -0.0002581
vn 0.0036105 -0.0992362 0.0117954
vn -0.0116631 -0.0993172 0.0002458
vn -0.0005277 -0.0999761 0.0021224
vn -0.0033018 -0.0998746 -0.0037637
vn -0.0005422 -0.0999958 0.0007336
vn -0.0042411 -0.0997789 -0.005117
vn -0.0051795 -0.0994937 -0.0086127
vn -0.0036462 -0.099882 -0.003208
vn -0.0828401 -0.0081054 0.055424
vn -0.0842254 -0.0170967 0.0511252
vn -0.0388166 -0.0670472 0.0632293
vn -0.0845159 -0.0281766 0.0454218
vn -0.08806 -0.0229582 0.041453
vn -0.0828593 -0.0402148 0.0389501
vn -0.0875309 -0.0324764 0.0358278
vn -0.0408178 0.0471426 -0.078176
vn -0.08738 0.0376464 -0.0307811
vn -0.0878815 0.0311316 -0.0361616
vn -0.0866389 0.0273803 -0.0417614
vn -0.0820227 -0.0499712 0.0278415
vn -0.0878188 0.0148574 -0.0454655
vn -0.0886117 0.0249527 -0.0390555
vn -0.0825505 -0.0517057 0.0226259
vn -0.0909243 0.013194 -0.0394803
vn -0.0915278 0.0208243 -0.0344819
vn -0.0669338 -0.0708542 0.0223505
vn -0.042101 -0.0886253 0.0193147
vn -0.0870415 -0.0432391 0.0235407
vn -0.0904022 0.0012377 -0.0427308
vn -0.0627217 -0.0754089 0.0194804
vn -0.0632207 -0.0769719 0.0088586
vn -0.0650379 -0.0724232 0.0229119
vn -0.0398726 -0.0911829 0.0097906
vn -0.0815153 -0.0545491 0.0194847
vn -0.0771788 -0.0601208 0.0207104
vn -0.0671131 -0.0715195 0.0195138
vn -0.0482978 -0.0863028 0.0148035
vn -0.0918242 -0.0121054 -0.0377065
vn -0.0318228 -0.0947275 0.0037441
vn -0.0584324 -0.0808804 0.0066343
vn -0.0637194 -0.0756665 0.0146428
vn -0.0346846 -0.0936983 0.004195
vn -0.0789892 -0.0588964 0.017086
vn -0.0340222 -0.093614 0.0088835
vn -0.0447197 -0.089428 -0.0016659
vn -0.0586367 -0.0804498 0.0094639
vn -0.0444789 -0.0895196 -0.0028043
vn -0.0589783 -0.0552687 -0.0588807
vn -0.0684512 -0.0726208 0.0063765
vn -0.0391084 -0.0916536 0.0083755
vn -0.0560192 -0.0822774 0.0096063
vn -0.0557125 -0.0553538 -0.0619037
vn -0.079014 -0.0600184 0.012433
vn -0.0689891 -0.0714443 0.0116713
vn -0.0186343 -0.0982 0.0030857
vn -0.0672084 -0.0482868 -0.0561375
vn -0.0569016 -0.0585918 -0.0576993
vn -0.015177 -0.0988322 0.0013662
vn -0.0593152 -0.0625604 -0.0506745
vn -0.0649786 -0.0410939 -0.0639458
vn -0.0484938 -0.0774606 -0.0405982
vn -0.0702813 -0.058887 -0.0399107
vn -0.0672157 -0.0543335 -0.0502983
vn -0.0493377 -0.0865209 -0.0089401
vn -0.0749398 -0.0656979 0.0082348
vn -0.0402615 -0.0914988 0.0026411
vn -0.0585339 -0.0683826 -0.0435616
vn -0.0658926 -0.0643647 -0.0389275
vn -0.0543529 -0.0668463 -0.0507675
vn -0.0816043 -0.0348282 -0.0461273
vn -0.0584018 -0.0661675 -0.0470222
vn -0.0709944 -0.0703491 -0.0032864
vn -0.0616566 -0.0785232 0.0057072
vn -0.0572968 -0.0675597 -0.0463979
vn -0.0585905 -0.0797465 -0.0144101
vn -0.0709341 -0.0702609 0.0056348
vn -0.0197404 -0.0980297 0.0007044
vn -0.0140277 -0.0990068 -0.0009362
vn -0.0646458 -0.0666156 -0.0371924
vn -0.0046734 -0.0998747 -0.0017894
vn -0.0607338 -0.0731901 -0.0308967
vn -0.0651438 -0.066362 -0.0367744
vn -0.07308 -0.0578964 -0.0361569
vn -0.0478292 -0.0820524 -0.0313014
vn -0.0698723 -0.0632709 -0.0333864
vn -0.0773311 -0.061824 -0.0140604
vn -0.0614054 -0.0723955 -0.0314368
vn -0.0698273 -0.070057 -0.0147022
vn -0.0741077 -0.0614427 -0.0270711
vn -0.0724344 -0.0636022 -0.0266088
vn -0.0734587 -0.0643854 -0.0214089
vn -0.0640865 -0.0734601 -0.0222832
vn -0.0687708 -0.0723328 0.0062077
vn -0.0391606 -0.0919851 0.0022775
vn -0.0193792 -0.0981035 0.0003841
vn -0.0530211 -0.0846702 0.0044414
vn -0.0137211 -0.0990542 9.52e-05
vn -0.0122699 -0.0992438 -0.0003527
vn -0.0354354 -0.0935073 0.0008476
vn -0.0619109 -0.0785296 -0.0003883
vn -0.0751731 -0.0541624 -0.0376223
vn -0.0155913 -0.0987752 -0.0006181
vn -0.073057 -0.0593457 -0.0337752
vn -0.0805511 -0.0570448 -0.016044
vn -0.0419881 -0.090744 -0.0015926
vn -0.0746023 -0.0596241 -0.0296556
vn -0.0769385 -0.0585893 -0.0254511
vn -0.0108363 -0.0992952 -0.0047997
vn -0.0056371 -0.0997499 -0.0042632
vn -0.0591527 -0.0763463 -0.0259269
vn -0.050787 -0.0859525 -0.0057309
vn -0.0025352 -0.0999383 -0.0024309
vn -0.025767 -0.094836 -0.0184984
vn -0.0121877 -0.0985105 -0.0121298
vn -0.0483568 -0.0861217 -0.0156423
vn -0.0385986 -0.0916691 -0.0103403
vn -0.0343964 -0.093723 -0.0057344
vn -0.0035736 -0.0998951 -0.0028644
vn 0.0022683 -0.0999713 0.0007654
vn -0.0008303 -0.0999963 -0.0002371
vn -0.0151109 -0.0984885 -0.0084667
vn -0.008415 -0.0995503 -0.0043506
vn -0.0069685 -0.0997532 -0.0008561
vn -0.0165337 -0.0985976 -0.0022704
vn -0.0016743 -0.0999859 7.74e-05
vn 0.0174752 -0.0976496 0.0126167
vn -0.0234421 0.0953325 -0.019031

vt 0.88743 0.467832
vt 0.894126 0.469323
vt 0.891178 0.47469
vt 0.876149 0.473267
vt 0.88135 0.467676
vt 0.885622 0.465
vt 0.875435 0.464459
vt 0.885106 0.462129
vt 0.861048 0.47215
vt 0.874242 0.469023
vt 0.865643 0.466054
vt 0.876972 0.45824
vt 0.879826 0.44776
vt 0.885334 0.447501
vt 0.87532 0.44888
vt 0.868268 0.458636
vt 0.87323 0.592278
vt 0.87457 0.596366
vt 0.864703 0.596629
vt 0.865474 0.591139
vt 0.863993 0.461745
vt 0.858901 0.594312
vt 0.860261 0.597175
vt 0.85812 0.588743
vt 0.857894 0.456146
vt 0.870292 0.446368
vt 0.867485 0.449875
vt 0.860445 0.454111
vt 0.852876 0.469749
vt 0.852796 0.46582
vt 0.850786 0.457787
vt 0.857967 0.462919
vt 0.85165 0.594753
vt 0.823247 0.843695
vt 0.839922 0.841864
vt 0.825845 0.852476
vt 0.839163 0.469446
vt 0.849709 0.461583
vt 0.894373 0.547586
vt 0.903046 0.558647
vt 0.880812 0.560075
vt 0.841192 0.460974
vt 0.84472 0.452248
vt 0.845714 0.448929
vt 0.847899 0.445899
vt 0.858072 0.448376
vt 0.835056 0.46409
vt 0.842018 0.455669
vt 0.815991 0.85554
vt 0.824246 0.856425
vt 0.375363 0.453455
vt 0.385481 0.457317
vt 0.375044 0.457401
vt 0.375561 0.450514
vt 0.387063 0.453113
vt 0.385392 0.449203
vt 0.376662 0.448643
vt 0.853217 0.638625
vt 0.859887 0.635462
vt 0.860262 0.645179
vt 0.851873 0.62944
vt 0.863861 0.628831
vt 0.852849 0.646438
vt 0.826075 0.469741
vt 0.835595 0.473917
vt 0.3701 0.448887
vt 0.832033 0.461425
vt 0.83233 0.455175
vt 0.831613 0.458216
vt 0.86373 0.551401
vt 0.841523 0.562253
vt 0.807635 0.85449
vt 0.80941 0.857926
vt 0.870218 0.545139
vt 0.83997 0.631877
vt 0.838792 0.479749
vt 0.828469 0.479329
vt 0.826653 0.476189
vt 0.86314 0.538835
vt 0.316819 0.50193
vt 0.332765 0.504717
vt 0.319454 0.516287
vt 0.834705 0.640867
vt 0.844308 0.625126
vt 0.788524 0.811487
vt 0.792379 0.810952
vt 0.790562 0.813631
vt 0.832828 0.661903
vt 0.836105 0.6592
vt 0.836678 0.662001
vt 0.83198 0.658964
vt 0.836193 0.605044
vt 0.840313 0.604113
vt 0.843224 0.611136
vt 0.336676 0.446574
vt 0.350007 0.450187
vt 0.340534 0.449363
vt 0.348024 0.446656
vt 0.785217 0.812163
vt 0.829124 0.659466
vt 0.784642 0.809468
vt 0.782732 0.809784
vt 0.8254 0.640156
vt 0.834092 0.626387
vt 0.781563 0.811212
vt 0.825185 0.658155
vt 0.827077 0.660335
vt 0.826164 0.656421
vt 0.780717 0.807651
vt 0.825266 0.629619
vt 0.77802 0.807658
vt 0.821307 0.654695
vt 0.776182 0.80904
vt 0.778436 0.813662
vt 0.822252 0.658378
vt 0.81999 0.656601
vt 0.775646 0.805876
vt 0.817134 0.638281
vt 0.815763 0.651374
vt 0.767788 0.805756
vt 0.77237 0.80565
vt 0.772607 0.803735
vt 0.816986 0.655013
vt 0.777698 0.779595
vt 0.785805 0.779733
vt 0.782676 0.787155
vt 0.776039 0.787354
vt 0.963703 0.171015
vt 0.955371 0.178961
vt 0.946131 0.169936
vt 0.776969 0.047745
vt 0.781145 0.041107
vt 0.786282 0.049414
vt 0.932053 0.157639
vt 0.934448 0.165998
vt 0.924752 0.163399
vt 0.94885 0.160775
vt 0.315944 0.437303
vt 0.320641 0.442381
vt 0.313213 0.440587
vt 0.758559 0.814375
vt 0.775411 0.823999
vt 0.756896 0.823482
vt 0.769664 0.802427
vt 0.813747 0.653875
vt 0.811939 0.651571
vt 0.809821 0.648657
vt 0.30243 0.468563
vt 0.312346 0.47095
vt 0.303578 0.474269
vt 0.305818 0.468294
vt 0.766398 0.801765
vt 0.767768 0.799818
vt 0.769952 0.781097
vt 0.77278 0.779105
vt 0.743409 0.032489
vt 0.752668 0.025591
vt 0.76408 0.039085
vt 0.927342 0.155938
vt 0.921599 0.162699
vt 0.808092 0.649209
vt 0.808751 0.640254
vt 0.787812 0.05668
vt 0.93909 0.154325
vt 0.96276 0.161975
vt 0.760741 0.799426
vt 0.764278 0.804868
vt 0.762984 0.798042
vt 0.763928 0.796576
vt 0.813476 0.633895
vt 0.800576 0.05353
vt 0.804126 0.645489
vt 0.740523 0.021336
vt 0.748078 0.019653
vt 0.918943 0.150353
vt 0.918517 0.160233
vt 0.934817 0.151113
vt 0.943286 0.146128
vt 0.760328 0.794149
vt 0.804336 0.647662
vt 0.804712 0.641984
vt 0.807227 0.638024
vt 0.793545 0.629325
vt 0.792634 0.626188
vt 0.799198 0.621686
vt 0.741154 0.015837
vt 0.746309 0.014884
vt 0.745775 0.014311
vt 0.642702 0.457789
vt 0.646038 0.457964
vt 0.640401 0.465644
vt 0.299432 0.471641
vt 0.923808 0.144467
vt 0.755112 0.793762
vt 0.756124 0.792168
vt 0.759838 0.792193
vt 0.757685 0.790795
vt 0.813059 0.078907
vt 0.810504 0.081167
vt 0.806809 0.080247
vt 0.809932 0.077688
vt 0.807211 0.065188
vt 0.806353 0.06345
vt 0.81132 0.065145
vt 0.803626 0.065229
vt 0.797757 0.06234
vt 0.795746 0.065175
vt 0.77641 0.061601
vt 0.775612 0.055728
vt 0.783553 0.059266
vt 0.753667 0.041716
vt 0.187254 0.926571
vt 0.207219 0.933275
vt 0.183696 0.939273
vt 0.640618 0.459501
vt 0.917513 0.152568
vt 0.951636 0.150059
vt 0.759533 0.790422
vt 0.803781 0.077795
vt 0.815353 0.07722
vt 0.789484 0.630078
vt 0.76969 0.057296
vt 0.770136 0.049811
vt 0.763934 0.050541
vt 0.634998 0.462497
vt 0.752312 0.796219
vt 0.754283 0.787465
vt 0.804388 0.080592
vt 0.807669 0.071755
vt 0.815538 0.071705
vt 0.791265 0.634944
vt 0.787242 0.635084
vt 0.787275 0.631768
vt 0.798864 0.067251
vt 0.800833 0.067232
vt 0.788707 0.061843
vt 0.635911 0.477519
vt 0.95812 0.151758
vt 0.751821 0.789402
vt 0.755641 0.787186
vt 0.735835 0.012786
vt 0.741662 0.010951
vt 0.760413 0.097754
vt 0.76439 0.100042
vt 0.760867 0.106897
vt 0.919171 0.141779
vt 0.951567 0.146191
vt 0.80391 0.07291
vt 0.789897 0.638426
vt 0.786524 0.637707
vt 0.787956 0.640293
vt 0.797355 0.068901
vt 0.79411 0.069902
vt 0.785942 0.068168
vt 0.733771 0.017604
vt 0.727446 0.146628
vt 0.733379 0.150436
vt 0.729951 0.152876
vt 0.733691 0.142146
vt 0.91744 0.146119
vt 0.946755 0.140677
vt 0.796614 0.636883
vt 0.796073 0.070333
vt 0.791933 0.068696
vt 0.778371 0.069424
vt 0.759754 0.067121
vt 0.76027 0.054939
vt 0.734131 0.022379
vt 0.720925 0.158587
vt 0.725622 0.160342
vt 0.93819 0.137685
vt 0.949634 0.142173
vt 0.802195 0.095507
vt 0.798458 0.096889
vt 0.796974 0.09317
vt 0.806195 0.102183
vt 0.809462 0.101582
vt 0.745359 0.79078
vt 0.753467 0.782785
vt 0.801447 0.074249
vt 0.801842 0.072533
vt 0.793501 0.640365
vt 0.791034 0.641145
vt 0.789378 0.64258
vt 0.742821 0.779622
vt 0.740824 0.777667
vt 0.744609 0.778632
vt 0.787186 0.071388
vt 0.792047 0.07154
vt 0.774496 0.070472
vt 0.795587 0.089106
vt 0.793517 0.09189
vt 0.804591 0.092739
vt 0.749065 0.784257
vt 0.803422 0.072206
vt 0.798909 0.63674
vt 0.797698 0.639866
vt 0.796083 0.640721
vt 0.792419 0.642148
vt 0.748332 0.780421
vt 0.747031 0.778537
vt 0.743689 0.782073
vt 0.739884 0.779279
vt 0.765731 0.068373
vt 0.754216 0.049222
vt 0.744946 0.038496
vt 0.72934 0.015383
vt 0.714108 0.156209
vt 0.716631 0.148139
vt 0.943921 0.13855
vt 0.788179 0.08818
vt 0.750239 0.781385
vt 0.751941 0.780382
vt 0.753553 0.780965
vt 0.794015 0.642918
vt 0.738171 0.781369
vt 0.791999 0.073565
vt 0.734253 0.033119
vt 0.732265 0.026681
vt 0.735476 0.136584
vt 0.73805 0.137287
vt 0.922734 0.13538
vt 0.919255 0.137857
vt 0.927965 0.136261
vt 0.81004 0.094836
vt 0.805111 0.09044
vt 0.742139 0.785383
vt 0.793169 0.077543
vt 0.787099 0.076779
vt 0.781288 0.076108
vt 0.772801 0.073956
vt 0.736932 0.047348
vt 0.739448 0.054973
vt 0.730524 0.137647
vt 0.780965 0.08475
vt 0.784187 0.088558
vt 0.790541 0.08603
vt 0.801065 0.086896
vt 0.736418 0.784887
vt 0.793165 0.075739
vt 0.769124 0.07714
vt 0.749639 0.0579
vt 0.725599 0.019717
vt 0.765615 0.086225
vt 0.768081 0.088836
vt 0.76188 0.087497
vt 0.92932 0.131258
vt 0.93439 0.133102
vt 0.792996 0.081235
vt 0.796624 0.08233
vt 0.774726 0.078696
vt 0.760788 0.074148
vt 0.723221 0.141869
vt 0.761493 0.080118
vt 0.782335 0.079872
vt 0.752611 0.071182
vt 0.721112 0.015178
vt 0.767442 0.081043
vt 0.768884 0.086011
vt 0.774666 0.082047
vt 0.735462 0.791512
vt 0.726917 0.012896
vt 0.722022 0.010332
vt 0.728678 0.00862902
vt 0.728189 0.128357
vt 0.734907 0.129037
vt 0.797456 0.080082
vt 0.730701 0.039272
vt 0.718854 0.02078
vt 0.725924 0.00690198
vt 0.722402 0.135744
vt 0.723183 0.006091
vt 0.719199 0.00657803
vt 0.754697 0.079253
vt 0.723969 0.128712
vt 0.713193 0.011944
vt 0.72741 0.122861
vt 0.712772 0.015903
vt 0.719518 0.124799
vt 0.723007 0.123405
vt 0.725355 0.120164
vt 0.459986 0.370987
vt 0.46355 0.374283
vt 0.459423 0.382286
vt 0.748964 0.080272
vt 0.711772 0.023624
vt 0.712615 0.00883001
vt 0.749446 0.572951
vt 0.766036 0.559274
vt 0.765157 0.579225
vt 0.717226 0.129804
vt 0.750345 0.08676
vt 0.745486 0.075908
vt 0.740683 0.063468
vt 0.71994 0.030277
vt 0.701909 0.021766
vt 0.714786 0.125586
vt 0.719878 0.11758
vt 0.728628 0.048895
vt 0.723786 0.041751
vt 0.719075 0.034406
vt 0.708556 0.00878298
vt 0.712955 0.00637901
vt 0.725056 0.112769
vt 0.718865 0.114188
vt 0.714787 0.029879
vt 0.703398 0.015736
vt 0.703486 0.011089
vt 0.283293 0.75524
vt 0.289129 0.753729
vt 0.287072 0.756364
vt 0.2821 0.749529
vt 0.746527 0.56044
vt 0.72217 0.10871
vt 0.283652 0.756914
vt 0.279624 0.754247
vt 0.708307 0.126068
vt 0.710364 0.037344
vt 0.706122 0.00735903
vt 0.708059 0.006782
vt 0.712545 0.12189
vt 0.698953 0.009902
vt 0.737515 0.582695
vt 0.750293 0.586817
vt 0.717022 0.045663
vt 0.710503 0.119519
vt 0.714172 0.113802
vt 0.716632 0.118164
vt 0.704481 0.031633
vt 0.699314 0.014158
vt 0.742704 0.58986
vt 0.711602 0.113902
vt 0.69675 0.019756
vt 0.735809 0.575707
vt 0.720792 0.056704
vt 0.711685 0.052572
vt 0.692625 0.011678
vt 0.70269 0.047342
vt 0.696171 0.038237
vt 0.165491 0.868325
vt 0.153682 0.881284
vt 0.143724 0.871678
vt 0.198745 0.867431
vt 0.182096 0.876599
vt 0.191744 0.861973
vt 0.344292 0.705466
vt 0.348433 0.710036
vt 0.345053 0.714647
vt 0.105132 0.881865
vt 0.109862 0.893378
vt 0.092548 0.898864
vt 0.702094 0.111199
vt 0.701913 0.122566
vt 0.695875 0.120223
vt 0.707664 0.114159
vt 0.337425 0.720381
vt 0.335886 0.703271
vt 0.624001 0.389465
vt 0.62902 0.391927
vt 0.624485 0.394363
vt 0.684558 0.036479
vt 0.086467 0.884719
vt 0.688563 0.029392
vt 0.072877 0.888148
vt 0.163057 0.856926
vt 0.696981 0.110756
vt 0.716126 0.068095
vt 0.706129 0.063228
vt 0.145165 0.859692
vt 0.691561 0.045983
vt 0.62148 0.38374
vt 0.625401 0.384685
vt 0.083495 0.873856
vt 0.711057 0.083759
vt 0.710483 0.093597
vt 0.706463 0.091372
vt 0.718598 0.09159
vt 0.691758 0.0578
vt 0.117749 0.871937
vt 0.095122 0.864111
vt 0.705036 0.073785
vt 0.341876 0.697206
vt 0.337139 0.692716
vt 0.143232 0.848306
vt 0.118223 0.856774
vt 0.148623 0.84521
vt 0.683594 0.053215
vt 0.184398 0.845795
vt 0.693433 0.071931
vt 0.673326 0.954196
vt 0.665715 0.960047
vt 0.666173 0.950771
vt 0.166873 0.841937
vt 0.13087 0.841622
vt 0.655481 0.954778
vt 0.659633 0.958282
vt 0.662904 0.946519
vt 0.651396 0.952843
vt 0.671243 0.936712
vt 0.111827 0.841199
vt 0.102229 0.845437
vt 0.964119 0.00667399
vt 0.966778 0.00889999
vt 0.963342 0.011336
vt 0.656077 0.943799
vt 0.965249 0.00451201
vt 0.966943 0.00591898
vt 0.652067 0.94426
vt 0.959867 0.00820798
vt 0.652498 0.938919
vt 0.669053 0.067852
vt 0.654288 0.062433
vt 0.669575 0.061436
vt 0.946993 0.026082
vt 0.965055 0.020623
vt 0.963995 0.026823
vt 0.962508 0.00533497
vt 0.436969 0.408872
vt 0.436942 0.411457
vt 0.431467 0.410148
vt 0.650862 0.947247
vt 0.649796 0.952325
vt 0.654998 0.933813
vt 0.950091 0.018659
vt 0.950534 0.012154
vt 0.433041 0.399885
vt 0.436098 0.404331
vt 0.435146 0.400343
vt 0.659798 0.924972
vt 0.678562 0.924132
vt 0.434471 0.394699
vt 0.954862 0.00669199
vt 0.431858 0.393427
vt 0.670608 0.078207
vt 0.660601 0.084215
vt 0.951749 0.040417
vt 0.42446 0.406137
vt 0.944446 0.037174
vt 0.949053 0.00743002
vt 0.423497 0.398401
vt 0.420562 0.411347
vt 0.433389 0.389378
vt 0.651536 0.931353
vt 0.651966 0.923988
vt 0.429711 0.388764
vt 0.43239 0.385164
vt 0.936024 0.031234
vt 0.941841 0.011233
vt 0.418832 0.3897
vt 0.650041 0.926811
vt 0.671879 0.902276
vt 0.934833 0.021383
vt 0.649247 0.922513
vt 0.409344 0.397317
vt 0.429492 0.383286
vt 0.431154 0.380584
vt 0.647912 0.922483
vt 0.648206 0.917531
vt 0.65574 0.902837
vt 0.418139 0.380232
vt 0.428057 0.374263
vt 0.431497 0.372774
vt 0.43205 0.377681
vt 0.641334 0.90488
vt 0.643884 0.913519
vt 0.419489 0.375088
vt 0.430873 0.369846
vt 0.429003 0.369143
vt 0.409567 0.37972
vt 0.408132 0.387999
vt 0.425611 0.369677
vt 0.638936 0.906985
vt 0.638276 0.903898
vt 0.636869 0.925499
vt 0.639686 0.928309
vt 0.638937 0.929351
vt 0.634008 0.904132
vt 0.638015 0.908485
vt 0.636828 0.931867
vt 0.405023 0.385412
vt 0.413519 0.374931
vt 0.416301 0.372647
vt 0.420564 0.371436
vt 0.021209 0.133454
vt 0.018979 0.13615
vt 0.018114 0.134577
vt 0.923883 0.061963
vt 0.93009 0.050403
vt 0.933062 0.057514
vt 0.637787 0.919677
vt 0.632261 0.92207
vt 0.017128 0.126401
vt 0.013009 0.128311
vt 0.012406 0.124301
vt 0.630075 0.900192
vt 0.63169 0.898252
vt 0.917867 0.051585
vt 0.919867 0.056203
vt 0.631918 0.930896
vt 0.632918 0.911913
vt 0.635397 0.9135
vt 0.015991 0.13117
vt 0.935564 0.065155
vt 0.628402 0.912009
vt 0.011281 0.119456
vt 0.01075 0.122851
vt 0.014064 0.118581
vt 0.634751 0.937714
vt 0.629166 0.935958
vt 0.629784 0.901267
vt 0.024149 0.125921
vt 0.025668 0.12906
vt 0.620111 0.917919
vt 0.021056 0.115826
vt 0.027945 0.129368
vt 0.025073 0.132378
vt 0.622758 0.895634
vt 0.288806 0.657928
vt 0.296337 0.658916
vt 0.292188 0.662101
vt 0.617758 0.943379
vt 0.628192 0.947433
vt 0.284132 0.664357
vt 0.286476 0.665423
vt 0.621456 0.926684
vt 0.033556 0.119974
vt 0.605607 0.969151
vt 0.599157 0.974864
vt 0.594719 0.975958
vt 0.618118 0.933543
vt 0.622834 0.889942
vt 0.594433 0.970742
vt 0.63142 0.885119
vt 0.033259 0.123111
vt 0.615223 0.892789
vt 0.620544 0.895823
vt 0.609067 0.887324
vt 0.613377 0.867249
vt 0.584227 0.977119
vt 0.616901 0.953203
vt 0.605819 0.955863
vt 0.275493 0.662759
vt 0.596827 0.950384
vt 0.603921 0.939322
vt 0.603951 0.92854
vt 0.030504 0.107739
vt 0.278623 0.656236
vt 0.609833 0.914211
vt 0.592836 0.961497
vt 0.036261 0.114234
vt 0.589994 0.945599
vt 0.603043 0.916183
vt 0.572799 0.956608
vt 0.591953 0.935985
vt 0.598687 0.917127
vt 0.599712 0.907527
vt 0.570947 0.964523
vt 0.589511 0.911848
vt 0.260054 0.651807
vt 0.268614 0.652984
vt 0.253748 0.655736
vt 0.568059 0.974206
vt 0.570416 0.979647
vt 0.558642 0.981808
vt 0.590584 0.921953
vt 0.567763 0.94864
vt 0.555912 0.979282
vt 0.583885 0.903788
vt 0.591718 0.903761
vt 0.555498 0.968497
vt 0.560763 0.958509
vt 0.574194 0.936183
vt 0.547256 0.978541
vt 0.571637 0.904441
vt 0.572125 0.901079
vt 0.575208 0.901955
vt 0.557912 0.886655
vt 0.562068 0.883707
vt 0.563436 0.886629
vt 0.554426 0.884234
vt 0.506528 0.88206
vt 0.488193 0.884009
vt 0.503085 0.866976
vt 0.541769 0.884006
vt 0.545566 0.886617
vt 0.478265 0.864665
vt 0.533065 0.953847
vt 0.523489 0.960337
vt 0.511086 0.95362
vt 0.55959 0.854054
vt 0.546376 0.865683
vt 0.526653 0.857828
vt 0.532984 0.848666
vt 0.556969 0.840271
vt 0.522743 0.870674
vt 0.496344 0.850817
vt 0.538637 0.839304
vt 0.51499 0.842836
vt 0.544989 0.828945
vt 0.809918 0.708898
vt 0.82119 0.705274
vt 0.819766 0.720394
vt 0.807402 0.726439
vt 0.823056 0.732982
vt 0.797681 0.716499
vt 0.80042 0.728385
vt 0.798532 0.703044
vt 0.81458 0.697439
vt 0.797399 0.736359
vt 0.791509 0.729686
vt 0.792085 0.721365
vt 0.791208 0.71444
vt 0.788872 0.738942
vt 0.78362 0.725568
vt 0.792959 0.698202
vt 0.803909 0.692805
vt 0.784473 0.731187
vt 0.787947 0.707359
vt 0.773059 0.71103
vt 0.784606 0.703095
vt 0.772458 0.721856
vt 0.762695 0.719181
vt 0.765189 0.702878
vt 0.782707 0.696231
vt 0.868237 0.799431
vt 0.877068 0.800897
vt 0.867376 0.804697
vt 0.75546 0.723728
vt 0.761893 0.726601
vt 0.757673 0.72651
vt 0.755358 0.710688
vt 0.768975 0.69544
vt 0.779633 0.69338
vt 0.909227 0.488614
vt 0.905019 0.48226
vt 0.91636 0.487432
vt 0.862614 0.80399
vt 0.754399 0.726335
vt 0.91994 0.635801
vt 0.924184 0.642387
vt 0.921933 0.643375
vt 0.922685 0.636502
vt 0.861059 0.81018
vt 0.747166 0.723394
vt 0.749625 0.725372
vt 0.764869 0.695739
vt 0.76724 0.694863
vt 0.759974 0.697463
vt 0.904458 0.487689
vt 0.858381 0.806804
vt 0.860612 0.802486
vt 0.916561 0.636421
vt 0.901331 0.456255
vt 0.911332 0.458803
vt 0.904116 0.460953
vt 0.743916 0.721939
vt 0.74825 0.721146
vt 0.890759 0.463117
vt 0.89693 0.464442
vt 0.915671 0.627848
vt 0.917792 0.630846
vt 0.914048 0.629407
vt 0.893268 0.455773
vt 0.897045 0.453258
vt 0.900148 0.454501
vt 0.887078 0.456445
vt 0.886538 0.60181
vt 0.891201 0.597566
vt 0.893243 0.605022
vt 0.844304 0.814919
vt 0.851693 0.813054
vt 0.855684 0.826467
vt 0.839166 0.827554
vt 0.848368 0.812025
vt 0.883717 0.603653
vt 0.880907 0.596207
vt 0.928699 0.574
vt 0.945163 0.579079
vt 0.940837 0.589026
vt 0.845877 0.811172
vt 0.840193 0.813278
vt 0.836838 0.81675
vt 0.917378 0.516564
vt 0.917891 0.518216
vt 0.91567 0.51842
vt 0.882111 0.59054
vt 0.912735 0.513811
vt 0.878057 0.599083
vt 0.924035 0.588706
vt 0.907478 0.574115
vt 0.891223 0.649466
vt 0.88566 0.659278
vt 0.880566 0.653095
vt 0.900373 0.619572
vt 0.90116 0.616982
vt 0.904325 0.620691
vt 0.911859 0.517221
vt 0.882609 0.64271
vt 0.886428 0.639768
vt 0.876411 0.454357
vt 0.868687 0.584505
vt 0.871481 0.640349
vt 0.875522 0.634088
vt 0.880287 0.632406
vt 0.880005 0.036315
vt 0.871078 0.042604
vt 0.866182 0.035287
vt 0.818566 0.832176
vt 0.876866 0.628943
vt 0.872438 0.627855
vt 0.889396 0.508369
vt 0.899823 0.511138
vt 0.894655 0.513764
vt 0.896895 0.507053
vt 0.878185 0.606197
vt 0.883766 0.608829
vt 0.880051 0.61049
vt 0.864863 0.445367
vt 0.863369 0.446414
vt 0.851808 0.597136
vt 0.860005 0.444791
vt 0.863088 0.444541
vt 0.872358 0.608915
vt 0.870813 0.615546
vt 0.846911 0.592092
vt 0.846478 0.59537
vt 0.872622 0.606169
vt 0.22798 0.973191
vt 0.231621 0.978579
vt 0.227553 0.97887
vt 0.240954 0.976011
vt 0.809425 0.818142
vt 0.816054 0.821473
vt 0.852168 0.444415
vt 0.854027 0.443621
vt 0.836331 0.59648
vt 0.243121 0.964569
vt 0.835796 0.451348
vt 0.841442 0.597206
vt 0.836385 0.586205
vt 0.848049 0.443731
vt 0.25372 0.972996
vt 0.249369 0.975384
vt 0.792679 0.816318
vt 0.803896 0.81519
vt 0.840746 0.444515
vt 0.84453 0.443308
vt 0.220781 0.9797
vt 0.209661 0.973682
vt 0.257314 0.966157
vt 0.83335 0.445001
vt 0.829704 0.598823
vt 0.798554 0.812907
vt 0.826672 0.466352
vt 0.836973 0.443362
vt 0.827508 0.591905
vt 0.796804 0.810255
vt 0.798499 0.811257
vt 0.794974 0.811395
vt 0.822708 0.599785
vt 0.829985 0.45197
vt 0.797547 0.788167
vt 0.802878 0.789074
vt 0.800749 0.79196
vt 0.828723 0.447827
vt 0.829677 0.445229
vt 0.829953 0.443342
vt 0.818112 0.601463
vt 0.821898 0.602583
vt 0.837176 0.602307
vt 0.841298 0.505047
vt 0.849082 0.504402
vt 0.849227 0.507272
vt 0.835452 0.501825
vt 0.833345 0.50449
vt 0.819364 0.463803
vt 0.824742 0.456121
vt 0.816791 0.596846
vt 0.786598 0.815577
vt 0.840243 0.622904
vt 0.802185 0.781188
vt 0.796064 0.779447
vt 0.845649 0.507775
vt 0.847395 0.508697
vt 0.838029 0.506216
vt 0.826664 0.449682
vt 0.827737 0.445792
vt 0.329897 0.778892
vt 0.332199 0.779141
vt 0.331018 0.779726
vt 0.332794 0.777662
vt 0.837497 0.624245
vt 0.830978 0.603905
vt 0.833653 0.602878
vt 0.84303 0.507795
vt 0.826381 0.605734
vt 0.826223 0.60304
vt 0.834591 0.506967
vt 0.829843 0.506071
vt 0.826163 0.504811
vt 0.817695 0.468789
vt 0.820934 0.470345
vt 0.826824 0.446348
vt 0.327661 0.778979
vt 0.328599 0.780621
vt 0.331278 0.776612
vt 0.790155 0.786082
vt 0.836736 0.612857
vt 0.840321 0.611552
vt 0.841306 0.613582
vt 0.833714 0.611132
vt 0.822248 0.605256
vt 0.819335 0.609145
vt 0.815606 0.607589
vt 0.822735 0.448719
vt 0.327127 0.776957
vt 0.330128 0.775489
vt 0.807406 0.603309
vt 0.813034 0.605278
vt 0.789605 0.778434
vt 0.79244 0.777786
vt 0.817457 0.461095
vt 0.82492 0.447214
vt 0.825869 0.446885
vt 0.325431 0.778308
vt 0.834945 0.61437
vt 0.819728 0.451491
vt 0.823718 0.445834
vt 0.325152 0.7766
vt 0.786989 0.77747
vt 0.830219 0.614128
vt 0.816333 0.457138
vt 0.814169 0.460258
vt 0.820525 0.446834
vt 0.326773 0.77375
vt 0.324496 0.775628
vt 0.209598 0.943255
vt 0.230056 0.949209
vt 0.223517 0.959232
vt 0.773485 0.842576
vt 0.76976 0.834465
vt 0.783216 0.839476
vt 0.81869 0.507352
vt 0.820973 0.503411
vt 0.820496 0.506404
vt 0.816259 0.506337
vt 0.814134 0.504422
vt 0.815387 0.500648
vt 0.30384 0.533594
vt 0.30845 0.524175
vt 0.307878 0.540777
vt 0.303545 0.518409
vt 0.30574 0.50151
vt 0.805046 0.615985
vt 0.806259 0.613432
vt 0.808112 0.61187
vt 0.803583 0.614088
vt 0.813892 0.502314
vt 0.817711 0.446925
vt 0.323409 0.773981
vt 0.303864 0.528003
vt 0.813659 0.454181
vt 0.813557 0.451341
vt 0.324494 0.770925
vt 0.148421 0.951921
vt 0.161179 0.966099
vt 0.148067 0.963598
vt 0.798763 0.617512
vt 0.801066 0.614112
vt 0.814502 0.446607
vt 0.321977 0.771292
vt 0.326641 0.771557
vt 0.232672 0.930627
vt 0.812595 0.449139
vt 0.812343 0.44693
vt 0.323265 0.769399
vt 0.319666 0.768522
vt 0.32152 0.770042
vt 0.319917 0.772397
vt 0.136166 0.96485
vt 0.750878 0.013697
vt 0.751412 0.016383
vt 0.742816 0.00822103
vt 0.751008 0.007873
vt 0.750987 0.010556
vt 0.751069 0.00620401
vt 0.321576 0.768199
vt 0.794452 0.614988
vt 0.798349 0.613896
vt 0.796544 0.616476
vt 0.083221 0.972047
vt 0.101386 0.971606
vt 0.094789 0.978864
vt 0.746882 0.011094
vt 0.744231 0.006329
vt 0.749247 0.005086
vt 0.318047 0.771643
vt 0.316865 0.767464
vt 0.795706 0.62132
vt 0.816401 0.06258
vt 0.815398 0.53395
vt 0.828484 0.538423
vt 0.811874 0.548062
vt 0.210732 0.921599
vt 0.788533 0.553313
vt 0.799405 0.561745
vt 0.224466 0.915345
vt 0.637622 0.483494
vt 0.629708 0.483276
vt 0.157464 0.934175
vt 0.13863 0.936279
vt 0.805921 0.538006
vt 0.148676 0.922768
vt 0.201269 0.912196
vt 0.100788 0.949106
vt 0.091384 0.960347
vt 0.07619 0.950454
vt 0.126528 0.927072
vt 0.061448 0.956522
vt 0.217339 0.901651
vt 0.239293 0.909555
vt 0.080231 0.935834
vt 0.059833 0.943632
vt 0.235712 0.889061
vt 0.03587 0.966134
vt 0.054651 0.96371
vt 0.04755 0.971
vt 0.041933 0.956187
vt 0.14342 0.902968
vt 0.133846 0.915365
vt 0.170673 0.919515
vt 0.084753 0.920662
vt 0.109371 0.925357
vt 0.169856 0.892741
vt 0.217047 0.880002
vt 0.054298 0.934315
vt 0.038569 0.943873
vt 0.027178 0.946121
vt 0.452454 0.376007
vt 0.048953 0.915835
vt 0.061426 0.921981
vt 0.019785 0.952269
vt 0.183178 0.886897
vt 0.220354 0.864193
vt 0.241332 0.874
vt 0.033409 0.927468
vt 0.447734 0.389194
vt 0.449952 0.392129
vt 0.448353 0.381455
vt 0.738925 0.074459
vt 0.739062 0.082528
vt 0.733475 0.084603
vt 0.456272 0.370631
vt 0.022963 0.938802
vt 0.73129 0.077758
vt 0.732716 0.062965
vt 0.724152 0.090805
vt 0.730846 0.091704
vt 0.724301 0.069563
vt 0.030007 0.908606
vt 0.071497 0.906009
vt 0.048365 0.892051
vt 0.058801 0.882196
vt 0.018874 0.923263
vt 0.018819 0.902984
vt 0.03338 0.883307
vt 0.067046 0.8726
vt 0.047256 0.87439
vt 0.076176 0.846693
vt 0.055554 0.858423
vt 0.040614 0.868202
vt 0.063588 0.845665
vt 0.042924 0.853104
vt 0.941567 0.00822997
vt 0.414287 0.408672
vt 0.408061 0.403595
vt 0.74174 0.079662
vt 0.854752 0.747931
vt 0.850651 0.74148
vt 0.863813 0.743715
vt 0.450138 0.016117
vt 0.455101 0.014179
vt 0.45862 0.016649
vt 0.861912 0.731244
vt 0.847535 0.726541
vt 0.839912 0.742279
vt 0.848529 0.749872
vt 0.862221 0.718903
vt 0.452267 0.035885
vt 0.442969 0.029325
vt 0.455571 0.025682
vt 0.836827 0.724927
vt 0.848876 0.715349
vt 0.832414 0.739223
vt 0.870673 0.708428
vt 0.87409 0.717606
vt 0.855163 0.70886
vt 0.838454 0.710977
vt 0.867125 0.701335
vt 0.436294 0.035621
vt 0.440391 0.041462
vt 0.824724 0.74077
vt 0.829703 0.71948
vt 0.849829 0.700806
vt 0.454888 0.047413
vt 0.465267 0.03812
vt 0.465705 0.05099
vt 0.830811 0.705937
vt 0.509032 0.023429
vt 0.499001 0.01935
vt 0.506012 0.012359
vt 0.458039 0.058448
vt 0.418258 0.034742
vt 0.426182 0.035111
vt 0.418112 0.042193
vt 0.856193 0.691359
vt 0.427906 0.052832
vt 0.426763 0.044817
vt 0.437439 0.049554
vt 0.836113 0.697363
vt 0.458348 0.465881
vt 0.47231 0.469819
vt 0.47353 0.478901
vt 0.491257 0.042285
vt 0.495931 0.027237
vt 0.500928 0.03429
vt 0.47459 0.059136
vt 0.475295 0.04448
vt 0.483982 0.049961
vt 0.46834 0.483249
vt 0.468013 0.058591
vt 0.454769 0.061542
vt 0.450422 0.058454
vt 0.421799 0.051393
vt 0.418172 0.047217
vt 0.849355 0.689533
vt 0.500635 0.04054
vt 0.456485 0.062403
vt 0.516972 0.019718
vt 0.512049 0.011774
vt 0.857062 0.687373
vt 0.865579 0.688827
vt 0.423752 0.054151
vt 0.463245 0.485065
vt 0.467074 0.487085
vt 0.453338 0.479095
vt 0.839987 0.690194
vt 0.864241 0.68517
vt 0.867891 0.685859
vt 0.504729 0.053702
vt 0.826459 0.69482
vt 0.85007 0.685668
vt 0.860627 0.684214
vt 0.865927 0.683433
vt 0.868452 0.682788
vt 0.871863 0.682176
vt 0.877361 0.683233
vt 0.496206 0.072415
vt 0.416733 0.052368
vt 0.420565 0.054929
vt 0.85684 0.684498
vt 0.862178 0.682878
vt 0.93281 0.732065
vt 0.922109 0.743669
vt 0.920069 0.731777
vt 0.832538 0.689688
vt 0.840276 0.686679
vt 0.842353 0.683923
vt 0.858694 0.682779
vt 0.448288 0.747413
vt 0.453885 0.747499
vt 0.450208 0.748776
vt 0.454799 0.742416
vt 0.456667 0.745935
vt 0.462339 0.744571
vt 0.935317 0.74592
vt 0.850605 0.682567
vt 0.855359 0.68145
vt 0.446532 0.744413
vt 0.461352 0.740906
vt 0.515024 0.035311
vt 0.443418 0.747409
vt 0.456336 0.73562
vt 0.928245 0.747518
vt 0.924022 0.744869
vt 0.83295 0.686424
vt 0.850591 0.681057
vt 0.846719 0.680168
vt 0.508953 0.065483
vt 0.51861 0.059013
vt 0.455966 0.462166
vt 0.458762 0.461984
vt 0.895851 0.147238
vt 0.897998 0.150496
vt 0.895047 0.151018
vt 0.89835 0.14684
vt 0.800742 0.744206
vt 0.801505 0.741734
vt 0.803445 0.746087
vt 0.822396 0.687254
vt 0.834239 0.682641
vt 0.84148 0.680087
vt 0.433667 0.746239
vt 0.43902 0.746903
vt 0.434124 0.748487
vt 0.441604 0.741492
vt 0.909596 0.34677
vt 0.911614 0.346427
vt 0.918652 0.352912
vt 0.447843 0.467576
vt 0.452631 0.464037
vt 0.892713 0.144394
vt 0.895903 0.144014
vt 0.796357 0.740922
vt 0.907088 0.687793
vt 0.904983 0.691172
vt 0.901547 0.687202
vt 0.905123 0.686425
vt 0.528505 0.034142
vt 0.52568 0.026715
vt 0.909741 0.350505
vt 0.891752 0.156525
vt 0.895103 0.157
vt 0.889823 0.149742
vt 0.813977 0.685072
vt 0.830185 0.681737
vt 0.837532 0.678405
vt 0.429069 0.748363
vt 0.425757 0.746019
vt 0.431648 0.743086
vt 0.49035 0.744333
vt 0.480613 0.745471
vt 0.479374 0.741553
vt 0.494598 0.749475
vt 0.490713 0.750369
vt 0.488814 0.747406
vt 0.833425 0.679165
vt 0.434045 0.739186
vt 0.529495 0.055516
vt 0.886204 0.144884
vt 0.82882 0.677136
vt 0.425813 0.749438
vt 0.500767 0.748282
vt 0.887307 0.143319
vt 0.82153 0.681652
vt 0.428324 0.739318
vt 0.499586 0.750462
vt 0.496627 0.751135
vt 0.881924 0.160958
vt 0.890322 0.166068
vt 0.803383 0.687827
vt 0.822669 0.676031
vt 0.819931 0.677254
vt 0.420418 0.747841
vt 0.421573 0.75074
vt 0.880675 0.152622
vt 0.789702 0.741304
vt 0.78825 0.742385
vt 0.421431 0.745017
vt 0.420842 0.747076
vt 0.422799 0.744073
vt 0.544136 0.042618
vt 0.938555 0.636799
vt 0.942013 0.642358
vt 0.939835 0.641784
vt 0.942947 0.63731
vt 0.948513 0.642143
vt 0.943607 0.641109
vt 0.944517 0.631501
vt 0.423321 0.740566
vt 0.878361 0.148603
vt 0.882883 0.145442
vt 0.882653 0.148276
vt 0.797317 0.692376
vt 0.808848 0.682399
vt 0.951838 0.640577
vt 0.77998 0.727553
vt 0.819827 0.675033
vt 0.935078 0.635914
vt 0.936364 0.63891
vt 0.423183 0.733475
vt 0.888556 0.170459
vt 0.871325 0.155888
vt 0.77956 0.723377
vt 0.935649 0.48297
vt 0.936739 0.485317
vt 0.929484 0.488135
vt 0.932045 0.478216
vt 0.817594 0.675248
vt 0.81702 0.677228
vt 0.876946 0.170168
vt 0.805479 0.683558
vt 0.929874 0.634272
vt 0.931592 0.636321
vt 0.8738 0.164031
vt 0.934012 0.48979
vt 0.931353 0.492817
vt 0.929293 0.474304
vt 0.93415 0.475941
vt 0.930875 0.629916
vt 0.934432 0.473319
vt 0.872299 0.151975
vt 0.866673 0.155978
vt 0.769818 0.726544
vt 0.918432 0.484498
vt 0.928357 0.469924
vt 0.861361 0.16221
vt 0.86264 0.159582
vt 0.774104 0.728764
vt 0.924199 0.49032
vt 0.868489 0.137226
vt 0.871151 0.137488
vt 0.871055 0.139591
vt 0.917039 0.475112
vt 0.866512 0.140893
vt 0.869827 0.142847
vt 0.866417 0.138587
vt 0.763047 0.725048
vt 0.919534 0.471107
vt 0.858258 0.167237
vt 0.862817 0.174327
vt 0.867817 0.144551
vt 0.767991 0.728582
vt 0.761206 0.756451
vt 0.764645 0.753128
vt 0.7642 0.755496
vt 0.866178 0.145802
vt 0.861437 0.1384
vt 0.762337 0.722413
vt 0.911697 0.477192
vt 0.858199 0.163363
vt 0.856503 0.165997
vt 0.760829 0.753481
vt 0.75814 0.758803
vt 0.864786 0.145146
vt 0.862061 0.143986
vt 0.861467 0.142106
vt 0.759409 0.759076
vt 0.757358 0.756184
vt 0.859968 0.140142
vt 0.908536 0.468652
vt 0.400517 0.718611
vt 0.406313 0.721234
vt 0.402561 0.721304
vt 0.919694 0.653752
vt 0.92469 0.654146
vt 0.920793 0.655426
vt 0.760986 0.728081
vt 0.854264 0.167861
vt 0.852747 0.171309
vt 0.754843 0.759055
vt 0.869793 0.797608
vt 0.873533 0.797115
vt 0.922744 0.651312
vt 0.855755 0.142444
vt 0.857043 0.139576
vt 0.904202 0.471915
vt 0.851189 0.177062
vt 0.856163 0.174987
vt 0.753552 0.762866
vt 0.756808 0.76203
vt 0.876087 0.823646
vt 0.873623 0.822193
vt 0.878339 0.819139
vt 0.917046 0.655402
vt 0.91581 0.65155
vt 0.925596 0.649524
vt 0.903618 0.476997
vt 0.86657 0.79699
vt 0.913364 0.654041
vt 0.918945 0.643861
vt 0.854717 0.140768
vt 0.849659 0.17588
vt 0.863853 0.797678
vt 0.912857 0.652441
vt 0.850257 0.173479
vt 0.751946 0.765181
vt 0.754809 0.764399
vt 0.751497 0.761869
vt 0.872009 0.827939
vt 0.864851 0.79636
vt 0.910655 0.648114
vt 0.898727 0.473403
vt 0.904912 0.466982
vt 0.861965 0.797642
vt 0.909507 0.650282
vt 0.910683 0.652645
vt 0.908968 0.651776
vt 0.899148 0.471056
vt 0.749467 0.764436
vt 0.866667 0.831363
vt 0.869008 0.818961
vt 0.845125 0.182467
vt 0.843543 0.182829
vt 0.749963 0.767758
vt 0.75238 0.767308
vt 0.749175 0.766217
vt 0.862179 0.831541
vt 0.860598 0.800307
vt 0.9076 0.645641
vt 0.867228 0.83599
vt 0.871396 0.831932
vt 0.907218 0.65159
vt 0.888867 0.480393
vt 0.895045 0.487183
vt 0.902896 0.490696
vt 0.841443 0.192925
vt 0.844747 0.190986
vt 0.841717 0.196252
vt 0.842356 0.188073
vt 0.845567 0.186511
vt 0.909133 0.630221
vt 0.913658 0.637824
vt 0.390037 0.685803
vt 0.402402 0.683235
vt 0.399148 0.696488
vt 0.83953 0.194501
vt 0.840843 0.187801
vt 0.899093 0.493176
vt 0.839182 0.197458
vt 0.41944 0.451578
vt 0.423636 0.452005
vt 0.421091 0.453928
vt 0.421769 0.449084
vt 0.42574 0.448729
vt 0.423919 0.446428
vt 0.40227 0.675851
vt 0.407035 0.680656
vt 0.883732 0.485626
vt 0.89033 0.493951
vt 0.381413 0.688308
vt 0.385551 0.696402
vt 0.837784 0.032865
vt 0.832404 0.035072
vt 0.834709 0.028644
vt 0.417129 0.454364
vt 0.8885 0.451263
vt 0.379414 0.694072
vt 0.396083 0.673005
vt 0.837555 0.022481
vt 0.891827 0.656789
vt 0.890921 0.451452
vt 0.934167 0.564827
vt 0.971564 0.566842
vt 0.970967 0.588826
vt 0.95174 0.567001
vt 0.842016 0.025433
vt 0.413517 0.454206
vt 0.412403 0.451809
vt 0.411949 0.44915
vt 0.988291 0.576489
vt 0.980787 0.583861
vt 0.397986 0.66957
vt 0.410465 0.455462
vt 0.39295 0.664744
vt 0.843865 0.017869
vt 0.405205 0.456243
vt 0.403365 0.453048
vt 0.382166 0.67109
vt 0.395001 0.664866
vt 0.370801 0.685509
vt 0.840927 0.012673
vt 0.846939 0.02517
vt 0.890446 0.568287
vt 0.38759 0.658088
vt 0.849428 0.019462
vt 0.845922 0.00930202
vt 0.863299 0.031211
vt 0.392316 0.657958
vt 0.393185 0.659415
vt 0.844338 0.00629801
vt 0.849449 0.01271
vt 0.853522 0.01703
vt 0.955654 0.542235
vt 0.964823 0.549401
vt 0.375548 0.665446
vt 0.366713 0.675471
vt 0.770478 0.215529
vt 0.768356 0.215197
vt 0.769896 0.209854
vt 0.773774 0.211559
vt 0.775012 0.219795
vt 0.99076 0.563135
vt 0.983069 0.546837
vt 0.783525 0.220342
vt 0.377895 0.660386
vt 0.448999 0.315383
vt 0.443582 0.317067
vt 0.445358 0.306395
vt 0.769059 0.204798
vt 0.76747 0.210551
vt 0.766512 0.208256
vt 0.889501 0.513136
vt 0.885762 0.511646
vt 0.369703 0.66323
vt 0.430951 0.311805
vt 0.428968 0.31577
vt 0.422338 0.313461
vt 0.434115 0.30269
vt 0.448717 0.310395
vt 0.874142 0.604186
vt 0.419722 0.301786
vt 0.775913 0.203641
vt 0.79308 0.219295
vt 0.871393 0.6038
vt 0.881091 0.509684
vt 0.881989 0.505935
vt 0.971826 0.54211
vt 0.993643 0.557444
vt 0.773293 0.200792
vt 0.991734 0.547472
vt 0.363103 0.667034
vt 0.362715 0.672628
vt 0.44856 0.30518
vt 0.771774 0.198719
vt 0.785523 0.204913
vt 0.898474 0.052667
vt 0.891891 0.057627
vt 0.885636 0.044412
vt 0.266833 0.967918
vt 0.262307 0.971399
vt 0.412612 0.3095
vt 0.892819 0.041277
vt 0.779146 0.191994
vt 0.781724 0.197984
vt 0.799134 0.216283
vt 0.258819 0.97191
vt 0.446468 0.293081
vt 0.775889 0.192817
vt 0.90303 0.044026
vt 0.804684 0.845679
vt 0.450032 0.297229
vt 0.789672 0.202793
vt 0.906377 0.058144
vt 0.905055 0.054631
vt 0.783912 0.190935
vt 0.896619 0.036151
vt 0.452555 0.293015
vt 0.778735 0.188836
vt 0.901278 0.039219
vt 0.905711 0.048014
vt 0.796213 0.199569
vt 0.476172 0.330133
vt 0.482801 0.334673
vt 0.476717 0.332392
vt 0.48899 0.338112
vt 0.48468 0.337752
vt 0.48695 0.331363
vt 0.496374 0.34502
vt 0.490975 0.342327
vt 0.90747 0.054948
vt 0.797073 0.854398
vt 0.804507 0.858276
vt 0.797157 0.858985
vt 0.494818 0.333143
vt 0.434705 0.637455
vt 0.436058 0.646735
vt 0.428789 0.639571
vt 0.443492 0.640686
vt 0.794158 0.858142
vt 0.193275 0.966783
vt 0.165542 0.979859
vt 0.503371 0.346621
vt 0.499115 0.346492
vt 0.504839 0.339774
vt 0.440523 0.6363
vt 0.167451 0.953476
vt 0.810534 0.203569
vt 0.80674 0.210171
vt 0.80471 0.196277
vt 0.49199 0.322603
vt 0.511597 0.347987
vt 0.777581 0.851022
vt 0.521276 0.34695
vt 0.511535 0.334817
vt 0.506224 0.325114
vt 0.135836 0.96562
vt 0.138345 0.968199
vt 0.129291 0.972167
vt 0.804478 0.1904
vt 0.799333 0.188654
vt 0.472548 0.29115
vt 0.471397 0.294006
vt 0.47064 0.292724
vt 0.810626 0.196541
vt 0.809233 0.195187
vt 0.475369 0.300919
vt 0.472459 0.298305
vt 0.47674 0.295083
vt 0.498858 0.315218
vt 0.465086 0.277088
vt 0.457649 0.277909
vt 0.463359 0.269228
vt 0.474868 0.285282
vt 0.477707 0.282991
vt 0.484098 0.283621
vt 0.471269 0.269559
vt 0.47136 0.273522
vt 0.490276 0.2898
vt 0.540387 0.341003
vt 0.52466 0.342643
vt 0.523214 0.329151
vt 0.532003 0.326659
vt 0.47176 0.262445
vt 0.49344 0.27602
vt 0.481191 0.278359
vt 0.488358 0.265594
vt 0.500397 0.280822
vt 0.528328 0.3068
vt 0.517056 0.317868
vt 0.506762 0.307375
vt 0.501946 0.265701
vt 0.541153 0.314091
vt 0.505027 0.272722
vt 0.40315 0.2375
vt 0.412832 0.228095
vt 0.418488 0.24477
vt 0.529149 0.297101
vt 0.51515 0.298048
vt 0.47979 0.23252
vt 0.476236 0.244084
vt 0.460454 0.244711
vt 0.252216 0.907778
vt 0.54353 0.304863
vt 0.403128 0.22511
vt 0.511611 0.256827
vt 0.500821 0.259986
vt 0.255736 0.889319
vt 0.401228 0.233387
vt 0.555197 0.31701
vt 0.579914 0.312718
vt 0.599417 0.321793
vt 0.578687 0.321653
vt 0.456473 0.226271
vt 0.554643 0.301844
vt 0.499219 0.236936
vt 0.513855 0.245942
vt 0.498731 0.254394
vt 0.516054 0.267708
vt 0.259884 0.874171
vt 0.270018 0.889874
vt 0.272453 0.878798
vt 0.421839 0.214328
vt 0.428914 0.229398
vt 0.544704 0.290682
vt 0.585501 0.304655
vt 0.407621 0.215974
vt 0.560202 0.290665
vt 0.271682 0.870248
vt 0.272435 0.875933
vt 0.516374 0.230056
vt 0.261075 0.862823
vt 0.268304 0.866569
vt 0.53061 0.24724
vt 0.517104 0.250379
vt 0.239013 0.864062
vt 0.414341 0.205043
vt 0.533865 0.253455
vt 0.533827 0.25777
vt 0.520531 0.256219
vt 0.427299 0.206656
vt 0.535863 0.229926
vt 0.242691 0.855432
vt 0.430372 0.198572
vt 0.423318 0.198945
vt 0.441384 0.200366
vt 0.201324 0.862906
vt 0.19395 0.860358
vt 0.145153 0.418385
vt 0.141499 0.41902
vt 0.137262 0.417541
vt 0.414962 0.197962
vt 0.417726 0.198253
vt 0.408732 0.202003
vt 0.467125 0.01565
vt 0.462306 0.012542
vt 0.87541 0.7301
vt 0.873224 0.743996
vt 0.874883 0.741336
vt 0.852146 0.749129
vt 0.443724 0.018845
vt 0.478185 0.016209
vt 0.47147 0.010115
vt 0.469022 0.02374
vt 0.883763 0.737085
vt 0.478616 0.00968802
vt 0.463165 0.030278
vt 0.886891 0.718958
vt 0.487398 0.00668299
vt 0.479173 0.026792
vt 0.492137 0.00961798
vt 0.487991 0.019818
vt 0.884763 0.709355
vt 0.897011 0.725843
vt 0.892805 0.735094
vt 0.895373 0.735205
vt 0.882936 0.703378
vt 0.902821 0.732726
vt 0.89797 0.732976
vt 0.901553 0.712389
vt 0.498107 0.00636399
vt 0.869472 0.696628
vt 0.881186 0.695692
vt 0.873493 0.690853
vt 0.899401 0.704727
vt 0.913825 0.73482
vt 0.883012 0.689273
vt 0.925975 0.719826
vt 0.876335 0.686853
vt 0.884801 0.685863
vt 0.891106 0.691484
vt 0.896168 0.696068
vt 0.883032 0.684646
vt 0.906326 0.697136
vt 0.920434 0.710005
vt 0.470572 0.744608
vt 0.465867 0.746651
vt 0.472047 0.747604
vt 0.470621 0.74096
vt 0.892239 0.687001
vt 0.47475 0.748278
vt 0.46917 0.734462
vt 0.89108 0.684154
vt 0.922348 0.699578
vt 0.481861 0.747816
vt 0.934367 0.711985
vt 0.895356 0.685517
vt 0.939887 0.72242
vt 0.487179 0.749831
vt 0.912703 0.691312
vt 0.948499 0.738266
vt 0.530393 0.023021
vt 0.911594 0.686635
vt 0.925481 0.693719
vt 0.470193 0.091158
vt 0.478075 0.082026
vt 0.480407 0.101635
vt 0.913332 0.686526
vt 0.915411 0.688064
vt 0.92142 0.690495
vt 0.94509 0.71203
vt 0.947037 0.750633
vt 0.496924 0.087287
vt 0.506112 0.75303
vt 0.503401 0.752569
vt 0.505419 0.749812
vt 0.918113 0.687909
vt 0.942376 0.701583
vt 0.950841 0.720237
vt 0.544963 0.031049
vt 0.925373 0.688544
vt 0.92118 0.688844
vt 0.500371 0.100144
vt 0.928411 0.690298
vt 0.933903 0.691338
vt 0.938752 0.695855
vt 0.931773 0.690752
vt 0.930988 0.689762
vt 0.958363 0.715784
vt 0.522409 0.759534
vt 0.520528 0.758589
vt 0.521186 0.75664
vt 0.965397 0.727677
vt 0.545522 0.057215
vt 0.515255 0.084277
vt 0.93965 0.690722
vt 0.958532 0.750038
vt 0.96059 0.744052
vt 0.951779 0.750181
vt 0.555762 0.03356
vt 0.944006 0.694164
vt 0.558327 0.043015
vt 0.552928 0.0646
vt 0.537691 0.071987
vt 0.539884 0.085073
vt 0.527493 0.076122
vt 0.942603 0.691282
vt 0.557249 0.051896
vt 0.526947 0.094517
vt 0.515501 0.105959
vt 0.951438 0.696873
vt 0.956578 0.699853
vt 0.944587 0.692956
vt 0.967521 0.720525
vt 0.96683 0.742489
vt 0.963032 0.750979
vt 0.533868 0.764153
vt 0.530837 0.761937
vt 0.534314 0.76173
vt 0.950199 0.693582
vt 0.962444 0.707819
vt 0.558214 0.075037
vt 0.539244 0.764501
vt 0.539174 0.767415
vt 0.965433 0.713101
vt 0.967659 0.716727
vt 0.965295 0.750595
vt 0.561752 0.035773
vt 0.541144 0.766972
vt 0.570108 0.045674
vt 0.547198 0.098323
vt 0.970428 0.730245
vt 0.564416 0.033429
vt 0.564625 0.055304
vt 0.528342 0.110835
vt 0.957351 0.697152
vt 0.571157 0.037311
vt 0.546318 0.768861
vt 0.956606 0.69435
vt 0.962136 0.70284
vt 0.955595 0.69252
vt 0.95209 0.692146
vt 0.777369 0.249484
vt 0.774767 0.25206
vt 0.774776 0.249566
vt 0.960687 0.700402
vt 0.775492 0.268118
vt 0.768773 0.267403
vt 0.771637 0.262715
vt 0.767791 0.270984
vt 0.973349 0.725758
vt 0.978335 0.745614
vt 0.561208 0.086777
vt 0.548565 0.772443
vt 0.546563 0.771029
vt 0.781135 0.251943
vt 0.778881 0.254911
vt 0.774776 0.254803
vt 0.776475 0.259467
vt 0.772492 0.277065
vt 0.767127 0.274509
vt 0.972511 0.747889
vt 0.551327 0.771408
vt 0.549406 0.771493
vt 0.575666 0.061698
vt 0.54329 0.119449
vt 0.781953 0.257051
vt 0.784956 0.260001
vt 0.578132 0.046385
vt 0.577486 0.040552
vt 0.5708 0.073212
vt 0.559367 0.103023
vt 0.783651 0.248696
vt 0.778354 0.246975
vt 0.789126 0.252688
vt 0.782188 0.246617
vt 0.557298 0.77448
vt 0.555913 0.775191
vt 0.555244 0.772906
vt 0.570677 0.091244
vt 0.788603 0.25032
vt 0.787917 0.254931
vt 0.581642 0.067628
vt 0.578912 0.080059
vt 0.795938 0.255737
vt 0.793648 0.259374
vt 0.79627 0.25261
vt 0.579746 0.0914
vt 0.661778 0.41484
vt 0.661518 0.405496
vt 0.669183 0.409732
vt 0.77377 0.951488
vt 0.767004 0.954523
vt 0.766655 0.953384
vt 0.790999 0.271324
vt 0.802258 0.25913
vt 0.774401 0.952809
vt 0.769424 0.954009
vt 0.805441 0.274182
vt 0.810935 0.266131
vt 0.80983 0.260491
vt 0.785787 0.949106
vt 0.783708 0.951874
vt 0.823118 0.270504
vt 0.809168 0.282504
vt 0.820356 0.275874
vt 0.81677 0.317194
vt 0.800924 0.320165
vt 0.808575 0.305076
vt 0.809016 0.325262
vt 0.820958 0.298573
vt 0.814495 0.325742
vt 0.83452 0.27306
vt 0.825743 0.283353
vt 0.704057 0.376218
vt 0.695032 0.380375
vt 0.697926 0.375923
vt 0.825331 0.318224
vt 0.818457 0.325198
vt 0.834713 0.303374
vt 0.831284 0.295496
vt 0.834853 0.316866
vt 0.631613 0.699288
vt 0.624934 0.713815
vt 0.615784 0.691734
vt 0.841449 0.290037
vt 0.83458 0.283591
vt 0.848752 0.348633
vt 0.851061 0.35187
vt 0.847367 0.349934
vt 0.850399 0.346583
vt 0.852172 0.348983
vt 0.577523 0.646687
vt 0.577269 0.651499
vt 0.576825 0.648642
vt 0.990934 0.448601
vt 0.993149 0.452687
vt 0.990911 0.453008
vt 0.99281 0.45064
vt 0.982104 0.455168
vt 0.988817 0.453454
vt 0.985225 0.456545
vt 0.988658 0.44581
vt 0.580719 0.640614
vt 0.57884 0.645017
vt 0.576938 0.641396
vt 0.978917 0.450046
vt 0.986349 0.44564
vt 0.989581 0.445324
vt 0.639586 0.677327
vt 0.590686 0.681912
vt 0.51229 0.637266
vt 0.49656 0.637969
vt 0.50032 0.635559
vt 0.502217 0.643783
vt 0.577987 0.63762
vt 0.58079 0.636795
vt 0.586803 0.354325
vt 0.586713 0.357806
vt 0.574381 0.355355
vt 0.582347 0.359083
vt 0.98698 0.442383
vt 0.629035 0.669129
vt 0.977633 0.446694
vt 0.988026 0.442509
vt 0.5739 0.348364
vt 0.538585 0.638991
vt 0.546024 0.635681
vt 0.538901 0.645868
vt 0.556003 0.345046
vt 0.565365 0.356089
vt 0.55958 0.355215
vt 0.514746 0.634017
vt 0.509771 0.634174
vt 0.518909 0.634062
vt 0.524718 0.636831
vt 0.538062 0.635677
vt 0.984203 0.438552
vt 0.986243 0.437918
vt 0.647132 0.309168
vt 0.649566 0.314566
vt 0.647807 0.31352
vt 0.648293 0.306285
vt 0.652155 0.312903
vt 0.64596 0.688744
vt 0.579921 0.343434
vt 0.600416 0.35706
vt 0.611948 0.353847
vt 0.603119 0.359588
vt 0.616937 0.358436
vt 0.623647 0.352143
vt 0.969905 0.450876
vt 0.969016 0.457499
vt 0.963646 0.454973
vt 0.540013 0.346078
vt 0.596755 0.348714
vt 0.62457 0.355833
vt 0.970797 0.440322
vt 0.558265 0.336122
vt 0.63091 0.353915
vt 0.553186 0.634071
vt 0.556583 0.635268
vt 0.967962 0.449354
vt 0.644921 0.300711
vt 0.631275 0.348526
vt 0.982833 0.434742
vt 0.649146 0.296013
vt 0.63622 0.352648
vt 0.961058 0.448889
vt 0.963746 0.44509
vt 0.644662 0.304672
vt 0.658213 0.310137
vt 0.596576 0.336023
vt 0.582667 0.33576
vt 0.610082 0.340689
vt 0.622332 0.340086
vt 0.63774 0.348996
vt 0.958828 0.454652
vt 0.979715 0.430418
vt 0.641983 0.30022
vt 0.66987 0.295881
vt 0.541597 0.325145
vt 0.635986 0.340512
vt 0.951383 0.458789
vt 0.956443 0.459891
vt 0.950817 0.464026
vt 0.961404 0.457804
vt 0.981861 0.430188
vt 0.643075 0.351947
vt 0.641011 0.353053
vt 0.955849 0.451431
vt 0.667267 0.28694
vt 0.640127 0.665636
vt 0.638203 0.659634
vt 0.562045 0.326706
vt 0.637966 0.307607
vt 0.637386 0.311761
vt 0.634149 0.3122
vt 0.639574 0.294839
vt 0.640551 0.298683
vt 0.653394 0.678207
vt 0.64661 0.348092
vt 0.569988 0.634049
vt 0.56735 0.636365
vt 0.568636 0.633473
vt 0.572098 0.640045
vt 0.950709 0.471822
vt 0.950004 0.476974
vt 0.946263 0.472851
vt 0.95849 0.44391
vt 0.63566 0.304415
vt 0.639642 0.290593
vt 0.629784 0.642868
vt 0.628218 0.65279
vt 0.621387 0.64365
vt 0.639902 0.649746
vt 0.624596 0.333809
vt 0.644204 0.341826
vt 0.946887 0.468751
vt 0.947299 0.464285
vt 0.947773 0.461169
vt 0.951266 0.453469
vt 0.345886 0.335853
vt 0.350218 0.329654
vt 0.351368 0.334137
vt 0.956884 0.445311
vt 0.96058 0.443607
vt 0.968634 0.435193
vt 0.966675 0.439286
vt 0.965988 0.435333
vt 0.979995 0.4258
vt 0.978405 0.425954
vt 0.980828 0.427654
vt 0.701743 0.311639
vt 0.694826 0.314239
vt 0.692806 0.308782
vt 0.635943 0.641845
vt 0.637512 0.334386
vt 0.648463 0.346452
vt 0.642784 0.330889
vt 0.645978 0.333311
vt 0.647035 0.338124
vt 0.347001 0.332684
vt 0.627742 0.309028
vt 0.650584 0.281327
vt 0.69896 0.301192
vt 0.647597 0.662959
vt 0.611304 0.329568
vt 0.649177 0.341471
vt 0.690599 0.303429
vt 0.676219 0.30508
vt 0.662571 0.672291
vt 0.628476 0.326778
vt 0.629092 0.298768
vt 0.63058 0.29595
vt 0.967598 0.427959
vt 0.634661 0.326609
vt 0.34507 0.340904
vt 0.345017 0.338091
vt 0.631018 0.312666
vt 0.977786 0.422173
vt 0.69243 0.28612
vt 0.646768 0.649525
vt 0.658876 0.661541
vt 0.680263 0.709276
vt 0.666205 0.718035
vt 0.666821 0.699568
vt 0.347299 0.342346
vt 0.627959 0.312044
vt 0.633974 0.284173
vt 0.636525 0.292255
vt 0.707767 0.304674
vt 0.706542 0.307788
vt 0.671642 0.67922
vt 0.630796 0.283969
vt 0.614002 0.321434
vt 0.62109 0.306226
vt 0.618802 0.291182
vt 0.970793 0.423654
vt 0.977092 0.420051
vt 0.637144 0.63936
vt 0.63428 0.638118
vt 0.641408 0.641072
vt 0.656337 0.648984
vt 0.60176 0.310071
vt 0.623313 0.28777
vt 0.628609 0.291502
vt 0.621767 0.275648
vt 0.708604 0.291919
vt 0.613269 0.314043
vt 0.975449 0.418841
vt 0.641142 0.259755
vt 0.645073 0.640073
vt 0.649956 0.639646
vt 0.971716 0.420276
vt 0.970238 0.421486
vt 0.62642 0.273019
vt 0.656333 0.262573
vt 0.669882 0.664318
vt 0.705029 0.276743
vt 0.71308 0.306374
vt 0.681176 0.694629
vt 0.68829 0.714375
vt 0.683067 0.726097
vt 0.717707 0.303749
vt 0.693801 0.724981
vt 0.685184 0.732177
vt 0.614189 0.279983
vt 0.622211 0.28434
vt 0.620195 0.279099
vt 0.624682 0.283725
vt 0.607494 0.297924
vt 0.605522 0.289341
vt 0.722561 0.300168
vt 0.669443 0.653311
vt 0.66204 0.645968
vt 0.68236 0.67666
vt 0.681869 0.685165
vt 0.692404 0.718649
vt 0.542105 0.283459
vt 0.574851 0.297897
vt 0.586614 0.292729
vt 0.734093 0.302617
vt 0.728684 0.304929
vt 0.682156 0.664099
vt 0.701869 0.744892
vt 0.613402 0.272506
vt 0.735131 0.294799
vt 0.699499 0.722155
vt 0.563857 0.286224
vt 0.604801 0.281099
vt 0.612252 0.267162
vt 0.627858 0.247743
vt 0.713564 0.272249
vt 0.727503 0.285219
vt 0.692595 0.698204
vt 0.691954 0.705577
vt 0.574573 0.290916
vt 0.740802 0.307166
vt 0.738715 0.308073
vt 0.743324 0.304182
vt 0.701249 0.717527
vt 0.698436 0.691779
vt 0.557969 0.268605
vt 0.543948 0.268631
vt 0.645696 0.244295
vt 0.661788 0.247238
vt 0.672156 0.24461
vt 0.681685 0.264783
vt 0.672134 0.650231
vt 0.711451 0.757495
vt 0.705265 0.734617
vt 0.578744 0.276541
vt 0.597505 0.294982
vt 0.598701 0.272213
vt 0.612002 0.274397
vt 0.692113 0.255675
vt 0.591883 0.283363
vt 0.594797 0.277173
vt 0.679898 0.65322
vt 0.544082 0.250952
vt 0.531945 0.2494
vt 0.60253 0.262053
vt 0.739644 0.284861
vt 0.747819 0.297955
vt 0.695008 0.679447
vt 0.707806 0.720917
vt 0.539213 0.247545
vt 0.547161 0.263257
vt 0.599804 0.269118
vt 0.675469 0.649262
vt 0.704744 0.699805
vt 0.716021 0.743905
vt 0.720524 0.769308
vt 0.530851 0.211285
vt 0.727916 0.266387
vt 0.686051 0.657725
vt 0.610592 0.234123
vt 0.69933 0.246998
vt 0.692778 0.668562
vt 0.713115 0.713771
vt 0.55219 0.248292
vt 0.549892 0.250778
vt 0.589 0.263186
vt 0.650098 0.2312
vt 0.666011 0.225335
vt 0.686444 0.228039
vt 0.753787 0.293416
vt 0.750863 0.304254
vt 0.689484 0.662323
vt 0.633301 0.233009
vt 0.752009 0.284816
vt 0.709343 0.70477
vt 0.706749 0.698202
vt 0.574141 0.264303
vt 0.721128 0.737505
vt 0.718322 0.729195
vt 0.719499 0.731072
vt 0.715534 0.720615
vt 0.558337 0.230601
vt 0.747328 0.277967
vt 0.025695 0.524237
vt 0.014412 0.523882
vt 0.012325 0.512112
vt 0.551339 0.213915
vt 0.721254 0.794136
vt 0.715343 0.786975
vt 0.721684 0.783377
vt 0.558866 0.253862
vt 0.566185 0.252832
vt 0.578622 0.254455
vt 0.590096 0.256944
vt 0.587365 0.26045
vt 0.59234 0.235278
vt 0.620375 0.218766
vt 0.71591 0.799356
vt 0.562662 0.24915
vt 0.643072 0.220057
vt 0.06258 0.567085
vt 0.054368 0.57185
vt 0.049229 0.565133
vt 0.719961 0.798361
vt 0.568623 0.257158
vt 0.734629 0.255561
vt 0.740581 0.263004
vt 0.518815 0.599814
vt 0.515783 0.602253
vt 0.512151 0.599651
vt 0.519589 0.60464
vt 0.575146 0.230757
vt 0.575583 0.258498
vt 0.678018 0.211761
vt 0.748359 0.268299
vt 0.749414 0.273294
vt 0.514942 0.594811
vt 0.662747 0.204634
vt 0.013325 0.473284
vt 0.005331 0.484125
vt 0.004159 0.478434
vt 0.010029 0.487759
vt 0.586015 0.219811
vt 0.599067 0.213124
vt 0.006198 0.469923
vt 0.639137 0.203477
vt 0.106934 0.585415
vt 0.105636 0.598542
vt 0.089349 0.580837
vt 0.029644 0.481197
vt 0.019551 0.493178
vt 0.640677 0.193879
vt 0.02059 0.45375
vt 0.008326 0.461218
vt 0.032459 0.463857
vt 0.701552 0.206348
vt 0.70818 0.218871
vt 0.696978 0.212981
vt 0.692023 0.201322
vt 0.688757 0.201763
vt 0.720055 0.220303
vt 0.730015 0.224261
vt 0.727663 0.232274
vt 0.037802 0.458159
vt 0.095401 0.549325
vt 0.089742 0.564013
vt 0.08312 0.53475
vt 0.0446 0.469753
vt 0.054672 0.491447
vt 0.702039 0.203281
vt 0.698529 0.201998
vt 0.030081 0.447214
vt 0.030025 0.437532
vt 0.060481 0.467858
vt 0.186088 0.611154
vt 0.171214 0.624424
vt 0.165027 0.619819
vt 0.018032 0.445441
vt 0.04069 0.442565
vt 0.021521 0.435413
vt 0.179692 0.623761
vt 0.186458 0.619204
vt 0.055913 0.452487
vt 0.38261 0.245442
vt 0.377824 0.264555
vt 0.373672 0.270217
vt 0.036197 0.432915
vt 0.043503 0.430956
vt 0.060103 0.438567
vt 0.075126 0.458407
vt 0.040234 0.430208
vt 0.049803 0.435226
vt 0.375246 0.246401
vt 0.383334 0.238047
vt 0.372495 0.262146
vt 0.049797 0.428538
vt 0.044791 0.428586
vt 0.379874 0.225908
vt 0.38382 0.223074
vt 0.072253 0.480726
vt 0.074182 0.441406
vt 0.054129 0.428254
vt 0.093334 0.472811
vt 0.061892 0.427023
vt 0.076265 0.433033
vt 0.070946 0.427585
vt 0.097214 0.454574
vt 0.109114 0.481687
vt 0.087816 0.497275
vt 0.086744 0.444701
vt 0.102641 0.46828
vt 0.105191 0.497769
vt 0.093347 0.434825
vt 0.38621 0.164304
vt 0.388105 0.170797
vt 0.386672 0.17833
vt 0.381113 0.175227
vt 0.387172 0.193218
vt 0.382591 0.20175
vt 0.085348 0.428024
vt 0.112828 0.455276
vt 0.099054 0.4298
vt 0.128879 0.472128
vt 0.374293 0.179571
vt 0.374122 0.168993
vt 0.111479 0.437514
vt 0.375189 0.148204
vt 0.124007 0.486796
vt 0.383663 0.148926
vt 0.106752 0.428542
vt 0.129396 0.44803
vt 0.368211 0.162624
vt 0.148258 0.461375
vt 0.127882 0.435935
vt 0.11905 0.43171
vt 0.113631 0.429193
vt 0.146208 0.482985
vt 0.166904 0.491455
vt 0.368038 0.128015
vt 0.376396 0.125274
vt 0.377969 0.135157
vt 0.135006 0.43067
vt 0.174346 0.468317
vt 0.182279 0.486519
vt 0.142646 0.438697
vt 0.144605 0.430238
vt 0.158133 0.430766
vt 0.1602 0.435342
vt 0.819448 0.26488
vt 0.97693 0.736721
vt 0.974511 0.731676
vt 0.772483 0.28311
vt 0.767311 0.282458
vt 0.784452 0.27582
vt 0.768695 0.30845
vt 0.767713 0.299461
vt 0.771011 0.296623
vt 0.582425 0.05936
vt 0.581772 0.049981
vt 0.779839 0.286104
vt 0.773118 0.311545
vt 0.777702 0.303727
vt 0.78291 0.328382
vt 0.773368 0.330216
vt 0.77268 0.320222
vt 0.782965 0.294355
vt 0.772165 0.319326
vt 0.784288 0.318298
vt 0.582973 0.077391
vt 0.777558 0.336163
vt 0.793486 0.280243
vt 0.786837 0.307006
vt 0.782246 0.334179
vt 0.665621 0.402536
vt 0.796822 0.292627
vt 0.785227 0.332637
vt 0.79388 0.307859
vt 0.790809 0.326851
vt 0.67342 0.388339
vt 0.669075 0.398002
vt 0.670523 0.391163
vt 0.795834 0.326545
vt 0.695011 0.46883
vt 0.685215 0.460023
vt 0.693697 0.451628
vt 0.695913 0.483462
vt 0.703377 0.480517
vt 0.699604 0.491032
vt 0.815545 0.289704
vt 0.68381 0.444061
vt 0.697902 0.43694
vt 0.710322 0.496469
vt 0.705495 0.463086
vt 0.717411 0.479747
vt 0.715155 0.444514
vt 0.713592 0.416956
vt 0.692449 0.422687
vt 0.694021 0.410311
vt 0.70936 0.432705
vt 0.720447 0.456727
vt 0.697481 0.394123
vt 0.707236 0.394582
vt 0.724575 0.43646
vt 0.735121 0.467243
vt 0.731075 0.478232
vt 0.716835 0.40159
vt 0.726112 0.391928
vt 0.715673 0.382591
vt 0.728245 0.409128
vt 0.730223 0.425511
vt 0.737975 0.452075
vt 0.744292 0.432
vt 0.745184 0.441315
vt 0.743789 0.417464
vt 0.73955 0.400128
vt 0.959847 0.464368
vt 0.968028 0.460424
vt 0.966933 0.464788
vt 0.955621 0.465036
vt 0.961391 0.471041
vt 0.740572 0.385099
vt 0.759403 0.449556
vt 0.952819 0.46868
vt 0.757687 0.430027
vt 0.881694 0.281019
vt 0.869141 0.273135
vt 0.877529 0.267961
vt 0.954257 0.475582
vt 0.754894 0.386109
vt 0.864393 0.28742
vt 0.891715 0.263071
vt 0.881714 0.260363
vt 0.887688 0.254452
vt 0.754433 0.402646
vt 0.881657 0.292347
vt 0.761541 0.413972
vt 0.893752 0.269709
vt 0.764943 0.395822
vt 0.770141 0.434982
vt 0.895353 0.255286
vt 0.89769 0.265964
vt 0.767394 0.381331
vt 0.895018 0.291683
vt 0.774521 0.424404
vt 0.904125 0.259246
vt 0.904123 0.276996
vt 0.782738 0.382998
vt 0.772697 0.372642
vt 0.78011 0.409942
vt 0.910927 0.285031
vt 0.779983 0.374182
vt 0.894821 0.320722
vt 0.887351 0.320246
vt 0.896112 0.313045
vt 0.787698 0.42018
vt 0.79116 0.374528
vt 0.782015 0.374759
vt 0.622791 0.028848
vt 0.612667 0.041111
vt 0.6154 0.028814
vt 0.911595 0.296989
vt 0.905282 0.315957
vt 0.908363 0.307445
vt 0.621484 0.040546
vt 0.79021 0.40487
vt 0.631841 0.027361
vt 0.624744 0.023849
vt 0.632476 0.021623
vt 0.497897 0.419248
vt 0.486521 0.419324
vt 0.494757 0.405506
vt 0.79761 0.416619
vt 0.486102 0.407788
vt 0.499269 0.387114
vt 0.494429 0.38348
vt 0.500555 0.3803
vt 0.800503 0.407657
vt 0.795913 0.394207
vt 0.488686 0.39355
vt 0.497036 0.429912
vt 0.606764 0.073248
vt 0.594755 0.065683
vt 0.602017 0.057716
vt 0.596014 0.07712
vt 0.702939 0.688887
vt 0.035442 0.550604
vt 0.028215 0.5462
vt 0.030912 0.539547
vt 0.703759 0.692548
vt 0.041517 0.557389
vt 0.036535 0.555796
vt 0.512429 0.378616
vt 0.507126 0.378618
vt 0.020506 0.533041
vt 0.023219 0.538541
vt 0.722721 0.761479
vt 0.722873 0.745285
vt 0.605507 0.079584
vt 0.507139 0.390476
vt 0.040705 0.541048
vt 0.067972 0.581141
vt 0.058911 0.578408
vt 0.078532 0.585425
vt 0.06925 0.588098
vt 0.077451 0.596056
vt 0.090159 0.591802
vt 0.105406 0.607909
vt 0.090924 0.605279
vt 0.52796 0.605802
vt 0.531041 0.597972
vt 0.099777 0.612682
vt 0.052277 0.541784
vt 0.067783 0.560607
vt 0.045532 0.526367
vt 0.120034 0.612331
vt 0.116965 0.619155
vt 0.034785 0.508703
vt 0.06095 0.534316
vt 0.074925 0.553721
vt 0.126008 0.603357
vt 0.053371 0.512604
vt 0.161402 0.628341
vt 0.148282 0.626559
vt 0.146664 0.615857
vt 0.070033 0.505653
vt 0.071676 0.528901
vt 0.130395 0.575089
vt 0.143495 0.599889
vt 0.134781 0.612309
vt 0.160685 0.608199
vt 0.177731 0.606634
vt 0.71086 0.20836
vt 0.705539 0.204553
vt 0.715919 0.208903
vt 0.724376 0.213937
vt 0.169138 0.586069
vt 0.380855 0.258171
vt 0.007035 0.725914
vt 0.01073 0.735785
vt 0.006471 0.734963
vt 0.382631 0.251192
vt 0.033227 0.431975
vt 0.185064 0.58677
vt 0.013083 0.720909
vt 0.029042 0.430355
vt 0.149065 0.561532
vt 0.131458 0.540885
vt 0.010615 0.714714
vt 0.023095 0.703194
vt 0.386081 0.242512
vt 0.387933 0.214449
vt 0.390087 0.21774
vt 0.388627 0.225525
vt 0.199095 0.592319
vt 0.018859 0.700722
vt 0.210833 0.585707
vt 0.203681 0.60056
vt 0.014456 0.704958
vt 0.17684 0.564122
vt 0.687487 0.558266
vt 0.679573 0.564237
vt 0.680662 0.559316
vt 0.688637 0.565937
vt 0.685642 0.573217
vt 0.678082 0.573435
vt 0.946778 0.106982
vt 0.946385 0.111886
vt 0.944389 0.115735
vt 0.680899 0.550453
vt 0.68717 0.554184
vt 0.690321 0.555198
vt 0.692069 0.563238
vt 0.691953 0.556558
vt 0.692969 0.55799
vt 0.69384 0.560312
vt 0.942241 0.299959
vt 0.941843 0.297836
vt 0.944736 0.297037
vt 0.94394 0.301847
vt 0.214385 0.549804
vt 0.198857 0.560409
vt 0.202447 0.53977
vt 0.945476 0.302347
vt 0.696177 0.56579
vt 0.69495 0.572069
vt 0.69459 0.567123
vt 0.947681 0.299099
vt 0.188833 0.513682
vt 0.170711 0.523079
vt 0.205349 0.514206
vt 0.193345 0.498036
vt 0.369737 0.113504
vt 0.212238 0.494557
vt 0.216061 0.482458
vt 0.228774 0.497286
vt 0.234042 0.478276
vt 0.36189 0.10824
vt 0.355096 0.119562
vt 0.36364 0.148572
vt 0.355246 0.134509
vt 0.2102 0.46809
vt 0.356698 0.09497
vt 0.352534 0.103057
vt 0.346279 0.086718
vt 0.340874 0.093608
vt 0.195155 0.443884
vt 0.174481 0.453387
vt 0.179276 0.437784
vt 0.188456 0.457689
vt 0.325575 0.09566
vt 0.335825 0.111095
vt 0.330812 0.084318
vt 0.330981 0.074586
vt 0.718147 0.20868
vt 0.788554 0.945154
vt 0.778696 0.946675
vt 0.779122 0.952562
vt 0.790009 0.949053
vt 0.795878 0.944421
vt 0.825552 0.266576
vt 0.824381 0.264476
vt 0.803839 0.945465
vt 0.789309 0.951412
vt 0.833555 0.268165
vt 0.807353 0.939238
vt 0.798131 0.939335
vt 0.806489 0.942339
vt 0.797376 0.950683
vt 0.802441 0.950295
vt 0.83955 0.2692
vt 0.812948 0.940153
vt 0.816386 0.942924
vt 0.808378 0.948895
vt 0.818002 0.947778
vt 0.850882 0.280871
vt 0.855119 0.272582
vt 0.844411 0.267709
vt 0.821346 0.945829
vt 0.850707 0.267435
vt 0.84723 0.267726
vt 0.846986 0.303224
vt 0.825095 0.948054
vt 0.857533 0.266326
vt 0.86586 0.266461
vt 0.835904 0.946886
vt 0.829704 0.947787
vt 0.838885 0.944929
vt 0.826277 0.943093
vt 0.856152 0.292208
vt 0.872866 0.259966
vt 0.842429 0.947183
vt 0.728998 0.38068
vt 0.734188 0.372993
vt 0.847863 0.946863
vt 0.860546 0.304117
vt 0.750551 0.378111
vt 0.743961 0.371742
vt 0.872605 0.323742
vt 0.868274 0.326891
vt 0.859146 0.324109
vt 0.756882 0.372371
vt 0.764354 0.371961
vt 0.901155 0.252343
vt 0.89581 0.248046
vt 0.90855 0.265818
vt 0.907784 0.270835
vt 0.783731 0.393472
vt 0.908862 0.257702
vt 0.908892 0.255127
vt 0.909168 0.262713
vt 0.605113 0.047145
vt 0.605476 0.041389
vt 0.612359 0.035479
vt 0.600172 0.046139
vt 0.598362 0.050605
vt 0.598671 0.04822
vt 0.598578 0.056442
vt 0.617266 0.050829
vt 0.687363 0.020931
vt 0.631625 0.044605
vt 0.688247 0.013246
vt 0.642716 0.026401
vt 0.619362 0.061781
vt 0.639679 0.019356
vt 0.684655 0.017732
vt 0.6386 0.04279
vt 0.684773 0.014002
vt 0.685074 0.00964898
vt 0.688934 0.00889999
vt 0.645202 0.018496
vt 0.639471 0.017395
vt 0.653943 0.022612
vt 0.650921 0.031116
vt 0.645908 0.049996
vt 0.677192 0.019634
vt 0.601144 0.398384
vt 0.614163 0.387578
vt 0.608582 0.400396
vt 0.674232 0.016352
vt 0.651506 0.016947
vt 0.646711 0.015792
vt 0.615281 0.078102
vt 0.667044 0.024839
vt 0.627513 0.07133
vt 0.61542 0.382088
vt 0.667976 0.031053
vt 0.674461 0.01244
vt 0.653075 0.040294
vt 0.603914 0.382254
vt 0.656684 0.01743
vt 0.64475 0.066303
vt 0.525954 0.386081
vt 0.520336 0.378868
vt 0.67855 0.044046
vt 0.607971 0.379178
vt 0.669023 0.035934
vt 0.664373 0.020432
vt 0.696602 0.090514
vt 0.672516 0.042333
vt 0.666881 0.015874
vt 0.619858 0.087117
vt 0.522656 0.380816
vt 0.693664 0.082594
vt 0.682238 0.067215
vt 0.656863 0.045079
vt 0.640875 0.078817
vt 0.599605 0.375958
vt 0.696089 0.09032
vt 0.689145 0.088161
vt 0.659249 0.052388
vt 0.527024 0.399555
vt 0.514931 0.396279
vt 0.684074 0.082154
vt 0.670109 0.04957
vt 0.653175 0.078737
vt 0.535662 0.411267
vt 0.540641 0.423805
vt 0.521427 0.426127
vt 0.595019 0.371101
vt 0.582618 0.381173
vt 0.584758 0.369686
vt 0.54969 0.402835
vt 0.568814 0.400947
vt 0.561392 0.41806
vt 0.638909 0.100096
vt 0.630189 0.098633
vt 0.539173 0.391103
vt 0.569386 0.383956
vt 0.657151 0.093722
vt 0.549239 0.39031
vt 0.007564 0.757422
vt 0.010539 0.768354
vt 0.005907 0.761612
vt 0.179264 0.699821
vt 0.171528 0.714195
vt 0.17023 0.703864
vt 0.181613 0.717137
vt 0.113132 0.570555
vt 0.070628 0.685144
vt 0.088324 0.687458
vt 0.074952 0.693846
vt 0.115459 0.695211
vt 0.133893 0.694955
vt 0.120636 0.703869
vt 0.160049 0.692338
vt 0.156705 0.705491
vt 0.083418 0.671917
vt 0.132783 0.682072
vt 0.150763 0.682016
vt 0.068305 0.676955
vt 0.181588 0.689865
vt 0.190828 0.69389
vt 0.103755 0.692174
vt 0.12592 0.676205
vt 0.172076 0.685169
vt 0.158693 0.677406
vt 0.138892 0.6729
vt 0.60326 0.549867
vt 0.610028 0.550256
vt 0.596331 0.553935
vt 0.114608 0.662678
vt 0.105443 0.676626
vt 0.187061 0.679324
vt 0.186625 0.686333
vt 0.182733 0.678021
vt 0.134747 0.661078
vt 0.14936 0.66252
vt 0.175606 0.672083
vt 0.168899 0.670544
vt 0.172013 0.6684
vt 0.664944 0.549947
vt 0.662774 0.549694
vt 0.663118 0.548196
vt 0.058677 0.656048
vt 0.065718 0.66357
vt 0.039789 0.674835
vt 0.66683 0.543413
vt 0.664516 0.544608
vt 0.669422 0.546495
vt 0.046654 0.662034
vt 0.652491 0.888954
vt 0.646424 0.876025
vt 0.053986 0.656555
vt 0.673967 0.543658
vt 0.67094 0.543566
vt 0.051586 0.656573
vt 0.048593 0.657716
vt 0.378785 0.911025
vt 0.378311 0.922329
vt 0.372672 0.923281
vt 0.93082 0.278389
vt 0.926617 0.276295
vt 0.926066 0.272262
vt 0.371254 0.915035
vt 0.927727 0.265042
vt 0.926624 0.262965
vt 0.929501 0.257243
vt 0.930229 0.268755
vt 0.927367 0.269106
vt 0.676678 0.546156
vt 0.676987 0.548679
vt 0.237044 0.540067
vt 0.246347 0.548709
vt 0.229907 0.54998
vt 0.390675 0.909178
vt 0.931868 0.256961
vt 0.246396 0.531951
vt 0.166053 0.643003
vt 0.167194 0.644965
vt 0.165093 0.644764
vt 0.932862 0.262676
vt 0.937221 0.281119
vt 0.472499 0.935084
vt 0.475308 0.935844
vt 0.473664 0.937528
vt 0.476822 0.931464
vt 0.47643 0.937385
vt 0.935881 0.284438
vt 0.932288 0.283151
vt 0.366872 0.914257
vt 0.365987 0.926488
vt 0.931158 0.252004
vt 0.939946 0.26877
vt 0.369101 0.911069
vt 0.373253 0.905719
vt 0.936108 0.25488
vt 0.237863 0.530846
vt 0.228153 0.529355
vt 0.271503 0.502939
vt 0.279341 0.507652
vt 0.275784 0.51466
vt 0.249603 0.511547
vt 0.258429 0.520281
vt 0.94525 0.253139
vt 0.942975 0.260085
vt 0.600945 0.869939
vt 0.389086 0.892463
vt 0.598155 0.884257
vt 0.214979 0.527314
vt 0.40365 0.896581
vt 0.479265 0.928702
vt 0.476346 0.923935
vt 0.480792 0.917412
vt 0.48174 0.926562
vt 0.482086 0.923294
vt 0.935293 0.245518
vt 0.934534 0.250038
vt 0.932853 0.248334
vt 0.946544 0.259079
vt 0.948093 0.293725
vt 0.946891 0.296019
vt 0.944041 0.292573
vt 0.278933 0.491244
vt 0.938637 0.246314
vt 0.619011 0.85446
vt 0.640436 0.857725
vt 0.13665 0.500279
vt 0.268442 0.519736
vt 0.25925 0.499664
vt 0.378299 0.891239
vt 0.936295 0.243188
vt 0.934813 0.243856
vt 0.954684 0.294711
vt 0.945541 0.28673
vt 0.949991 0.299024
vt 0.235267 0.506411
vt 0.948106 0.247099
vt 0.950491 0.254877
vt 0.595251 0.886814
vt 0.587923 0.885853
vt 0.486545 0.914006
vt 0.487231 0.917141
vt 0.483792 0.923145
vt 0.94087 0.239537
vt 0.954693 0.263889
vt 0.584894 0.883037
vt 0.221818 0.506267
vt 0.937488 0.238101
vt 0.935862 0.240307
vt 0.957111 0.267365
vt 0.954431 0.271848
vt 0.956006 0.289605
vt 0.951228 0.281271
vt 0.960362 0.284152
vt 0.265727 0.490037
vt 0.41519 0.879143
vt 0.490321 0.908088
vt 0.951754 0.252594
vt 0.964658 0.277083
vt 0.390404 0.878858
vt 0.462896 0.91095
vt 0.475394 0.898108
vt 0.485687 0.938514
vt 0.484094 0.934821
vt 0.488959 0.927586
vt 0.955546 0.258499
vt 0.958987 0.263767
vt 0.593184 0.853315
vt 0.419516 0.893497
vt 0.492146 0.912646
vt 0.488129 0.918003
vt 0.490146 0.916839
vt 0.939037 0.237209
vt 0.945257 0.241426
vt 0.966146 0.271862
vt 0.965839 0.284668
vt 0.607375 0.842675
vt 0.434918 0.881315
vt 0.436702 0.89672
vt 0.493236 0.91056
vt 0.105287 0.027588
vt 0.112996 0.031875
vt 0.112537 0.034365
vt 0.951003 0.244984
vt 0.948823 0.242652
vt 0.951411 0.248224
vt 0.958404 0.257867
vt 0.956373 0.256492
vt 0.568891 0.863173
vt 0.245855 0.490668
vt 0.404649 0.869071
vt 0.466643 0.889397
vt 0.110755 0.03659
vt 0.115213 0.03627
vt 0.491352 0.933115
vt 0.279061 0.476293
vt 0.28388 0.484681
vt 0.965599 0.264872
vt 0.963611 0.263517
vt 0.97036 0.276237
vt 0.96841 0.289728
vt 0.962042 0.291716
vt 0.965323 0.296035
vt 0.961239 0.297923
vt 0.551749 0.954197
vt 0.568129 0.883677
vt 0.578963 0.885187
vt 0.574245 0.885468
vt 0.259201 0.478631
vt 0.396937 0.870981
vt 0.502948 0.904236
vt 0.496211 0.910554
vt 0.110205 0.039266
vt 0.112899 0.038261
vt 0.968028 0.295349
vt 0.545285 0.962407
vt 0.558445 0.939377
vt 0.097806 0.033617
vt 0.181861 0.651759
vt 0.177811 0.655651
vt 0.17663 0.650308
vt 0.197462 0.657386
vt 0.191887 0.664024
vt 0.185638 0.659701
vt 0.226889 0.647983
vt 0.235097 0.649671
vt 0.233779 0.654183
vt 0.540947 0.971004
vt 0.559388 0.927967
vt 0.496752 0.902391
vt 0.500296 0.919552
vt 0.970233 0.267769
vt 0.973222 0.282181
vt 0.970943 0.293574
vt 0.202628 0.653127
vt 0.211019 0.659222
vt 0.219547 0.652506
vt 0.221936 0.65939
vt 0.270776 0.462382
vt 0.285907 0.472587
vt 0.285406 0.476983
vt 0.972195 0.291589
vt 0.974004 0.288331
vt 0.17872 0.645368
vt 0.531978 0.978986
vt 0.53289 0.98359
vt 0.244249 0.476053
vt 0.412204 0.862231
vt 0.423462 0.865288
vt 0.503212 0.906228
vt 0.102744 0.043638
vt 0.109837 0.041109
vt 0.087768 0.016113
vt 0.096553 0.016111
vt 0.092566 0.018839
vt 0.095313 0.012747
vt 0.093887 0.00795299
vt 0.212331 0.649353
vt 0.522327 0.983941
vt 0.163458 0.451883
vt 0.516384 0.979239
vt 0.545015 0.935034
vt 0.084608 0.010477
vt 0.189559 0.648305
vt 0.219739 0.64698
vt 0.515819 0.983538
vt 0.399126 0.859351
vt 0.393766 0.867662
vt 0.509744 0.898964
vt 0.504985 0.893445
vt 0.513641 0.900585
vt 0.097332 0.049418
vt 0.104656 0.045419
vt 0.526643 0.970001
vt 0.538313 0.959069
vt 0.588167 0.839731
vt 0.568096 0.846256
vt 0.261887 0.456741
vt 0.446712 0.866281
vt 0.282802 0.459515
vt 0.521796 0.966294
vt 0.546713 0.903769
vt 0.556009 0.901893
vt 0.558688 0.902906
vt 0.279639 0.455797
vt 0.245079 0.461903
vt 0.521923 0.890936
vt 0.517935 0.897093
vt 0.193646 0.468555
vt 0.228419 0.461453
vt 0.267802 0.444892
vt 0.459733 0.881646
vt 0.457122 0.86511
vt 0.091193 0.05674
vt 0.095772 0.053943
vt 0.087122 0.055396
vt 0.406272 0.850929
vt 0.399408 0.855524
vt 0.051719 0.064988
vt 0.048462 0.061929
vt 0.055829 0.054239
vt 0.409081 0.851364
vt 0.498991 0.945767
vt 0.501067 0.937808
vt 0.506184 0.941517
vt 0.537268 0.924683
vt 0.571651 0.833561
vt 0.524013 0.89328
vt 0.522382 0.895998
vt 0.499934 0.959329
vt 0.507905 0.963794
vt 0.507479 0.977805
vt 0.245769 0.45131
vt 0.276781 0.448349
vt 0.279943 0.452486
vt 0.442151 0.853204
vt 0.525037 0.895258
vt 0.525125 0.933548
vt 0.525318 0.926508
vt 0.550309 0.914762
vt 0.418894 0.847102
vt 0.426724 0.848081
vt 0.45297 0.855572
vt 0.082333 0.064196
vt 0.086886 0.061534
vt 0.494601 0.968517
vt 0.171734 0.434293
vt 0.257123 0.445812
vt 0.226181 0.036328
vt 0.228525 0.033995
vt 0.234124 0.035493
vt 0.414301 0.848043
vt 0.465846 0.848685
vt 0.530576 0.888491
vt 0.515756 0.93253
vt 0.520087 0.925806
vt 0.538167 0.914568
vt 0.441325 0.843449
vt 0.250336 0.039672
vt 0.269158 0.040754
vt 0.272829 0.047282
vt 0.235393 0.04404
vt 0.239925 0.037929
vt 0.530861 0.891652
vt 0.530971 0.893341
vt 0.216919 0.44951
vt 0.216917 0.036478
vt 0.169573 0.430532
vt 0.202082 0.460643
vt 0.247533 0.441381
vt 0.564856 0.8317
vt 0.244887 0.044548
vt 0.211108 0.042815
vt 0.427758 0.842168
vt 0.434379 0.84172
vt 0.456917 0.842001
vt 0.23885 0.440167
vt 0.258726 0.053616
vt 0.48247 0.848593
vt 0.179154 0.431897
vt 0.233138 0.442979
vt 0.340963 0.078314
vt 0.209044 0.054058
vt 0.189988 0.432422
vt 0.237654 0.054575
vt 0.198855 0.042973
vt 0.553556 0.8306
vt 0.200913 0.438483
vt 0.226498 0.439072
vt 0.287601 0.059651
vt 0.298768 0.0541
vt 0.191171 0.050786
vt 0.323798 0.108119
vt 0.213369 0.438618
vt 0.260978 0.062235
vt 0.192002 0.060741
vt 0.309931 0.070856
vt 0.290838 0.067791
vt 0.237486 0.068932
vt 0.17306 0.057592
vt 0.316315 0.063376
vt 0.328481 0.066141
vt 0.203763 0.068565
vt 0.267838 0.07337
vt 0.260705 0.074843
vt 0.308651 0.080624
vt 0.248324 0.075127
vt 0.311042 0.097352
vt 0.30074 0.090448
vt 0.259737 0.080005
vt 0.224845 0.073406
vt 0.289275 0.079333
vt 0.180392 0.072934
vt 0.180921 0.077139
vt 0.528673 0.920158
vt 0.432765 0.022375
vt 0.836312 0.75125
vt 0.830244 0.74924
vt 0.832985 0.751303
vt 0.424365 0.026073
vt 0.427158 0.024875
vt 0.427831 0.026437
vt 0.820927 0.749921
vt 0.418021 0.032899
vt 0.419666 0.026925
vt 0.816172 0.744889
vt 0.805683 0.734728
vt 0.413552 0.055169
vt 0.409753 0.052214
vt 0.931922 0.374205
vt 0.931637 0.366832
vt 0.934525 0.367894
vt 0.934582 0.375873
vt 0.937079 0.372221
vt 0.926777 0.372543
vt 0.92265 0.365881
vt 0.446796 0.480413
vt 0.446636 0.733688
vt 0.945174 0.376714
vt 0.939702 0.384038
vt 0.935479 0.379591
vt 0.930055 0.376265
vt 0.443092 0.726468
vt 0.895038 0.162048
vt 0.468891 0.717691
vt 0.927943 0.379522
vt 0.892809 0.170734
vt 0.433173 0.728827
vt 0.937191 0.387217
vt 0.782075 0.737278
vt 0.488382 0.722133
vt 0.484639 0.734566
vt 0.942477 0.391396
vt 0.927644 0.389564
vt 0.780856 0.74341
vt 0.917289 0.38043
vt 0.955753 0.637743
vt 0.425414 0.729628
vt 0.439301 0.714536
vt 0.77715 0.735569
vt 0.967326 0.635959
vt 0.96588 0.639681
vt 0.773224 0.744613
vt 0.778115 0.744601
vt 0.776528 0.746518
vt 0.776324 0.73172
vt 0.955811 0.631144
vt 0.422964 0.720224
vt 0.464495 0.709766
vt 0.937703 0.40256
vt 0.42206 0.726845
vt 0.770175 0.742419
vt 0.948395 0.626208
vt 0.768556 0.749581
vt 0.773626 0.733594
vt 0.774321 0.730624
vt 0.930556 0.621552
vt 0.952368 0.395957
vt 0.952353 0.408652
vt 0.927708 0.397059
vt 0.920287 0.391034
vt 0.768385 0.74632
vt 0.772277 0.738881
vt 0.77333 0.735864
vt 0.872572 0.141514
vt 0.870704 0.144025
vt 0.974115 0.63142
vt 0.417823 0.722776
vt 0.880055 0.796511
vt 0.882677 0.795291
vt 0.883341 0.797032
vt 0.926137 0.624668
vt 0.442725 0.7064
vt 0.763698 0.75024
vt 0.767708 0.74347
vt 0.869388 0.145469
vt 0.971366 0.621279
vt 0.416042 0.713682
vt 0.479237 0.71482
vt 0.481369 0.705632
vt 0.416228 0.484335
vt 0.421027 0.490081
vt 0.410282 0.489911
vt 0.422003 0.475719
vt 0.421509 0.478897
vt 0.414951 0.478658
vt 0.883575 0.194242
vt 0.886778 0.189253
vt 0.885985 0.192987
vt 0.885059 0.184255
vt 0.880902 0.192054
vt 0.763908 0.748047
vt 0.883048 0.800447
vt 0.884313 0.803883
vt 0.882102 0.805494
vt 0.935123 0.612755
vt 0.960663 0.613588
vt 0.460624 0.693219
vt 0.498569 0.710817
vt 0.875299 0.798606
vt 0.880887 0.794295
vt 0.879692 0.795435
vt 0.914487 0.618034
vt 0.975803 0.626756
vt 0.902015 0.371225
vt 0.90074 0.367562
vt 0.904245 0.371072
vt 0.760192 0.751586
vt 0.882266 0.810489
vt 0.878376 0.810449
vt 0.876783 0.796358
vt 0.878408 0.794637
vt 0.867525 0.146486
vt 0.969647 0.615633
vt 0.452122 0.69445
vt 0.473606 0.696753
vt 0.925616 0.401923
vt 0.881252 0.813725
vt 0.879191 0.815232
vt 0.43399 0.689615
vt 0.908685 0.38304
vt 0.913551 0.384074
vt 0.916242 0.391749
vt 0.408585 0.510954
vt 0.417722 0.505386
vt 0.417583 0.517594
vt 0.758104 0.753813
vt 0.924107 0.655783
vt 0.916421 0.610084
vt 0.914932 0.614587
vt 0.425113 0.698884
vt 0.493475 0.699493
vt 0.920217 0.396306
vt 0.413555 0.524266
vt 0.421705 0.53246
vt 0.401698 0.483292
vt 0.404193 0.478347
vt 0.411326 0.4764
vt 0.881212 0.202673
vt 0.948114 0.605287
vt 0.414068 0.702454
vt 0.400804 0.706026
vt 0.401249 0.496153
vt 0.449874 0.688677
vt 0.875412 0.205316
vt 0.918947 0.605521
vt 0.968077 0.602346
vt 0.422524 0.687264
vt 0.44193 0.688792
vt 0.429215 0.685099
vt 0.840189 0.080268
vt 0.83759 0.079431
vt 0.83805 0.076484
vt 0.457077 0.689251
vt 0.464753 0.691173
vt 0.530213 0.728745
vt 0.514848 0.727669
vt 0.513718 0.722845
vt 0.410048 0.540397
vt 0.390631 0.489832
vt 0.931355 0.600653
vt 0.406041 0.693359
vt 0.509163 0.700478
vt 0.903816 0.604083
vt 0.957736 0.596899
vt 0.97301 0.61426
vt 0.396219 0.71111
vt 0.838063 0.069993
vt 0.835799 0.068411
vt 0.837657 0.061732
vt 0.840682 0.072161
vt 0.442702 0.68728
vt 0.50861 0.710815
vt 0.525543 0.715825
vt 0.392529 0.483613
vt 0.395028 0.479095
vt 0.879118 0.20617
vt 0.910614 0.644176
vt 0.899812 0.60982
vt 0.910732 0.598975
vt 0.980069 0.606816
vt 0.383864 0.493658
vt 0.389934 0.704665
vt 0.475935 0.688747
vt 0.475299 0.692488
vt 0.470648 0.689811
vt 0.490622 0.689739
vt 0.85878 0.802286
vt 0.498123 0.689868
vt 0.492881 0.694032
vt 0.855897 0.805365
vt 0.857579 0.803027
vt 0.902924 0.641702
vt 0.983383 0.599031
vt 0.856315 0.803888
vt 0.905045 0.652246
vt 0.904841 0.63859
vt 0.853265 0.808267
vt 0.898946 0.653932
vt 0.902873 0.655591
vt 0.900039 0.657975
vt 0.903145 0.65356
vt 0.899574 0.644498
vt 0.841958 0.183421
vt 0.860143 0.839605
vt 0.864433 0.840268
vt 0.850415 0.810438
vt 0.851022 0.808775
vt 0.898309 0.65703
vt 0.986824 0.591969
vt 0.861047 0.841848
vt 0.383492 0.484933
vt 0.894763 0.657608
vt 0.896359 0.659001
vt 0.369371 0.495578
vt 0.371134 0.509499
vt 0.858476 0.843612
vt 0.853772 0.839876
vt 0.369261 0.488211
vt 0.419235 0.446076
vt 0.896423 0.632455
vt 0.895508 0.645871
vt 0.900367 0.631153
vt 0.416497 0.447686
vt 0.855446 0.844567
vt 0.843519 0.038065
vt 0.838493 0.037158
vt 0.853199 0.846738
vt 0.412129 0.446721
vt 0.849725 0.846955
vt 0.835661 0.814892
vt 0.880383 0.661775
vt 0.886688 0.661613
vt 0.847201 0.033228
vt 0.850773 0.042805
vt 0.861562 0.055109
vt 0.845359 0.848479
vt 0.882067 0.663208
vt 0.88097 0.659643
vt 0.891345 0.576561
vt 0.356797 0.492165
vt 0.40923 0.447485
vt 0.846619 0.849791
vt 0.827701 0.820573
vt 0.828737 0.817979
vt 0.830691 0.815018
vt 0.833515 0.813883
vt 0.399415 0.451605
vt 0.404588 0.448047
vt 0.876624 0.662996
vt 0.401735 0.448975
vt 0.827596 0.816689
vt 0.874351 0.661093
vt 0.355684 0.498153
vt 0.833601 0.854506
vt 0.839391 0.853481
vt 0.8737 0.6645
vt 0.874524 0.063121
vt 0.397113 0.457161
vt 0.393714 0.449323
vt 0.821151 0.81884
vt 0.822642 0.816606
vt 0.871833 0.663617
vt 0.864856 0.653482
vt 0.39582 0.454882
vt 0.826 0.815475
vt 0.867929 0.662211
vt 0.860151 0.572039
vt 0.876917 0.568898
vt 0.868347 0.664998
vt 0.867903 0.02463
vt 0.819013 0.818833
vt 0.819465 0.816096
vt 0.876034 0.029061
vt 0.817456 0.816621
vt 0.862706 0.661879
vt 0.865053 0.664331
vt 0.862963 0.6651
vt 0.862393 0.018786
vt 0.885631 0.059984
vt 0.815948 0.818851
vt 0.814958 0.817005
vt 0.79165 0.225861
vt 0.785409 0.224451
vt 0.872301 0.02385
vt 0.860147 0.663495
vt 0.860905 0.665783
vt 0.856937 0.661197
vt 0.846062 0.579614
vt 0.881814 0.030191
vt 0.88897 0.101893
vt 0.880534 0.09456
vt 0.89105 0.091045
vt 0.859132 0.664912
vt 0.892528 0.108024
vt 0.88181 0.110637
vt 0.810131 0.815153
vt 0.855945 0.663903
vt 0.842413 0.586154
vt 0.799889 0.22724
vt 0.797417 0.228295
vt 0.880342 0.026296
vt 0.888711 0.03358
vt 0.813633 0.815357
vt 0.856267 0.665195
vt 0.851988 0.661393
vt 0.886093 0.029978
vt 0.332703 0.481021
vt 0.341559 0.477978
vt 0.342485 0.484523
vt 0.805159 0.812958
vt 0.806998 0.812251
vt 0.810162 0.813318
vt 0.852129 0.664146
vt 0.80642 0.223309
vt 0.802835 0.22832
vt 0.884056 0.026833
vt 0.895805 0.103266
vt 0.894748 0.111213
vt 0.887987 0.11822
vt 0.847518 0.655283
vt 0.475039 0.662044
vt 0.485984 0.663211
vt 0.479183 0.663478
vt 0.846559 0.645258
vt 0.477139 0.658535
vt 0.464614 0.659553
vt 0.801851 0.811505
vt 0.803455 0.810343
vt 0.848081 0.662435
vt 0.847639 0.659886
vt 0.438156 0.284689
vt 0.806978 0.218942
vt 0.815299 0.227334
vt 0.810986 0.229039
vt 0.892745 0.030866
vt 0.895126 0.031976
vt 0.489421 0.657846
vt 0.80024 0.810329
vt 0.845151 0.662652
vt 0.846803 0.663766
vt 0.842517 0.660497
vt 0.813415 0.220902
vt 0.815907 0.221355
vt 0.897332 0.033196
vt 0.843338 0.663427
vt 0.840372 0.661556
vt 0.837917 0.648631
vt 0.479887 0.653207
vt 0.463339 0.653515
vt 0.413367 0.287489
vt 0.839692 0.663198
vt 0.848179 0.542034
vt 0.815679 0.216309
vt 0.471484 0.322607
vt 0.472046 0.328545
vt 0.816556 0.218829
vt 0.473897 0.313545
vt 0.470625 0.31742
vt 0.814633 0.209773
vt 0.816852 0.213388
vt 0.478818 0.313259
vt 0.834704 0.544237
vt 0.453773 0.285579
vt 0.786767 0.183713
vt 0.321621 0.529171
vt 0.858326 0.537949
vt 0.245188 0.941656
vt 0.488699 0.313365
vt 0.132851 0.984777
vt 0.121652 0.981334
vt 0.816958 0.558733
vt 0.820013 0.569214
vt 0.116989 0.983575
vt 0.102964 0.98246
vt 0.145892 0.981711
vt 0.205474 0.958593
vt 0.192596 0.953587
vt 0.47168 0.309171
vt 0.401551 0.285786
vt 0.40299 0.293171
vt 0.470097 0.3054
vt 0.25808 0.94289
vt 0.323196 0.546927
vt 0.1954 0.953651
vt 0.270514 0.934728
vt 0.265181 0.951303
vt 0.831775 0.624919
vt 0.827192 0.625729
vt 0.195485 0.950137
vt 0.19307 0.953348
vt 0.788364 0.577161
vt 0.780793 0.789599
vt 0.114301 0.961135
vt 0.274587 0.926448
vt 0.275134 0.930931
vt 0.401831 0.27022
vt 0.410977 0.270434
vt 0.404642 0.278623
vt 0.742658 0.14972
vt 0.75036 0.141126
vt 0.747156 0.152716
vt 0.263688 0.925155
vt 0.445336 0.266978
vt 0.80757 0.622717
vt 0.808604 0.617832
vt 0.813742 0.620252
vt 0.804914 0.620121
vt 0.300986 0.54281
vt 0.30013 0.547702
vt 0.821202 0.627939
vt 0.816073 0.629916
vt 0.807731 0.626515
vt 0.128957 0.950364
vt 0.768725 0.785993
vt 0.814085 0.624329
vt 0.809206 0.628157
vt 0.802349 0.629757
vt 0.255794 0.919919
vt 0.308926 0.556559
vt 0.299968 0.560135
vt 0.819524 0.07177
vt 0.81878 0.076613
vt 0.806518 0.629214
vt 0.275233 0.914767
vt 0.409798 0.25512
vt 0.399673 0.26045
vt 0.442935 0.247684
vt 0.632021 0.486346
vt 0.809843 0.634081
vt 0.811716 0.632271
vt 0.810992 0.070202
vt 0.813657 0.07027
vt 0.268011 0.906125
vt 0.803819 0.630989
vt 0.801961 0.634273
vt 0.747312 0.823027
vt 0.751157 0.828072
vt 0.303059 0.429145
vt 0.307254 0.432865
vt 0.302226 0.432178
vt 0.306155 0.429164
vt 0.110207 0.939493
vt 0.301432 0.426921
vt 0.304404 0.427482
vt 0.742042 0.8182
vt 0.74334 0.815563
vt 0.799903 0.637716
vt 0.622683 0.474419
vt 0.299588 0.428318
vt 0.276196 0.906489
vt 0.739477 0.147434
vt 0.628052 0.463956
vt 0.624175 0.467666
vt 0.710293 0.161014
vt 0.716997 0.165059
vt 0.195459 0.898132
vt 0.276586 0.900889
vt 0.727761 0.117269
vt 0.730718 0.122529
vt 0.731955 0.108069
vt 0.735394 0.114819
vt 0.768178 0.541439
vt 0.77893 0.545536
vt 0.710843 0.136756
vt 0.464804 0.38118
vt 0.459639 0.390079
vt 0.463542 0.377907
vt 0.110891 0.909936
vt 0.760167 0.547614
vt 0.1245 0.89939
vt 0.109924 0.901645
vt 0.01811 0.961995
vt 0.025581 0.966958
vt 0.754081 0.543181
vt 0.128331 0.886444
vt 0.006882 0.957415
vt 0.005916 0.950513
vt 0.006488 0.944954
vt 0.009098 0.935381
vt 0.708059 0.924976
vt 0.718908 0.928008
vt 0.713335 0.93693
vt 0.705558 0.937997
vt 0.717359 0.918693
vt 0.006705 0.923893
vt 0.008819 0.912334
vt 0.710014 0.908674
vt 0.719634 0.913757
vt 0.692114 0.929348
vt 0.695549 0.911295
vt 0.704636 0.895755
vt 0.701113 0.901567
vt 0.955579 0.068371
vt 0.961186 0.058072
vt 0.967459 0.063463
vt 0.968854 0.071665
vt 0.953113 0.081928
vt 0.967836 0.076704
vt 0.965478 0.08373
vt 0.943352 0.070065
vt 0.943512 0.080326
vt 0.936303 0.08693
vt 0.949582 0.095452
vt 0.962883 0.096627
vt 0.928992 0.074927
vt 0.926349 0.085168
vt 0.940252 0.094735
vt 0.94618 0.101498
vt 0.921754 0.07626
vt 0.919513 0.067268
vt 0.919386 0.071481
vt 0.91934 0.073724
vt 0.933429 0.099448
vt 0.936611 0.105719
vt 0.925228 0.090563
vt 0.927629 0.098432
vt 0.929354 0.102936
vt 0.93499 0.110228
vt 0.940589 0.111873
vt 0.937968 0.117187
vt 0.931113 0.115242
vt 0.930054 0.112229
vt 0.247979 0.673921
vt 0.24216 0.674079
vt 0.23951 0.669854
vt 0.442126 0.056634
vt 0.435694 0.055927
vt 0.462306 0.068699
vt 0.459548 0.064197
vt 0.951724 0.367656
vt 0.956007 0.362648
vt 0.956497 0.365392
vt 0.945631 0.361728
vt 0.96231 0.367765
vt 0.465951 0.513232
vt 0.468888 0.512336
vt 0.468193 0.51557
vt 0.465536 0.506676
vt 0.469168 0.503408
vt 0.464402 0.510785
vt 0.940521 0.366667
vt 0.939506 0.362678
vt 0.922138 0.349776
vt 0.926259 0.354844
vt 0.965944 0.371625
vt 0.933954 0.361033
vt 0.467442 0.078254
vt 0.925037 0.35997
vt 0.965851 0.388126
vt 0.972393 0.381665
vt 0.920738 0.359178
vt 0.917206 0.358754
vt 0.918778 0.364756
vt 0.92168 0.372251
vt 0.402163 0.060731
vt 0.406176 0.058448
vt 0.405607 0.062643
vt 0.439582 0.47677
vt 0.972083 0.39182
vt 0.968275 0.397408
vt 0.911078 0.357206
vt 0.912949 0.360439
vt 0.441185 0.46999
vt 0.402688 0.071365
vt 0.404421 0.067283
vt 0.917697 0.372791
vt 0.903399 0.358475
vt 0.464817 0.097719
vt 0.466825 0.103513
vt 0.912752 0.371477
vt 0.90974 0.365392
vt 0.968067 0.400595
vt 0.399312 0.071053
vt 0.874769 0.149656
vt 0.475051 0.115738
vt 0.961276 0.406715
vt 0.910445 0.370535
vt 0.458388 0.112699
vt 0.915005 0.382723
vt 0.500775 0.727126
vt 0.910119 0.373986
vt 0.489217 0.120681
vt 0.874553 0.181649
vt 0.880798 0.181087
vt 0.464425 0.127893
vt 0.448018 0.116453
vt 0.50178 0.720424
vt 0.445388 0.122952
vt 0.949225 0.409637
vt 0.510582 0.115703
vt 0.866554 0.184653
vt 0.439565 0.127345
vt 0.437671 0.117348
vt 0.431992 0.122822
vt 0.497387 0.127831
vt 0.87196 0.199135
vt 0.934096 0.40616
vt 0.477138 0.137744
vt 0.860542 0.187948
vt 0.850805 0.182307
vt 0.449392 0.137203
vt 0.415045 0.568272
vt 0.426472 0.557579
vt 0.428003 0.568502
vt 0.433846 0.684929
vt 0.511116 0.131273
vt 0.423175 0.547614
vt 0.840462 0.086218
vt 0.838747 0.083595
vt 0.464125 0.688805
vt 0.462523 0.14434
vt 0.444611 0.136525
vt 0.865474 0.200345
vt 0.850207 0.187697
vt 0.842416 0.059952
vt 0.844964 0.075879
vt 0.844698 0.084052
vt 0.487778 0.149243
vt 0.844621 0.092263
vt 0.841095 0.090016
vt 0.550057 0.716588
vt 0.528667 0.129037
vt 0.421809 0.576937
vt 0.403787 0.555576
vt 0.41428 0.682765
vt 0.838465 0.048489
vt 0.835893 0.056996
vt 0.470618 0.68753
vt 0.551022 0.731528
vt 0.557744 0.745669
vt 0.532244 0.73761
vt 0.45182 0.146289
vt 0.447612 0.142068
vt 0.848018 0.192216
vt 0.421035 0.682807
vt 0.478056 0.687408
vt 0.474783 0.687037
vt 0.486615 0.68781
vt 0.493237 0.687861
vt 0.86659 0.208397
vt 0.844218 0.179843
vt 0.846206 0.177047
vt 0.417441 0.68207
vt 0.835204 0.046985
vt 0.847052 0.094916
vt 0.843355 0.09576
vt 0.886429 0.418117
vt 0.890183 0.423179
vt 0.88781 0.424605
vt 0.888896 0.419086
vt 0.489123 0.686776
vt 0.493017 0.686878
vt 0.846993 0.19733
vt 0.843499 0.04762
vt 0.85554 0.084916
vt 0.49928 0.687553
vt 0.503904 0.147328
vt 0.413134 0.583344
vt 0.859197 0.067967
vt 0.857027 0.094277
vt 0.876943 0.42454
vt 0.885153 0.415469
vt 0.886299 0.413022
vt 0.88707 0.415103
vt 0.882358 0.409947
vt 0.508482 0.689549
vt 0.519057 0.140112
vt 0.413919 0.680473
vt 0.834339 0.043983
vt 0.88044 0.42871
vt 0.87506 0.416636
vt 0.510176 0.686334
vt 0.544427 0.709637
vt 0.855079 0.201838
vt 0.842396 0.204053
vt 0.864597 0.082338
vt 0.878711 0.408144
vt 0.505713 0.685814
vt 0.569154 0.74466
vt 0.844893 0.21096
vt 0.880133 0.406172
vt 0.881832 0.406823
vt 0.574874 0.753973
vt 0.513814 0.151489
vt 0.877388 0.403005
vt 0.566442 0.721053
vt 0.574794 0.734918
vt 0.497725 0.158648
vt 0.876628 0.081383
vt 0.868465 0.409249
vt 0.8794 0.401777
vt 0.838076 0.200647
vt 0.838397 0.20557
vt 0.8725 0.431375
vt 0.870438 0.419531
vt 0.8694 0.415158
vt 0.371911 0.483164
vt 0.836566 0.203843
vt 0.866591 0.42144
vt 0.866103 0.401053
vt 0.876701 0.395892
vt 0.835415 0.206592
vt 0.868109 0.092724
vt 0.866215 0.42511
vt 0.496717 0.674469
vt 0.499132 0.678443
vt 0.492104 0.678179
vt 0.87347 0.394757
vt 0.588112 0.746742
vt 0.580902 0.764322
vt 0.588435 0.763771
vt 0.841253 0.220003
vt 0.852634 0.214341
vt 0.839668 0.212077
vt 0.8666 0.419387
vt 0.863647 0.414377
vt 0.530733 0.685762
vt 0.523058 0.685632
vt 0.526936 0.682357
vt 0.360275 0.48426
vt 0.835605 0.212135
vt 0.873796 0.092825
vt 0.864555 0.429051
vt 0.53104 0.681927
vt 0.564684 0.702779
vt 0.834243 0.211091
vt 0.861707 0.417324
vt 0.860514 0.414513
vt 0.876045 0.393731
vt 0.873505 0.391056
vt 0.837 0.217239
vt 0.871811 0.431226
vt 0.866612 0.433545
vt 0.863613 0.39475
vt 0.580152 0.71323
vt 0.399419 0.458797
vt 0.40313 0.459282
vt 0.591605 0.733865
vt 0.834026 0.215715
vt 0.884791 0.072823
vt 0.884092 0.083499
vt 0.860405 0.43048
vt 0.861459 0.431091
vt 0.348622 0.484628
vt 0.834117 0.221776
vt 0.368771 0.68075
vt 0.860544 0.43344
vt 0.861273 0.434921
vt 0.85778 0.429017
vt 0.856871 0.427688
vt 0.342617 0.490738
vt 0.356149 0.480573
vt 0.84398 0.231249
vt 0.8488 0.226027
vt 0.848348 0.229423
vt 0.835721 0.223571
vt 0.833082 0.219268
vt 0.879217 0.10543
vt 0.87863 0.098966
vt 0.876931 0.101649
vt 0.840067 0.229273
vt 0.836327 0.227184
vt 0.390822 0.460398
vt 0.389913 0.458012
vt 0.613392 0.74759
vt 0.595994 0.706673
vt 0.833786 0.224933
vt 0.832611 0.222932
vt 0.388849 0.461304
vt 0.389572 0.462144
vt 0.892083 0.072013
vt 0.962555 0.227506
vt 0.959586 0.226718
vt 0.962044 0.224121
vt 0.839392 0.233714
vt 0.837307 0.233248
vt 0.835578 0.230582
vt 0.836673 0.229637
vt 0.385048 0.460125
vt 0.386588 0.461648
vt 0.382126 0.46372
vt 0.387373 0.462533
vt 0.375548 0.463732
vt 0.376522 0.465255
vt 0.892674 0.085316
vt 0.350547 0.477514
vt 0.965175 0.226901
vt 0.965774 0.224588
vt 0.363584 0.465038
vt 0.368748 0.465687
vt 0.364419 0.466136
vt 0.367745 0.46367
vt 0.898502 0.063953
vt 0.894083 0.090515
vt 0.951046 0.209249
vt 0.953163 0.217034
vt 0.359922 0.465407
vt 0.357627 0.463631
vt 0.374991 0.460185
vt 0.897145 0.080464
vt 0.896409 0.086923
vt 0.45512 0.662124
vt 0.453467 0.658625
vt 0.61811 0.734123
vt 0.965777 0.218596
vt 0.969487 0.221576
vt 0.968642 0.224361
vt 0.350418 0.461372
vt 0.351685 0.463157
vt 0.360581 0.460672
vt 0.896365 0.094757
vt 0.901269 0.075222
vt 0.893264 0.119846
vt 0.887584 0.12426
vt 0.886715 0.120191
vt 0.970205 0.219197
vt 0.88924 0.127652
vt 0.333182 0.475316
vt 0.971037 0.214345
vt 0.346187 0.462013
vt 0.902584 0.070837
vt 0.442942 0.651792
vt 0.444322 0.657397
vt 0.500224 0.661889
vt 0.498022 0.665661
vt 0.332393 0.471466
vt 0.337304 0.471662
vt 0.342305 0.473342
vt 0.902667 0.060076
vt 0.582838 0.696005
vt 0.326034 0.472314
vt 0.333408 0.470559
vt 0.961731 0.205595
vt 0.949782 0.198856
vt 0.342228 0.46026
vt 0.344599 0.458248
vt 0.429258 0.650267
vt 0.327984 0.471021
vt 0.329976 0.471185
vt 0.972712 0.216774
vt 0.974914 0.212885
vt 0.337208 0.45645
vt 0.469031 0.647594
vt 0.935876 0.183264
vt 0.93338 0.189767
vt 0.931933 0.183763
vt 0.3352 0.457686
vt 0.455237 0.643986
vt 0.485882 0.646354
vt 0.496464 0.653462
vt 0.975312 0.209545
vt 0.971523 0.20729
vt 0.933352 0.175141
vt 0.928437 0.184569
vt 0.330727 0.45599
vt 0.33223 0.454448
vt 0.475929 0.641589
vt 0.510752 0.653817
vt 0.327363 0.454927
vt 0.530295 0.653201
vt 0.533056 0.662242
vt 0.518464 0.655409
vt 0.975698 0.204813
vt 0.325307 0.452584
vt 0.329518 0.45147
vt 0.456989 0.637822
vt 0.467662 0.639488
vt 0.488576 0.641404
vt 0.974356 0.200521
vt 0.970602 0.195009
vt 0.445901 0.636743
vt 0.977304 0.204382
vt 0.523247 0.352402
vt 0.536819 0.351819
vt 0.529984 0.353786
vt 0.534975 0.355483
vt 0.549942 0.358589
vt 0.543551 0.35807
vt 0.482231 0.638072
vt 0.486561 0.636837
vt 0.489558 0.636449
vt 0.526352 0.647097
vt 0.637139 0.708798
vt 0.941915 0.175941
vt 0.561877 0.358172
vt 0.573063 0.360028
vt 0.787736 0.887741
vt 0.781739 0.891973
vt 0.769509 0.885428
vt 0.65595 0.315253
vt 0.585656 0.637153
vt 0.583688 0.645073
vt 0.595051 0.635448
vt 0.61125 0.658999
vt 0.600219 0.648668
vt 0.612607 0.646619
vt 0.756359 0.878093
vt 0.759462 0.88627
vt 0.770684 0.877199
vt 0.667243 0.311464
vt 0.604143 0.636665
vt 0.766358 0.873032
vt 0.755175 0.875946
vt 0.784812 0.87423
vt 0.788374 0.879006
vt 0.615327 0.639108
vt 0.608609 0.637127
vt 0.756004 0.873125
vt 0.792952 0.875455
vt 0.776212 0.871662
vt 0.79043 0.871648
vt 0.656113 0.770479
vt 0.661033 0.763532
vt 0.665543 0.77224
vt 0.658005 0.77647
vt 0.659074 0.782929
vt 0.653772 0.781225
vt 0.787977 0.871013
vt 0.804805 0.881181
vt 0.66937 0.763084
vt 0.668652 0.78026
vt 0.076944 0.790617
vt 0.077451 0.798728
vt 0.069464 0.798495
vt 0.811269 0.875118
vt 0.817106 0.875823
vt 0.820888 0.879737
vt 0.061875 0.80067
vt 0.068558 0.802431
vt 0.065221 0.802256
vt 0.072429 0.802339
vt 0.676861 0.772319
vt 0.828015 0.87606
vt 0.831012 0.877271
vt 0.662312 0.787652
vt 0.070997 0.788089
vt 0.593968 0.480899
vt 0.598351 0.495606
vt 0.585142 0.49608
vt 0.669226 0.788943
vt 0.06025 0.79546
vt 0.074632 0.775869
vt 0.082205 0.788935
vt 0.687757 0.76655
vt 0.681669 0.753573
vt 0.680153 0.779776
vt 0.086703 0.782811
vt 0.696733 0.759496
vt 0.676028 0.788825
vt 0.057161 0.799138
vt 0.062704 0.787415
vt 0.055684 0.795066
vt 0.607377 0.469967
vt 0.591152 0.46793
vt 0.68761 0.778307
vt 0.668197 0.795381
vt 0.671618 0.793592
vt 0.06605 0.777736
vt 0.698336 0.773276
vt 0.673645 0.799798
vt 0.055289 0.784844
vt 0.700997 0.766183
vt 0.687304 0.79339
vt 0.685893 0.786086
vt 0.695918 0.787074
vt 0.066269 0.768246
vt 0.078425 0.771248
vt 0.69549 0.799303
vt 0.703836 0.771051
vt 0.702576 0.781505
vt 0.710824 0.769689
vt 0.68023 0.806669
vt 0.677927 0.804659
vt 0.680437 0.803684
vt 0.075698 0.759611
vt 0.06618 0.758306
vt 0.702017 0.791646
vt 0.708552 0.792319
vt 0.707379 0.800632
vt 0.701238 0.813314
vt 0.706196 0.80678
vt 0.697236 0.815858
vt 0.717716 0.776228
vt 0.711069 0.807533
vt 0.709278 0.813557
vt 0.715279 0.805221
vt 0.70553 0.81817
vt 0.717502 0.801886
vt 0.71065 0.818308
vt 0.712749 0.81572
vt 0.701402 0.819521
vt 0.016438 0.807114
vt 0.02554 0.801505
vt 0.024445 0.806014
vt 0.708972 0.819484
vt 0.017744 0.801523
vt 0.010368 0.805811
vt 0.011353 0.808431
vt 0.012828 0.803486
vt 0.051224 0.728439
vt 0.061526 0.739927
vt 0.051505 0.747452
vt 0.016317 0.773049
vt 0.021875 0.774144
vt 0.015649 0.782851
vt 0.561599 0.605611
vt 0.550834 0.605324
vt 0.562729 0.59835
vt 0.032212 0.760189
vt 0.027145 0.75523
vt 0.568219 0.602604
vt 0.569492 0.596174
vt 0.011236 0.781782
vt 0.042512 0.742841
vt 0.035496 0.738115
vt 0.022216 0.754353
vt 0.96632 0.03357
vt 0.965796 0.039621
vt 0.006336 0.774187
vt 0.006373 0.782746
vt 0.026703 0.740311
vt 0.58691 0.578543
vt 0.590369 0.586568
vt 0.583268 0.590654
vt 0.577098 0.586203
vt 0.598582 0.575922
vt 0.255696 0.694696
vt 0.258349 0.698315
vt 0.247777 0.695899
vt 0.970622 0.064445
vt 0.972037 0.077124
vt 0.237885 0.692554
vt 0.233328 0.694766
vt 0.228137 0.69163
vt 0.244418 0.70007
vt 0.230968 0.689824
vt 0.235942 0.69093
vt 0.970841 0.081565
vt 0.973211 0.079895
vt 0.225833 0.689737
vt 0.972739 0.082398
vt 0.970249 0.084491
vt 0.214224 0.688311
vt 0.209509 0.690837
vt 0.207592 0.688162
vt 0.224045 0.688588
vt 0.220012 0.688
vt 0.970503 0.087033
vt 0.972345 0.08735
vt 0.970776 0.090048
vt 0.968337 0.087568
vt 0.204439 0.685674
vt 0.210488 0.686219
vt 0.984832 0.00591397
vt 0.983238 0.00419497
vt 0.985654 0.00435299
vt 0.663167 0.577433
vt 0.662893 0.581711
vt 0.661409 0.57801
vt 0.664749 0.581233
vt 0.969783 0.093091
vt 0.666086 0.577425
vt 0.667279 0.580422
vt 0.97066 0.096412
vt 0.968861 0.099365
vt 0.673724 0.572062
vt 0.666482 0.569106
vt 0.673207 0.580656
vt 0.667872 0.561164
vt 0.962262 0.104403
vt 0.953823 0.100345
vt 0.678342 0.585841
vt 0.957752 0.104404
vt 0.673919 0.558372
vt 0.669048 0.55366
vt 0.68404 0.581761
vt 0.951823 0.105161
vt 0.948714 0.108748
vt 0.687646 0.57905
vt 0.688053 0.575022
vt 0.690502 0.580932
vt 0.685825 0.584727
vt 0.690166 0.584393
vt 0.691061 0.568354
vt 0.693946 0.580577
vt 0.692325 0.583918
vt 0.941484 0.119923
vt 0.942887 0.119268
vt 0.692978 0.565982
vt 0.700167 0.575714
vt 0.69795 0.581941
vt 0.696581 0.582044
vt 0.929413 0.10531
vt 0.928795 0.107691
vt 0.923694 0.098667
vt 0.925056 0.10133
vt 0.229555 0.675333
vt 0.227315 0.676653
vt 0.222932 0.674989
vt 0.927768 0.104408
vt 0.926432 0.102849
vt 0.220934 0.669484
vt 0.221344 0.674816
vt 0.215816 0.675025
vt 0.241679 0.693507
vt 0.492563 0.742408
vt 0.504005 0.74537
vt 0.501236 0.750815
vt 0.508223 0.752714
vt 0.500575 0.740323
vt 0.510528 0.75233
vt 0.920486 0.686919
vt 0.510723 0.749824
vt 0.510037 0.754395
vt 0.515947 0.743717
vt 0.513524 0.754969
vt 0.516025 0.754114
vt 0.516304 0.756962
vt 0.517859 0.748654
vt 0.516284 0.751467
vt 0.520942 0.754146
vt 0.525053 0.758843
vt 0.528663 0.757645
vt 0.936984 0.689526
vt 0.51665 0.736242
vt 0.530815 0.753447
vt 0.530152 0.756186
vt 0.528268 0.760644
vt 0.531916 0.746844
vt 0.534119 0.757968
vt 0.542047 0.756806
vt 0.540754 0.763357
vt 0.543032 0.760664
vt 0.546668 0.753908
vt 0.550725 0.768154
vt 0.551038 0.761834
vt 0.550067 0.765052
vt 0.55412 0.769603
vt 0.559945 0.757658
vt 0.558448 0.76852
vt 0.562029 0.765698
vt 0.556476 0.770958
vt 0.520456 0.692164
vt 0.787413 0.248369
vt 0.784248 0.247368
vt 0.563356 0.763226
vt 0.560407 0.773713
vt 0.560247 0.77568
vt 0.559183 0.77668
vt 0.561931 0.772833
vt 0.789325 0.248623
vt 0.787836 0.246802
vt 0.556818 0.119288
vt 0.563028 0.769455
vt 0.562483 0.771156
vt 0.757869 0.950976
vt 0.753833 0.952341
vt 0.754307 0.950169
vt 0.749084 0.941775
vt 0.744536 0.94688
vt 0.739116 0.944281
vt 0.754898 0.942914
vt 0.748625 0.947562
vt 0.763124 0.950553
vt 0.756523 0.954457
vt 0.793288 0.250227
vt 0.554095 0.129626
vt 0.517935 0.685598
vt 0.513219 0.684847
vt 0.75072 0.94761
vt 0.757297 0.947233
vt 0.753057 0.948919
vt 0.762352 0.953055
vt 0.759483 0.954208
vt 0.57437 0.103997
vt 0.567567 0.113432
vt 0.544629 0.699841
vt 0.762662 0.946739
vt 0.768648 0.945306
vt 0.763332 0.954434
vt 0.800684 0.255305
vt 0.740085 0.941269
vt 0.760447 0.944336
vt 0.768776 0.94974
vt 0.53055 0.14527
vt 0.537498 0.135962
vt 0.762387 0.943053
vt 0.665808 0.420729
vt 0.578537 0.097544
vt 0.759579 0.938128
vt 0.765797 0.943458
vt 0.773161 0.945136
vt 0.571477 0.113884
vt 0.564786 0.122523
vt 0.53789 0.68359
vt 0.769696 0.940867
vt 0.676009 0.437257
vt 0.669787 0.432763
vt 0.671777 0.424148
vt 0.551706 0.137275
vt 0.767027 0.936399
vt 0.560248 0.129073
vt 0.858748 0.406351
vt 0.534568 0.679836
vt 0.538695 0.679622
vt 0.551338 0.684416
vt 0.678594 0.452777
vt 0.674883 0.444804
vt 0.686888 0.47091
vt 0.683039 0.46408
vt 0.859177 0.419297
vt 0.855377 0.400245
vt 0.870262 0.38776
vt 0.872813 0.388312
vt 0.5708 0.685673
vt 0.678862 0.414336
vt 0.855548 0.406222
vt 0.856709 0.413398
vt 0.542416 0.678529
vt 0.54056 0.678043
vt 0.559619 0.684371
vt 0.755831 0.934266
vt 0.678507 0.391576
vt 0.683584 0.429632
vt 0.850298 0.414913
vt 0.853813 0.420335
vt 0.547585 0.678137
vt 0.595564 0.756239
vt 0.777215 0.939469
vt 0.86936 0.383596
vt 0.867637 0.386067
vt 0.871005 0.384609
vt 0.543369 0.676164
vt 0.773844 0.934519
vt 0.78319 0.941389
vt 0.684407 0.399176
vt 0.853502 0.3933
vt 0.860333 0.383956
vt 0.868548 0.382667
vt 0.545384 0.676194
vt 0.764011 0.932077
vt 0.865 0.379537
vt 0.54889 0.675276
vt 0.784862 0.934317
vt 0.787514 0.937377
vt 0.878574 0.107638
vt 0.85255 0.426778
vt 0.558405 0.675783
vt 0.601146 0.765742
vt 0.772268 0.931882
vt 0.868328 0.380027
vt 0.553439 0.673255
vt 0.790444 0.94203
vt 0.849712 0.393222
vt 0.852081 0.402033
vt 0.851642 0.387911
vt 0.866494 0.375695
vt 0.863006 0.374087
vt 0.572098 0.673267
vt 0.607174 0.763822
vt 0.601195 0.770327
vt 0.784567 0.930066
vt 0.796388 0.937205
vt 0.689884 0.382719
vt 0.683066 0.379618
vt 0.866074 0.371624
vt 0.559382 0.671973
vt 0.795433 0.929563
vt 0.842773 0.392829
vt 0.848323 0.387305
vt 0.855044 0.377074
vt 0.864208 0.370016
vt 0.595761 0.772607
vt 0.740832 0.523819
vt 0.735057 0.52473
vt 0.730858 0.522091
vt 0.845585 0.403916
vt 0.846125 0.388225
vt 0.856912 0.367625
vt 0.860617 0.365359
vt 0.615714 0.756089
vt 0.848295 0.37703
vt 0.863311 0.367225
vt 0.565098 0.668568
vt 0.55966 0.669802
vt 0.606986 0.766868
vt 0.845636 0.378183
vt 0.611331 0.766187
vt 0.361271 0.617125
vt 0.372301 0.622597
vt 0.363903 0.624017
vt 0.891858 0.127341
vt 0.832551 0.416017
vt 0.83863 0.409937
vt 0.837761 0.417528
vt 0.830699 0.409288
vt 0.837935 0.391735
vt 0.579322 0.664682
vt 0.131813 0.811678
vt 0.134398 0.812848
vt 0.134998 0.815689
vt 0.801922 0.931841
vt 0.796656 0.932482
vt 0.856735 0.360956
vt 0.570981 0.663547
vt 0.564692 0.665551
vt 0.759043 0.90881
vt 0.769752 0.914648
vt 0.760737 0.914818
vt 0.775619 0.906332
vt 0.517165 0.666844
vt 0.846101 0.373784
vt 0.858259 0.35895
vt 0.569981 0.661434
vt 0.796612 0.925913
vt 0.514753 0.662649
vt 0.850364 0.364127
vt 0.842285 0.368222
vt 0.753794 0.907587
vt 0.752201 0.903089
vt 0.790143 0.925544
vt 0.804419 0.926823
vt 0.833178 0.394267
vt 0.837649 0.402069
vt 0.842849 0.371996
vt 0.831346 0.404091
vt 0.843051 0.378132
vt 0.855501 0.35471
vt 0.573448 0.657098
vt 0.81107 0.932431
vt 0.813355 0.936505
vt 0.808536 0.935655
vt 0.846253 0.358891
vt 0.852416 0.355516
vt 0.579944 0.654239
vt 0.762982 0.89973
vt 0.815053 0.927263
vt 0.806539 0.925156
vt 0.824267 0.324957
vt 0.829753 0.322858
vt 0.839176 0.369458
vt 0.817121 0.932246
vt 0.710917 0.371891
vt 0.837075 0.364355
vt 0.839122 0.362825
vt 0.853473 0.349026
vt 0.836464 0.366514
vt 0.638318 0.743073
vt 0.633709 0.750912
vt 0.820985 0.935659
vt 0.542758 0.65442
vt 0.555711 0.65787
vt 0.542791 0.662269
vt 0.843682 0.354747
vt 0.837822 0.360156
vt 0.791527 0.904998
vt 0.821248 0.928327
vt 0.821126 0.933199
vt 0.724935 0.370618
vt 0.71802 0.36947
vt 0.973661 0.468303
vt 0.976889 0.468528
vt 0.97639 0.471237
vt 0.978546 0.466828
vt 0.978179 0.46957
vt 0.97774 0.46524
vt 0.836028 0.362169
vt 0.988882 0.457657
vt 0.845866 0.351167
vt 0.818788 0.925675
vt 0.972943 0.472294
vt 0.976558 0.460058
vt 0.979546 0.46298
vt 0.837511 0.357438
vt 0.839632 0.354922
vt 0.843229 0.352757
vt 0.74555 0.885367
vt 0.112129 0.805506
vt 0.119044 0.804239
vt 0.108064 0.809283
vt 0.551916 0.648908
vt 0.829073 0.376028
vt 0.832767 0.375301
vt 0.831643 0.383076
vt 0.970315 0.467404
vt 0.973835 0.46042
vt 0.821831 0.925874
vt 0.841793 0.322076
vt 0.828491 0.369624
vt 0.832702 0.3697
vt 0.831243 0.36817
vt 0.828681 0.367286
vt 0.971808 0.475768
vt 0.974142 0.476184
vt 0.970678 0.463754
vt 0.975638 0.457244
vt 0.826648 0.929495
vt 0.821998 0.939215
vt 0.835022 0.939145
vt 0.82493 0.384842
vt 0.822934 0.37202
vt 0.969017 0.471252
vt 0.646376 0.727217
vt 0.147837 0.790826
vt 0.146356 0.792319
vt 0.144459 0.791524
vt 0.831808 0.930572
vt 0.832589 0.935621
vt 0.835667 0.942016
vt 0.826266 0.368134
vt 0.967478 0.476341
vt 0.737207 0.878283
vt 0.736722 0.888867
vt 0.823782 0.369728
vt 0.971051 0.461308
vt 0.850275 0.326213
vt 0.816356 0.382062
vt 0.652247 0.750294
vt 0.819284 0.369674
vt 0.823097 0.368541
vt 0.652278 0.737083
vt 0.557538 0.644297
vt 0.563471 0.650635
vt 0.812935 0.384053
vt 0.816554 0.388173
vt 0.813169 0.387897
vt 0.743747 0.875666
vt 0.567447 0.647813
vt 0.566739 0.651553
vt 0.962869 0.477414
vt 0.660938 0.728036
vt 0.844726 0.943812
vt 0.810544 0.380006
vt 0.811042 0.383794
vt 0.84456 0.939754
vt 0.84112 0.937427
vt 0.812883 0.378062
vt 0.815503 0.371846
vt 0.749018 0.875822
vt 0.811799 0.37385
vt 0.957951 0.478561
vt 0.668478 0.747903
vt 0.662778 0.755378
vt 0.652743 0.756038
vt 0.570782 0.645943
vt 0.570418 0.644155
vt 0.809897 0.375395
vt 0.814002 0.371934
vt 0.670614 0.736266
vt 0.652677 0.762946
vt 0.846061 0.937299
vt 0.809051 0.377798
vt 0.953506 0.479261
vt 0.951534 0.479151
vt 0.85271 0.942276
vt 0.853802 0.946056
vt 0.853833 0.944574
vt 0.572643 0.643093
vt 0.852144 0.940565
vt 0.849519 0.938942
vt 0.854939 0.893864
vt 0.852925 0.895599
vt 0.846836 0.891817
vt 0.853995 0.947195
vt 0.88222 0.255273
vt 0.168038 0.776364
vt 0.166328 0.782736
vt 0.164176 0.78149
vt 0.173711 0.776121
vt 0.172913 0.781854
vt 0.171001 0.783902
vt 0.172316 0.780315
vt 0.168799 0.782531
vt 0.855494 0.941934
vt 0.856608 0.943523
vt 0.85793 0.944928
vt 0.856906 0.946372
vt 0.889545 0.250383
vt 0.887127 0.251328
vt 0.174652 0.77315
vt 0.177612 0.776508
vt 0.679491 0.742065
vt 0.170705 0.770037
vt 0.177331 0.779424
vt 0.178295 0.780888
vt 0.17529 0.782501
vt 0.174104 0.784594
vt 0.89411 0.246371
vt 0.181329 0.771274
vt 0.181341 0.777522
vt 0.56068 0.493724
vt 0.571226 0.499975
vt 0.554537 0.503403
vt 0.693769 0.750075
vt 0.896619 0.244088
vt 0.188765 0.76963
vt 0.899674 0.244493
vt 0.18043 0.766736
vt 0.185864 0.774998
vt 0.183945 0.777216
vt 0.56565 0.485437
vt 0.185908 0.765608
vt 0.186924 0.767306
vt 0.176974 0.761008
vt 0.18843 0.774352
vt 0.186933 0.775849
vt 0.90203 0.244461
vt 0.901719 0.24259
vt 0.904022 0.247826
vt 0.192018 0.764178
vt 0.190221 0.771742
vt 0.110464 0.751848
vt 0.108427 0.766671
vt 0.104854 0.759341
vt 0.187618 0.75792
vt 0.190899 0.762233
vt 0.194197 0.76947
vt 0.192846 0.77145
vt 0.621002 0.02174
vt 0.616638 0.02348
vt 0.617112 0.021085
vt 0.152168 0.750413
vt 0.156579 0.767901
vt 0.130973 0.768075
vt 0.192996 0.759621
vt 0.194661 0.762966
vt 0.197422 0.76778
vt 0.616202 0.02591
vt 0.704609 0.757806
vt 0.195811 0.770091
vt 0.5597 0.472988
vt 0.543745 0.476039
vt 0.199107 0.760326
vt 0.201327 0.76439
vt 0.624766 0.020545
vt 0.622671 0.019715
vt 0.197838 0.753408
vt 0.201682 0.767542
vt 0.62856 0.019406
vt 0.625143 0.019193
vt 0.175231 0.743765
vt 0.16217 0.758097
vt 0.193487 0.74959
vt 0.211821 0.748721
vt 0.757057 0.303866
vt 0.223267 0.749447
vt 0.210238 0.755409
vt 0.723616 0.75093
vt 0.724262 0.771575
vt 0.165063 0.73598
vt 0.490557 0.584609
vt 0.485494 0.582927
vt 0.485413 0.580218
vt 0.204582 0.730754
vt 0.19406 0.738913
vt 0.087908 0.606938
vt 0.096148 0.612848
vt 0.017828 0.506262
vt 0.009658 0.501965
vt 0.492339 0.579578
vt 0.500478 0.584736
vt 0.231717 0.753604
vt 0.218944 0.758649
vt 0.219863 0.755373
vt 0.231838 0.756985
vt 0.227115 0.758528
vt 0.654722 0.01386
vt 0.650569 0.013968
vt 0.230064 0.747765
vt 0.10958 0.619427
vt 0.103205 0.616315
vt 0.544585 0.609716
vt 0.54012 0.608291
vt 0.661458 0.013446
vt 0.541797 0.604481
vt 0.240268 0.755508
vt 0.235856 0.757893
vt 0.554053 0.608978
vt 0.227137 0.720898
vt 0.205166 0.720962
vt 0.553401 0.595555
vt 0.543544 0.596379
vt 0.239258 0.748979
vt 0.243216 0.740727
vt 0.043614 0.498303
vt 0.567128 0.5863
vt 0.55831 0.580941
vt 0.576998 0.594243
vt 0.187922 0.704806
vt 0.23771 0.711875
vt 0.22881 0.712541
vt 0.017675 0.742056
vt 0.027354 0.728135
vt 0.040892 0.723716
vt 0.57629 0.579627
vt 0.581012 0.576441
vt 0.202214 0.70985
vt 0.60087 0.567511
vt 0.024035 0.717353
vt 0.03223 0.721536
vt 0.602978 0.570531
vt 0.007162 0.745326
vt 0.23083 0.699296
vt 0.005083 0.750941
vt 0.033492 0.705419
vt 0.217595 0.694734
vt 0.21536 0.701733
vt 0.087498 0.519636
vt 0.197258 0.688382
vt 0.222648 0.692704
vt 0.096608 0.668627
vt 0.106017 0.522417
vt 0.090077 0.660243
vt 0.194968 0.68528
vt 0.113347 0.542193
vt 0.032885 0.690834
vt 0.195136 0.682344
vt 0.663096 0.569241
vt 0.661389 0.574686
vt 0.661144 0.56948
vt 0.060734 0.673709
vt 0.024024 0.690913
vt 0.17702 0.675037
vt 0.190712 0.67982
vt 0.662084 0.565523
vt 0.664171 0.562194
vt 0.661429 0.562847
vt 0.661262 0.559517
vt 0.045817 0.678273
vt 0.179028 0.673465
vt 0.180382 0.680127
vt 0.181662 0.675288
vt 0.663352 0.556688
vt 0.069569 0.654632
vt 0.085781 0.657034
vt 0.665918 0.554474
vt 0.663015 0.554061
vt 0.119175 0.51183
vt 0.662325 0.552575
vt 0.028902 0.680618
vt 0.167044 0.662332
vt 0.162062 0.662302
vt 0.079834 0.649585
vt 0.171569 0.665213
vt 0.167549 0.65947
vt 0.170144 0.663534
vt 0.096551 0.647183
vt 0.668835 0.537885
vt 0.386163 0.925301
vt 0.672248 0.539702
vt 0.684051 0.588435
vt 0.411377 0.9159
vt 0.407573 0.924764
vt 0.395846 0.922285
vt 0.418674 0.924195
vt 0.411799 0.927064
vt 0.419616 0.907556
vt 0.425523 0.918304
vt 0.939442 0.120706
vt 0.144969 0.520581
vt 0.700203 0.565937
vt 0.700528 0.581953
vt 0.936695 0.121659
vt 0.933755 0.119624
vt 0.698288 0.563433
vt 0.702426 0.580615
vt 0.207804 0.669003
vt 0.207074 0.673372
vt 0.702352 0.574348
vt 0.703323 0.577837
vt 0.700628 0.562605
vt 0.703783 0.570204
vt 0.705803 0.573754
vt 0.707413 0.569733
vt 0.474595 0.471027
vt 0.475553 0.473318
vt 0.474331 0.468512
vt 0.467372 0.460318
vt 0.472946 0.465712
vt 0.465397 0.461948
vt 0.810238 0.742477
vt 0.805777 0.740902
vt 0.807981 0.745207
vt 0.461295 0.459345
vt 0.463181 0.460031
vt 0.813639 0.681586
vt 0.814205 0.678743
vt 0.814807 0.675872
vt 0.808893 0.678782
vt 0.810741 0.676594
vt 0.812282 0.67544
vt 0.936804 0.46801
vt 0.93737 0.470205
vt 0.935214 0.47114
vt 0.926824 0.632709
vt 0.933358 0.46776
vt 0.926444 0.630594
vt 0.922895 0.62616
vt 0.934092 0.465517
vt 0.924075 0.463759
vt 0.92739 0.462678
vt 0.92104 0.467756
vt 0.910954 0.463452
vt 0.750793 0.718151
vt 0.923409 0.460568
vt 0.90007 0.611849
vt 0.742681 0.713687
vt 0.740879 0.716812
vt 0.90769 0.456803
vt 0.892273 0.607081
vt 0.745604 0.705268
vt 0.741218 0.719518
vt 0.912757 0.62543
vt 0.740857 0.721434
vt 0.908224 0.622325
vt 0.749025 0.699006
vt 0.847986 0.809591
vt 0.876251 0.476379
vt 0.73673 0.717065
vt 0.874115 0.482496
vt 0.892658 0.659443
vt 0.908836 0.621017
vt 0.736577 0.718738
vt 0.735523 0.714456
vt 0.735644 0.710892
vt 0.900883 0.623737
vt 0.738192 0.704092
vt 0.737629 0.705567
vt 0.889383 0.636346
vt 0.918146 0.514638
vt 0.914885 0.511397
vt 0.735173 0.712625
vt 0.733806 0.708157
vt 0.900639 0.499216
vt 0.909637 0.515419
vt 0.909458 0.508405
vt 0.73352 0.709485
vt 0.873046 0.485943
vt 0.889353 0.616693
vt 0.907617 0.512968
vt 0.891503 0.500557
vt 0.902977 0.502262
vt 0.861932 0.48065
vt 0.893275 0.615425
vt 0.897279 0.613562
vt 0.894449 0.612808
vt 0.903189 0.506735
vt 0.905332 0.504381
vt 0.904639 0.515388
vt 0.887765 0.610357
vt 0.875742 0.493611
vt 0.899215 0.515419
vt 0.860308 0.486784
vt 0.853228 0.481631
vt 0.887465 0.50325
vt 0.847774 0.476123
vt 0.87503 0.498861
vt 0.826987 0.784992
vt 0.831837 0.785712
vt 0.829469 0.787566
vt 0.872821 0.619215
vt 0.878048 0.618998
vt 0.877924 0.620953
vt 0.881223 0.617908
vt 0.867191 0.626241
vt 0.858735 0.493855
vt 0.844508 0.489713
vt 0.820639 0.792184
vt 0.826828 0.793535
vt 0.871073 0.501919
vt 0.814568 0.793051
vt 0.817358 0.794402
vt 0.818091 0.782919
vt 0.842111 0.485985
vt 0.863565 0.615599
vt 0.863718 0.613047
vt 0.866401 0.60493
vt 0.872493 0.50488
vt 0.796475 0.830531
vt 0.813191 0.790056
vt 0.878394 0.512645
vt 0.881059 0.51314
vt 0.862042 0.500338
vt 0.849446 0.495823
vt 0.855937 0.626293
vt 0.8607 0.624921
vt 0.861131 0.607971
vt 0.873559 0.510537
vt 0.868961 0.507045
vt 0.809802 0.793528
vt 0.811635 0.783753
vt 0.813794 0.780551
vt 0.812352 0.781694
vt 0.859382 0.613462
vt 0.859257 0.603664
vt 0.863513 0.504885
vt 0.854595 0.60473
vt 0.863079 0.60347
vt 0.870624 0.511543
vt 0.868155 0.510228
vt 0.863922 0.508315
vt 0.836847 0.49394
vt 0.851643 0.610768
vt 0.856429 0.602245
vt 0.857245 0.504727
vt 0.8294 0.482544
vt 0.853466 0.601584
vt 0.850286 0.602477
vt 0.848904 0.500644
vt 0.828143 0.486601
vt 0.369324 0.456945
vt 0.356526 0.452814
vt 0.35738 0.44936
vt 0.364208 0.448628
vt 0.848759 0.622675
vt 0.803656 0.779575
vt 0.807763 0.779579
vt 0.853478 0.612856
vt 0.856344 0.614149
vt 0.848014 0.605214
vt 0.855987 0.507899
vt 0.861765 0.509867
vt 0.837595 0.498342
vt 0.826465 0.491709
vt 0.849162 0.613172
vt 0.821718 0.47674
vt 0.351858 0.457145
vt 0.844304 0.60139
vt 0.84171 0.602273
vt 0.85356 0.508639
vt 0.826582 0.481393
vt 0.796999 0.039495
vt 0.784961 0.033671
vt 0.792375 0.035876
vt 0.798706 0.778221
vt 0.850914 0.508926
vt 0.827839 0.495375
vt 0.809365 0.045118
vt 0.799291 0.038885
vt 0.803747 0.040872
vt 0.771701 0.032091
vt 0.776432 0.030443
vt 0.780812 0.035019
vt 0.353619 0.448056
vt 0.826663 0.500892
vt 0.825095 0.487697
vt 0.789729 0.040495
vt 0.820099 0.473951
vt 0.788367 0.856247
vt 0.331642 0.449275
vt 0.819302 0.497469
vt 0.819193 0.495588
vt 0.819105 0.051284
vt 0.820283 0.049127
vt 0.828985 0.609939
vt 0.822082 0.499722
vt 0.962785 0.190117
vt 0.786526 0.78901
vt 0.790423 0.7898
vt 0.811981 0.052036
vt 0.760689 0.026379
vt 0.768284 0.0265
vt 0.76379 0.025485
vt 0.948372 0.188074
vt 0.969143 0.186671
vt 0.320351 0.445611
vt 0.821885 0.615433
vt 0.974353 0.194934
vt 0.977101 0.198642
vt 0.321366 0.443781
vt 0.812505 0.612364
vt 0.813411 0.607811
vt 0.317373 0.448667
vt 0.326921 0.442663
vt 0.771184 0.850838
vt 0.766383 0.847642
vt 0.824655 0.617623
vt 0.817133 0.055864
vt 0.823535 0.054228
vt 0.823209 0.057238
vt 0.81148 0.469673
vt 0.432557 0.270053
vt 0.976529 0.194201
vt 0.783282 0.777342
vt 0.821796 0.617902
vt 0.821547 0.058298
vt 0.81321 0.463077
vt 0.313836 0.444775
vt 0.315048 0.448438
vt 0.761602 0.839038
vt 0.818047 0.06003
vt 0.82241 0.060372
vt 0.810705 0.466498
vt 0.966335 0.180615
vt 0.97576 0.190073
vt 0.973171 0.187918
vt 0.31163 0.446588
vt 0.820035 0.061909
vt 0.807935 0.057696
vt 0.754878 0.022978
vt 0.811178 0.464591
vt 0.321516 0.439795
vt 0.322011 0.440925
vt 0.308808 0.442625
vt 0.762464 0.843454
vt 0.817696 0.621885
vt 0.752135 0.018671
vt 0.430951 0.257463
vt 0.806582 0.06095
vt 0.307829 0.43927
vt 0.759659 0.842323
vt 0.797907 0.05816
vt 0.306102 0.44186
vt 0.753688 0.833643
vt 0.757367 0.839281
vt 0.311117 0.433797
vt 0.301895 0.434247
vt 0.302168 0.436691
vt 0.969561 0.170542
vt 0.309435 0.431493
vt 0.746969 0.811277
vt 0.747687 0.803948
vt 0.966295 0.163472
vt 0.97021 0.168037
vt 0.818 0.114657
vt 0.820141 0.118523
vt 0.817842 0.117404
vt 0.821337 0.115635
vt 0.822145 0.117896
vt 0.822529 0.116112
vt 0.813352 0.109852
vt 0.807405 0.106311
vt 0.96494 0.159658
vt 0.81456 0.113086
vt 0.300092 0.43308
vt 0.816964 0.10942
vt 0.820041 0.110828
vt 0.299981 0.431305
vt 0.821526 0.113173
vt 0.401239 0.247583
vt 0.82103 0.111028
vt 0.739917 0.80399
vt 0.812393 0.098862
vt 0.817493 0.105639
vt 0.820377 0.108413
vt 0.819713 0.106238
vt 0.74013 0.813023
vt 0.816339 0.101396
vt 0.818508 0.10408
vt 0.445659 0.234005
vt 0.81245 0.096497
vt 0.737843 0.804788
vt 0.737681 0.809293
vt 0.737455 0.79481
vt 0.809502 0.092599
vt 0.81219 0.094981
vt 0.81455 0.097589
vt 0.736854 0.798487
vt 0.804056 0.087094
vt 0.807113 0.089545
vt 0.735851 0.80153
vt 0.73473 0.795405
vt 0.275542 0.891993
vt 0.80103 0.083776
vt 0.799116 0.081441
vt 0.440568 0.213721
vt 0.406285 0.210562
vt 0.208584 0.853981
vt 0.19896 0.846677
vt 0.187151 0.856035
vt 0.169868 0.409882
vt 0.164288 0.415143
vt 0.145528 0.413159
vt 0.195848 0.842956
vt 0.180739 0.842199
vt 0.18882 0.841002
vt 0.195287 0.840915
vt 0.149578 0.840804
vt 0.17582 0.840545
vt 0.179957 0.840222
vt 0.182745 0.840898
vt 0.068706 0.385616
vt 0.068198 0.388225
vt 0.063288 0.383738
vt 0.075991 0.394819
vt 0.206535 0.404867
vt 0.189351 0.409109
vt 0.196492 0.390088
vt 0.156232 0.839991
vt 0.166044 0.840376
vt 0.171535 0.840507
vt 0.081379 0.396419
vt 0.173669 0.394846
vt 0.056303 0.377188
vt 0.082216 0.389948
vt 0.053471 0.370479
vt 0.020156 0.884488
vt 0.207089 0.394443
vt 0.012379 0.897213
vt 0.064087 0.371187
vt 0.720118 0.906172
vt 0.715752 0.891231
vt 0.027782 0.874165
vt 0.123064 0.839246
vt 0.037573 0.356447
vt 0.035212 0.354629
vt 0.030794 0.348045
vt 0.722244 0.894417
vt 0.091243 0.849646
vt 0.036876 0.351646
vt 0.039415 0.348118
vt 0.016767 0.881032
vt 0.02348 0.332347
vt 0.026073 0.340221
vt 0.072991 0.353948
vt 0.702829 0.886874
vt 0.087759 0.841631
vt 0.700466 0.89346
vt 0.703187 0.895725
vt 0.013431 0.888087
vt 0.027767 0.332753
vt 0.723115 0.878211
vt 0.723967 0.88046
vt 0.717646 0.880119
vt 0.017381 0.87706
vt 0.032438 0.86083
vt 0.025071 0.866853
vt 0.708411 0.872606
vt 0.081462 0.840522
vt 0.719242 0.873216
vt 0.694082 0.876581
vt 0.723831 0.859758
vt 0.725631 0.862231
vt 0.72351 0.865279
vt 0.073072 0.840517
vt 0.070157 0.841622
vt 0.018842 0.316264
vt 0.014789 0.315521
vt 0.013245 0.304964
vt 0.699112 0.863624
vt 0.028907 0.860745
vt 0.029024 0.855604
vt 0.015806 0.299313
vt 0.023157 0.316026
vt 0.708736 0.860317
vt 0.717926 0.850712
vt 0.032918 0.849698
vt 0.037934 0.845715
vt 0.697092 0.852114
vt 0.703657 0.844042
vt 0.007707 0.279036
vt 0.004831 0.266831
vt 0.007787 0.268222
vt 0.689215 0.853474
vt 0.683318 0.856963
vt 0.701358 0.846216
vt 0.005411 0.254861
vt 0.004003 0.258674
vt 0.010472 0.280045
vt 0.71275 0.844644
vt 0.719506 0.848311
vt 0.008763 0.258711
vt 0.706232 0.842464
vt 0.056558 0.297744
vt 0.066793 0.32099
vt 0.054883 0.325032
vt 0.689134 0.84366
vt 0.700238 0.841449
vt 0.006809 0.244228
vt 0.006443 0.238469
vt 0.00778 0.236846
vt 0.672136 0.844214
vt 0.010493 0.243485
vt 0.680965 0.843475
vt 0.69511 0.841133
vt 0.009374 0.228053
vt 0.011821 0.232234
vt 0.007703 0.231275
vt 0.678229 0.839399
vt 0.688895 0.840661
vt 0.686512 0.839856
vt 0.682861 0.838547
vt 0.665798 0.837593
vt 0.014003 0.217495
vt 0.013237 0.209142
vt 0.01667 0.2084
vt 0.658971 0.839937
vt 0.015798 0.201709
vt 0.019933 0.196647
vt 0.017869 0.220053
vt 0.02147 0.203854
vt 0.026632 0.182137
vt 0.020944 0.189875
vt 0.029161 0.189154
vt 0.028959 0.204211
vt 0.037145 0.185204
vt 0.722968 0.888073
vt 0.42823 0.483227
vt 0.43197 0.47259
vt 0.43547 0.469959
vt 0.889574 0.179866
vt 0.427836 0.473764
vt 0.899082 0.357596
vt 0.900228 0.355333
vt 0.398361 0.529809
vt 0.387002 0.517994
vt 0.402296 0.565774
vt 0.874085 0.212554
vt 0.877859 0.211633
vt 0.458927 0.153669
vt 0.382569 0.480796
vt 0.390687 0.477265
vt 0.392859 0.541253
vt 0.386409 0.557195
vt 0.387638 0.579108
vt 0.36978 0.525613
vt 0.372972 0.536684
vt 0.891879 0.629533
vt 0.890954 0.624815
vt 0.377646 0.575083
vt 0.885972 0.625577
vt 0.883344 0.630803
vt 0.369754 0.569655
vt 0.357736 0.522629
vt 0.884663 0.627173
vt 0.3672 0.55521
vt 0.838165 0.790229
vt 0.834198 0.794448
vt 0.836428 0.786768
vt 0.352156 0.534729
vt 0.344674 0.518639
vt 0.918028 0.542523
vt 0.93585 0.550363
vt 0.945169 0.544821
vt 0.356068 0.552304
vt 0.359375 0.568283
vt 0.902031 0.547099
vt 0.91012 0.544142
vt 0.333917 0.528944
vt 0.929157 0.540862
vt 0.936749 0.54072
vt 0.934211 0.541811
vt 0.488914 0.179261
vt 0.482508 0.174646
vt 0.494434 0.176256
vt 0.177258 0.987497
vt 0.169577 0.990444
vt 0.94073 0.540571
vt 0.158853 0.990043
vt 0.381419 0.618763
vt 0.326605 0.489436
vt 0.212872 0.983279
vt 0.8807 0.544254
vt 0.185994 0.985739
vt 0.361209 0.583886
vt 0.343377 0.572744
vt 0.347147 0.563285
vt 0.194009 0.982583
vt 0.342556 0.585346
vt 0.325667 0.476274
vt 0.150527 0.987969
vt 0.817184 0.588752
vt 0.352338 0.620886
vt 0.322206 0.480424
vt 0.340888 0.45325
vt 0.872775 0.541668
vt 0.139086 0.988295
vt 0.317197 0.483847
vt 0.32148 0.471466
vt 0.318176 0.472436
vt 0.927034 0.180111
vt 0.315659 0.47594
vt 0.927249 0.174127
vt 0.940636 0.189121
vt 0.317864 0.469465
vt 0.34135 0.445653
vt 0.810607 0.606493
vt 0.925347 0.175727
vt 0.922982 0.172063
vt 0.802069 0.599355
vt 0.806402 0.60948
vt 0.30228 0.489074
vt 0.300621 0.504236
vt 0.303266 0.510195
vt 0.797724 0.60564
vt 0.788783 0.589555
vt 0.776343 0.777647
vt 0.972019 0.179604
vt 0.80182 0.61244
vt 0.298261 0.480803
vt 0.790254 0.612716
vt 0.790171 0.60551
vt 0.297535 0.487243
vt 0.795929 0.618762
vt 0.792761 0.619811
vt 0.313412 0.765913
vt 0.315002 0.769157
vt 0.789464 0.619275
vt 0.29789 0.475602
vt 0.315456 0.765327
vt 0.314607 0.763222
vt 0.310476 0.761808
vt 0.31059 0.766489
vt 0.782047 0.615041
vt 0.072511 0.968026
vt 0.070545 0.974108
vt 0.059703 0.972485
vt 0.075616 0.972074
vt 0.736023 0.00852299
vt 0.736917 0.00559598
vt 0.306935 0.764002
vt 0.786261 0.624462
vt 0.784376 0.621469
vt 0.306395 0.761638
vt 0.773857 0.596568
vt 0.775308 0.58852
vt 0.730942 0.00549102
vt 0.73496 0.00402498
vt 0.308273 0.760611
vt 0.783819 0.627557
vt 0.77737 0.625328
vt 0.779989 0.629407
vt 0.782734 0.631392
vt 0.298909 0.760541
vt 0.302777 0.759519
vt 0.3015 0.760871
vt 0.793495 0.540146
vt 0.303675 0.757305
vt 0.295933 0.755506
vt 0.753644 0.102159
vt 0.746357 0.097778
vt 0.295916 0.759144
vt 0.293122 0.758145
vt 0.291695 0.756265
vt 0.757475 0.621418
vt 0.758628 0.614701
vt 0.769496 0.622946
vt 0.769705 0.629513
vt 0.76889 0.63163
vt 0.755437 0.629964
vt 0.717946 0.00508898
vt 0.29434 0.750533
vt 0.288707 0.74812
vt 0.698582 0.147208
vt 0.703937 0.151917
vt 0.69861 0.158466
vt 0.294815 0.746549
vt 0.766479 0.634749
vt 0.692401 0.15804
vt 0.599792 0.459083
vt 0.692624 0.148498
vt 0.59741 0.452357
vt 0.60048 0.454592
vt 0.283076 0.742137
vt 0.29518 0.739313
vt 0.747801 0.628155
vt 0.587387 0.453894
vt 0.684567 0.159028
vt 0.595924 0.450082
vt 0.680679 0.152253
vt 0.290701 0.735496
vt 0.29697 0.736965
vt 0.297705 0.731287
vt 0.752225 0.631129
vt 0.746805 0.62478
vt 0.690156 0.130145
vt 0.700219 0.131645
vt 0.692032 0.142587
vt 0.714576 0.108922
vt 0.708552 0.106863
vt 0.725827 0.096873
vt 0.298836 0.721358
vt 0.313341 0.727996
vt 0.30189 0.73178
vt 0.742313 0.554192
vt 0.682128 0.138791
vt 0.323515 0.725582
vt 0.742604 0.546711
vt 0.633482 0.387783
vt 0.633645 0.391902
vt 0.353119 0.706266
vt 0.734739 0.568325
vt 0.720274 0.094548
vt 0.72274 0.078985
vt 0.707792 0.103429
vt 0.630299 0.386194
vt 0.745929 0.646456
vt 0.75153 0.640286
vt 0.754852 0.646291
vt 0.747803 0.639148
vt 0.308874 0.709301
vt 0.613752 0.399075
vt 0.347979 0.701794
vt 0.698238 0.946759
vt 0.700882 0.95483
vt 0.695626 0.956979
vt 0.704699 0.948797
vt 0.344746 0.700362
vt 0.285501 0.71977
vt 0.280918 0.73061
vt 0.275064 0.726731
vt 0.328696 0.692971
vt 0.325001 0.697697
vt 0.572667 0.418874
vt 0.57945 0.432975
vt 0.560237 0.433139
vt 0.276004 0.717481
vt 0.312699 0.697037
vt 0.295604 0.708071
vt 0.259704 0.723538
vt 0.303233 0.697037
vt 0.332776 0.690224
vt 0.307489 0.694544
vt 0.311827 0.693194
vt 0.321242 0.689215
vt 0.316337 0.692793
vt 0.324699 0.687807
vt 0.656228 0.962378
vt 0.650254 0.96013
vt 0.239578 0.730471
vt 0.304294 0.694557
vt 0.299899 0.695791
vt 0.970808 0.020463
vt 0.97294 0.021658
vt 0.970662 0.026601
vt 0.272885 0.707475
vt 0.295411 0.697765
vt 0.971265 0.03246
vt 0.317511 0.68922
vt 0.322294 0.686999
vt 0.162187 0.715687
vt 0.967919 0.014404
vt 0.970604 0.014448
vt 0.969954 0.011529
vt 0.969357 0.00829399
vt 0.970551 0.0429
vt 0.972566 0.037328
vt 0.972447 0.042962
vt 0.262496 0.711208
vt 0.283484 0.70798
vt 0.968424 0.00667
vt 0.27632 0.701792
vt 0.266713 0.701439
vt 0.275638 0.697
vt 0.264643 0.696635
vt 0.942417 0.047684
vt 0.937571 0.039334
vt 0.246131 0.693201
vt 0.933763 0.010863
vt 0.406241 0.410635
vt 0.926187 0.041016
vt 0.927117 0.020437
vt 0.400552 0.398822
vt 0.405371 0.390651
vt 0.399188 0.406786
vt 0.213172 0.686624
vt 0.971925 0.09296
vt 0.972398 0.094933
vt 0.923595 0.029735
vt 0.927287 0.013066
vt 0.401731 0.410948
vt 0.401519 0.393478
vt 0.922996 0.024984
vt 0.923859 0.021089
vt 0.924969 0.017372
vt 0.400015 0.395817
vt 0.635647 0.947322
vt 0.633709 0.95128
vt 0.630208 0.953412
vt 0.399529 0.401034
vt 0.919324 0.03422
vt 0.919361 0.040844
vt 0.61761 0.957682
vt 0.625749 0.95882
vt 0.635465 0.943671
vt 0.636426 0.938976
vt 0.623207 0.962508
vt 0.618392 0.966465
vt 0.613898 0.965765
vt 0.612049 0.969949
vt 0.917484 0.061711
vt 0.27644 0.668371
vt 0.282163 0.655069
vt 0.265275 0.661193
vt 0.584202 0.97161
vt 0.232767 0.673316
vt 0.241927 0.663793
vt 0.190763 0.668158
vt 0.205952 0.673771
vt 0.193718 0.674844
vt 0.249161 0.650306
vt 0.184915 0.670471
vt 0.255757 0.649628
vt 0.195252 0.665452
vt 0.547851 0.981851
vt 0.192327 0.665806
vt 0.541083 0.982135
vt 0.417263 0.584844
vt 0.404509 0.57996
vt 0.476206 0.158061
vt 0.463744 0.1569
vt 0.400034 0.588724
vt 0.415207 0.58958
vt 0.381611 0.475121
vt 0.388097 0.475896
vt 0.868494 0.213895
vt 0.871285 0.21441
vt 0.864416 0.21545
vt 0.408061 0.596193
vt 0.867312 0.218261
vt 0.393542 0.59973
vt 0.406037 0.600749
vt 0.367898 0.47932
vt 0.377855 0.47304
vt 0.384811 0.473123
vt 0.855214 0.221629
vt 0.466229 0.162968
vt 0.397358 0.606046
vt 0.373093 0.474649
vt 0.863416 0.22163
vt 0.483553 0.163185
vt 0.475919 0.168648
vt 0.370942 0.472354
vt 0.374106 0.472917
vt 0.867575 0.221047
vt 0.852521 0.225583
vt 0.493677 0.168472
vt 0.380112 0.588681
vt 0.366199 0.472074
vt 0.86657 0.222221
vt 0.94428 0.215763
vt 0.942236 0.218403
vt 0.938506 0.214908
vt 0.356001 0.473771
vt 0.856582 0.224711
vt 0.940037 0.21004
vt 0.379795 0.612816
vt 0.391971 0.613145
vt 0.373817 0.596524
vt 0.935187 0.211428
vt 0.358314 0.47277
vt 0.936357 0.207101
vt 0.37005 0.607679
vt 0.94966 0.220932
vt 0.348165 0.472592
vt 0.934469 0.206154
vt 0.934268 0.20248
vt 0.943857 0.204223
vt 0.940092 0.199341
vt 0.933487 0.197982
vt 0.340248 0.545026
vt 0.356968 0.594387
vt 0.357013 0.60905
vt 0.932541 0.194035
vt 0.784963 0.910529
vt 0.775736 0.915225
vt 0.615872 0.762776
vt 0.340481 0.596052
vt 0.334755 0.559683
vt 0.342285 0.608032
vt 0.328089 0.577326
vt 0.744081 0.90139
vt 0.342655 0.61508
vt 0.336891 0.610295
vt 0.320818 0.56657
vt 0.32483 0.59224
vt 0.329496 0.604149
vt 0.11467 0.798987
vt 0.801759 0.893833
vt 0.801374 0.900172
vt 0.582556 0.519669
vt 0.591682 0.523363
vt 0.583822 0.528821
vt 0.325866 0.601663
vt 0.314897 0.581456
vt 0.30302 0.538373
vt 0.813738 0.899662
vt 0.650382 0.469247
vt 0.646687 0.478778
vt 0.643129 0.475601
vt 0.648097 0.46097
vt 0.976243 0.18557
vt 0.318341 0.594429
vt 0.824885 0.901672
vt 0.841118 0.89941
vt 0.313684 0.589719
vt 0.308915 0.582934
vt 0.975158 0.181882
vt 0.596648 0.511885
vt 0.602802 0.516254
vt 0.595957 0.520985
vt 0.308105 0.575669
vt 0.745433 0.140344
vt 0.754567 0.129349
vt 0.583083 0.510008
vt 0.60716 0.509116
vt 0.972193 0.172737
vt 0.97449 0.173816
vt 0.753569 0.122911
vt 0.744951 0.127656
vt 0.615896 0.502451
vt 0.61213 0.506385
vt 0.612804 0.497144
vt 0.301392 0.574216
vt 0.7471 0.115229
vt 0.756128 0.11615
vt 0.297262 0.5662
vt 0.62193 0.485099
vt 0.626965 0.487336
vt 0.773669 0.611375
vt 0.778249 0.566375
vt 0.739053 0.128504
vt 0.739985 0.120299
vt 0.610474 0.484447
vt 0.765052 0.094054
vt 0.773223 0.620019
vt 0.764173 0.603227
vt 0.856391 0.8761
vt 0.863936 0.890745
vt 0.737602 0.111284
vt 0.836225 0.881523
vt 0.735995 0.122102
vt 0.755945 0.088403
vt 0.76138 0.589557
vt 0.868502 0.884457
vt 0.616444 0.468568
vt 0.304611 0.751128
vt 0.31127 0.751888
vt 0.307765 0.754805
vt 0.30995 0.74856
vt 0.874056 0.87505
vt 0.712296 0.167647
vt 0.709435 0.167152
vt 0.751963 0.599198
vt 0.612107 0.465441
vt 0.703423 0.169074
vt 0.706183 0.169072
vt 0.706661 0.143938
vt 0.737859 0.097771
vt 0.299838 0.748016
vt 0.753507 0.604984
vt 0.682479 0.800544
vt 0.60765 0.45957
vt 0.612585 0.462805
vt 0.696116 0.165107
vt 0.733021 0.101631
vt 0.770619 0.634092
vt 0.577788 0.478858
vt 0.702129 0.138517
vt 0.726709 0.105596
vt 0.733892 0.09653
vt 0.056958 0.780181
vt 0.691812 0.164611
vt 0.327233 0.734955
vt 0.316878 0.73587
vt 0.334094 0.730569
vt 0.33846 0.728157
vt 0.048828 0.794379
vt 0.050133 0.796703
vt 0.721951 0.102249
vt 0.280709 0.755994
vt 0.060023 0.769265
vt 0.704409 0.00632
vt 0.277756 0.752145
vt 0.310416 0.735536
vt 0.67595 0.803022
vt 0.696809 0.00718701
vt 0.701999 0.00559598
vt 0.046884 0.78662
vt 0.731599 0.094776
vt 0.274466 0.750587
vt 0.271905 0.754075
vt 0.21017 0.758961
vt 0.21182 0.761834
vt 0.207338 0.764537
vt 0.204757 0.766165
vt 0.631626 0.017797
vt 0.060932 0.762699
vt 0.591985 0.439519
vt 0.273786 0.743432
vt 0.688182 0.81287
vt 0.04363 0.795652
vt 0.053703 0.769816
vt 0.718087 0.100032
vt 0.263847 0.747694
vt 0.682426 0.80909
vt 0.21157 0.764628
vt 0.677783 0.146289
vt 0.28002 0.737473
vt 0.215225 0.762757
vt 0.264959 0.750999
vt 0.737013 0.55861
vt 0.036562 0.794409
vt 0.045744 0.779847
vt 0.069656 0.745237
vt 0.265322 0.753487
vt 0.034939 0.801611
vt 0.675186 0.136133
vt 0.263222 0.753703
vt 0.218995 0.760993
vt 0.266897 0.739695
vt 0.745636 0.654471
vt 0.757913 0.657358
vt 0.678874 0.960819
vt 0.686812 0.951469
vt 0.6878 0.962295
vt 0.710293 0.942355
vt 0.694406 0.817487
vt 0.030499 0.801728
vt 0.642778 0.015869
vt 0.255472 0.754453
vt 0.049597 0.760148
vt 0.058194 0.753225
vt 0.060441 0.746909
vt 0.222863 0.760707
vt 0.031494 0.793711
vt 0.040231 0.774394
vt 0.677354 0.009884
vt 0.25494 0.752779
vt 0.713935 0.811331
vt 0.225466 0.760415
vt 0.256268 0.740803
vt 0.715957 0.808209
vt 0.254127 0.750353
vt 0.269615 0.729684
vt 0.524634 0.607334
vt 0.534536 0.606551
vt 0.532415 0.608573
vt 0.7149 0.813432
vt 0.250236 0.754309
vt 0.747154 0.65887
vt 0.030338 0.787233
vt 0.036593 0.764854
vt 0.685963 0.94129
vt 0.02964 0.77566
vt 0.043926 0.752663
vt 0.670524 0.010774
vt 0.247068 0.753691
vt 0.75165 0.66197
vt 0.022417 0.796539
vt 0.02187 0.788582
vt 0.668181 0.012089
vt 0.244954 0.750607
vt 0.546287 0.611127
vt 0.557155 0.442137
vt 0.541396 0.439524
vt 0.245344 0.756057
vt 0.263279 0.730911
vt 0.55874 0.609014
vt 0.011096 0.799816
vt 0.010862 0.796457
vt 0.009784 0.802128
vt 0.568448 0.604248
vt 0.567179 0.605698
vt 0.009572 0.793811
vt 0.287124 0.699561
vt 0.007513 0.795949
vt 0.572504 0.601886
vt 0.008775 0.78862
vt 0.289769 0.695673
vt 0.970605 0.047872
vt 0.575322 0.599242
vt 0.007585 0.790734
vt 0.286114 0.696236
vt 0.964813 0.048004
vt 0.00633 0.787397
vt 0.580912 0.596209
vt 0.248398 0.714831
vt 0.282039 0.697953
vt 0.96873 0.056939
vt 0.577505 0.597847
vt 0.280453 0.696443
vt 0.971299 0.055783
vt 0.9731 0.052745
vt 0.972223 0.059795
vt 0.949819 0.057211
vt 0.268041 0.695335
vt 0.569702 0.572229
vt 0.562834 0.573035
vt 0.575953 0.576752
vt 0.972662 0.065776
vt 0.972204 0.071295
vt 0.576223 0.569672
vt 0.596413 0.561266
vt 0.584851 0.562312
vt 0.196 0.6111
vt 0.206946 0.602575
vt 0.205747 0.605676
vt 0.615872 0.546031
vt 0.612992 0.555201
vt 0.217905 0.592656
vt 0.230105 0.585686
vt 0.220865 0.593372
vt 0.226608 0.580437
vt 0.916334 0.046136
vt 0.604802 0.973652
vt 0.162427 0.644064
vt 0.160892 0.651747
vt 0.160487 0.644513
vt 0.164305 0.654753
vt 0.581081 0.978996
vt 0.716168 0.561268
vt 0.711961 0.559976
vt 0.715207 0.55523
vt 0.184052 0.664119
vt 0.718532 0.555469
vt 0.664353 0.01134
vt 0.569292 0.763772
vt 0.57372 0.765074
vt 0.522375 0.15983
vt 0.744441 0.936087
vt 0.736566 0.937528
vt 0.508598 0.1655
vt 0.541029 0.148984
vt 0.534035 0.152904
vt 0.516589 0.166257
vt 0.853386 0.406006
vt 0.582234 0.77065
vt 0.538591 0.15103
vt 0.584846 0.774053
vt 0.704424 0.497064
vt 0.712306 0.506517
vt 0.850891 0.422523
vt 0.847178 0.416288
vt 0.125256 0.829402
vt 0.134172 0.822011
vt 0.133343 0.829026
vt 0.724527 0.514794
vt 0.717723 0.511749
vt 0.506298 0.173181
vt 0.844886 0.423038
vt 0.131843 0.820376
vt 0.725227 0.505793
vt 0.88191 0.116225
vt 0.841579 0.416589
vt 0.842926 0.405095
vt 0.120212 0.826116
vt 0.1367 0.818245
vt 0.777965 0.929841
vt 0.720068 0.496273
vt 0.60049 0.773677
vt 0.598193 0.775046
vt 0.840759 0.421186
vt 0.116188 0.82085
vt 0.736878 0.514473
vt 0.730132 0.494075
vt 0.84183 0.384091
vt 0.742527 0.504324
vt 0.530065 0.665878
vt 0.748791 0.519297
vt 0.825624 0.404258
vt 0.826887 0.40903
vt 0.742826 0.493192
vt 0.751615 0.523718
vt 0.134343 0.798709
vt 0.135749 0.803078
vt 0.133998 0.806098
vt 0.538644 0.664703
vt 0.838562 0.380797
vt 0.838875 0.371845
vt 0.111548 0.815012
vt 0.748502 0.513338
vt 0.836443 0.373624
vt 0.823194 0.395146
vt 0.746885 0.479802
vt 0.756872 0.51727
vt 0.819683 0.394896
vt 0.823047 0.403112
vt 0.828474 0.387421
vt 0.832952 0.367525
vt 0.836028 0.368354
vt 0.567225 0.535988
vt 0.558444 0.534348
vt 0.555641 0.530973
vt 0.553928 0.660175
vt 0.123428 0.794847
vt 0.140751 0.7937
vt 0.139299 0.790712
vt 0.140112 0.796447
vt 0.75985 0.508957
vt 0.567852 0.528211
vt 0.57679 0.53261
vt 0.97556 0.474509
vt 0.752925 0.494395
vt 0.76018 0.514512
vt 0.140731 0.79327
vt 0.552623 0.525292
vt 0.816444 0.393818
vt 0.767579 0.495071
vt 0.558413 0.519633
vt 0.570469 0.520019
vt 0.561026 0.655896
vt 0.130922 0.778886
vt 0.150188 0.787642
vt 0.148759 0.789909
vt 0.835397 0.932228
vt 0.753203 0.465991
vt 0.117893 0.789937
vt 0.147267 0.783501
vt 0.832007 0.928929
vt 0.765849 0.481214
vt 0.769439 0.506453
vt 0.766381 0.50859
vt 0.547334 0.518156
vt 0.142702 0.779453
vt 0.157526 0.782388
vt 0.154165 0.786561
vt 0.840671 0.934727
vt 0.839906 0.930736
vt 0.157959 0.784666
vt 0.156676 0.786164
vt 0.840537 0.932313
vt 0.774131 0.49944
vt 0.159193 0.786659
vt 0.162407 0.787053
vt 0.561779 0.511464
vt 0.11868 0.777695
vt 0.155104 0.779159
vt 0.777342 0.493468
vt 0.115861 0.784572
vt 0.155174 0.775479
vt 0.86967 0.300223
vt 0.869957 0.312755
vt 0.775608 0.464043
vt 0.165456 0.785935
vt 0.778053 0.485742
vt 0.543197 0.511311
vt 0.778303 0.491482
vt 0.538336 0.505974
vt 0.878852 0.321578
vt 0.535301 0.497539
vt 0.531926 0.502879
vt 0.530966 0.500162
vt 0.784785 0.475486
vt 0.884605 0.306858
vt 0.774987 0.445358
vt 0.78282 0.483873
vt 0.787362 0.465521
vt 0.540895 0.490301
vt 0.84778 0.872961
vt 0.122622 0.764147
vt 0.114263 0.7717
vt 0.520578 0.478812
vt 0.526531 0.493471
vt 0.787101 0.434069
vt 0.789338 0.449192
vt 0.786815 0.457076
vt 0.517744 0.483639
vt 0.791129 0.460745
vt 0.087704 0.774755
vt 0.868385 0.87104
vt 0.79175 0.440739
vt 0.129262 0.755608
vt 0.507914 0.469581
vt 0.509444 0.47402
vt 0.522224 0.470637
vt 0.856486 0.869719
vt 0.097457 0.753602
vt 0.083828 0.767228
vt 0.088472 0.75783
vt 0.088979 0.767761
vt 0.877789 0.87259
vt 0.797161 0.431095
vt 0.506263 0.461262
vt 0.758735 0.634316
vt 0.913874 0.276886
vt 0.79523 0.37921
vt 0.579161 0.464832
vt 0.914244 0.282283
vt 0.56617 0.463084
vt 0.527645 0.461391
vt 0.097922 0.743094
vt 0.542234 0.462269
vt 0.14219 0.743319
vt 0.915143 0.288407
vt 0.916177 0.295622
vt 0.913137 0.302634
vt 0.505631 0.438459
vt 0.501015 0.451875
vt 0.494274 0.438883
vt 0.514927 0.44726
vt 0.079258 0.744612
vt 0.125889 0.743022
vt 0.485314 0.400154
vt 0.569961 0.448807
vt 0.558378 0.454253
vt 0.531326 0.449607
vt 0.544653 0.452262
vt 0.117386 0.732805
vt 0.141149 0.730817
vt 0.099544 0.73197
vt 0.587186 0.423184
vt 0.588562 0.428432
vt 0.526262 0.440685
vt 0.074646 0.732851
vt 0.508718 0.404877
vt 0.692536 0.114245
vt 0.68271 0.11631
vt 0.688127 0.113989
vt 0.603621 0.402961
vt 0.511358 0.421383
vt 0.676825 0.127904
vt 0.722984 0.778185
vt 0.584609 0.41495
vt 0.095993 0.723249
vt 0.076645 0.722669
vt 0.517617 0.41176
vt 0.50173 0.591127
vt 0.107234 0.719189
vt 0.588236 0.396857
vt 0.593828 0.40514
vt 0.595789 0.391131
vt 0.500832 0.593373
vt 0.540748 0.610383
vt 0.712437 0.817495
vt 0.128211 0.719687
vt 0.115682 0.711679
vt 0.50181 0.581302
vt 0.511327 0.586152
vt 0.06214 0.725999
vt 0.082275 0.710212
vt 0.510269 0.581412
vt 0.144928 0.719572
vt 0.517339 0.584262
vt 0.532085 0.58955
vt 0.538726 0.584261
vt 0.067625 0.712365
vt 0.091105 0.70331
vt 0.106879 0.707861
vt 0.144795 0.711036
vt 0.57771 0.388911
vt 0.133527 0.710334
vt 0.623937 0.093964
vt 0.130562 0.620449
vt 0.124686 0.624501
vt 0.113486 0.704743
vt 0.52807 0.579522
vt 0.520441 0.577075
vt 0.054821 0.710953
vt 0.067039 0.702971
vt 0.535415 0.578985
vt 0.543662 0.577976
vt 0.552171 0.577711
vt 0.137072 0.625627
vt 0.576546 0.3766
vt 0.150073 0.701764
vt 0.572505 0.377664
vt 0.575508 0.371675
vt 0.05581 0.696994
vt 0.560592 0.574572
vt 0.046531 0.687655
vt 0.611904 0.560404
vt 0.240272 0.573972
vt 0.018009 0.697171
vt 0.150302 0.540024
vt 0.249629 0.558782
vt 0.248883 0.564722
vt 0.242422 0.566173
vt 0.104789 0.652366
vt 0.225373 0.570029
vt 0.255567 0.549608
vt 0.254564 0.555198
vt 0.024402 0.686091
vt 0.237009 0.5603
vt 0.120849 0.652842
vt 0.142069 0.648728
vt 0.20184 0.574103
vt 0.260675 0.533997
vt 0.263158 0.542236
vt 0.040119 0.664681
vt 0.216106 0.565258
vt 0.032852 0.672619
vt 0.031056 0.677623
vt 0.173764 0.546451
vt 0.117399 0.646085
vt 0.41691 0.929009
vt 0.270659 0.530147
vt 0.929772 0.280858
vt 0.272642 0.523841
vt 0.362234 0.924756
vt 0.263005 0.667123
vt 0.940045 0.288768
vt 0.920808 0.08291
vt 0.26548 0.670823
vt 0.253602 0.668868
vt 0.47242 0.931562
vt 0.93242 0.252203
vt 0.684095 0.549485
vt 0.921946 0.085895
vt 0.187479 0.539749
vt 0.47815 0.932393
vt 0.948655 0.277872
vt 0.943927 0.29081
vt 0.94343 0.29418
vt 0.950138 0.269398
vt 0.948037 0.302158
vt 0.950641 0.301776
vt 0.954008 0.299745
vt 0.707314 0.563238
vt 0.702947 0.560029
vt 0.958115 0.297447
vt 0.708152 0.55809
vt 0.706022 0.556563
vt 0.181952 0.667488
vt 0.958102 0.299069
vt 0.711179 0.566119
vt 0.710382 0.56972
vt 0.238663 0.659614
vt 0.710835 0.556152
vt 0.179029 0.662857
vt 0.96078 0.257573
vt 0.963304 0.260213
vt 0.965111 0.263134
vt 0.495627 0.931934
vt 0.489484 0.937042
vt 0.491734 0.936142
vt 0.973703 0.272541
vt 0.974682 0.276398
vt 0.4794 0.962913
vt 0.478333 0.960909
vt 0.481 0.957545
vt 0.480355 0.968374
vt 0.477395 0.965672
vt 0.483619 0.959306
vt 0.477227 0.96954
vt 0.478361 0.972182
vt 0.197938 0.646387
vt 0.185599 0.639871
vt 0.17989 0.642017
vt 0.20347 0.647087
vt 0.199719 0.480818
vt 0.48119 0.973842
vt 0.208709 0.645183
vt 0.507341 0.983935
vt 0.48581 0.967837
vt 0.200964 0.645031
vt 0.496665 0.981084
vt 0.499054 0.983288
vt 0.19243 0.641557
vt 0.489385 0.973696
vt 0.493783 0.981962
vt 0.48769 0.976861
vt 0.491397 0.960414
vt 0.783702 0.183381
vt 0.458837 0.284241
vt 0.464445 0.282001
vt 0.460685 0.285539
vt 0.794007 0.181102
vt 0.788846 0.180205
vt 0.485888 0.298702
vt 0.46934 0.278298
vt 0.791855 0.178765
vt 0.798758 0.17884
vt 0.49537 0.301288
vt 0.475823 0.277699
vt 0.468212 0.281822
vt 0.80527 0.184113
vt 0.802126 0.179969
vt 0.47858 0.272816
vt 0.483409 0.265904
vt 0.50442 0.28748
vt 0.485888 0.260701
vt 0.485634 0.255963
vt 0.510409 0.284648
vt 0.949503 0.454313
vt 0.947743 0.457584
vt 0.183118 0.907285
vt 0.948315 0.454379
vt 0.521038 0.281361
vt 0.636588 0.323225
vt 0.352198 0.33509
vt 0.350743 0.338785
vt 0.979187 0.423148
vt 0.629202 0.286546
vt 0.631994 0.289355
vt 0.624462 0.315276
vt 0.629261 0.316437
vt 0.531035 0.283062
vt 0.345997 0.344782
vt 0.203848 0.886955
vt 0.52707 0.27129
vt 0.498788 0.22149
vt 0.61052 0.303366
vt 0.625168 0.281846
vt 0.47814 0.223514
vt 0.520796 0.252247
vt 0.468089 0.210811
vt 0.460885 0.209704
vt 0.486747 0.211164
vt 0.508068 0.210179
vt 0.604608 0.269253
vt 0.450074 0.200446
vt 0.478761 0.195734
vt 0.494478 0.197826
vt 0.546134 0.256904
vt 0.597331 0.264671
vt 0.447569 0.196923
vt 0.221382 0.847784
vt 0.46493 0.197153
vt 0.510899 0.200376
vt 0.476345 0.192489
vt 0.540059 0.201496
vt 0.556491 0.261063
vt 0.714844 0.256774
vt 0.429698 0.1965
vt 0.423707 0.197191
vt 0.489604 0.192311
vt 0.549982 0.253465
vt 0.231904 0.845898
vt 0.240174 0.847834
vt 0.24378 0.846226
vt 0.247365 0.846559
vt 0.248172 0.847842
vt 0.153462 0.417254
vt 0.148334 0.419019
vt 0.163075 0.417809
vt 0.157075 0.418533
vt 0.127623 0.41349
vt 0.126179 0.415806
vt 0.117633 0.413677
vt 0.170114 0.416818
vt 0.184006 0.413795
vt 0.490412 0.19056
vt 0.482634 0.191763
vt 0.513209 0.191561
vt 0.209339 0.845721
vt 0.239007 0.845156
vt 0.217885 0.409623
vt 0.227176 0.408031
vt 0.219046 0.410757
vt 0.501421 0.191186
vt 0.523786 0.190964
vt 0.235242 0.844509
vt 0.497404 0.189849
vt 0.230853 0.84419
vt 0.232349 0.406267
vt 0.232243 0.404934
vt 0.502474 0.189291
vt 0.532591 0.190536
vt 0.717942 0.244746
vt 0.220373 0.843437
vt 0.223865 0.843004
vt 0.111207 0.411798
vt 0.116035 0.413924
vt 0.113172 0.409321
vt 0.236851 0.404566
vt 0.211897 0.842291
vt 0.101063 0.406722
vt 0.102035 0.408821
vt 0.115445 0.403634
vt 0.700655 0.229258
vt 0.205445 0.841555
vt 0.216193 0.841905
vt 0.097665 0.407969
vt 0.094628 0.405383
vt 0.16381 0.400635
vt 0.558099 0.197296
vt 0.128492 0.399506
vt 0.549002 0.188968
vt 0.082867 0.400125
vt 0.088451 0.403602
vt 0.726685 0.24066
vt 0.096521 0.401135
vt 0.142412 0.390145
vt 0.715078 0.235764
vt 0.618874 0.202787
vt 0.73695 0.249767
vt 0.111299 0.383839
vt 0.576823 0.20904
vt 0.006787 0.4638
vt 0.216529 0.393646
vt 0.208613 0.392807
vt 0.676119 0.202543
vt 0.73649 0.248612
vt 0.733165 0.240779
vt 0.124075 0.37628
vt 0.158286 0.380179
vt 0.176188 0.380434
vt 0.668295 0.195557
vt 0.673338 0.197639
vt 0.58796 0.195839
vt 0.634009 0.19476
vt 0.656383 0.194477
vt 0.681498 0.198302
vt 0.733607 0.235834
vt 0.192557 0.378431
vt 0.61041 0.193635
vt 0.659916 0.193415
vt 0.363399 0.295478
vt 0.363204 0.299325
vt 0.360423 0.304566
vt 0.656408 0.193067
vt 0.65328 0.193106
vt 0.356918 0.307047
vt 0.01136 0.453515
vt 0.146863 0.376511
vt 0.645605 0.19207
vt 0.676652 0.196409
vt 0.648858 0.192678
vt 0.352663 0.314544
vt 0.349542 0.31985
vt 0.345842 0.323968
vt 0.618137 0.191657
vt 0.627329 0.191663
vt 0.634671 0.190869
vt 0.339568 0.33221
vt 0.343522 0.329981
vt 0.352183 0.311784
vt 0.206451 0.356853
vt 0.211445 0.383415
vt 0.606959 0.189858
vt 0.621537 0.190529
vt 0.630338 0.190881
vt 0.223353 0.37575
vt 0.594964 0.189519
vt 0.614818 0.189907
vt 0.334973 0.333799
vt 0.360046 0.293704
vt 0.333113 0.340004
vt 0.32796 0.346805
vt 0.325672 0.347686
vt 0.370091 0.28078
vt 0.366631 0.292006
vt 0.369873 0.284352
vt 0.68869 0.199186
vt 0.601521 0.188974
vt 0.319355 0.352559
vt 0.321674 0.353252
vt 0.309917 0.362655
vt 0.35103 0.293419
vt 0.354206 0.299123
vt 0.346777 0.312097
vt 0.693867 0.202069
vt 0.187692 0.358571
vt 0.243657 0.368824
vt 0.366093 0.280005
vt 0.372212 0.279284
vt 0.584891 0.188656
vt 0.319513 0.318075
vt 0.589233 0.188247
vt 0.334644 0.298259
vt 0.369788 0.257446
vt 0.331238 0.330813
vt 0.358811 0.272271
vt 0.333029 0.270884
vt 0.357557 0.291557
vt 0.246343 0.317813
vt 0.273326 0.354275
vt 0.294028 0.347062
vt 0.284666 0.357985
vt 0.228178 0.32559
vt 0.302849 0.337683
vt 0.323404 0.341768
vt 0.176105 0.320111
vt 0.148783 0.348266
vt 0.315523 0.308153
vt 0.326552 0.298309
vt 0.368638 0.247758
vt 0.35305 0.252219
vt 0.316383 0.297851
vt 0.28077 0.323741
vt 0.041806 0.288869
vt 0.023445 0.292844
vt 0.020546 0.275396
vt 0.377334 0.220536
vt 0.387583 0.205409
vt 0.314423 0.269984
vt 0.039618 0.266954
vt 0.295269 0.319522
vt 0.366209 0.236185
vt 0.3716 0.225677
vt 0.37587 0.194588
vt 0.049063 0.276572
vt 0.344028 0.238026
vt 0.371705 0.210531
vt 0.278768 0.300767
vt 0.330773 0.229396
vt 0.363544 0.215177
vt 0.367276 0.187451
vt 0.322095 0.228996
vt 0.341317 0.212843
vt 0.302635 0.224828
vt 0.356613 0.18539
vt 0.367954 0.176764
vt 0.345002 0.200265
vt 0.170254 0.288073
vt 0.188874 0.295133
vt 0.171129 0.303898
vt 0.326372 0.210786
vt 0.202208 0.291003
vt 0.207361 0.292599
vt 0.181641 0.289299
vt 0.19193 0.290143
vt 0.110298 0.275856
vt 0.127806 0.308579
vt 0.106928 0.312022
vt 0.171534 0.285007
vt 0.206817 0.287627
vt 0.219034 0.282707
vt 0.21834 0.279654
vt 0.35746 0.165058
vt 0.186744 0.282131
vt 0.194512 0.283479
vt 0.327408 0.203445
vt 0.364024 0.160739
vt 0.225379 0.272396
vt 0.244585 0.282408
vt 0.223766 0.289795
vt 0.343326 0.171034
vt 0.333186 0.195722
vt 0.322928 0.17023
vt 0.156252 0.272849
vt 0.159975 0.287762
vt 0.151844 0.273477
vt 0.146162 0.255144
vt 0.13018 0.268852
vt 0.331079 0.162201
vt 0.178493 0.261583
vt 0.177936 0.2803
vt 0.163404 0.267928
vt 0.151613 0.262384
vt 0.172222 0.25565
vt 0.344646 0.149354
vt 0.167601 0.254044
vt 0.15031 0.253879
vt 0.30853 0.174739
vt 0.316866 0.182584
vt 0.320394 0.192968
vt 0.158912 0.25439
vt 0.17181 0.249058
vt 0.312731 0.196639
vt 0.174247 0.25127
vt 0.168608 0.249096
vt 0.175422 0.245965
vt 0.176872 0.248512
vt 0.299609 0.180318
vt 0.301336 0.175314
vt 0.176721 0.243416
vt 0.175074 0.243264
vt 0.175944 0.242724
vt 0.179308 0.24238
vt 0.172534 0.243745
vt 0.17724 0.240529
vt 0.1776 0.240463
vt 0.177608 0.240689
vt -0 0
vt 0.176639 0.239574
vt 0.181371 0.237792
vt 0.178495 0.24034
vt 0.180354 0.238655
vt 0.200286 0.237953
vt 0.202839 0.24341
vt 0.195292 0.239975
vt 0.184558 0.237693
vt 0.18018 0.237969
vt 0.184998 0.240239
vt 0.189636 0.240104
vt 0.190296 0.238184
vt 0.195491 0.237426
vt 0.340375 0.12272
vt 0.339438 0.133471
vt 0.32328 0.117946
vt 0.181042 0.234282
vt 0.184801 0.233848
vt 0.183888 0.237138
vt 0.181914 0.23793
vt 0.183919 0.236853
vt 0.1866 0.236689
vt 0.190934 0.236627
vt 0.2102 0.229272
vt 0.213588 0.237452
vt 0.185369 0.236703
vt 0.185672 0.236793
vt 0.184188 0.236502
vt 0.187179 0.236602
vt 0.187475 0.236744
vt 0.189223 0.234986
vt 0.196242 0.233407
vt 0.205014 0.226233
vt 0.18852 0.225587
vt 0.11764 0.15211
vt 0.112539 0.167862
vt 0.099807 0.153699
vt 0.173258 0.137495
vt 0.140261 0.152628
vt 0.177133 0.120197
vt 0.214603 0.111166
vt 0.209635 0.09821
vt 0.230306 0.103954
vt 0.194357 0.110707
vt 0.174102 0.095971
vt 0.232924 0.114655
vt 0.259775 0.856827
vt 0.264798 0.859749
vt 0.405911 0.207269
vt 0.253185 0.850524
vt 0.258257 0.853257
vt 0.260247 0.855263
vt 0.452703 0.19552
vt 0.462843 0.19392
vt 0.191537 0.859883
vt 0.19215 0.861742
vt 0.409812 0.199268
vt 0.404047 0.201658
vt 0.43828 0.19656
vt 0.442682 0.195931
vt 0.251961 0.848456
vt 0.40541 0.20006
vt 0.436372 0.196438
vt 0.184049 0.416903
vt 0.173492 0.41766
vt 0.449598 0.195343
vt 0.190226 0.415494
vt 0.187165 0.41691
vt 0.454819 0.194491
vt 0.130277 0.4177
vt 0.126677 0.416918
vt 0.2038 0.412484
vt 0.197632 0.414431
vt 0.470081 0.192426
vt 0.468084 0.192363
vt 0.21247 0.409194
vt 0.206158 0.413128
vt 0.213349 0.411682
vt 0.480188 0.191481
vt 0.511157 0.188998
vt 0.234954 0.401481
vt 0.245523 0.401568
vt 0.249087 0.398538
vt 0.252437 0.398374
vt 0.519797 0.188494
vt 0.259833 0.390274
vt 0.53168 0.188132
vt 0.525694 0.188091
vt 0.264249 0.391332
vt 0.263012 0.393625
vt 0.54133 0.18821
vt 0.227925 0.391889
vt 0.268423 0.391234
vt 0.274395 0.387035
vt 0.271981 0.388958
vt 0.272631 0.384837
vt 0.54693 0.187363
vt 0.139267 0.840203
vt 0.248695 0.377621
vt 0.27843 0.383923
vt 0.049967 0.370124
vt 0.556518 0.189061
vt 0.207631 0.391461
vt 0.228263 0.384591
vt 0.285352 0.379814
vt 0.280194 0.384207
vt 0.562018 0.187508
vt 0.555114 0.187178
vt 0.28784 0.376091
vt 0.288491 0.379158
vt 0.10671 0.369957
vt 0.097236 0.840276
vt 0.101171 0.839445
vt 0.571445 0.190574
vt 0.091686 0.839534
vt 0.018833 0.327168
vt 0.5728 0.187139
vt 0.356245 0.310791
vt 0.090026 0.364812
vt 0.295821 0.373833
vt 0.298719 0.369087
vt 0.040788 0.329294
vt 0.098875 0.358513
vt 0.305042 0.367439
vt 0.122069 0.366647
vt 0.311964 0.356745
vt 0.071902 0.337777
vt 0.082931 0.345932
vt 0.005952 0.277509
vt 0.077248 0.331911
vt 0.086585 0.342088
vt 0.100439 0.346916
vt 0.11633 0.335899
vt 0.069664 0.308105
vt 0.014704 0.266419
vt 0.013415 0.251806
vt 0.629573 0.910319
vt 0.014175 0.104473
vt 0.011641 0.112506
vt 0.023036 0.252282
vt 0.019225 0.231576
vt 0.620609 0.909672
vt 0.019093 0.100362
vt 0.612564 0.906633
vt 0.048406 0.263391
vt 0.081526 0.287875
vt 0.026525 0.097237
vt 0.039021 0.220097
vt 0.607991 0.905944
vt 0.021345 0.09288
vt 0.037485 0.100627
vt 0.048329 0.240591
vt 0.068764 0.262134
vt 0.027824 0.083484
vt 0.021243 0.087252
vt 0.038564 0.087836
vt 0.068809 0.23997
vt 0.049698 0.223238
vt 0.051257 0.184651
vt 0.055919 0.200547
vt 0.25356 0.251299
vt 0.279394 0.25505
vt 0.055161 0.212674
vt 0.069427 0.222567
vt 0.56697 0.917622
vt 0.16511 0.282911
vt 0.206564 0.278536
vt 0.065383 0.184176
vt 0.188276 0.273805
vt 0.212947 0.275683
vt 0.358498 0.149713
vt 0.564902 0.901198
vt 0.56771 0.900899
vt 0.103491 0.251156
vt 0.215242 0.269756
vt 0.23382 0.262013
vt 0.31801 0.208953
vt 0.040915 0.073196
vt 0.193755 0.265767
vt 0.221438 0.260505
vt 0.227831 0.260961
vt 0.349138 0.138527
vt 0.186434 0.265393
vt 0.201156 0.256914
vt 0.21257 0.257238
vt 0.229714 0.247997
vt 0.273286 0.203
vt 0.063046 0.059664
vt 0.057336 0.076212
vt 0.176889 0.254438
vt 0.222124 0.253126
vt 0.227316 0.252137
vt 0.184819 0.255721
vt 0.194881 0.248174
vt 0.102925 0.222151
vt 0.181954 0.251155
vt 0.23595 0.236378
vt 0.080793 0.204436
vt 0.200738 0.249024
vt 0.324952 0.144775
vt 0.145707 0.237398
vt 0.188558 0.248067
vt 0.218917 0.242487
vt 0.223876 0.2403
vt 0.311305 0.170702
vt 0.313469 0.156463
vt 0.157318 0.241457
vt 0.199028 0.24453
vt 0.150747 0.242716
vt 0.225463 0.234642
vt 0.301714 0.157104
vt 0.30752 0.144538
vt 0.163196 0.236699
vt 0.233805 0.208175
vt 0.295701 0.169432
vt 0.217635 0.229552
vt 0.153944 0.237834
vt 0.301983 0.163911
vt 0.121563 0.199375
vt 0.220639 0.225736
vt 0.156636 0.225994
vt 0.159146 0.227526
vt 0.302516 0.128892
vt 0.173546 0.225755
vt 0.213114 0.225117
vt 0.525246 0.831802
vt 0.225117 0.185327
vt 0.148557 0.207314
vt 0.19539 0.221152
vt 0.201838 0.218397
vt 0.291992 0.145428
vt 0.208066 0.219029
vt 0.28829 0.133274
vt 0.171103 0.218542
vt 0.182793 0.215191
vt 0.190254 0.214831
vt 0.243226 0.17011
vt 0.287488 0.148734
vt 0.293816 0.121727
vt 0.308287 0.116696
vt 0.200359 0.214363
vt 0.222128 0.207777
vt 0.314414 0.103836
vt 0.53219 0.828425
vt 0.167646 0.217
vt 0.306143 0.104532
vt 0.129661 0.079796
vt 0.136133 0.070675
vt 0.144252 0.072222
vt 0.516477 0.833423
vt 0.118979 0.0874
vt 0.103619 0.100057
vt 0.11247 0.08833
vt 0.128703 0.088024
vt 0.182518 0.209265
vt 0.206495 0.193406
vt 0.270634 0.079489
vt 0.141057 0.084541
vt 0.149864 0.186601
vt 0.273583 0.134172
vt 0.266805 0.077385
vt 0.158253 0.070401
vt 0.287062 0.098776
vt 0.269759 0.082962
vt 0.124391 0.12121
vt 0.115488 0.125067
vt 0.116683 0.104693
vt 0.173548 0.190687
vt 0.271706 0.137889
vt 0.292633 0.094216
vt 0.262111 0.091377
vt 0.246479 0.08463
vt 0.278273 0.151465
vt 0.252508 0.13451
vt 0.246936 0.102341
vt 0.135173 0.096938
vt 0.257685 0.113499
vt 0.152223 0.089767
vt 0.259449 0.126762
vt 0.222415 0.158624
vt 0.246684 0.121175
vt 0.1994 0.121405
vt 0.228197 0.124465
vt 0.195338 0.146514
vt 0.519805 0.829459
vt 0.045411 0.36765
vt 0.690054 0.899577
vt 0.683729 0.887723
vt 0.050409 0.844706
vt 0.057667 0.842441
vt 0.01118 0.301584
vt 0.008292 0.28863
vt 0.053462 0.842255
vt 0.676128 0.870963
vt 0.667118 0.878946
vt 0.667923 0.853979
vt 0.658265 0.863781
vt 0.166884 0.655517
vt 0.152263 0.647029
vt 0.166214 0.651659
vt 0.167399 0.652926
vt 0.1128 0.646146
vt 0.110813 0.645781
vt 0.148026 0.645448
vt 0.158249 0.646898
vt 0.673352 0.535785
vt 0.670672 0.534348
vt 0.672161 0.533324
vt 0.128498 0.644559
vt 0.640873 0.841159
vt 0.119795 0.644071
vt 0.134698 0.643437
vt 0.45728 0.936201
vt 0.45197 0.936154
vt 0.448271 0.931492
vt 0.429107 0.930395
vt 0.469123 0.936616
vt 0.461926 0.938267
vt 0.606823 0.889319
vt 0.608941 0.891928
vt 0.449578 0.921964
vt 0.461214 0.928666
vt 0.434989 0.924522
vt 0.439208 0.931822
vt 0.04088 0.113553
vt 0.601981 0.889943
vt 0.041921 0.107512
vt 0.629518 0.846727
vt 0.44433 0.911716
vt 0.045223 0.107702
vt 0.595089 0.888158
vt 0.651199 0.836049
vt 0.048702 0.104507
vt 0.047073 0.109016
vt 0.64376 0.833351
vt 0.046459 0.101698
vt 0.049909 0.105257
vt 0.62307 0.837356
vt 0.031107 0.17831
vt 0.630587 0.834496
vt 0.635535 0.834332
vt 0.037734 0.175164
vt 0.454115 0.895716
vt 0.048664 0.09283
vt 0.054203 0.098932
vt 0.581012 0.887317
vt 0.585531 0.887668
vt 0.037086 0.166336
vt 0.623688 0.83319
vt 0.054915 0.094074
vt 0.614679 0.834741
vt 0.043481 0.160061
vt 0.036763 0.163325
vt 0.045354 0.169851
vt 0.031611 0.075456
vt 0.049215 0.080223
vt 0.057939 0.094817
vt 0.057234 0.097135
vt 0.061765 0.085009
vt 0.497635 0.919112
vt 0.491588 0.922861
vt 0.097487 0.027052
vt 0.103907 0.024759
vt 0.062028 0.091265
vt 0.569195 0.886528
vt 0.574035 0.886862
vt 0.052594 0.159578
vt 0.054707 0.149239
vt 0.095894 0.005072
vt 0.09647 0.006585
vt 0.090277 0.00504702
vt 0.601483 0.832439
vt 0.046491 0.149008
vt 0.054586 0.143588
vt 0.057733 0.16033
vt 0.500159 0.926534
vt 0.065074 0.086964
vt 0.607715 0.832204
vt 0.498815 0.929821
vt 0.067735 0.164264
vt 0.501479 0.916028
vt 0.088219 0.020535
vt 0.973507 0.269072
vt 0.972867 0.266912
vt 0.068868 0.083239
vt 0.088669 0.039351
vt 0.093687 0.030078
vt 0.511836 0.920427
vt 0.085267 0.00647998
vt 0.067694 0.077828
vt 0.055372 0.139237
vt 0.061066 0.13441
vt 0.068828 0.141414
vt 0.089911 0.032918
vt 0.507296 0.912987
vt 0.503983 0.914724
vt 0.511379 0.912018
vt 0.082849 0.020899
vt 0.490267 0.950617
vt 0.488276 0.944869
vt 0.493437 0.942831
vt 0.485098 0.950654
vt 0.48165 0.953434
vt 0.591836 0.831354
vt 0.5105 0.924554
vt 0.504877 0.926869
vt 0.502175 0.92754
vt 0.072638 0.079323
vt 0.552475 0.886839
vt 0.065115 0.135002
vt 0.077748 0.015176
vt 0.497109 0.938295
vt 0.073823 0.073791
vt 0.069589 0.12748
vt 0.071744 0.143453
vt 0.084638 0.161718
vt 0.08561 0.034068
vt 0.514282 0.922506
vt 0.078995 0.023043
vt 0.078694 0.012212
vt 0.548523 0.888475
vt 0.076824 0.181665
vt 0.07626 0.041769
vt 0.070475 0.020297
vt 0.509278 0.93298
vt 0.503368 0.934288
vt 0.079686 0.049939
vt 0.519713 0.910809
vt 0.543314 0.888861
vt 0.078947 0.037667
vt 0.519423 0.920579
vt 0.075655 0.02618
vt 0.073996 0.016522
vt 0.080095 0.069477
vt 0.077999 0.072811
vt 0.579178 0.831982
vt 0.512313 0.929548
vt 0.527267 0.910765
vt 0.527814 0.917145
vt 0.066229 0.024928
vt 0.538022 0.907011
vt 0.06269 0.049646
vt 0.073072 0.119411
vt 0.077737 0.120152
vt 0.075845 0.133711
vt 0.080875 0.135946
vt 0.525138 0.908602
vt 0.07085 0.029565
vt 0.080728 0.123043
vt 0.089025 0.146617
vt 0.063727 0.032749
vt 0.068215 0.032903
vt 0.540651 0.904719
vt 0.078352 0.114893
vt 0.084704 0.065706
vt 0.539773 0.890614
vt 0.065693 0.045041
vt 0.070415 0.040757
vt 0.085975 0.107324
vt 0.094517 0.135986
vt 0.093625 0.11717
vt 0.090544 0.111484
vt 0.448911 0.839165
vt 0.492464 0.838015
vt 0.099416 0.119401
vt 0.19384 0.044032
vt 0.182578 0.048311
vt 0.188719 0.044685
vt 0.452265 0.837307
vt 0.501735 0.836332
vt 0.097102 0.102439
vt 0.104133 0.108056
vt 0.178597 0.051478
vt 0.458122 0.835133
vt 0.465815 0.83427
vt 0.459927 0.834362
vt 0.476412 0.834636
vt 0.114978 0.13498
vt 0.153706 0.063136
vt 0.168598 0.056485
vt 0.125665 0.136251
vt 0.172868 0.069226
vt 0.490393 0.831524
vt 0.129896 0.075129
vt 0.507528 0.831262
vt 0.113632 0.100163
vt 0.139226 0.178673
vt 0.514413 0.830301
vt 0.203454 0.073261
vt 0.216033 0.077083
vt 0.163145 0.07677
vt 0.154613 0.083455
vt 0.132321 0.09358
vt 0.154812 0.163289
vt 0.228644 0.088197
vt 0.207914 0.084875
vt 0.196064 0.077792
vt 0.14331 0.124895
vt 0.182819 0.083642
vt 0.166805 0.084853
vt 0.16337 0.110634
vt 0 0
vt 1 0
vt 0.151126 0.110361
vt 0.315715 0
vt 0 0.278751
vt 0.137836 0.193536
vt 0.178128 0
vt 1 0.648799

g debugger_10k:Mesh
f 1/1/1 2/2/2 3/3/3
f 1/1/1 3/3/3 4/4/4
f 5/5/5 1/1/1 4/4/4
f 5/5/5 6/6/6 1/1/1
f 7/7/7 6/6/6 5/5/5
f 8/8/8 6/6/6 7/7/7
f 9/9/9 10/10/10 4/4/4
f 7/7/7 5/5/5 10/10/10
f 11/11/11 7/7/7 10/10/10
f 12/12/12 8/8/8 7/7/7
f 13/13/13 14/14/14 15/15/15
f 11/11/11 10/10/10 9/9/9
f 16/16/16 12/12/12 7/7/7
f 17/17/17 14/18/14 13/19/13
f 18/20/18 17/17/17 13/19/13
f 19/21/19 7/7/7 11/11/11
f 16/16/16 7/7/7 19/21/19
f 20/22/20 18/20/18 13/19/13
f 20/22/20 13/19/13 15/23/15
f 21/24/21 18/20/18 20/22/20
f 22/25/22 16/16/16 19/21/19
f 20/26/20 15/15/15 23/27/23
f 24/28/24 16/16/16 22/25/22
f 11/11/11 9/9/9 25/29/25
f 25/29/25 26/30/26 11/11/11
f 27/31/27 22/25/22 19/21/19
f 28/32/28 11/11/11 26/30/26
f 27/31/27 19/21/19 28/32/28
f 29/33/29 21/24/21 20/22/20
f 30/34/30 31/35/31 32/36/32
f 33/37/33 26/30/26 25/29/25
f 34/38/34 28/32/28 26/30/26
f 34/38/34 27/31/27 28/32/28
f 35/39/35 36/40/36 37/41/37
f 38/42/38 26/30/26 33/37/33
f 39/43/39 22/25/22 27/31/27
f 40/44/40 24/28/24 22/25/22
f 41/45/41 42/46/42 24/28/24
f 38/42/38 34/38/34 26/30/26
f 43/47/43 38/42/38 33/37/33
f 44/48/44 27/31/27 34/38/34
f 40/44/40 22/25/22 39/43/39
f 45/49/45 32/36/32 46/50/46
f 38/42/38 44/48/44 34/38/34
f 44/48/44 39/43/39 27/31/27
f 47/51/47 48/52/48 49/53/49
f 47/51/47 50/54/50 51/55/51
f 46/56/46 51/55/51 50/54/50
f 45/57/45 46/56/46 50/54/50
f 52/58/52 53/59/53 54/60/54
f 55/61/55 56/62/56 53/59/53
f 47/51/47 51/55/51 48/52/48
f 52/58/52 54/60/54 57/63/57
f 58/64/58 33/37/33 59/65/59
f 60/66/60 45/57/45 50/54/50
f 55/61/55 53/59/53 52/58/52
f 61/67/61 38/42/38 43/47/43
f 62/68/62 44/48/44 63/69/63
f 64/70/64 37/41/37 65/71/65
f 66/72/66 45/49/45 60/73/60
f 67/74/67 37/41/37 64/70/64
f 55/61/55 52/58/52 68/75/68
f 59/65/59 69/76/69 70/77/70
f 71/78/71 59/65/59 70/77/70
f 67/74/67 64/70/64 72/79/72
f 73/80/73 74/81/74 75/82/75
f 68/75/68 52/58/52 76/83/76
f 77/84/77 55/61/55 68/75/68
f 78/85/78 79/86/79 80/87/80
f 78/88/78 81/89/81 79/90/79
f 82/91/82 81/89/81 78/88/78
f 83/92/83 84/93/84 85/94/85
f 86/95/86 87/96/87 88/97/88
f 89/98/89 87/96/87 86/95/86
f 90/99/90 78/85/78 80/87/80
f 91/100/91 82/91/82 78/88/78
f 90/99/90 91/101/91 78/85/78
f 92/102/92 91/101/91 90/99/90
f 68/75/68 76/83/76 93/103/93
f 94/104/94 77/84/77 68/75/68
f 95/105/95 92/102/92 90/99/90
f 96/106/96 91/100/91 92/107/92
f 96/106/96 97/108/97 91/100/91
f 93/103/93 76/83/76 97/108/97
f 96/109/96 92/102/92 95/105/95
f 98/110/98 68/75/68 93/103/93
f 99/111/99 96/109/96 95/105/95
f 100/112/100 97/108/97 96/106/96
f 101/113/101 95/105/95 102/114/102
f 99/111/99 95/105/95 101/113/101
f 100/112/100 96/106/96 99/115/99
f 103/116/103 100/112/100 99/115/99
f 100/112/100 93/103/93 97/108/97
f 103/117/103 99/111/99 101/113/101
f 98/110/98 93/103/93 104/118/104
f 105/119/105 93/103/93 100/112/100
f 106/120/106 107/121/107 101/113/101
f 103/117/103 101/113/101 107/121/107
f 108/122/108 103/117/103 107/121/107
f 108/123/108 100/112/100 103/116/103
f 109/124/109 110/125/110 111/126/111
f 112/127/112 109/124/109 111/126/111
f 113/128/113 114/129/114 115/130/115
f 105/119/105 100/112/100 108/123/108
f 104/118/104 93/103/93 105/119/105
f 116/131/116 117/132/117 118/133/118
f 119/134/119 120/135/120 121/136/121
f 122/137/122 113/128/113 115/130/115
f 123/138/123 124/139/124 125/140/125
f 126/141/126 127/142/127 128/143/128
f 129/144/129 108/122/108 107/121/107
f 129/145/129 105/119/105 108/123/108
f 130/146/130 105/119/105 129/145/129
f 131/147/131 105/119/105 130/146/130
f 131/147/131 104/118/104 105/119/105
f 132/148/132 133/149/133 134/150/134
f 132/148/132 135/151/135 133/149/133
f 129/144/129 107/121/107 136/152/136
f 136/152/136 130/153/130 129/144/129
f 137/154/137 138/155/138 112/127/112
f 139/156/139 140/157/140 141/158/141
f 142/159/142 121/136/121 135/160/135
f 119/134/119 121/136/121 142/159/142
f 143/161/143 131/147/131 130/146/130
f 144/162/144 104/118/104 131/147/131
f 145/163/145 116/131/116 118/133/118
f 122/137/122 115/130/115 146/164/146
f 147/165/147 113/128/113 122/137/122
f 148/166/148 136/152/136 149/167/149
f 150/168/150 130/153/130 136/152/136
f 150/168/150 143/169/143 130/153/130
f 151/170/151 104/118/104 144/162/144
f 118/133/118 152/171/152 145/163/145
f 150/168/150 136/152/136 148/166/148
f 153/172/153 144/162/144 131/147/131
f 154/173/154 155/174/155 140/157/140
f 156/175/156 135/160/135 132/176/132
f 157/177/157 119/134/119 142/159/142
f 158/178/158 147/165/147 122/137/122
f 159/179/159 143/169/143 150/168/150
f 159/180/159 131/147/131 143/161/143
f 153/172/153 131/147/131 159/180/159
f 160/181/160 144/162/144 153/172/153
f 161/182/161 151/170/151 144/162/144
f 162/183/162 163/184/163 164/185/164
f 165/186/165 166/187/166 155/174/155
f 165/186/165 167/188/167 166/187/166
f 168/189/168 169/190/169 170/191/170
f 132/148/132 134/150/134 171/192/171
f 172/193/172 142/159/142 135/160/135
f 158/178/158 122/137/122 146/164/146
f 173/194/173 150/168/150 148/166/148
f 173/194/173 159/179/159 150/168/150
f 174/195/174 159/179/159 173/194/173
f 174/195/174 153/196/153 159/179/159
f 175/197/175 153/196/153 174/195/174
f 161/198/161 144/199/144 160/200/160
f 176/201/176 161/198/161 160/200/160
f 177/202/177 178/203/178 163/204/163
f 179/205/179 178/203/178 177/202/177
f 179/205/179 180/206/180 178/203/178
f 181/207/181 180/206/180 179/205/179
f 182/208/182 183/209/183 184/210/184
f 185/211/185 139/156/139 141/158/141
f 186/212/186 187/213/187 188/214/188
f 189/215/189 168/189/168 170/191/170
f 171/216/171 156/175/156 132/176/132
f 172/193/172 135/160/135 156/175/156
f 172/193/172 157/177/157 142/159/142
f 190/217/190 147/165/147 158/178/158
f 160/218/160 153/196/153 175/197/175
f 191/219/191 176/201/176 160/200/160
f 176/201/176 192/220/192 161/198/161
f 177/221/177 163/184/163 162/183/162
f 193/222/193 194/223/194 183/209/183
f 185/211/185 141/158/141 195/224/195
f 189/215/189 170/191/170 196/225/196
f 197/226/197 173/194/173 148/166/148
f 198/227/198 175/197/175 174/195/174
f 191/219/191 160/200/160 175/228/175
f 199/229/199 200/230/200 176/201/176
f 201/231/201 177/221/177 162/183/162
f 202/232/202 177/221/177 201/231/201
f 202/232/202 179/233/179 177/221/177
f 203/234/203 179/205/179 202/235/202
f 203/234/203 181/207/181 179/205/179
f 204/236/204 182/208/182 184/210/184
f 193/222/193 183/209/183 182/208/182
f 170/191/170 205/237/205 196/225/196
f 158/178/158 146/164/146 157/177/157
f 206/238/206 147/165/147 190/217/190
f 207/239/207 198/227/198 174/195/174
f 191/240/191 175/197/175 198/227/198
f 199/229/199 176/201/176 191/219/191
f 165/186/165 155/174/155 154/173/154
f 208/241/208 209/242/209 165/186/165
f 210/243/210 156/244/156 171/245/171
f 211/246/211 172/193/172 156/175/156
f 212/247/212 190/217/190 158/178/158
f 206/238/206 190/217/190 212/247/212
f 207/239/207 173/194/173 197/226/197
f 207/239/207 174/195/174 173/194/173
f 213/248/213 199/229/199 191/219/191
f 214/249/214 202/232/202 201/231/201
f 214/249/214 203/250/203 202/232/202
f 215/251/215 203/250/203 214/249/214
f 215/252/215 216/253/216 203/234/203
f 217/254/217 182/208/182 204/236/204
f 218/255/218 165/186/165 154/173/154
f 208/241/208 165/186/165 218/255/218
f 219/256/219 168/257/168 189/258/189
f 220/259/220 168/257/168 219/256/219
f 211/246/211 156/175/156 210/260/210
f 221/261/221 212/247/212 158/178/158
f 214/249/214 201/231/201 222/262/222
f 223/263/223 216/253/216 215/252/215
f 224/264/224 181/207/181 216/253/216
f 224/264/224 217/254/217 181/207/181
f 225/265/225 182/208/182 217/254/217
f 226/266/226 227/267/227 193/222/193
f 185/211/185 195/224/195 227/267/227
f 154/173/154 140/157/140 139/156/139
f 228/268/228 154/173/154 139/156/139
f 229/269/229 189/258/189 196/270/196
f 230/271/230 158/178/158 157/177/157
f 231/272/231 212/247/212 221/261/221
f 232/273/232 212/274/212 231/275/231
f 232/273/232 206/276/206 212/274/212
f 233/277/233 206/276/206 232/273/232
f 234/278/234 207/239/207 197/226/197
f 235/279/235 191/240/191 198/227/198
f 235/280/235 213/248/213 191/219/191
f 236/281/236 213/248/213 235/280/235
f 214/249/214 222/262/222 237/282/237
f 238/283/238 215/251/215 214/249/214
f 223/284/223 215/251/215 238/283/238
f 239/285/239 216/286/216 223/287/223
f 240/288/240 224/264/224 241/289/241
f 240/288/240 217/254/217 224/264/224
f 240/288/240 225/265/225 217/254/217
f 242/290/242 182/208/182 225/265/225
f 221/261/221 158/178/158 230/271/230
f 243/291/243 231/275/231 221/292/221
f 244/293/244 233/277/233 232/273/232
f 245/294/245 207/239/207 234/278/234
f 245/294/245 198/227/198 207/239/207
f 236/281/236 246/295/246 213/248/213
f 222/262/222 246/296/246 236/297/236
f 247/298/247 222/262/222 236/297/236
f 247/298/247 237/282/237 222/262/222
f 238/283/238 214/249/214 237/282/237
f 248/299/248 238/283/238 237/282/237
f 248/300/248 223/287/223 238/301/238
f 249/302/249 239/285/239 223/287/223
f 241/303/241 216/286/216 239/285/239
f 241/289/241 224/264/224 216/253/216
f 193/222/193 182/208/182 242/290/242
f 226/266/226 193/222/193 250/304/250
f 251/305/251 185/211/185 227/267/227
f 252/306/252 139/156/139 185/211/185
f 253/307/253 208/241/208 218/255/218
f 254/308/254 189/258/189 229/269/229
f 255/309/255 189/258/189 254/308/254
f 255/309/255 219/256/219 189/258/189
f 230/271/230 157/177/157 172/193/172
f 256/310/256 221/261/221 230/271/230
f 243/291/243 221/292/221 256/311/256
f 244/293/244 231/275/231 243/291/243
f 244/293/244 232/273/232 231/275/231
f 245/294/245 235/279/235 198/227/198
f 257/312/257 235/279/235 245/294/245
f 247/313/247 236/314/236 235/279/235
f 257/312/257 247/313/247 235/279/235
f 237/282/237 247/298/247 257/315/257
f 248/299/248 237/282/237 257/315/257
f 249/302/249 223/287/223 248/300/248
f 249/302/249 241/303/241 239/285/239
f 258/316/258 241/303/241 249/302/249
f 240/288/240 241/289/241 258/317/258
f 250/304/250 193/222/193 242/290/242
f 259/318/259 260/319/260 139/156/139
f 228/268/228 139/156/139 260/319/260
f 261/320/261 262/321/262 220/259/220
f 263/322/263 211/246/211 264/323/264
f 263/322/263 172/193/172 211/246/211
f 265/324/265 172/193/172 263/322/263
f 230/271/230 172/193/172 265/324/265
f 266/325/266 244/293/244 267/326/267
f 248/300/248 257/312/257 245/294/245
f 245/294/245 249/302/249 248/300/248
f 268/327/268 249/302/249 245/294/245
f 269/328/269 240/288/240 258/317/258
f 269/328/269 270/329/270 240/288/240
f 271/330/271 225/265/225 240/288/240
f 271/330/271 242/290/242 225/265/225
f 272/331/272 242/290/242 271/330/271
f 250/304/250 242/290/242 272/331/272
f 273/332/273 251/305/251 274/333/274
f 273/332/273 185/211/185 251/305/251
f 218/255/218 154/173/154 228/268/228
f 275/334/275 220/259/220 219/256/219
f 275/334/275 261/320/261 220/259/220
f 276/335/276 256/311/256 230/336/230
f 277/337/277 243/291/243 256/311/256
f 278/338/278 244/293/244 243/291/243
f 267/326/267 244/293/244 278/338/278
f 279/339/279 249/302/249 268/327/268
f 279/339/279 258/316/258 249/302/249
f 269/328/269 258/317/258 279/340/279
f 271/330/271 240/288/240 270/329/270
f 280/341/280 250/304/250 272/331/272
f 281/342/281 251/305/251 227/267/227
f 253/307/253 218/255/218 282/343/282
f 283/344/283 263/345/263 264/346/264
f 284/347/284 265/324/265 263/322/263
f 276/348/276 230/271/230 265/324/265
f 285/349/285 243/291/243 277/337/277
f 285/349/285 286/350/286 243/291/243
f 278/338/278 243/291/243 286/350/286
f 285/349/285 270/329/270 269/328/269
f 287/351/287 272/331/272 271/330/271
f 280/341/280 272/331/272 287/351/287
f 280/341/280 288/352/288 250/304/250
f 281/342/281 227/267/227 226/266/226
f 274/333/274 251/305/251 281/342/281
f 259/318/259 139/156/139 252/306/252
f 275/334/275 219/256/219 289/353/289
f 290/354/290 283/344/283 264/346/264
f 291/355/291 256/311/256 276/335/276
f 291/355/291 277/337/277 256/311/256
f 226/266/226 250/304/250 288/352/288
f 292/356/292 281/342/281 226/266/226
f 293/357/293 253/307/253 282/343/282
f 294/358/294 283/344/283 290/354/290
f 294/358/294 263/359/263 283/344/283
f 294/358/294 284/360/284 263/359/263
f 276/348/276 265/324/265 284/347/284
f 285/349/285 277/337/277 291/355/291
f 279/339/279 268/327/268 295/361/295
f 271/330/271 270/329/270 291/355/291
f 287/351/287 271/330/271 291/355/291
f 294/358/294 280/341/280 287/351/287
f 290/354/290 280/341/280 294/358/294
f 296/362/296 253/307/253 293/357/293
f 297/363/297 298/364/298 296/362/296
f 299/365/299 300/366/300 275/334/275
f 287/351/287 284/360/284 294/358/294
f 269/328/269 279/367/279 286/350/286
f 288/352/288 280/341/280 290/354/290
f 301/368/301 259/318/259 252/306/252
f 302/369/302 293/357/293 282/343/282
f 297/363/297 296/362/296 293/357/293
f 303/370/303 298/364/298 297/363/297
f 304/371/304 275/334/275 289/353/289
f 304/371/304 299/365/299 275/334/275
f 291/355/291 284/360/284 287/351/287
f 302/369/302 282/343/282 260/319/260
f 297/363/297 305/372/305 303/370/303
f 306/373/306 305/372/305 297/363/297
f 307/374/307 288/352/288 290/354/290
f 226/266/226 288/352/288 307/374/307
f 308/375/308 299/365/299 304/371/304
f 309/376/309 297/363/297 293/357/293
f 309/376/309 306/373/306 297/363/297
f 310/377/310 299/365/299 308/375/308
f 292/356/292 226/266/226 307/374/307
f 301/368/301 252/306/252 273/332/273
f 311/378/311 293/357/293 302/369/302
f 312/379/312 313/380/313 308/375/308
f 313/380/313 310/377/310 308/375/308
f 314/381/314 310/377/310 313/380/313
f 315/382/315 316/383/316 317/384/317
f 315/385/315 292/356/292 307/374/307
f 318/386/318 311/378/311 302/369/302
f 309/376/309 293/357/293 311/378/311
f 319/387/319 306/373/306 309/376/309
f 320/388/320 321/389/321 322/390/322
f 323/391/323 308/375/308 304/371/304
f 323/391/323 312/379/312 308/375/308
f 315/385/315 307/374/307 316/392/316
f 324/393/324 325/394/325 292/356/292
f 318/386/318 302/369/302 326/395/326
f 327/396/327 311/378/311 318/386/318
f 328/397/328 312/379/312 323/391/323
f 329/398/329 314/381/314 313/380/313
f 330/399/330 301/368/301 273/332/273
f 331/400/331 301/368/301 330/399/330
f 331/400/331 332/401/332 301/368/301
f 333/402/333 319/387/319 309/376/309
f 334/403/334 306/373/306 319/387/319
f 329/398/329 335/404/335 314/381/314
f 336/405/336 335/404/335 329/398/329
f 324/393/324 292/356/292 315/385/315
f 337/406/337 318/386/318 326/395/326
f 338/407/338 309/376/309 311/378/311
f 339/408/339 333/402/333 309/376/309
f 333/402/333 334/403/334 319/387/319
f 340/409/340 341/410/341 334/411/334
f 340/409/340 342/412/342 341/410/341
f 320/388/320 343/413/343 321/389/321
f 344/414/344 335/404/335 336/405/336
f 332/401/332 337/406/337 326/395/326
f 338/407/338 311/378/311 327/396/327
f 339/408/339 309/376/309 338/407/338
f 340/409/340 334/411/334 333/415/333
f 345/416/345 342/412/342 340/409/340
f 346/417/346 328/397/328 323/391/323
f 347/418/347 332/401/332 331/400/331
f 348/419/348 340/420/340 333/402/333
f 346/417/346 349/421/349 328/397/328
f 327/396/327 318/386/318 337/406/337
f 348/419/348 333/402/333 339/408/339
f 350/422/350 348/419/348 339/408/339
f 351/423/351 320/388/320 352/424/352
f 353/425/353 331/400/331 330/399/330
f 354/426/354 349/421/349 346/417/346
f 355/427/355 349/421/349 354/426/354
f 355/427/355 356/428/356 349/421/349
f 347/418/347 331/400/331 353/425/353
f 337/406/337 332/401/332 347/418/347
f 357/429/357 337/406/337 347/418/347
f 327/396/327 337/406/337 357/429/357
f 358/430/358 339/408/339 338/407/338
f 351/423/351 352/424/352 359/431/359
f 360/432/360 355/427/355 354/426/354
f 338/407/338 327/396/327 361/433/361
f 350/422/350 339/408/339 358/430/358
f 362/434/362 320/388/320 351/423/351
f 353/425/353 330/399/330 363/435/363
f 358/430/358 338/407/338 361/433/361
f 343/413/343 320/388/320 362/434/362
f 364/436/364 353/425/353 363/435/363
f 350/422/350 358/430/358 365/437/365
f 366/438/366 353/425/353 364/436/364
f 367/439/367 357/429/357 347/418/347
f 368/440/368 369/441/369 370/442/370
f 371/443/371 372/444/372 373/445/373
f 366/438/366 347/418/347 353/425/353
f 374/446/374 362/447/362 351/448/351
f 375/449/375 376/450/376 377/451/377
f 378/452/378 379/453/379 380/454/380
f 378/452/378 381/455/381 379/453/379
f 367/439/367 347/418/347 366/438/366
f 374/446/374 359/456/359 382/457/382
f 374/446/374 351/448/351 359/456/359
f 383/458/383 384/459/384 385/460/385
f 386/461/386 357/429/357 367/439/367
f 375/449/375 377/451/377 387/462/387
f 388/463/388 357/429/357 386/461/386
f 389/464/389 387/462/387 377/451/377
f 390/465/390 368/440/368 370/442/370
f 391/466/391 378/452/378 380/454/380
f 364/436/364 392/467/392 393/468/393
f 390/465/390 370/442/370 394/469/394
f 395/470/395 367/439/367 366/438/366
f 396/471/396 397/472/397 383/458/383
f 393/468/393 366/438/366 364/436/364
f 398/473/398 387/462/387 389/464/389
f 399/474/399 396/475/396 400/476/400
f 399/474/399 397/477/397 396/475/396
f 366/438/366 393/468/393 401/478/401
f 398/473/398 375/449/375 387/462/387
f 402/479/402 375/449/375 403/480/403
f 404/481/404 393/468/393 392/467/392
f 395/470/395 366/438/366 401/478/401
f 405/482/405 382/457/382 406/483/406
f 403/480/403 375/449/375 398/473/398
f 407/484/407 390/465/390 394/469/394
f 408/485/408 402/479/402 403/480/403
f 409/486/409 390/465/390 407/484/407
f 410/487/410 395/470/395 401/478/401
f 411/488/411 390/465/390 409/486/409
f 412/489/412 393/468/393 404/481/404
f 401/478/401 393/468/393 412/489/412
f 413/490/413 406/491/406 414/492/414
f 415/493/415 411/488/411 409/486/409
f 408/485/408 407/484/407 394/469/394
f 416/494/416 407/484/407 408/485/408
f 417/495/417 414/492/414 418/496/418
f 419/497/419 414/492/414 417/495/417
f 419/497/419 417/495/417 420/498/420
f 421/499/421 414/492/414 419/497/419
f 422/500/422 408/485/408 423/501/423
f 424/502/424 425/503/425 426/504/426
f 427/505/427 419/497/419 420/498/420
f 428/506/428 420/507/420 425/503/425
f 429/508/429 427/505/427 420/498/420
f 421/499/421 419/497/419 427/505/427
f 430/509/430 424/502/424 426/504/426
f 428/506/428 425/503/425 424/502/424
f 431/510/431 427/505/427 429/508/429
f 432/511/432 433/512/433 434/513/434
f 435/514/435 436/515/436 437/516/437
f 438/517/438 424/502/424 430/509/430
f 428/518/428 424/519/424 438/520/438
f 439/521/439 420/498/420 428/522/428
f 439/521/439 429/508/429 420/498/420
f 440/523/440 421/499/421 427/505/427
f 441/524/441 426/504/426 436/515/436
f 442/525/442 426/504/426 441/524/441
f 443/526/443 439/527/439 428/518/428
f 443/526/443 429/528/429 439/527/439
f 444/529/444 421/499/421 440/523/440
f 445/530/445 421/499/421 444/529/444
f 441/524/441 436/515/436 435/514/435
f 430/509/430 426/504/426 442/525/442
f 443/526/443 428/518/428 438/520/438
f 431/531/431 429/528/429 443/526/443
f 440/523/440 427/505/427 431/510/431
f 438/532/438 430/509/430 442/525/442
f 446/533/446 431/531/431 443/526/443
f 447/534/447 448/535/448 432/511/432
f 435/514/435 437/516/437 449/536/449
f 443/526/443 438/520/438 450/537/450
f 435/514/435 449/536/449 451/538/451
f 452/539/452 438/532/438 442/525/442
f 453/540/453 443/526/443 450/537/450
f 450/537/450 438/520/438 452/541/452
f 446/533/446 443/526/443 453/540/453
f 454/542/454 431/531/431 446/533/446
f 454/543/454 440/523/440 431/510/431
f 455/544/455 440/523/440 454/543/454
f 456/545/456 446/533/446 453/540/453
f 456/545/456 454/542/454 446/533/446
f 457/546/457 454/542/454 456/545/456
f 458/547/458 435/514/435 451/538/451
f 459/548/459 452/539/452 442/525/442
f 460/549/460 456/545/456 453/540/453
f 457/550/457 455/544/455 454/543/454
f 444/529/444 440/523/440 455/544/455
f 461/551/461 445/530/445 444/529/444
f 462/552/462 441/524/441 435/514/435
f 463/553/463 455/544/455 457/550/457
f 464/554/464 460/549/460 453/540/453
f 465/555/465 456/545/456 460/549/460
f 465/555/465 457/546/457 456/545/456
f 466/556/466 457/546/457 465/555/465
f 466/557/466 463/553/463 457/550/457
f 467/558/467 444/529/444 455/544/455
f 468/559/468 444/529/444 467/558/467
f 467/558/467 455/544/455 463/553/463
f 469/560/469 465/555/465 460/549/460
f 470/561/470 466/556/466 465/555/465
f 471/562/471 463/563/463 466/556/466
f 472/564/472 468/559/468 467/558/467
f 470/561/470 465/555/465 469/560/469
f 467/558/467 463/553/463 471/565/471
f 470/561/470 469/560/469 473/566/473
f 474/567/474 471/562/471 470/561/470
f 472/564/472 467/558/467 471/565/471
f 475/568/475 474/567/474 470/561/470
f 476/569/476 469/560/469 477/570/477
f 478/571/478 475/568/475 470/561/470
f 472/564/472 471/565/471 474/572/474
f 479/573/479 472/564/472 474/572/474
f 480/574/480 477/575/477 481/576/481
f 478/571/478 470/561/470 473/566/473
f 482/577/482 474/572/474 475/578/475
f 480/574/480 481/576/481 483/579/483
f 476/569/476 477/570/477 480/580/480
f 484/581/484 469/560/469 476/569/476
f 473/566/473 469/560/469 484/581/484
f 485/582/485 473/566/473 484/581/484
f 478/571/478 473/566/473 486/583/486
f 482/584/482 475/585/475 478/586/478
f 487/587/487 488/588/488 489/589/489
f 476/590/476 480/574/480 490/591/490
f 486/592/486 473/593/473 485/594/485
f 491/595/491 474/572/474 482/577/482
f 491/595/491 479/573/479 474/572/474
f 492/596/492 472/564/472 479/573/479
f 493/597/493 488/588/488 494/598/494
f 480/574/480 483/579/483 495/599/495
f 496/600/496 484/601/484 476/590/476
f 482/584/482 478/602/478 486/592/486
f 487/587/487 489/589/489 497/603/497
f 494/598/494 488/588/488 487/587/487
f 498/604/498 496/600/496 476/590/476
f 496/605/496 485/594/485 484/606/484
f 499/607/499 485/594/485 496/605/496
f 492/596/492 479/573/479 491/595/491
f 495/599/495 500/608/500 501/609/501
f 490/591/490 480/574/480 495/599/495
f 498/604/498 476/590/476 490/591/490
f 499/607/499 486/592/486 485/594/485
f 491/595/491 482/577/482 502/610/502
f 503/611/503 482/584/482 486/592/486
f 503/611/503 502/612/502 482/584/482
f 504/613/504 498/604/498 490/591/490
f 503/611/503 486/592/486 505/614/505
f 506/615/506 491/616/491 502/612/502
f 506/617/506 492/596/492 491/595/491
f 507/618/507 508/619/508 493/620/493
f 509/621/509 501/609/501 510/622/510
f 511/623/511 493/620/493 494/624/494
f 507/618/507 493/620/493 511/623/511
f 512/625/512 495/599/495 501/609/501
f 504/613/504 490/591/490 495/599/495
f 513/626/513 502/612/502 503/611/503
f 514/627/514 508/628/508 507/629/507
f 515/630/515 501/609/501 509/621/509
f 516/631/516 492/596/492 506/617/506
f 517/632/517 514/627/514 507/629/507
f 504/613/504 495/599/495 512/625/512
f 518/633/518 492/596/492 516/631/516
f 513/626/513 503/611/503 505/614/505
f 519/634/519 502/612/502 513/626/513
f 519/635/519 506/617/506 502/636/502
f 520/637/520 506/617/506 519/635/519
f 520/637/520 516/631/516 506/617/506
f 512/625/512 501/609/501 515/630/515
f 521/638/521 518/633/518 516/631/516
f 517/632/517 507/629/507 522/639/522
f 509/621/509 523/640/523 524/641/524
f 507/618/507 511/623/511 525/642/525
f 509/621/509 524/641/524 526/643/526
f 527/644/527 515/630/515 509/621/509
f 528/645/528 515/630/515 527/644/527
f 513/626/513 505/614/505 529/646/529
f 530/647/530 507/618/507 525/642/525
f 531/648/531 504/613/504 512/625/512
f 526/643/526 524/641/524 532/649/532
f 528/645/528 512/625/512 515/630/515
f 533/650/533 513/626/513 529/646/529
f 531/648/531 512/625/512 528/645/528
f 527/644/527 509/621/509 526/643/526
f 527/644/527 526/643/526 534/651/534
f 535/652/535 531/648/531 528/645/528
f 536/653/536 526/643/526 532/649/532
f 527/644/527 534/651/534 537/654/537
f 538/655/538 535/652/535 528/645/528
f 539/656/539 531/648/531 535/652/535
f 536/653/536 532/649/532 540/657/540
f 528/645/528 527/644/527 537/654/537
f 534/651/534 526/643/526 536/653/536
f 541/658/541 539/656/539 535/652/535
f 542/659/542 543/660/543 544/661/544
f 545/662/545 543/663/543 542/664/542
f 546/665/546 538/655/538 528/645/528
f 541/658/541 535/652/535 538/655/538
f 537/654/537 534/651/534 547/666/547
f 546/665/546 528/645/528 537/654/537
f 548/667/548 545/662/545 542/664/542
f 549/668/549 550/669/550 539/656/539
f 540/657/540 545/662/545 551/670/551
f 536/653/536 540/657/540 552/671/552
f 546/665/546 537/654/537 553/672/553
f 549/668/549 539/656/539 541/658/541
f 551/670/551 548/667/548 554/673/554
f 555/674/555 549/668/549 541/658/541
f 556/675/556 549/676/549 555/674/555
f 557/677/557 558/678/558 559/679/559
f 560/680/560 558/678/558 557/677/557
f 561/681/561 562/682/562 563/683/563
f 564/684/564 560/680/560 565/685/565
f 566/686/566 563/683/563 562/682/562
f 567/687/567 568/688/568 569/689/569
f 570/690/570 571/691/571 572/692/572
f 573/693/573 570/690/570 572/692/572
f 573/693/573 574/694/574 570/690/570
f 572/692/572 571/691/571 575/695/575
f 572/692/572 563/683/563 576/696/576
f 577/697/577 574/694/574 573/693/573
f 578/698/578 572/692/572 576/696/576
f 579/699/579 574/694/574 577/697/577
f 578/698/578 573/693/573 572/692/572
f 291/355/291 270/329/270 285/349/285
f 284/360/284 291/355/291 276/335/276
f 580/700/580 581/701/581 582/702/582
f 580/700/580 582/702/582 583/703/583
f 583/703/583 582/702/582 584/704/584
f 585/705/585 580/700/580 583/703/583
f 585/705/585 583/703/583 586/706/586
f 587/707/587 588/708/588 580/700/580
f 587/707/587 580/700/580 585/705/585
f 586/706/586 589/709/589 590/710/590
f 591/711/591 585/705/585 586/706/586
f 587/707/587 585/705/585 592/712/592
f 593/713/593 590/710/590 589/709/589
f 591/711/591 586/706/586 590/710/590
f 594/714/594 591/711/591 590/710/590
f 592/712/592 585/705/585 591/711/591
f 595/715/595 596/716/596 587/707/587
f 594/714/594 590/710/590 597/717/597
f 598/718/598 587/707/587 592/712/592
f 598/718/598 595/715/595 587/707/587
f 599/719/599 600/720/600 598/718/598
f 599/719/599 601/721/601 602/722/602
f 603/723/603 604/724/604 599/719/599
f 605/725/605 606/726/606 607/727/607
f 608/728/608 609/729/609 610/730/610
f 611/731/611 603/723/603 599/719/599
f 612/732/612 613/733/613 603/723/603
f 612/734/612 614/735/614 613/736/613
f 615/737/615 605/725/605 607/727/607
f 608/728/608 610/730/610 616/738/616
f 617/739/617 618/740/618 619/741/619
f 617/739/617 616/742/616 618/740/618
f 615/737/615 607/727/607 620/743/620
f 621/744/621 616/738/616 617/745/617
f 621/744/621 608/728/608 616/738/616
f 622/746/622 612/747/612 623/748/623
f 614/735/614 612/734/612 622/749/622
f 624/750/624 615/737/615 620/743/620
f 625/751/625 615/737/615 624/750/624
f 626/752/626 617/739/617 619/741/619
f 627/753/627 628/754/628 629/755/629
f 630/756/630 631/757/631 621/744/621
f 632/758/632 633/759/633 2/2/2
f 630/760/630 621/761/621 634/762/634
f 632/758/632 2/2/2 1/1/1
f 632/758/632 629/755/629 633/759/633
f 635/763/635 629/755/629 632/758/632
f 635/763/635 627/753/627 629/755/629
f 636/764/636 627/753/627 635/763/635
f 637/765/637 627/753/627 636/764/636
f 6/6/6 632/758/632 1/1/1
f 8/8/8 632/758/632 6/6/6
f 638/766/638 635/763/635 632/758/632
f 636/767/636 639/768/639 637/769/637
f 640/770/640 641/771/641 642/772/642
f 643/773/643 640/770/640 642/772/642
f 644/774/644 641/771/641 640/770/640
f 638/766/638 632/758/632 8/8/8
f 636/767/636 635/775/635 645/776/645
f 646/777/646 647/778/647 648/779/648
f 649/780/649 644/774/644 640/770/640
f 650/781/650 649/780/649 640/770/640
f 645/776/645 639/768/639 636/767/636
f 643/773/643 651/782/651 640/770/640
f 652/783/652 653/784/653 654/785/654
f 12/12/12 638/766/638 8/8/8
f 645/776/645 655/786/655 639/768/639
f 650/781/650 640/770/640 651/782/651
f 656/787/656 652/783/652 654/785/654
f 14/18/14 645/776/645 657/788/657
f 646/777/646 658/789/658 659/790/659
f 660/791/660 661/792/661 662/793/662
f 663/794/663 664/795/664 654/796/654
f 656/787/656 654/785/654 664/797/664
f 17/17/17 645/776/645 14/18/14
f 655/786/655 645/776/645 17/17/17
f 662/793/662 665/798/665 660/791/660
f 666/799/666 660/791/660 665/798/665
f 16/16/16 667/800/667 12/12/12
f 668/801/668 655/786/655 17/17/17
f 667/800/667 16/16/16 24/28/24
f 668/801/668 17/17/17 18/20/18
f 669/802/669 665/798/665 662/793/662
f 670/803/670 666/799/666 665/798/665
f 671/804/671 666/799/666 670/803/670
f 23/27/23 667/800/667 24/28/24
f 30/34/30 643/773/643 31/35/31
f 28/32/28 19/21/19 11/11/11
f 670/803/670 665/798/665 669/802/669
f 672/805/672 673/806/673 674/807/674
f 30/34/30 675/808/675 643/773/643
f 670/803/670 676/809/676 671/804/671
f 677/810/677 676/809/676 670/803/670
f 678/811/678 679/812/679 680/813/680
f 678/811/678 681/814/681 679/812/679
f 682/815/682 680/816/680 683/817/683
f 23/27/23 24/28/24 42/46/42
f 20/818/20 23/27/23 684/819/684
f 29/33/29 20/22/20 684/820/684
f 56/62/56 670/803/670 669/802/669
f 684/819/684 23/27/23 42/46/42
f 685/821/685 29/822/29 684/819/684
f 53/59/53 56/62/56 669/802/669
f 686/823/686 683/817/683 687/824/687
f 685/821/685 684/819/684 42/46/42
f 688/825/688 29/33/29 685/826/685
f 689/827/689 683/817/683 686/823/686
f 689/827/689 682/815/682 683/817/683
f 41/45/41 24/28/24 40/44/40
f 690/828/690 691/829/691 692/830/692
f 690/828/690 693/831/693 691/829/691
f 694/832/694 695/833/695 675/808/675
f 696/834/696 42/46/42 41/45/41
f 685/835/685 42/46/42 696/834/696
f 697/836/697 688/825/688 685/826/685
f 693/831/693 690/828/690 698/837/698
f 699/838/699 39/43/39 44/48/44
f 697/836/697 685/826/685 696/839/696
f 700/840/700 688/825/688 697/836/697
f 697/841/697 696/834/696 41/45/41
f 701/842/701 693/843/693 698/837/698
f 702/844/702 703/845/703 694/832/694
f 58/64/58 43/47/43 33/37/33
f 62/68/62 699/838/699 44/48/44
f 40/44/40 39/43/39 699/838/699
f 704/846/704 41/45/41 40/44/40
f 704/847/704 697/841/697 41/45/41
f 690/828/690 692/848/692 705/849/705
f 706/850/706 701/842/701 698/837/698
f 707/851/707 40/44/40 699/838/699
f 700/840/700 697/836/697 704/852/704
f 708/853/708 703/845/703 702/844/702
f 709/854/709 43/47/43 58/64/58
f 707/851/707 704/846/704 40/44/40
f 61/67/61 43/47/43 709/854/709
f 710/855/710 704/846/704 707/851/707
f 711/856/711 700/840/700 704/852/704
f 712/857/712 713/858/713 708/853/708
f 714/859/714 712/857/712 708/853/708
f 711/856/711 704/852/704 710/860/710
f 80/87/80 714/859/714 708/853/708
f 715/861/715 699/838/699 62/68/62
f 80/87/80 708/853/708 702/844/702
f 79/86/79 714/859/714 80/87/80
f 716/862/716 717/863/717 77/864/77
f 718/865/718 699/838/699 715/861/715
f 719/866/719 707/851/707 699/838/699
f 720/867/720 707/851/707 719/866/719
f 720/868/720 710/860/710 707/869/707
f 83/92/83 721/870/721 84/93/84
f 722/871/722 723/872/723 721/873/721
f 724/874/724 723/872/723 722/871/722
f 725/875/725 724/874/724 722/871/722
f 726/876/726 61/67/61 709/854/709
f 63/69/63 61/67/61 726/876/726
f 727/877/727 62/68/62 63/69/63
f 715/861/715 62/68/62 727/877/727
f 719/866/719 699/838/699 718/865/718
f 728/878/728 710/860/710 720/868/720
f 729/879/729 80/87/80 702/844/702
f 716/880/716 77/84/77 94/104/94
f 730/881/730 717/863/717 716/862/716
f 731/882/731 730/881/730 716/862/716
f 732/883/732 721/873/721 83/884/83
f 732/883/732 722/871/722 721/873/721
f 733/885/733 725/875/725 722/871/722
f 734/886/734 715/861/715 727/877/727
f 734/886/734 718/865/718 715/861/715
f 719/866/719 718/865/718 735/887/735
f 735/888/735 720/889/720 719/890/719
f 728/891/728 720/889/720 735/888/735
f 736/892/736 716/880/716 94/104/94
f 737/893/737 732/894/732 83/92/83
f 737/895/737 722/871/722 732/883/732
f 737/895/737 733/885/733 722/871/722
f 738/896/738 733/897/733 737/893/737
f 739/898/739 725/875/725 733/885/733
f 740/899/740 725/875/725 739/898/739
f 741/900/741 724/874/724 725/875/725
f 742/901/742 709/854/709 743/902/743
f 744/903/744 718/865/718 734/886/734
f 744/904/744 735/888/735 718/905/718
f 745/906/745 728/891/728 735/888/735
f 90/99/90 80/87/80 729/879/729
f 95/105/95 90/99/90 729/879/729
f 736/907/736 731/882/731 716/862/716
f 746/908/746 747/909/747 731/910/731
f 748/911/748 747/909/747 746/908/746
f 738/896/738 739/912/739 733/897/733
f 738/896/738 749/913/749 739/912/739
f 740/914/740 739/912/739 749/913/749
f 741/900/741 725/875/725 740/899/740
f 726/876/726 727/877/727 63/69/63
f 750/915/750 734/886/734 727/877/727
f 751/916/751 735/888/735 744/904/744
f 751/916/751 745/906/745 735/888/735
f 752/917/752 745/906/745 751/916/751
f 753/918/753 728/878/728 745/919/745
f 754/920/754 731/882/731 736/907/736
f 754/920/754 746/921/746 731/882/731
f 755/922/755 727/877/727 726/876/726
f 756/923/756 734/886/734 750/915/750
f 756/923/756 744/924/744 734/886/734
f 751/916/751 744/904/744 756/925/756
f 95/105/95 729/879/729 102/114/102
f 110/125/110 754/920/754 736/907/736
f 748/911/748 746/908/746 754/926/754
f 757/927/757 750/915/750 727/877/727
f 758/928/758 756/923/756 750/915/750
f 758/929/758 751/916/751 756/925/756
f 759/930/759 754/920/754 110/125/110
f 759/931/759 748/911/748 754/926/754
f 760/932/760 727/877/727 755/922/755
f 761/933/761 760/932/760 755/922/755
f 757/927/757 727/877/727 760/932/760
f 762/934/762 758/928/758 750/915/750
f 763/935/763 758/929/758 762/936/762
f 763/935/763 751/916/751 758/929/758
f 752/917/752 751/916/751 763/935/763
f 764/937/764 765/938/765 766/939/766
f 767/940/767 768/941/768 769/942/769
f 770/943/770 771/944/771 772/945/772
f 773/946/773 774/947/774 771/944/771
f 774/947/774 775/948/775 771/944/771
f 776/949/776 777/950/777 778/951/778
f 779/952/779 780/953/780 777/950/777
f 781/954/781 770/955/770 772/956/772
f 770/943/770 773/946/773 771/944/771
f 781/954/781 773/957/773 770/955/770
f 782/958/782 775/948/775 774/947/774
f 783/959/783 750/915/750 757/927/757
f 783/959/783 762/934/762 750/915/750
f 783/960/783 763/935/763 762/936/762
f 779/961/779 777/950/777 776/949/776
f 784/962/784 757/927/757 760/932/760
f 785/963/785 757/927/757 784/962/784
f 786/964/786 763/935/763 783/960/783
f 787/965/787 788/966/788 789/967/789
f 790/968/790 773/957/773 781/954/781
f 790/968/790 774/969/774 773/957/773
f 791/970/791 783/959/783 757/927/757
f 786/964/786 783/960/783 791/971/791
f 786/964/786 792/972/792 763/935/763
f 793/973/793 765/938/765 764/937/764
f 794/974/794 757/927/757 785/963/785
f 794/974/794 791/970/791 757/927/757
f 795/975/795 791/970/791 794/974/794
f 796/976/796 786/964/786 791/971/791
f 187/213/187 793/973/793 764/937/764
f 797/977/797 795/978/795 794/979/794
f 795/978/795 796/976/796 791/971/791
f 787/965/787 789/967/789 798/980/798
f 166/187/166 760/981/760 761/982/761
f 799/983/799 785/984/785 784/985/784
f 794/986/794 785/984/785 799/983/799
f 796/987/796 795/978/795 797/977/797
f 800/988/800 796/989/796 797/990/797
f 801/991/801 802/992/802 803/993/803
f 804/994/804 760/981/760 166/187/166
f 805/995/805 794/986/794 799/983/799
f 805/995/805 806/996/806 794/986/794
f 797/977/797 794/997/794 806/998/806
f 163/184/163 807/999/807 164/185/164
f 178/203/178 807/1000/807 163/204/163
f 801/1001/801 803/1002/803 808/1003/808
f 809/1004/809 793/973/793 187/213/187
f 810/1005/810 808/1003/808 811/1006/811
f 812/1007/812 793/973/793 809/1004/809
f 205/237/205 813/1008/813 814/1009/814
f 815/1010/815 787/965/787 816/1011/816
f 817/1012/817 808/1003/808 810/1005/810
f 216/253/216 181/207/181 203/234/203
f 815/1010/815 816/1011/816 818/1013/818
f 812/1007/812 809/1004/809 819/1014/819
f 820/1015/820 821/1016/821 822/1017/822
f 818/1013/818 816/1011/816 823/1018/823
f 821/1016/821 824/1019/824 822/1017/822
f 825/1020/825 826/1021/826 812/1007/812
f 820/1015/820 822/1017/822 827/1022/827
f 825/1020/825 812/1007/812 819/1014/819
f 827/1022/827 822/1017/822 828/1023/828
f 829/1024/829 826/1021/826 825/1020/825
f 830/1025/830 831/1026/831 832/1027/832
f 828/1023/828 822/1017/822 824/1019/824
f 833/1028/833 824/1019/824 831/1026/831
f 834/1029/834 818/1013/818 835/1030/835
f 834/1029/834 836/1031/836 818/1013/818
f 837/1032/837 838/1033/838 827/1022/827
f 834/1029/834 839/1034/839 836/1031/836
f 840/1035/840 829/1024/829 825/1020/825
f 831/1026/831 830/1025/830 833/1028/833
f 828/1023/828 824/1019/824 833/1028/833
f 827/1022/827 828/1023/828 841/1036/841
f 828/1023/828 833/1028/833 842/1037/842
f 843/1038/843 842/1037/842 833/1028/833
f 842/1037/842 841/1036/841 828/1023/828
f 839/1034/839 834/1029/834 369/441/369
f 844/1039/844 315/382/315 317/384/317
f 845/1040/845 846/1041/846 841/1036/841
f 843/1038/843 833/1028/833 847/1042/847
f 372/444/372 848/1043/848 839/1034/839
f 849/1044/849 850/1045/850 829/1024/829
f 841/1036/841 842/1037/842 851/1046/851
f 849/1044/849 829/1024/829 840/1035/840
f 852/1047/852 317/384/317 853/1048/853
f 854/1049/854 844/1039/844 317/384/317
f 845/1040/845 841/1036/841 851/1046/851
f 372/444/372 839/1034/839 369/441/369
f 854/1049/854 317/384/317 852/1047/852
f 855/1050/855 844/1051/844 854/1052/854
f 315/382/315 844/1039/844 324/1053/324
f 856/1054/856 842/1037/842 843/1038/843
f 857/1055/857 858/1056/858 855/1050/855
f 859/1057/859 854/1052/854 852/1058/852
f 855/1050/855 854/1052/854 857/1055/857
f 860/1059/860 858/1056/858 857/1055/857
f 851/1046/851 842/1037/842 856/1054/856
f 857/1055/857 854/1052/854 859/1057/859
f 845/1040/845 851/1046/851 861/1060/861
f 389/464/389 862/1061/862 863/1062/863
f 863/1062/863 845/1040/845 861/1060/861
f 864/1063/864 389/464/389 863/1062/863
f 861/1060/861 851/1046/851 865/1064/865
f 866/1065/866 861/1060/861 865/1064/865
f 867/1066/867 863/1062/863 861/1060/861
f 403/480/403 398/473/398 868/1067/868
f 869/1068/869 863/1062/863 867/1066/867
f 870/1069/870 403/480/403 868/1067/868
f 871/1070/871 869/1068/869 872/1071/872
f 459/548/459 442/525/442 441/524/441
f 873/1072/873 871/1070/871 874/1073/874
f 875/1074/875 452/539/452 459/548/459
f 875/1075/875 450/537/450 452/541/452
f 875/1075/875 453/540/453 450/537/450
f 464/554/464 453/540/453 875/1075/875
f 464/554/464 875/1075/875 876/1076/876
f 477/570/477 460/549/460 464/554/464
f 469/560/469 460/549/460 477/570/477
f 855/1050/855 324/393/324 844/1077/844
f 877/1078/877 878/1079/878 879/1080/879
f 877/1081/877 879/1082/879 880/1083/880
f 881/1084/881 878/1079/878 882/1085/882
f 883/1086/883 878/1079/878 884/1087/884
f 885/1088/885 881/1084/881 882/1085/882
f 886/1089/886 887/1090/887 888/1091/888
f 889/1092/889 878/1079/878 883/1086/883
f 889/1092/889 882/1085/882 878/1079/878
f 885/1088/885 882/1085/882 890/1093/890
f 891/1094/891 889/1092/889 883/1086/883
f 889/1092/889 890/1093/890 882/1085/882
f 892/1095/892 893/1096/893 885/1088/885
f 894/1097/894 885/1088/885 890/1093/890
f 892/1095/892 885/1088/885 894/1097/894
f 584/704/584 889/1092/889 891/1094/891
f 895/1098/895 890/1093/890 889/1092/889
f 896/1099/896 892/1095/892 894/1097/894
f 897/1100/897 887/1090/887 898/1101/898
f 584/704/584 891/1094/891 899/1102/899
f 900/1103/900 889/1092/889 584/704/584
f 895/1098/895 889/1092/889 900/1103/900
f 894/1097/894 890/1093/890 895/1098/895
f 582/702/582 900/1103/900 584/704/584
f 901/1104/901 896/1099/896 894/1097/894
f 902/1105/902 903/1106/903 904/1107/904
f 581/701/581 900/1103/900 582/702/582
f 905/1108/905 895/1098/895 900/1103/900
f 901/1104/901 894/1097/894 895/1098/895
f 905/1108/905 900/1103/900 581/701/581
f 906/1109/906 907/1110/907 908/1111/908
f 904/1107/904 909/1112/909 902/1105/902
f 910/1113/910 911/1114/911 912/1115/912
f 913/1116/913 896/1099/896 901/1104/901
f 914/1117/914 915/1118/915 916/1119/916
f 917/1120/917 895/1098/895 905/1108/905
f 917/1120/917 901/1104/901 895/1098/895
f 915/1118/915 912/1115/912 911/1114/911
f 918/1121/918 919/1122/919 910/1123/910
f 920/1124/920 921/1125/921 922/1126/922
f 923/1127/923 924/1128/924 925/1129/925
f 904/1107/904 924/1128/924 923/1127/923
f 912/1130/912 918/1121/918 910/1123/910
f 913/1116/913 901/1104/901 917/1120/917
f 909/1112/909 904/1107/904 926/1131/926
f 927/1132/927 928/1133/928 909/1112/909
f 929/1134/929 915/1118/915 914/1117/914
f 912/1115/912 915/1118/915 930/1135/930
f 931/1136/931 913/1116/913 917/1120/917
f 932/1137/932 920/1124/920 922/1126/922
f 925/1129/925 920/1124/920 932/1137/932
f 933/1138/933 927/1132/927 909/1112/909
f 930/1135/930 915/1118/915 929/1134/929
f 934/1139/934 908/1111/908 935/1140/935
f 917/1120/917 905/1108/905 581/701/581
f 936/1141/936 913/1116/913 931/1136/931
f 937/1142/937 913/1116/913 936/1141/936
f 929/1134/929 914/1117/914 938/1143/938
f 939/1144/939 912/1130/912 930/1145/930
f 940/1146/940 912/1130/912 939/1144/939
f 931/1136/931 917/1120/917 941/1147/941
f 942/1148/942 937/1142/937 936/1141/936
f 942/1148/942 943/1149/943 937/1142/937
f 925/1129/925 932/1137/932 944/1150/944
f 945/1151/945 917/1120/917 581/701/581
f 946/1152/946 936/1141/936 931/1136/931
f 947/1153/947 942/1148/942 936/1141/936
f 948/1154/948 943/1149/943 942/1148/942
f 949/1155/949 943/1149/943 948/1154/948
f 950/1156/950 943/1149/943 949/1155/949
f 950/1156/950 951/1157/951 943/1149/943
f 952/1158/952 923/1127/923 925/1129/925
f 939/1159/939 929/1134/929 938/1160/938
f 939/1159/939 930/1135/930 929/1134/929
f 940/1146/940 918/1121/918 912/1130/912
f 953/1161/953 936/1141/936 946/1152/946
f 953/1161/953 947/1153/947 936/1141/936
f 948/1162/948 942/1148/942 947/1153/947
f 954/1163/954 934/1164/934 935/1165/935
f 581/701/581 580/700/580 588/708/588
f 588/708/588 945/1151/945 581/701/581
f 955/1166/955 917/1120/917 945/1151/945
f 955/1166/955 941/1147/941 917/1120/917
f 931/1136/931 941/1147/941 956/1167/956
f 946/1152/946 931/1136/931 956/1167/956
f 957/1168/957 946/1152/946 956/1167/956
f 958/1169/958 947/1153/947 953/1161/953
f 958/1170/958 948/1171/948 947/1172/947
f 959/1173/959 948/1171/948 958/1170/958
f 959/1173/959 949/1174/949 948/1171/948
f 959/1173/959 950/1175/950 949/1174/949
f 960/1176/960 934/1164/934 954/1163/954
f 961/1177/961 946/1152/946 957/1168/957
f 958/1169/958 953/1161/953 962/1178/962
f 963/1179/963 959/1173/959 958/1170/958
f 964/1180/964 950/1175/950 959/1173/959
f 965/1181/965 932/1137/932 922/1126/922
f 961/1177/961 953/1161/953 946/1152/946
f 962/1178/962 953/1161/953 961/1177/961
f 958/1170/958 962/1182/962 963/1179/963
f 966/1183/966 964/1180/964 959/1173/959
f 967/1184/967 934/1185/934 960/1176/960
f 952/1158/952 925/1129/925 944/1150/944
f 968/1186/968 941/1147/941 955/1166/955
f 956/1167/956 941/1147/941 968/1186/968
f 962/1187/962 961/1177/961 957/1168/957
f 969/1188/969 962/1187/962 957/1168/957
f 965/1181/965 944/1150/944 932/1137/932
f 970/1189/970 944/1150/944 971/1190/971
f 972/1191/972 973/1192/973 918/1121/918
f 974/1193/974 973/1194/973 972/1195/972
f 974/1193/974 975/1196/975 973/1194/973
f 974/1197/974 976/1198/976 975/1199/975
f 977/1200/977 945/1151/945 588/708/588
f 977/1200/977 955/1166/955 945/1151/945
f 978/1201/978 956/1167/956 968/1186/968
f 979/1202/979 957/1168/957 956/1167/956
f 969/1188/969 957/1168/957 979/1202/979
f 980/1203/980 969/1204/969 979/1205/979
f 963/1179/963 962/1182/962 969/1204/969
f 981/1206/981 959/1173/959 963/1179/963
f 971/1190/971 944/1150/944 965/1181/965
f 970/1189/970 952/1158/952 944/1150/944
f 982/1207/982 940/1208/940 983/1209/983
f 984/1210/984 918/1121/918 940/1146/940
f 985/1211/985 972/1191/972 918/1121/918
f 986/1212/986 976/1213/976 974/1193/974
f 589/709/589 976/1198/976 986/1214/986
f 981/1206/981 963/1179/963 969/1204/969
f 979/1202/979 956/1167/956 978/1201/978
f 981/1206/981 969/1204/969 980/1203/980
f 987/1215/987 988/1216/988 989/1217/989
f 990/1218/990 987/1215/987 989/1217/989
f 991/1219/991 965/1181/965 967/1220/967
f 992/1221/992 982/1207/982 983/1209/983
f 984/1210/984 985/1211/985 918/1121/918
f 993/1222/993 972/1195/972 985/1223/985
f 986/1212/986 974/1193/974 972/1195/972
f 994/1224/994 986/1212/986 972/1195/972
f 977/1200/977 588/708/588 995/1225/995
f 978/1201/978 968/1186/968 996/1226/996
f 997/1227/997 979/1202/979 978/1201/978
f 980/1203/980 979/1205/979 997/1228/997
f 998/1229/998 980/1203/980 997/1228/997
f 981/1206/981 980/1203/980 999/1230/999
f 1000/1231/1000 1001/1232/1001 1002/1233/1002
f 990/1234/990 989/1235/989 1003/1236/1003
f 994/1224/994 972/1195/972 993/1222/993
f 997/1227/997 978/1201/978 1004/1237/1004
f 999/1230/999 980/1203/980 998/1229/998
f 1005/1238/1005 981/1206/981 999/1230/999
f 1006/1239/1006 971/1190/971 991/1219/991
f 1007/1240/1007 986/1212/986 994/1224/994
f 995/1225/995 588/708/588 596/716/596
f 1004/1237/1004 978/1201/978 996/1226/996
f 1008/1241/1008 1004/1237/1004 996/1226/996
f 998/1229/998 997/1228/997 1004/1242/1004
f 1009/1243/1009 1003/1236/1003 1000/1231/1000
f 1009/1243/1009 990/1234/990 1003/1236/1003
f 593/1244/593 986/1212/986 1007/1240/1007
f 593/713/593 589/709/589 986/1214/986
f 996/1226/996 968/1186/968 1010/1245/1010
f 1005/1238/1005 999/1230/999 1011/1246/1011
f 1012/1247/1012 987/1248/987 990/1234/990
f 1013/1249/1013 993/1222/993 1014/1250/1014
f 1013/1249/1013 994/1224/994 993/1222/993
f 1015/1251/1015 995/1225/995 596/716/596
f 1016/1252/1016 996/1226/996 1017/1253/1017
f 1018/1254/1018 1004/1242/1004 1008/1255/1008
f 998/1229/998 1004/1242/1004 1018/1254/1018
f 1012/1247/1012 990/1234/990 1009/1243/1009
f 1019/1256/1019 994/1224/994 1013/1249/1013
f 593/713/593 1007/1257/1007 1020/1258/1020
f 1008/1241/1008 996/1226/996 1016/1252/1016
f 1021/1259/1021 998/1229/998 1018/1260/1018
f 1021/1261/1021 999/1230/999 998/1229/998
f 1011/1246/1011 999/1230/999 1021/1261/1021
f 1022/1262/1022 1006/1239/1006 991/1219/991
f 1023/1263/1023 1008/1264/1008 1016/1265/1016
f 1024/1266/1024 1021/1267/1021 1018/1268/1018
f 1025/1269/1025 1021/1267/1021 1024/1266/1024
f 1026/1270/1026 1011/1246/1011 1021/1261/1021
f 1027/1271/1027 593/1272/593 1020/1273/1020
f 1028/1274/1028 596/716/596 595/715/595
f 1029/1275/1029 995/1225/995 1015/1251/1015
f 1023/1263/1023 1018/1268/1018 1008/1264/1008
f 1024/1266/1024 1018/1268/1018 1023/1263/1023
f 1026/1276/1026 1021/1267/1021 1025/1269/1025
f 1030/1277/1030 594/714/594 597/717/597
f 1031/1278/1031 1016/1252/1016 1017/1253/1017
f 1031/1279/1031 1023/1263/1023 1016/1280/1016
f 1032/1281/1032 1011/1246/1011 1026/1270/1026
f 1013/1249/1013 1014/1250/1014 1033/1282/1033
f 1034/1283/1034 1019/1256/1019 1013/1249/1013
f 1035/1284/1035 594/714/594 1030/1277/1030
f 1015/1285/1015 596/1286/596 1028/1287/1028
f 1036/1288/1036 1015/1285/1015 1028/1287/1028
f 1031/1289/1031 1017/1253/1017 1037/1290/1037
f 1038/1291/1038 1013/1249/1013 1033/1282/1033
f 600/720/600 595/715/595 598/718/598
f 1036/1292/1036 1029/1275/1029 1015/1251/1015
f 1039/1293/1039 1031/1279/1031 1037/1294/1037
f 1040/1295/1040 1034/1283/1034 1013/1249/1013
f 601/721/601 598/718/598 592/712/592
f 1028/1287/1028 595/1296/595 600/1297/600
f 1041/1298/1041 1029/1299/1029 1036/1288/1036
f 1042/1300/1042 1023/1263/1023 1031/1279/1031
f 1040/1295/1040 1013/1249/1013 1038/1291/1038
f 1043/1301/1043 1029/1299/1029 1041/1298/1041
f 1044/1302/1044 1034/1283/1034 1045/1303/1045
f 1046/1304/1046 1035/1284/1035 1030/1277/1030
f 599/719/599 598/718/598 601/721/601
f 601/721/601 1035/1284/1035 1046/1304/1046
f 1047/1305/1047 1036/1288/1036 1028/1287/1028
f 1048/1306/1048 1043/1301/1043 1041/1298/1041
f 1049/1307/1049 1034/1283/1034 1040/1295/1040
f 1050/1308/1050 1034/1283/1034 1049/1307/1049
f 1050/1308/1050 1045/1303/1045 1034/1283/1034
f 1046/1304/1046 1030/1277/1030 1051/1309/1051
f 1047/1305/1047 1028/1287/1028 604/1310/604
f 1046/1311/1046 1051/1312/1051 1052/1313/1052
f 604/724/604 600/720/600 599/719/599
f 604/1310/604 1028/1287/1028 600/1297/600
f 1053/1314/1053 1036/1288/1036 1047/1305/1047
f 1054/1315/1054 1052/1313/1052 1055/1316/1055
f 1056/1317/1056 1052/1313/1052 1054/1315/1054
f 1056/1317/1056 1046/1311/1046 1052/1313/1052
f 1057/1318/1057 601/721/601 1046/1304/1046
f 1048/1306/1048 1041/1298/1041 1058/1319/1058
f 1059/1320/1059 1049/1307/1049 1040/1295/1040
f 1058/1319/1058 1041/1298/1041 1053/1314/1053
f 1059/1320/1059 1040/1295/1040 1060/1321/1060
f 1054/1315/1054 1055/1316/1055 1061/1322/1061
f 1057/1318/1057 1046/1304/1046 1056/1323/1056
f 609/729/609 1057/1318/1057 1056/1323/1056
f 1062/1324/1062 1050/1325/1050 1049/1326/1049
f 1054/1315/1054 1061/1322/1061 1063/1327/1063
f 609/1328/609 1056/1317/1056 1054/1315/1054
f 1064/1329/1064 601/721/601 1057/1318/1057
f 1064/1329/1064 602/722/602 601/721/601
f 613/736/613 1047/1305/1047 604/1310/604
f 1053/1314/1053 1047/1305/1047 1065/1330/1065
f 1062/1331/1062 1049/1307/1049 1059/1320/1059
f 1066/1332/1066 1062/1331/1062 1059/1320/1059
f 1067/1333/1067 1050/1325/1050 1062/1324/1062
f 1068/1334/1068 1067/1333/1067 1062/1324/1062
f 1069/1335/1069 1054/1315/1054 1063/1327/1063
f 1070/1336/1070 1054/1315/1054 1069/1335/1069
f 1071/1337/1071 1054/1315/1054 1070/1336/1070
f 1068/1334/1068 1062/1324/1062 1066/1338/1066
f 1072/1339/1072 1067/1333/1067 1068/1334/1068
f 1073/1340/1073 609/1328/609 1054/1315/1054
f 608/728/608 1064/1329/1064 1057/1318/1057
f 614/735/614 1065/1330/1065 1047/1305/1047
f 1074/1341/1074 1058/1319/1058 1053/1314/1053
f 1075/1342/1075 1076/1343/1076 1077/1344/1077
f 1078/1345/1078 1063/1346/1063 1079/1347/1079
f 1073/1340/1073 1054/1315/1054 1071/1337/1071
f 610/730/610 609/729/609 1073/1348/1073
f 608/728/608 1057/1318/1057 609/729/609
f 603/723/603 613/733/613 604/724/604
f 614/735/614 1047/1305/1047 613/736/613
f 1068/1349/1068 1066/1332/1066 1059/1320/1059
f 1080/1350/1080 1068/1349/1068 1059/1320/1059
f 1081/1351/1081 1072/1339/1072 1068/1334/1068
f 1082/1352/1082 1079/1353/1079 605/725/605
f 1069/1354/1069 1063/1346/1063 1078/1345/1078
f 618/1355/618 1071/1337/1071 1070/1336/1070
f 610/1356/610 1073/1340/1073 1071/1337/1071
f 618/1355/618 610/1356/610 1071/1337/1071
f 1083/1357/1083 1053/1314/1053 1065/1330/1065
f 1084/1358/1084 1059/1320/1059 1085/1359/1085
f 1080/1350/1080 1059/1320/1059 1084/1358/1084
f 1086/1360/1086 1068/1334/1068 1080/1361/1080
f 1086/1360/1086 1081/1351/1081 1068/1334/1068
f 1081/1362/1081 1087/1363/1087 1072/1364/1072
f 1078/1345/1078 1079/1347/1079 1082/1365/1082
f 1088/1366/1088 1069/1354/1069 1078/1345/1078
f 619/741/619 1070/1367/1070 1069/1354/1069
f 619/741/619 618/740/618 1070/1367/1070
f 614/735/614 1089/1368/1089 1065/1330/1065
f 1074/1341/1074 1053/1314/1053 1083/1357/1083
f 1090/1369/1090 1082/1352/1082 605/725/605
f 1090/1370/1090 1078/1345/1078 1082/1365/1082
f 1088/1366/1088 1078/1345/1078 1090/1370/1090
f 1091/1371/1091 619/741/619 1069/1354/1069
f 616/1372/616 610/1356/610 618/1355/618
f 1083/1357/1083 1065/1330/1065 1089/1368/1089
f 1092/1373/1092 1080/1350/1080 1084/1358/1084
f 625/751/625 605/725/605 615/737/615
f 1093/1374/1093 1090/1369/1090 605/725/605
f 1094/1375/1094 1088/1366/1088 1090/1370/1090
f 1095/1376/1095 1080/1350/1080 1092/1373/1092
f 1095/1377/1095 1086/1360/1086 1080/1378/1080
f 1096/1379/1096 1081/1351/1081 1086/1360/1086
f 1096/1380/1096 1087/1363/1087 1081/1362/1081
f 1093/1374/1093 605/725/605 625/751/625
f 1094/1381/1094 1090/1369/1090 1093/1374/1093
f 1097/1382/1097 1088/1366/1088 1094/1375/1094
f 3/3/3 1098/1383/1098 1089/1368/1089
f 1099/1384/1099 1074/1341/1074 1083/1357/1083
f 1100/1385/1100 1093/1374/1093 625/751/625
f 1101/1386/1101 1093/1387/1093 1100/1388/1100
f 1101/1386/1101 1094/1375/1094 1093/1387/1093
f 1097/1382/1097 1094/1375/1094 1101/1386/1101
f 1098/1383/1098 1083/1357/1083 1089/1368/1089
f 1102/1389/1102 1083/1357/1083 1098/1383/1098
f 1102/1389/1102 1099/1384/1099 1083/1357/1083
f 1096/1390/1096 1086/1360/1086 1095/1377/1095
f 1103/1391/1103 1087/1363/1087 1096/1380/1096
f 1103/1391/1103 1104/1392/1104 1087/1363/1087
f 2/2/2 1102/1389/1102 1098/1383/1098
f 1092/1373/1092 1084/1358/1084 1105/1393/1105
f 1106/1394/1106 1092/1373/1092 1105/1393/1105
f 1106/1395/1106 1095/1377/1095 1092/1396/1092
f 1107/1397/1107 1095/1377/1095 1106/1395/1106
f 1107/1397/1107 1096/1390/1096 1095/1377/1095
f 1108/1398/1108 1104/1392/1104 1103/1391/1103
f 1100/1385/1100 625/751/625 1109/1399/1109
f 1110/1400/1110 1097/1382/1097 1101/1386/1101
f 1089/1368/1089 614/735/614 3/3/3
f 633/759/633 1099/1384/1099 1102/1389/1102
f 1111/1401/1111 1096/1380/1096 1107/1402/1107
f 1101/1386/1101 1100/1388/1100 1109/1403/1109
f 1112/1404/1112 3/3/3 614/735/614
f 2/2/2 1098/1383/1098 3/3/3
f 633/759/633 1102/1389/1102 2/2/2
f 1103/1391/1103 1096/1380/1096 1111/1401/1111
f 642/772/642 1104/1392/1104 1108/1398/1108
f 1113/1405/1113 622/749/622 623/1406/623
f 1113/1405/1113 614/735/614 622/749/622
f 1114/1407/1114 1115/1408/1115 1116/1409/1116
f 1117/1410/1117 1115/1408/1115 1114/1407/1114
f 1117/1410/1117 1118/1411/1118 1115/1408/1115
f 634/762/634 617/739/617 626/752/626
f 634/762/634 621/761/621 617/739/617
f 1112/1404/1112 614/735/614 1113/1405/1113
f 1119/1412/1119 626/752/626 1120/1413/1120
f 634/762/634 626/752/626 1119/1412/1119
f 1121/1414/1121 1122/1415/1122 1123/1416/1123
f 1124/1417/1124 1114/1407/1114 1116/1409/1116
f 1125/1418/1125 1114/1407/1114 1124/1417/1124
f 1125/1418/1125 1117/1410/1117 1114/1407/1114
f 1126/1419/1126 1113/1405/1113 623/1406/623
f 1127/1420/1127 1124/1417/1124 1116/1409/1116
f 1128/1421/1128 1124/1422/1124 1127/1423/1127
f 1128/1421/1128 1129/1424/1129 1124/1422/1124
f 1129/1424/1129 1125/1425/1125 1124/1422/1124
f 1130/1426/1130 1125/1425/1125 1129/1424/1129
f 1131/1427/1131 1132/1428/1132 1122/1415/1122
f 1133/1429/1133 1113/1405/1113 1134/1430/1134
f 1135/1431/1135 1121/1414/1121 1136/1432/1136
f 1137/1433/1137 1132/1434/1132 1131/1435/1131
f 1138/1436/1138 1128/1421/1128 1127/1423/1127
f 1134/1430/1134 1113/1405/1113 1126/1419/1126
f 657/1437/657 635/763/635 638/766/638
f 1135/1431/1135 1136/1432/1136 1139/1438/1139
f 1140/1439/1140 1131/1427/1131 1122/1415/1122
f 1141/1440/1141 1137/1433/1137 1131/1435/1131
f 660/791/660 1142/1441/1142 661/792/661
f 14/14/14 657/1437/657 638/766/638
f 645/1442/645 635/763/635 657/1437/657
f 1140/1439/1140 1122/1415/1122 1121/1414/1121
f 14/14/14 638/766/638 667/800/667
f 1143/1443/1143 647/778/647 646/777/646
f 1144/1444/1144 1145/1445/1145 1146/1446/1146
f 1147/1447/1147 1137/1433/1137 1141/1440/1141
f 1128/1421/1128 1138/1436/1138 1148/1448/1148
f 1149/1449/1149 1128/1421/1128 1148/1448/1148
f 1149/1449/1149 1150/1450/1150 1128/1421/1128
f 667/800/667 638/766/638 12/12/12
f 1139/1451/1139 1151/1452/1151 1144/1444/1144
f 1141/1453/1141 1131/1427/1131 1140/1439/1140
f 1149/1449/1149 1148/1448/1148 1152/1454/1152
f 1153/1455/1153 1140/1439/1140 1121/1414/1121
f 1154/1456/1154 1147/1447/1147 1141/1440/1141
f 1155/1457/1155 1149/1449/1149 1152/1454/1152
f 1156/1458/1156 1149/1449/1149 1155/1457/1155
f 1156/1458/1156 1150/1450/1150 1149/1449/1149
f 15/15/15 14/14/14 667/800/667
f 36/40/36 646/777/646 659/790/659
f 1157/1459/1157 1121/1414/1121 1135/1431/1135
f 1157/1459/1157 1153/1455/1153 1121/1414/1121
f 1158/1460/1158 1140/1439/1140 1153/1455/1153
f 1158/1460/1158 1141/1453/1141 1140/1439/1140
f 1146/1446/1146 647/778/647 1143/1443/1143
f 1157/1459/1157 1135/1431/1135 1139/1461/1139
f 1158/1462/1158 1154/1456/1154 1141/1440/1141
f 1159/1463/1159 1147/1447/1147 1154/1456/1154
f 23/27/23 15/15/15 667/800/667
f 36/40/36 659/790/659 1160/1464/1160
f 1161/1465/1161 1153/1455/1153 1157/1459/1157
f 1162/1466/1162 1159/1463/1159 1154/1456/1154
f 1143/1443/1143 646/777/646 36/40/36
f 1163/1467/1163 1154/1456/1154 1158/1462/1158
f 1162/1466/1162 1164/1468/1164 1159/1463/1159
f 1165/1469/1165 1158/1470/1158 1153/1455/1153
f 1165/1471/1165 1163/1467/1163 1158/1462/1158
f 1166/1472/1166 1162/1466/1162 1154/1456/1154
f 1167/1473/1167 1162/1466/1162 1166/1472/1166
f 1165/1469/1165 1153/1455/1153 1161/1465/1161
f 1166/1472/1166 1154/1456/1154 1163/1467/1163
f 692/1474/692 691/1475/691 1146/1446/1146
f 1168/1476/1168 1157/1459/1157 1169/1477/1169
f 1166/1478/1166 1163/1479/1163 1170/1480/1170
f 1170/1480/1170 1171/1481/1171 1166/1478/1166
f 1171/1481/1171 1167/1482/1167 1166/1478/1166
f 37/41/37 36/40/36 1160/1464/1160
f 1172/1483/1172 1144/1444/1144 701/1484/701
f 1173/1485/1173 1167/1482/1167 1171/1481/1171
f 1174/1486/1174 1157/1459/1157 1168/1476/1168
f 1161/1465/1161 1157/1459/1157 1174/1486/1174
f 1165/1487/1165 1161/1488/1161 1175/1489/1175
f 1176/1490/1176 1163/1491/1163 1165/1492/1165
f 678/811/678 680/813/680 682/1493/682
f 1177/1494/1177 678/811/678 682/1493/682
f 701/1484/701 1144/1444/1144 691/1475/691
f 1168/1476/1168 1169/1477/1169 1178/1495/1178
f 1174/1496/1174 1168/1497/1168 1178/1498/1178
f 1175/1489/1175 1161/1488/1161 1179/1499/1179
f 1176/1500/1176 1165/1487/1165 1175/1489/1175
f 1170/1480/1170 1163/1491/1163 1176/1490/1176
f 1177/1501/1177 682/815/682 689/827/689
f 1180/1502/1180 1174/1496/1174 1178/1498/1178
f 1171/1481/1171 1170/1480/1170 1181/1503/1181
f 1171/1481/1171 1182/1504/1182 1173/1485/1173
f 1183/1505/1183 1177/1501/1177 689/827/689
f 1183/1506/1183 678/811/678 1177/1494/1177
f 1184/1507/1184 678/811/678 1183/1506/1183
f 693/1508/693 701/1484/701 691/1475/691
f 1169/1509/1169 1172/1483/1172 701/1484/701
f 1179/1499/1179 1161/1488/1161 1174/1496/1174
f 1181/1503/1181 1170/1480/1170 1176/1490/1176
f 1185/1510/1185 1181/1503/1181 1176/1490/1176
f 1186/1511/1186 1169/1509/1169 701/1484/701
f 1187/1512/1187 1169/1477/1169 1186/1513/1186
f 1188/1514/1188 1176/1500/1176 1175/1489/1175
f 1185/1510/1185 1176/1490/1176 1188/1515/1188
f 1189/1516/1189 1171/1481/1171 1181/1503/1181
f 1189/1516/1189 1182/1504/1182 1171/1481/1171
f 1190/1517/1190 1191/1518/1191 1192/1519/1192
f 1178/1495/1178 1169/1477/1169 1187/1512/1187
f 706/850/706 1187/1520/1187 1186/1521/1186
f 1180/1502/1180 1178/1498/1178 1187/1522/1187
f 1190/1517/1190 1192/1519/1192 1193/1523/1193
f 1180/1502/1180 1179/1499/1179 1174/1496/1174
f 1194/1524/1194 1181/1503/1181 1185/1510/1185
f 1194/1524/1194 1195/1525/1195 1181/1503/1181
f 1189/1516/1189 1181/1503/1181 1195/1525/1195
f 1196/1526/1196 1182/1504/1182 1189/1516/1189
f 706/850/706 1186/1527/1186 701/842/701
f 1197/1528/1197 1188/1514/1188 1175/1489/1175
f 1198/1529/1198 1185/1510/1185 1188/1515/1188
f 1194/1524/1194 1185/1510/1185 1198/1529/1198
f 1199/1530/1199 1190/1517/1190 1193/1523/1193
f 1200/1531/1200 45/49/45 66/72/66
f 1198/1532/1198 1188/1514/1188 1197/1528/1197
f 1201/1533/1201 1189/1516/1189 1195/1525/1195
f 1202/1534/1202 1190/1517/1190 1203/1535/1203
f 1204/1536/1204 1195/1525/1195 1194/1524/1194
f 1199/1530/1199 1193/1523/1193 1205/1537/1205
f 1203/1535/1203 1190/1517/1190 1199/1530/1199
f 1206/1538/1206 1198/1532/1198 1197/1528/1197
f 1206/1539/1206 1194/1524/1194 1198/1529/1198
f 1207/1540/1207 1199/1530/1199 1205/1537/1205
f 1203/1535/1203 1199/1530/1199 1208/1541/1208
f 1209/1542/1209 1195/1525/1195 1204/1536/1204
f 1210/1543/1210 1207/1544/1207 1205/1545/1205
f 1208/1546/1208 1199/1547/1199 1207/1544/1207
f 1211/1548/1211 1208/1546/1208 1207/1544/1207
f 1212/1549/1212 1203/1550/1203 1208/1546/1208
f 1202/1534/1202 1203/1535/1203 1212/1551/1212
f 1211/1548/1211 1207/1544/1207 1210/1543/1210
f 1213/1552/1213 1214/1553/1214 1215/1554/1215
f 1216/1555/1216 1208/1546/1208 1211/1548/1211
f 1212/1549/1212 1208/1546/1208 1216/1555/1216
f 1217/1556/1217 1218/1557/1218 1202/1558/1202
f 1217/1556/1217 1219/1559/1219 1218/1557/1218
f 1213/1552/1213 1215/1554/1215 1220/1560/1220
f 1221/1561/1221 1222/1562/1222 788/966/788
f 1217/1563/1217 1202/1564/1202 1212/1549/1212
f 1223/1565/1223 1212/1549/1212 1216/1555/1216
f 1217/1563/1217 1212/1549/1212 1223/1565/1223
f 1224/1566/1224 1219/1559/1219 1217/1556/1217
f 769/942/769 1200/1531/1200 767/940/767
f 1225/1567/1225 1221/1561/1221 788/966/788
f 1226/1568/1226 1227/1569/1227 1228/1570/1228
f 1216/1555/1216 1211/1548/1211 1229/1571/1229
f 1223/1565/1223 1224/1572/1224 1217/1563/1217
f 1230/1573/1230 767/940/767 1213/1552/1213
f 1231/1574/1231 1224/1572/1224 1223/1565/1223
f 1231/1574/1231 1223/1565/1223 1232/1575/1232
f 1233/1576/1233 1223/1565/1223 1216/1555/1216
f 798/1577/798 1234/1578/1234 1235/1579/1235
f 1236/1580/1236 1228/1570/1228 1237/1581/1237
f 1236/1582/1236 1226/1583/1226 1228/1584/1228
f 1238/1585/1238 1226/1568/1226 1236/1586/1236
f 1239/1587/1239 1226/1588/1226 1238/1589/1238
f 1233/1576/1233 1216/1555/1216 1240/1590/1240
f 1232/1575/1232 1223/1565/1223 1233/1576/1233
f 1241/1591/1241 1242/1592/1242 1243/1593/1243
f 1236/1582/1236 1237/1594/1237 1244/1595/1244
f 1245/1596/1245 1238/1589/1238 1236/1582/1236
f 1246/1597/1246 1247/1598/1247 1241/1591/1241
f 1245/1596/1245 1236/1582/1236 1244/1595/1244
f 1248/1599/1248 1238/1589/1238 1245/1596/1245
f 1246/1597/1246 1241/1591/1241 1243/1593/1243
f 1249/1600/1249 1250/1601/1250 1251/1602/1251
f 1252/1603/1252 1249/1600/1249 1251/1602/1251
f 1253/1604/1253 1246/1597/1246 1243/1593/1243
f 1254/1605/1254 1245/1596/1245 1255/1606/1255
f 1254/1605/1254 1255/1606/1255 1256/1607/1256
f 826/1021/826 793/973/793 812/1007/812
f 1257/1608/1257 1245/1596/1245 1254/1605/1254
f 1257/1608/1257 1248/1599/1248 1245/1596/1245
f 1258/1609/1258 1259/1610/1259 1260/1611/1260
f 1261/1612/1261 1254/1605/1254 1256/1607/1256
f 1262/1613/1262 1252/1603/1252 1259/1610/1259
f 1263/1614/1263 1254/1605/1254 1261/1612/1261
f 1262/1613/1262 1259/1610/1259 1258/1609/1258
f 1264/1615/1264 1265/1616/1265 1266/1617/1266
f 1267/1618/1267 1258/1609/1258 1268/1619/1268
f 1269/1620/1269 1270/1621/1270 1271/1622/1271
f 829/1024/829 1272/1623/1272 826/1021/826
f 1273/1624/1273 1262/1613/1262 1258/1609/1258
f 1274/1625/1274 1265/1616/1265 1264/1615/1264
f 1275/1626/1275 1261/1612/1261 1276/1627/1276
f 1277/1628/1277 1272/1623/1272 829/1024/829
f 1274/1625/1274 1264/1615/1264 1278/1629/1278
f 1273/1624/1273 1279/1630/1279 1262/1613/1262
f 1280/1631/1280 1281/1632/1281 1282/1633/1282
f 1283/1634/1283 1269/1620/1269 1271/1622/1271
f 1284/1635/1284 1280/1631/1280 1279/1630/1279
f 1285/1636/1285 1286/1637/1286 1287/1638/1287
f 1288/1639/1288 1261/1612/1261 1275/1626/1275
f 1289/1640/1289 1278/1641/1278 1277/1628/1277
f 1289/1640/1289 1274/1642/1274 1278/1641/1278
f 1290/1643/1290 1291/1644/1291 1265/1616/1265
f 1284/1635/1284 1273/1624/1273 1292/1645/1292
f 1284/1635/1284 1279/1630/1279 1273/1624/1273
f 1293/1646/1293 1280/1631/1280 1284/1635/1284
f 850/1045/850 1277/1628/1277 829/1024/829
f 1294/1647/1294 1265/1616/1265 1274/1625/1274
f 1295/1648/1295 1284/1635/1284 1292/1645/1292
f 1294/1649/1294 1274/1650/1274 1289/1640/1289
f 1286/1637/1286 1285/1636/1285 1296/1651/1296
f 1297/1652/1297 1294/1649/1294 1289/1640/1289
f 1297/1652/1297 1298/1653/1298 1294/1649/1294
f 1290/1643/1290 1265/1616/1265 1294/1647/1294
f 1299/1654/1299 1300/1655/1300 1286/1637/1286
f 1301/1656/1301 1289/1640/1289 850/1045/850
f 1290/1643/1290 1294/1647/1294 1302/1657/1302
f 1303/1658/1303 1304/1659/1304 1305/1660/1305
f 1299/1654/1299 1286/1637/1286 1296/1651/1296
f 1302/1657/1302 1306/1661/1306 1290/1643/1290
f 1307/1662/1307 1299/1654/1299 1296/1651/1296
f 1308/1663/1308 1289/1640/1289 1301/1656/1301
f 1309/1664/1309 1306/1661/1306 1310/1665/1310
f 368/440/368 373/445/373 372/444/372
f 1311/1666/1311 1306/1661/1306 1309/1664/1309
f 1312/1667/1312 373/445/373 1313/1668/1313
f 1314/1669/1314 1315/1670/1315 1316/1671/1316
f 1314/1672/1314 1317/1673/1317 1315/1674/1315
f 881/1084/881 879/1080/879 878/1079/878
f 1318/1675/1318 880/1083/880 879/1676/879
f 1319/1677/1319 879/1080/879 881/1084/881
f 1318/1678/1318 879/1080/879 1320/1679/1320
f 884/1680/884 878/1079/878 877/1078/877
f 1320/1679/1320 879/1080/879 1319/1677/1319
f 888/1091/888 877/1081/877 880/1083/880
f 888/1091/888 884/1681/884 877/1081/877
f 888/1091/888 880/1083/880 1318/1675/1318
f 1319/1677/1319 881/1084/881 885/1088/885
f 1321/1682/1321 1318/1675/1318 1320/1683/1320
f 888/1091/888 1318/1675/1318 1322/1684/1322
f 887/1090/887 884/1681/884 888/1091/888
f 1323/1685/1323 1320/1679/1320 1319/1677/1319
f 1321/1682/1321 1320/1683/1320 1323/1686/1323
f 1322/1684/1322 1318/1675/1318 1321/1682/1321
f 1319/1677/1319 885/1088/885 893/1096/893
f 1324/1687/1324 888/1091/888 1322/1684/1322
f 886/1089/886 888/1091/888 1324/1687/1324
f 1325/1688/1325 1319/1677/1319 893/1096/893
f 1323/1685/1323 1319/1677/1319 1325/1688/1325
f 1326/1689/1326 1321/1682/1321 1323/1686/1323
f 1324/1687/1324 1322/1684/1322 1327/1690/1327
f 1327/1690/1327 1322/1684/1322 1321/1682/1321
f 903/1106/903 1324/1687/1324 1327/1690/1327
f 1328/1691/1328 1321/1682/1321 1326/1689/1326
f 1327/1690/1327 1321/1682/1321 1329/1692/1329
f 886/1089/886 1324/1687/1324 903/1106/903
f 1329/1692/1329 1321/1682/1321 1328/1691/1328
f 1330/1693/1330 893/1096/893 892/1095/892
f 1330/1693/1330 1325/1688/1325 893/1096/893
f 1331/1694/1331 1323/1685/1323 1325/1688/1325
f 1331/1694/1331 1326/1695/1326 1323/1685/1323
f 924/1128/924 903/1106/903 1327/1690/1327
f 898/1101/898 887/1090/887 886/1089/886
f 907/1110/907 1329/1692/1329 1328/1691/1328
f 898/1101/898 886/1089/886 902/1105/902
f 1328/1696/1328 1326/1695/1326 1331/1694/1331
f 1332/1697/1332 892/1095/892 896/1099/896
f 1330/1693/1330 892/1095/892 1332/1697/1332
f 1333/1698/1333 1328/1699/1328 1331/1694/1331
f 902/1105/902 886/1089/886 903/1106/903
f 908/1111/908 907/1110/907 1328/1691/1328
f 904/1107/904 903/1106/903 924/1128/924
f 1334/1700/1334 1331/1694/1331 1325/1688/1325
f 908/1111/908 1328/1691/1328 1333/1701/1333
f 1327/1690/1327 1329/1692/1329 921/1125/921
f 916/1119/916 898/1101/898 902/1105/902
f 915/1118/915 898/1101/898 916/1119/916
f 913/1116/913 1335/1702/1335 896/1099/896
f 1336/1703/1336 1332/1697/1332 896/1099/896
f 1334/1700/1334 1325/1688/1325 1330/1693/1330
f 921/1125/921 1329/1692/1329 907/1110/907
f 928/1133/928 902/1105/902 909/1112/909
f 920/1124/920 1327/1690/1327 921/1125/921
f 1336/1703/1336 896/1099/896 1335/1702/1335
f 922/1126/922 921/1125/921 907/1110/907
f 1337/1704/1337 1336/1703/1336 1335/1702/1335
f 1338/1705/1338 1334/1700/1334 1330/1693/1330
f 906/1109/906 922/1126/922 907/1110/907
f 1337/1704/1337 1335/1702/1335 913/1116/913
f 935/1165/935 908/1706/908 1333/1698/1333
f 1339/1707/1339 1336/1703/1336 1337/1704/1337
f 1338/1705/1338 1330/1693/1330 1332/1697/1332
f 1340/1708/1340 1331/1694/1331 1334/1700/1334
f 935/1165/935 1333/1698/1333 1331/1694/1331
f 937/1142/937 1337/1704/1337 913/1116/913
f 1341/1709/1341 1337/1704/1337 937/1142/937
f 943/1149/943 1341/1709/1341 937/1142/937
f 1342/1710/1342 1337/1704/1337 1341/1709/1341
f 1343/1711/1343 1336/1703/1336 1339/1707/1339
f 1344/1712/1344 1332/1697/1332 1336/1703/1336
f 935/1165/935 1331/1694/1331 1340/1708/1340
f 951/1157/951 1341/1709/1341 943/1149/943
f 1339/1707/1339 1337/1704/1337 1342/1710/1342
f 1338/1705/1338 1332/1697/1332 1344/1712/1344
f 906/1109/906 908/1111/908 934/1139/934
f 1345/1713/1345 1342/1710/1342 1341/1709/1341
f 1344/1712/1344 1336/1703/1336 1343/1711/1343
f 1346/1714/1346 1338/1705/1338 1344/1712/1344
f 1347/1715/1347 1340/1708/1340 1334/1700/1334
f 1348/1716/1348 951/1717/951 950/1175/950
f 1345/1713/1345 1341/1709/1341 951/1157/951
f 1348/1716/1348 1345/1718/1345 951/1717/951
f 1347/1715/1347 1334/1700/1334 1338/1705/1338
f 1348/1716/1348 950/1175/950 964/1180/964
f 1349/1719/1349 1348/1716/1348 964/1180/964
f 1350/1720/1350 1339/1707/1339 1342/1710/1342
f 1350/1720/1350 1343/1711/1343 1339/1707/1339
f 988/1216/988 1344/1712/1344 1343/1711/1343
f 965/1181/965 906/1109/906 934/1139/934
f 965/1181/965 922/1126/922 906/1109/906
f 1001/1232/1001 1342/1721/1342 1345/1718/1345
f 1351/1722/1351 1349/1719/1349 964/1180/964
f 1001/1232/1001 1345/1718/1345 1348/1716/1348
f 1352/1723/1352 1350/1720/1350 1342/1710/1342
f 988/1216/988 1343/1711/1343 1350/1720/1350
f 1353/1724/1353 1338/1705/1338 1346/1714/1346
f 1340/1708/1340 954/1163/954 935/1165/935
f 965/1181/965 934/1139/934 967/1220/967
f 1002/1233/1002 1348/1716/1348 1349/1719/1349
f 1001/1232/1001 1348/1716/1348 1002/1233/1002
f 1352/1725/1352 1342/1721/1342 1001/1232/1001
f 1346/1714/1346 1344/1712/1344 988/1216/988
f 1354/1726/1354 1340/1708/1340 1347/1715/1347
f 1003/1236/1003 1352/1725/1352 1001/1232/1001
f 989/1217/989 1350/1720/1350 1352/1727/1352
f 989/1217/989 988/1216/988 1350/1720/1350
f 1353/1724/1353 1347/1715/1347 1338/1705/1338
f 1355/1728/1355 954/1163/954 1340/1708/1340
f 1003/1236/1003 989/1729/989 1352/1725/1352
f 1003/1236/1003 1001/1232/1001 1000/1231/1000
f 1356/1730/1356 1346/1714/1346 988/1216/988
f 1356/1730/1356 1353/1724/1353 1346/1714/1346
f 1353/1724/1353 1354/1726/1354 1347/1715/1347
f 971/1190/971 965/1181/965 991/1219/991
f 1354/1726/1354 1355/1728/1355 1340/1708/1340
f 1357/1731/1357 954/1163/954 1355/1728/1355
f 1357/1731/1357 960/1176/960 954/1163/954
f 991/1219/991 967/1220/967 960/1732/960
f 1356/1730/1356 988/1216/988 987/1215/987
f 1012/1733/1012 1356/1730/1356 987/1215/987
f 1358/1734/1358 1353/1724/1353 1356/1730/1356
f 1359/1735/1359 1360/1736/1360 1361/1737/1361
f 1362/1738/1362 1356/1730/1356 1012/1733/1012
f 1363/1739/1363 1356/1730/1356 1362/1738/1362
f 1364/1740/1364 1356/1730/1356 1363/1739/1363
f 1364/1740/1364 1358/1734/1358 1356/1730/1356
f 1365/1741/1365 1355/1728/1355 1354/1726/1354
f 1366/1742/1366 960/1176/960 1357/1731/1357
f 1367/1743/1367 1361/1737/1361 1360/1736/1360
f 1368/1744/1368 1363/1745/1363 1369/1746/1369
f 1368/1747/1368 1364/1740/1364 1363/1739/1363
f 1370/1748/1370 1354/1726/1354 1353/1724/1353
f 1365/1741/1365 1371/1749/1371 1355/1728/1355
f 1366/1750/1366 991/1219/991 960/1732/960
f 1365/1741/1365 1354/1726/1354 1370/1748/1370
f 1366/1750/1366 1022/1262/1022 991/1219/991
f 1372/1751/1372 1364/1740/1364 1373/1752/1373
f 1374/1753/1374 1361/1737/1361 1367/1743/1367
f 1358/1734/1358 1364/1740/1364 1372/1751/1372
f 1375/1754/1375 1358/1734/1358 1372/1751/1372
f 1376/1755/1376 1353/1724/1353 1358/1734/1358
f 1377/1756/1377 1370/1748/1370 1353/1724/1353
f 1357/1731/1357 1355/1728/1355 1371/1749/1371
f 1378/1757/1378 1358/1734/1358 1375/1754/1375
f 1379/1758/1379 1378/1757/1378 1375/1754/1375
f 1376/1755/1376 1358/1734/1358 1378/1757/1378
f 1377/1756/1377 1353/1724/1353 1376/1755/1376
f 1371/1749/1371 1365/1741/1365 1380/1759/1380
f 1376/1760/1376 1378/1761/1378 1379/1762/1379
f 1381/1763/1381 1357/1731/1357 1371/1749/1371
f 1006/1239/1006 1022/1262/1022 1382/1764/1382
f 1374/1753/1374 1367/1743/1367 1383/1765/1383
f 1377/1756/1377 1376/1755/1376 1384/1766/1384
f 1370/1748/1370 1380/1759/1380 1365/1741/1365
f 1385/1767/1385 1357/1731/1357 1386/1768/1386
f 1385/1767/1385 1366/1769/1366 1357/1731/1357
f 1385/1770/1385 1022/1262/1022 1366/1750/1366
f 1387/1771/1387 1377/1756/1377 1384/1766/1384
f 1386/1768/1386 1357/1731/1357 1381/1763/1381
f 1388/1772/1388 1022/1262/1022 1385/1770/1385
f 1389/1773/1389 1382/1764/1382 1022/1262/1022
f 1390/1774/1390 1391/1775/1391 1392/1776/1392
f 1393/1777/1393 1387/1771/1387 1384/1766/1384
f 1370/1748/1370 1377/1756/1377 1387/1771/1387
f 1394/1778/1394 1389/1773/1389 1022/1262/1022
f 1391/1775/1391 1395/1779/1395 1392/1776/1392
f 1396/1780/1396 1383/1765/1383 1395/1779/1395
f 1374/1753/1374 1383/1765/1383 1396/1780/1396
f 1397/1781/1397 1370/1748/1370 1387/1771/1387
f 1398/1782/1398 1380/1759/1380 1370/1748/1370
f 1380/1759/1380 1381/1763/1381 1371/1749/1371
f 1399/1783/1399 1387/1771/1387 1393/1777/1393
f 1398/1782/1398 1370/1748/1370 1397/1781/1397
f 1400/1784/1400 1381/1763/1381 1380/1759/1380
f 1401/1785/1401 1386/1768/1386 1381/1763/1381
f 1402/1786/1402 1385/1767/1385 1386/1768/1386
f 1394/1778/1394 1022/1262/1022 1388/1772/1388
f 1399/1787/1399 1393/1788/1393 1403/1789/1403
f 1399/1783/1399 1397/1781/1397 1387/1771/1387
f 1404/1790/1404 1397/1781/1397 1399/1783/1399
f 1398/1782/1398 1405/1791/1405 1380/1759/1380
f 1406/1792/1406 1391/1775/1391 1390/1774/1390
f 1407/1793/1407 1404/1794/1404 1399/1787/1399
f 1408/1795/1408 1380/1759/1380 1405/1791/1405
f 1409/1796/1409 1400/1784/1400 1380/1759/1380
f 1402/1797/1402 1386/1768/1386 1401/1785/1401
f 1388/1772/1388 1385/1770/1385 1402/1798/1402
f 1407/1793/1407 1399/1787/1399 1403/1789/1403
f 1410/1799/1410 1404/1794/1404 1407/1793/1407
f 1411/1800/1411 1388/1772/1388 1402/1798/1402
f 1412/1801/1412 1395/1779/1395 1391/1775/1391
f 1409/1796/1409 1380/1759/1380 1408/1795/1408
f 1401/1785/1401 1381/1763/1381 1413/1802/1413
f 1411/1800/1411 1402/1798/1402 1401/1803/1401
f 1411/1800/1411 1414/1804/1414 1388/1772/1388
f 1394/1778/1394 1388/1772/1388 1414/1804/1414
f 1414/1804/1414 1389/1773/1389 1394/1778/1394
f 1412/1801/1412 1391/1775/1391 1406/1792/1406
f 1415/1805/1415 1395/1779/1395 1412/1801/1412
f 1396/1780/1396 1395/1779/1395 1415/1805/1415
f 1416/1806/1416 1397/1781/1397 1404/1790/1404
f 1398/1782/1398 1397/1781/1397 1416/1806/1416
f 1411/1800/1411 1401/1803/1401 1417/1807/1417
f 1418/1808/1418 1410/1799/1410 1407/1793/1407
f 1419/1809/1419 1416/1806/1416 1404/1790/1404
f 1420/1810/1420 1405/1791/1405 1398/1782/1398
f 1418/1811/1418 1404/1790/1404 1410/1812/1410
f 1419/1809/1419 1404/1790/1404 1418/1811/1418
f 1421/1813/1421 1416/1814/1416 1419/1815/1419
f 1422/1816/1422 1420/1810/1420 1398/1782/1398
f 1423/1817/1423 1408/1818/1408 1405/1819/1405
f 1423/1817/1423 1409/1820/1409 1408/1818/1408
f 1424/1821/1424 1381/1763/1381 1400/1784/1400
f 1425/1822/1425 1401/1785/1401 1413/1802/1413
f 1426/1823/1426 1412/1801/1412 1406/1792/1406
f 1421/1824/1421 1419/1825/1419 1418/1808/1418
f 1427/1826/1427 1416/1814/1416 1421/1813/1421
f 1422/1827/1422 1416/1814/1416 1427/1826/1427
f 1422/1827/1422 1398/1828/1398 1416/1814/1416
f 1423/1817/1423 1405/1819/1405 1420/1829/1420
f 1424/1830/1424 1400/1831/1400 1409/1820/1409
f 1425/1822/1425 1417/1832/1417 1401/1785/1401
f 1428/1833/1428 1421/1834/1421 1418/1808/1418
f 1429/1835/1429 1414/1804/1414 1411/1800/1411
f 1406/1792/1406 1389/1773/1389 1414/1804/1414
f 1430/1836/1430 1415/1805/1415 1412/1801/1412
f 1431/1837/1431 1420/1829/1420 1422/1827/1422
f 1423/1817/1423 1420/1829/1420 1432/1838/1432
f 1433/1839/1433 1417/1807/1417 1425/1840/1425
f 1433/1839/1433 1411/1800/1411 1417/1807/1417
f 1434/1841/1434 1406/1792/1406 1414/1804/1414
f 1427/1826/1427 1431/1837/1431 1422/1827/1422
f 1431/1837/1431 1432/1838/1432 1420/1829/1420
f 1424/1830/1424 1409/1820/1409 1423/1817/1423
f 1435/1842/1435 1412/1801/1412 1426/1823/1426
f 1436/1843/1436 1421/1813/1421 1428/1844/1428
f 1437/1845/1437 1431/1837/1431 1427/1826/1427
f 1436/1843/1436 1428/1844/1428 1438/1846/1438
f 1439/1847/1439 1436/1848/1436 1438/1849/1438
f 1427/1826/1427 1421/1813/1421 1436/1843/1436
f 1434/1841/1434 1414/1804/1414 1429/1835/1429
f 1434/1841/1434 1426/1823/1426 1406/1792/1406
f 1440/1850/1440 1435/1842/1435 1426/1823/1426
f 1441/1851/1441 1427/1826/1427 1436/1843/1436
f 1442/1852/1442 1431/1837/1431 1437/1845/1437
f 1432/1838/1432 1431/1837/1431 1442/1852/1442
f 1437/1845/1437 1427/1826/1427 1441/1851/1441
f 1443/1853/1443 1444/1854/1444 1429/1835/1429
f 1440/1850/1440 1426/1823/1426 1434/1841/1434
f 1444/1854/1444 1434/1841/1434 1429/1835/1429
f 1445/1855/1445 1432/1838/1432 1442/1852/1442
f 1445/1855/1445 1446/1856/1446 1432/1838/1432
f 1440/1850/1440 1434/1841/1434 1444/1854/1444
f 1447/1857/1447 1445/1855/1445 1442/1852/1442
f 1448/1858/1448 1440/1850/1440 1444/1854/1444
f 1444/1859/1444 1449/1860/1449 1450/1861/1450
f 1451/1862/1451 1452/1863/1452 1453/1864/1453
f 1454/1865/1454 1446/1856/1446 1452/1866/1452
f 1455/1867/1455 1452/1868/1452 1451/1862/1451
f 1456/1869/1456 1454/1865/1454 1452/1866/1452
f 1457/1870/1457 1452/1866/1452 1455/1871/1455
f 1456/1869/1456 1452/1866/1452 1457/1870/1457
f 1458/1872/1458 1455/1867/1455 1451/1862/1451
f 1459/1873/1459 1455/1867/1455 1458/1872/1458
f 1460/1874/1460 1456/1869/1456 1457/1870/1457
f 1461/1875/1461 1456/1869/1456 1462/1876/1462
f 1462/1876/1462 1456/1869/1456 1460/1874/1460
f 1463/1877/1463 1464/1878/1464 1465/1879/1465
f 1466/1880/1466 1464/1878/1464 1463/1877/1463
f 1463/1877/1463 1465/1879/1465 1467/1881/1467
f 1468/1882/1468 1466/1880/1466 1463/1877/1463
f 1469/1883/1469 1462/1876/1462 1460/1874/1460
f 1469/1883/1469 1470/1884/1470 1462/1876/1462
f 1471/1885/1471 1468/1886/1468 1463/1887/1463
f 1472/1888/1472 1463/1877/1463 1467/1881/1467
f 1472/1888/1472 1471/1889/1471 1463/1877/1463
f 1473/1890/1473 1467/1881/1467 1474/1891/1474
f 1472/1888/1472 1467/1881/1467 1473/1890/1473
f 1473/1890/1473 1475/1892/1475 1472/1888/1472
f 1476/1893/1476 1477/1894/1477 1478/1895/1478
f 1479/1896/1479 1474/1891/1474 1480/1897/1480
f 1479/1896/1479 1473/1890/1473 1474/1891/1474
f 1481/1898/1481 1482/1899/1482 1483/1900/1483
f 1484/1901/1484 1482/1899/1482 1481/1898/1481
f 1484/1901/1484 1485/1902/1485 1482/1899/1482
f 1484/1903/1484 1486/1904/1486 1485/1905/1485
f 1487/1906/1487 1484/1907/1484 1481/1908/1481
f 1488/1909/1488 1484/1907/1484 1487/1906/1487
f 1489/1910/1489 1483/1911/1483 1490/1912/1490
f 1491/1913/1491 1481/1908/1481 1483/1911/1483
f 1491/1913/1491 1487/1906/1487 1481/1908/1481
f 1492/1914/1492 1488/1915/1488 1487/1916/1487
f 1493/1917/1493 1483/1911/1483 1489/1910/1489
f 1494/1918/1494 1483/1911/1483 1493/1917/1493
f 1494/1918/1494 1491/1913/1491 1483/1911/1483
f 1495/1919/1495 1487/1906/1487 1491/1913/1491
f 1496/1920/1496 1478/1895/1478 1497/1921/1497
f 1498/1922/1498 1499/1923/1499 1500/1924/1500
f 1498/1922/1498 1501/1925/1501 1499/1923/1499
f 1492/1914/1492 1487/1916/1487 1495/1926/1495
f 1502/1927/1502 1492/1914/1492 1495/1926/1495
f 1503/1928/1503 1504/1929/1504 1500/1930/1500
f 1498/1931/1498 1500/1930/1500 1504/1929/1504
f 1505/1932/1505 1491/1913/1491 1494/1918/1494
f 1496/1920/1496 1497/1921/1497 1506/1933/1506
f 1507/1934/1507 1494/1918/1494 1493/1917/1493
f 1495/1935/1495 1491/1913/1491 1505/1932/1505
f 1508/1936/1508 1503/1928/1503 1500/1930/1500
f 1509/1937/1509 1510/1938/1510 1511/1939/1511
f 1512/1940/1512 1513/1941/1513 1514/1942/1514
f 1500/1930/1500 1513/1941/1513 1508/1936/1508
f 1515/1943/1515 1498/1922/1498 1504/1944/1504
f 1515/1945/1515 1516/1946/1516 1498/1922/1498
f 1517/1947/1517 1509/1937/1509 1516/1946/1516
f 1518/1948/1518 1505/1932/1505 1494/1918/1494
f 1519/1949/1519 1505/1932/1505 1518/1948/1518
f 1519/1950/1519 1495/1951/1495 1505/1952/1505
f 1520/1953/1520 1495/1951/1495 1519/1950/1519
f 1520/1953/1520 1502/1954/1502 1495/1951/1495
f 1521/1955/1521 1478/1895/1478 1496/1920/1496
f 1508/1936/1508 1513/1941/1513 1512/1940/1512
f 1522/1956/1522 1503/1928/1503 1508/1936/1508
f 1503/1928/1503 1515/1957/1515 1504/1929/1504
f 1523/1958/1523 1516/1959/1516 1515/1957/1515
f 1523/1958/1523 1517/1960/1517 1516/1959/1516
f 1524/1961/1524 1517/1960/1517 1523/1958/1523
f 1510/1938/1510 1509/1937/1509 1517/1947/1517
f 1525/1962/1525 1526/1963/1526 1527/1964/1527
f 1518/1948/1518 1494/1918/1494 1507/1934/1507
f 1512/1940/1512 1528/1965/1528 1249/1600/1249
f 1529/1966/1529 1503/1928/1503 1522/1956/1522
f 1529/1966/1529 1515/1957/1515 1503/1928/1503
f 1524/1961/1524 1510/1967/1510 1517/1960/1517
f 1530/1968/1530 1518/1948/1518 1507/1934/1507
f 1531/1969/1531 1508/1936/1508 1512/1940/1512
f 1522/1956/1522 1508/1936/1508 1531/1969/1531
f 1529/1966/1529 1523/1958/1523 1515/1957/1515
f 1532/1970/1532 1510/1967/1510 1524/1961/1524
f 1532/1971/1532 1533/1972/1533 1510/1938/1510
f 1534/1973/1534 1525/1962/1525 1527/1964/1527
f 1535/1974/1535 1520/1953/1520 1519/1950/1519
f 1531/1969/1531 1512/1940/1512 1249/1600/1249
f 1536/1975/1536 1532/1970/1532 1524/1961/1524
f 1537/1976/1537 1519/1949/1519 1518/1948/1518
f 1538/1977/1538 1502/1954/1502 1520/1953/1520
f 1533/1978/1533 1532/1970/1532 1536/1975/1536
f 1539/1979/1539 1534/1973/1534 1527/1964/1527
f 1540/1980/1540 1534/1973/1534 1539/1979/1539
f 1535/1974/1535 1519/1950/1519 1537/1981/1537
f 1541/1982/1541 1502/1954/1502 1538/1977/1538
f 1531/1969/1531 1249/1600/1249 1252/1603/1252
f 1542/1983/1542 1522/1956/1522 1543/1984/1543
f 1529/1966/1529 1522/1956/1522 1542/1983/1542
f 1544/1985/1544 1523/1958/1523 1529/1966/1529
f 1545/1986/1545 1524/1961/1524 1523/1958/1523
f 1546/1987/1546 1533/1978/1533 1536/1975/1536
f 1547/1988/1547 1539/1979/1539 1527/1964/1527
f 1548/1989/1548 1518/1948/1518 1530/1968/1530
f 1548/1989/1548 1537/1976/1537 1518/1948/1518
f 1535/1974/1535 1537/1981/1537 1549/1990/1549
f 1550/1991/1550 1541/1982/1541 1538/1977/1538
f 1551/1992/1551 1531/1969/1531 1252/1603/1252
f 1544/1985/1544 1545/1986/1545 1523/1958/1523
f 1536/1975/1536 1524/1961/1524 1545/1986/1545
f 1552/1993/1552 1546/1987/1546 1536/1975/1536
f 1553/1994/1553 1554/1995/1554 1555/1996/1555
f 1547/1988/1547 1556/1997/1556 1554/1995/1554
f 1549/1998/1549 1537/1976/1537 1548/1989/1548
f 1538/1977/1538 1520/1953/1520 1535/1974/1535
f 1543/1984/1543 1522/1956/1522 1531/1969/1531
f 1557/1999/1557 1533/2000/1533 1546/1987/1546
f 1558/2001/1558 1539/1979/1539 1547/1988/1547
f 1559/2002/1559 1550/1991/1550 1538/1977/1538
f 1560/2003/1560 1506/1933/1506 1561/2004/1561
f 1562/2005/1562 1543/1984/1543 1531/1969/1531
f 1552/1993/1552 1536/1975/1536 1545/1986/1545
f 1547/1988/1547 1554/1995/1554 1553/1994/1553
f 1563/2006/1563 1540/2007/1540 1564/2008/1564
f 1565/2009/1565 1549/1990/1549 1548/2010/1548
f 1565/2009/1565 1535/1974/1535 1549/1990/1549
f 1521/1955/1521 1496/1920/1496 1566/2011/1566
f 1551/1992/1551 1252/1603/1252 1262/1613/1262
f 1544/1985/1544 1529/1966/1529 1542/1983/1542
f 1546/1987/1546 1567/2012/1567 1557/1999/1557
f 1568/2013/1568 1557/2014/1557 1567/2015/1567
f 1568/2013/1568 1569/2016/1569 1557/2014/1557
f 1570/2017/1570 1569/2018/1569 1568/2019/1568
f 1558/2001/1558 1547/1988/1547 1553/1994/1553
f 1571/2020/1571 1540/1980/1540 1539/1979/1539
f 1572/2021/1572 1563/2006/1563 1564/2008/1564
f 1573/2022/1573 1535/1974/1535 1565/2009/1565
f 1574/2023/1574 1575/2024/1575 1576/2025/1576
f 1577/2026/1577 1575/2024/1575 1574/2023/1574
f 1562/2005/1562 1531/1969/1531 1551/1992/1551
f 1282/1633/1282 1543/1984/1543 1562/2005/1562
f 1578/2027/1578 1552/1993/1552 1545/1986/1545
f 1579/2028/1579 1567/2012/1567 1546/1987/1546
f 1580/2029/1580 1570/2017/1570 1568/2019/1568
f 1555/1996/1555 1570/2017/1570 1580/2029/1580
f 1581/2030/1581 1555/1996/1555 1580/2029/1580
f 1582/2031/1582 1555/1996/1555 1581/2030/1581
f 1582/2031/1582 1553/1994/1553 1555/1996/1555
f 1558/2001/1558 1553/1994/1553 1583/2032/1583
f 1584/2033/1584 1558/2034/1558 1583/2035/1583
f 1571/2020/1571 1539/1979/1539 1584/2036/1584
f 1564/2037/1564 1540/1980/1540 1571/2020/1571
f 1585/2038/1585 1563/2039/1563 1572/2040/1572
f 1586/2041/1586 1548/1989/1548 1587/2042/1587
f 1586/2041/1586 1565/2043/1565 1548/1989/1548
f 1538/1977/1538 1535/1974/1535 1573/2022/1573
f 1574/2044/1574 1576/2045/1576 1588/2046/1588
f 1589/2047/1589 1577/2026/1577 1574/2023/1574
f 1279/1630/1279 1551/1992/1551 1262/1613/1262
f 1542/1983/1542 1543/1984/1543 1282/1633/1282
f 1590/2048/1590 1552/1993/1552 1578/2027/1578
f 1579/2028/1579 1546/1987/1546 1552/1993/1552
f 1579/2028/1579 1568/2049/1568 1567/2012/1567
f 1591/2050/1591 1582/2051/1582 1581/2052/1581
f 1584/2033/1584 1539/2053/1539 1558/2034/1558
f 1572/2021/1572 1564/2008/1564 1592/2054/1592
f 1593/2055/1593 1538/1977/1538 1573/2022/1573
f 1594/2056/1594 1574/2044/1574 1588/2046/1588
f 1595/2057/1595 1560/2003/1560 1561/2004/1561
f 1279/1630/1279 1562/2005/1562 1551/1992/1551
f 1282/1633/1282 1562/2005/1562 1279/1630/1279
f 1542/1983/1542 1282/1633/1282 1281/1632/1281
f 1596/2058/1596 1544/1985/1544 1542/1983/1542
f 1545/1986/1545 1544/1985/1544 1596/2058/1596
f 1580/2059/1580 1568/2049/1568 1579/2028/1579
f 1581/2052/1581 1580/2059/1580 1579/2028/1579
f 1593/2055/1593 1559/2002/1559 1538/1977/1538
f 1597/2060/1597 1598/2061/1598 1550/1991/1550
f 1594/2056/1594 1588/2046/1588 1597/2060/1597
f 1577/2026/1577 1561/2004/1561 1575/2024/1575
f 1599/2062/1599 1566/2011/1566 1595/2057/1595
f 1281/1632/1281 1596/2058/1596 1542/1983/1542
f 1578/2027/1578 1545/1986/1545 1596/2058/1596
f 1590/2048/1590 1578/2027/1578 1600/2063/1600
f 1579/2028/1579 1552/1993/1552 1590/2048/1590
f 1601/2064/1601 1572/2021/1572 1592/2054/1592
f 1602/2065/1602 1572/2021/1572 1601/2064/1601
f 1602/2066/1602 1585/2038/1585 1572/2040/1572
f 1603/2067/1603 1590/2048/1590 1600/2063/1600
f 1604/2068/1604 1584/2033/1584 1583/2035/1583
f 1571/2069/1571 1584/2033/1584 1604/2068/1604
f 1592/2054/1592 1564/2008/1564 1571/2070/1571
f 1605/2071/1605 1587/2042/1587 1585/2038/1585
f 1606/2072/1606 1597/2060/1597 1550/1991/1550
f 1595/2057/1595 1561/2004/1561 1607/2073/1607
f 1608/2074/1608 1599/2062/1599 1595/2057/1595
f 1609/2075/1609 1610/2076/1610 1611/2077/1611
f 1280/1631/1280 1282/1633/1282 1279/1630/1279
f 1581/2052/1581 1579/2028/1579 1590/2048/1590
f 1591/2050/1591 1581/2052/1581 1590/2048/1590
f 1603/2067/1603 1591/2050/1591 1590/2048/1590
f 1612/2078/1612 1604/2068/1604 1583/2035/1583
f 1592/2054/1592 1571/2070/1571 1604/2079/1604
f 1613/2080/1613 1565/2009/1565 1586/2081/1586
f 1613/2080/1613 1573/2022/1573 1565/2009/1565
f 1614/2082/1614 1574/2044/1574 1594/2056/1594
f 1614/2082/1614 1589/2083/1589 1574/2044/1574
f 1607/2073/1607 1561/2004/1561 1577/2026/1577
f 1615/2084/1615 1566/2011/1566 1599/2062/1599
f 1605/2071/1605 1585/2038/1585 1602/2066/1602
f 1616/2085/1616 1613/2080/1613 1586/2081/1586
f 1613/2080/1613 1593/2055/1593 1573/2022/1573
f 1617/2086/1617 1578/2027/1578 1596/2058/1596
f 1618/2087/1618 1619/2088/1619 1592/2054/1592
f 1620/2089/1620 1605/2071/1605 1602/2066/1602
f 1621/2090/1621 1605/2071/1605 1620/2089/1620
f 1606/2072/1606 1550/1991/1550 1559/2002/1559
f 1622/2091/1622 1589/2047/1589 1614/2092/1614
f 1622/2093/1622 1577/2026/1577 1589/2047/1589
f 1601/2064/1601 1592/2054/1592 1619/2088/1619
f 1606/2072/1606 1594/2056/1594 1597/2060/1597
f 1623/2094/1623 1595/2057/1595 1607/2073/1607
f 1624/2095/1624 1281/1632/1281 1280/1631/1280
f 1596/2058/1596 1281/1632/1281 1617/2086/1617
f 1625/2096/1625 1602/2065/1602 1601/2064/1601
f 1625/2096/1625 1620/2097/1620 1602/2065/1602
f 1626/2098/1626 1613/2080/1613 1616/2085/1616
f 1627/2099/1627 1594/2056/1594 1606/2072/1606
f 1614/2082/1614 1594/2056/1594 1627/2099/1627
f 1608/2074/1608 1595/2057/1595 1623/2094/1623
f 1611/2077/1611 1566/2011/1566 1615/2084/1615
f 1628/2100/1628 1617/2086/1617 1281/1632/1281
f 1629/2101/1629 1621/2090/1621 1620/2089/1620
f 1630/2102/1630 1593/2055/1593 1613/2080/1613
f 1631/2103/1631 1577/2026/1577 1622/2093/1622
f 1607/2073/1607 1577/2026/1577 1631/2103/1631
f 1632/2104/1632 1607/2073/1607 1631/2103/1631
f 1625/2096/1625 1601/2064/1601 1619/2088/1619
f 1633/2105/1633 1620/2089/1620 1625/2106/1625
f 1629/2101/1629 1620/2089/1620 1633/2105/1633
f 1634/2107/1634 1613/2080/1613 1626/2098/1626
f 1630/2102/1630 1613/2080/1613 1634/2107/1634
f 1630/2102/1630 1635/2108/1635 1593/2055/1593
f 1636/2109/1636 1599/2062/1599 1608/2074/1608
f 1637/2110/1637 1627/2099/1627 1606/2072/1606
f 1622/2111/1622 1614/2082/1614 1627/2099/1627
f 1623/2094/1623 1607/2073/1607 1632/2104/1632
f 1636/2109/1636 1608/2074/1608 1623/2094/1623
f 1615/2084/1615 1599/2062/1599 1636/2109/1636
f 1638/2112/1638 1611/2077/1611 1615/2084/1615
f 1639/2113/1639 1640/2114/1640 1609/2075/1609
f 1631/2115/1631 1622/2111/1622 1627/2099/1627
f 1641/2116/1641 1642/2117/1642 1640/2114/1640
f 1643/2118/1643 1625/2096/1625 1619/2088/1619
f 1633/2119/1633 1644/2120/1644 1629/2121/1629
f 1619/2088/1619 1618/2087/1618 1645/2122/1645
f 1646/2123/1646 1619/2088/1619 1645/2122/1645
f 1633/2119/1633 1625/2096/1625 1643/2118/1643
f 1632/2124/1632 1631/2115/1631 1627/2099/1627
f 1647/2125/1647 1623/2094/1623 1648/2126/1648
f 1647/2125/1647 1636/2109/1636 1623/2094/1623
f 1649/2127/1649 1615/2084/1615 1636/2109/1636
f 1650/2128/1650 1638/2112/1638 1615/2084/1615
f 1651/2129/1651 1640/2114/1640 1639/2113/1639
f 1651/2129/1651 1641/2116/1641 1640/2114/1640
f 1295/1648/1295 1292/1645/1292 1652/2130/1652
f 1653/2131/1653 1293/1646/1293 1284/1635/1284
f 1654/2132/1654 1293/1646/1293 1653/2131/1653
f 1648/2133/1648 1623/2134/1623 1632/2124/1632
f 1655/2135/1655 1636/2109/1636 1647/2125/1647
f 1650/2128/1650 1615/2084/1615 1649/2127/1649
f 1641/2116/1641 1656/2136/1656 1642/2117/1642
f 1295/1648/1295 1653/2131/1653 1284/1635/1284
f 1657/2137/1657 1626/2098/1626 1644/2120/1644
f 1658/2138/1658 1648/2133/1648 1632/2124/1632
f 1659/2139/1659 1641/2116/1641 1651/2129/1651
f 1660/2140/1660 1295/1648/1295 1652/2130/1652
f 1661/2141/1661 1619/2088/1619 1646/2123/1646
f 1662/2142/1662 1626/2098/1626 1657/2137/1657
f 1630/2102/1630 1634/2107/1634 1663/2143/1663
f 1627/2099/1627 1637/2110/1637 1664/2144/1664
f 1665/2145/1665 1632/2124/1632 1627/2099/1627
f 1666/2146/1666 1638/2112/1638 1650/2128/1650
f 1651/2129/1651 1639/2113/1639 1667/2147/1667
f 1668/2148/1668 1653/2131/1653 1295/1648/1295
f 1668/2148/1668 1654/2132/1654 1653/2131/1653
f 1634/2107/1634 1626/2098/1626 1662/2142/1662
f 1647/2149/1647 1648/2150/1648 1669/2151/1669
f 1670/2152/1670 1659/2139/1659 1651/2129/1651
f 1663/2143/1663 1634/2107/1634 1662/2142/1662
f 1658/2138/1658 1632/2124/1632 1665/2145/1665
f 1658/2138/1658 1669/2151/1669 1648/2133/1648
f 1671/2153/1671 1650/2128/1650 1649/2127/1649
f 1672/2154/1672 1652/2130/1652 1673/2155/1673
f 1674/2156/1674 1675/2157/1675 1635/2108/1635
f 1676/2158/1676 1677/2159/1677 1675/2157/1675
f 1665/2145/1665 1627/2099/1627 1664/2144/1664
f 1655/2135/1655 1647/2125/1647 1669/2160/1669
f 1649/2127/1649 1636/2109/1636 1655/2135/1655
f 1666/2146/1666 1650/2128/1650 1671/2153/1671
f 1651/2129/1651 1667/2147/1667 1670/2152/1670
f 1678/2161/1678 1656/2136/1656 1679/2162/1679
f 1680/2163/1680 1660/2140/1660 1652/2130/1652
f 1668/2148/1668 1295/1648/1295 1660/2140/1660
f 1681/2164/1681 1646/2123/1646 1645/2122/1645
f 1682/2165/1682 1643/2118/1643 1661/2141/1661
f 1682/2165/1682 1683/2166/1683 1643/2118/1643
f 1674/2156/1674 1635/2108/1635 1630/2102/1630
f 1684/2167/1684 1677/2159/1677 1676/2158/1676
f 1637/2110/1637 1677/2159/1677 1684/2167/1684
f 1685/2168/1685 1646/2123/1646 1681/2164/1681
f 1685/2168/1685 1661/2141/1661 1646/2123/1646
f 1686/2169/1686 1661/2141/1661 1685/2168/1685
f 1687/2170/1687 1655/2135/1655 1669/2160/1669
f 1688/2171/1688 1689/2172/1689 1299/1654/1299
f 1680/2163/1680 1652/2130/1652 1672/2154/1672
f 1685/2168/1685 1654/2132/1654 1668/2148/1668
f 1685/2168/1685 1681/2164/1681 1654/2132/1654
f 1690/2173/1690 1662/2142/1662 1657/2137/1657
f 1664/2144/1664 1637/2110/1637 1684/2167/1684
f 1665/2145/1665 1691/2174/1691 1658/2138/1658
f 1669/2151/1669 1658/2138/1658 1692/2175/1692
f 1655/2135/1655 1693/2176/1693 1649/2127/1649
f 1694/2177/1694 1659/2139/1659 1670/2152/1670
f 1695/2178/1695 1299/1654/1299 1307/1662/1307
f 1688/2171/1688 1299/1654/1299 1695/2178/1695
f 1303/1658/1303 1689/2172/1689 1688/2171/1688
f 1672/2154/1672 1673/2155/1673 1696/2179/1696
f 1697/2180/1697 1683/2166/1683 1682/2165/1682
f 1674/2156/1674 1630/2102/1630 1663/2143/1663
f 1687/2170/1687 1669/2160/1669 1692/2181/1692
f 1693/2176/1693 1671/2153/1671 1649/2127/1649
f 1694/2177/1694 1670/2152/1670 1666/2146/1666
f 1668/2148/1668 1660/2140/1660 1680/2163/1680
f 1686/2169/1686 1682/2165/1682 1661/2141/1661
f 1692/2175/1692 1658/2138/1658 1691/2174/1691
f 1698/2182/1698 1666/2146/1666 1671/2153/1671
f 1699/2183/1699 1700/2184/1700 1678/2161/1678
f 1307/1662/1307 1296/1651/1296 1701/2185/1701
f 1702/2186/1702 1665/2145/1665 1664/2144/1664
f 1703/2187/1703 1655/2135/1655 1687/2170/1687
f 1698/2182/1698 1694/2177/1694 1666/2146/1666
f 1662/2142/1662 1704/2188/1704 1663/2143/1663
f 1705/2189/1705 1684/2167/1684 1676/2158/1676
f 1702/2186/1702 1691/2174/1691 1665/2145/1665
f 1706/2190/1706 1693/2176/1693 1655/2135/1655
f 1707/2191/1707 1694/2177/1694 1698/2182/1698
f 1708/2192/1708 1695/2178/1695 1307/1662/1307
f 1709/2193/1709 1695/2178/1695 1708/2192/1708
f 1709/2193/1709 1688/2171/1688 1695/2178/1695
f 1680/2163/1680 1685/2168/1685 1668/2148/1668
f 1686/2169/1686 1685/2168/1685 1680/2163/1680
f 1710/2194/1710 1697/2180/1697 1682/2165/1682
f 1711/2195/1711 1675/2157/1675 1674/2156/1674
f 1712/2196/1712 1676/2158/1676 1675/2157/1675
f 1712/2196/1712 1713/2197/1713 1676/2158/1676
f 1714/2198/1714 1687/2199/1687 1692/2175/1692
f 1706/2200/1706 1655/2135/1655 1703/2187/1703
f 1674/2156/1674 1663/2143/1663 1715/2201/1715
f 1711/2195/1711 1674/2156/1674 1715/2201/1715
f 1712/2196/1712 1675/2157/1675 1711/2195/1711
f 1713/2197/1713 1705/2189/1705 1676/2158/1676
f 1716/2202/1716 1692/2175/1692 1691/2174/1691
f 1717/2203/1717 1698/2182/1698 1718/2204/1718
f 1717/2203/1717 1707/2191/1707 1698/2182/1698
f 1719/2205/1719 1686/2169/1686 1680/2163/1680
f 1719/2205/1719 1682/2165/1682 1686/2169/1686
f 1704/2188/1704 1662/2142/1662 1690/2173/1690
f 1714/2198/1714 1692/2175/1692 1716/2202/1716
f 1720/2206/1720 1694/2177/1694 1721/2207/1721
f 1722/2208/1722 1720/2206/1720 1721/2207/1721
f 1721/2209/1721 1694/2177/1694 1707/2191/1707
f 1723/2210/1723 1708/2192/1708 1307/1662/1307
f 1715/2201/1715 1663/2143/1663 1704/2188/1704
f 1724/2211/1724 1691/2174/1691 1702/2186/1702
f 1725/2212/1725 1703/2213/1703 1714/2214/1714
f 1723/2210/1723 1307/1662/1307 1726/2215/1726
f 1716/2202/1716 1691/2174/1691 1724/2211/1724
f 1727/2216/1727 1728/2217/1728 1729/2218/1729
f 1708/2192/1708 1730/2219/1730 1709/2193/1709
f 1731/2220/1731 1730/2219/1730 1708/2192/1708
f 1732/2221/1732 1733/2222/1733 1734/2223/1734
f 1735/2224/1735 1690/2173/1690 1733/2222/1733
f 1704/2188/1704 1690/2173/1690 1735/2224/1735
f 1715/2201/1715 1704/2188/1704 1736/2225/1736
f 1727/2216/1727 1737/2226/1737 1728/2217/1728
f 1738/2227/1738 1708/2192/1708 1723/2210/1723
f 1738/2227/1738 1731/2220/1731 1708/2192/1708
f 1739/2228/1739 1711/2195/1711 1715/2201/1715
f 1740/2229/1740 1707/2230/1707 1717/2231/1717
f 1741/2232/1741 1737/2226/1737 1727/2216/1727
f 1742/2233/1742 1730/2219/1730 1731/2220/1731
f 1732/2221/1732 1735/2224/1735 1733/2222/1733
f 1739/2228/1739 1715/2201/1715 1736/2225/1736
f 1739/2228/1739 1712/2196/1712 1711/2195/1711
f 1743/2234/1743 1744/2235/1744 1702/2186/1702
f 1744/2235/1744 1724/2211/1724 1702/2186/1702
f 1745/2236/1745 1741/2237/1741 1727/2238/1727
f 1745/2236/1745 1746/2239/1746 1741/2237/1741
f 1747/2240/1747 1738/2227/1738 1723/2210/1723
f 1748/2241/1748 1719/2205/1719 1742/2233/1742
f 1749/2242/1749 1713/2197/1713 1712/2196/1712
f 1750/2243/1750 1724/2211/1724 1744/2235/1744
f 1716/2244/1716 1724/2211/1724 1750/2243/1750
f 1745/2236/1745 1727/2238/1727 1751/2245/1751
f 1732/2221/1732 1734/2223/1734 1748/2241/1748
f 1752/2246/1752 1712/2196/1712 1739/2228/1739
f 1749/2242/1749 1712/2196/1712 1752/2246/1752
f 1753/2247/1753 1744/2248/1744 1743/2249/1743
f 1732/2221/1732 1731/2220/1731 1738/2227/1738
f 1750/2250/1750 1744/2248/1744 1753/2247/1753
f 1754/2251/1754 1704/2188/1704 1735/2224/1735
f 1755/2252/1755 1704/2188/1704 1754/2251/1754
f 1747/2240/1747 1732/2221/1732 1738/2227/1738
f 1756/2253/1756 1753/2247/1753 1743/2249/1743
f 1735/2224/1735 1732/2221/1732 1747/2240/1747
f 1752/2246/1752 1739/2228/1739 1757/2254/1757
f 1754/2251/1754 1735/2224/1735 1747/2240/1747
f 1758/2255/1758 1759/2256/1759 1760/2257/1760
f 1761/2258/1761 1762/2259/1762 1753/2247/1753
f 1763/2260/1763 1752/2246/1752 1757/2254/1757
f 1764/2261/1764 1753/2247/1753 1765/2262/1765
f 1761/2258/1761 1753/2247/1753 1766/2263/1766
f 1767/2264/1767 1768/2265/1768 1769/2266/1769
f 1770/2267/1770 1769/2266/1769 1771/2268/1771
f 1767/2264/1767 1769/2266/1769 1770/2267/1770
f 1772/2269/1772 1773/2270/1773 1774/2271/1774
f 1766/2263/1766 1753/2247/1753 1764/2261/1764
f 1775/2272/1775 1761/2258/1761 1766/2263/1766
f 1776/2273/1776 1777/2274/1777 1778/2275/1778
f 1779/2276/1779 1761/2258/1761 1775/2272/1775
f 1775/2272/1775 1766/2263/1766 1764/2261/1764
f 1780/2277/1780 1761/2258/1761 1779/2276/1779
f 1781/2278/1781 1767/2264/1767 1782/2279/1782
f 1783/2280/1783 1764/2261/1764 1784/2281/1784
f 1775/2272/1775 1785/2282/1785 1779/2276/1779
f 1786/2283/1786 1787/2284/1787 1788/2285/1788
f 1784/2281/1784 1764/2261/1764 1773/2286/1773
f 1789/2287/1789 1783/2280/1783 1784/2281/1784
f 1775/2272/1775 1764/2261/1764 1783/2280/1783
f 1785/2282/1785 1780/2277/1780 1779/2276/1779
f 1784/2281/1784 1773/2286/1773 1790/2288/1790
f 1791/2289/1791 1787/2284/1787 1786/2283/1786
f 1789/2287/1789 1775/2272/1775 1783/2280/1783
f 1786/2283/1786 1792/2290/1792 1791/2289/1791
f 1793/2291/1793 1785/2282/1785 1775/2272/1775
f 1794/2292/1794 1781/2293/1781 1782/2294/1782
f 1793/2291/1793 1775/2272/1775 1789/2287/1789
f 1795/2295/1795 1796/2296/1796 1789/2287/1789
f 1797/2297/1797 1793/2291/1793 1789/2287/1789
f 1798/2298/1798 1785/2282/1785 1793/2291/1793
f 1796/2296/1796 1795/2295/1795 1799/2299/1799
f 1797/2297/1797 1789/2287/1789 1800/2300/1800
f 1801/2301/1801 1802/2302/1802 1803/2303/1803
f 1804/2304/1804 1796/2296/1796 1799/2305/1799
f 1800/2300/1800 1789/2287/1789 1796/2296/1796
f 1805/2306/1805 1806/2307/1806 1802/2302/1802
f 1798/2298/1798 1807/2308/1807 1785/2282/1785
f 1805/2306/1805 1802/2302/1802 1801/2301/1801
f 1800/2300/1800 1796/2296/1796 1804/2304/1804
f 1808/2309/1808 1798/2298/1798 1793/2291/1793
f 1800/2300/1800 1804/2304/1804 1809/2310/1809
f 1808/2309/1808 1793/2291/1793 1797/2297/1797
f 1798/2298/1798 1810/2311/1810 1807/2308/1807
f 1797/2297/1797 1800/2300/1800 1809/2312/1809
f 1808/2309/1808 1797/2297/1797 1811/2313/1811
f 1811/2313/1811 1797/2297/1797 1812/2314/1812
f 1813/2315/1813 1810/2311/1810 1798/2298/1798
f 1814/2316/1814 1815/2317/1815 1810/2311/1810
f 1809/2312/1809 1812/2314/1812 1797/2297/1797
f 1816/2318/1816 1798/2298/1798 1808/2309/1808
f 1817/2319/1817 1814/2316/1814 1810/2311/1810
f 1818/2320/1818 1815/2317/1815 1814/2316/1814
f 1819/2321/1819 1808/2309/1808 1811/2313/1811
f 1813/2315/1813 1798/2298/1798 1816/2318/1816
f 1820/2322/1820 1811/2323/1811 1812/2324/1812
f 1821/2325/1821 1809/2326/1809 1822/2327/1822
f 1821/2325/1821 1812/2324/1812 1809/2326/1809
f 1821/2325/1821 1820/2322/1820 1812/2324/1812
f 1816/2318/1816 1808/2309/1808 1819/2321/1819
f 1817/2319/1817 1810/2311/1810 1813/2315/1813
f 1820/2328/1820 1819/2321/1819 1811/2313/1811
f 1817/2319/1817 1813/2315/1813 1823/2329/1823
f 1824/2330/1824 1819/2321/1819 1820/2328/1820
f 1825/2331/1825 1814/2316/1814 1817/2319/1817
f 1826/2332/1826 1827/2333/1827 1821/2325/1821
f 1816/2318/1816 1828/2334/1828 1813/2315/1813
f 1829/2335/1829 1820/2322/1820 1821/2325/1821
f 1828/2334/1828 1823/2329/1823 1813/2315/1813
f 1830/2336/1830 1814/2316/1814 1825/2331/1825
f 1829/2335/1829 1821/2325/1821 1827/2333/1827
f 1819/2321/1819 1828/2334/1828 1816/2318/1816
f 1825/2331/1825 1817/2319/1817 1823/2329/1823
f 1829/2335/1829 1824/2337/1824 1820/2322/1820
f 1828/2334/1828 1819/2321/1819 1824/2330/1824
f 1828/2334/1828 1824/2330/1824 1831/2338/1831
f 1828/2334/1828 1832/2339/1832 1823/2329/1823
f 1833/2340/1833 1829/2335/1829 1827/2333/1827
f 1832/2339/1832 1825/2331/1825 1823/2329/1823
f 1834/2341/1834 1825/2331/1825 1832/2339/1832
f 1832/2339/1832 1828/2334/1828 1835/2342/1835
f 1836/2343/1836 1828/2334/1828 1831/2344/1831
f 1834/2341/1834 1837/2345/1837 1825/2331/1825
f 1835/2342/1835 1828/2334/1828 1836/2343/1836
f 1838/2346/1838 1837/2345/1837 1834/2341/1834
f 1839/2347/1839 1836/2348/1836 1831/2349/1831
f 1835/2342/1835 1836/2343/1836 1840/2350/1840
f 1841/2351/1841 1842/2352/1842 1838/2346/1838
f 1843/2353/1843 1832/2339/1832 1835/2342/1835
f 1841/2351/1841 1838/2346/1838 1834/2341/1834
f 1843/2353/1843 1840/2350/1840 1844/2354/1844
f 1845/2355/1845 1843/2353/1843 1844/2354/1844
f 1846/2356/1846 1843/2353/1843 1845/2355/1845
f 1459/2357/1459 1460/1874/1460 1457/1870/1457
f 1413/1802/1413 1381/1763/1381 1424/1821/1424
f 1847/2358/1847 1413/1802/1413 1848/2359/1848
f 1848/2360/1848 1413/2361/1413 1424/1830/1424
f 1847/2358/1847 1425/1822/1425 1413/1802/1413
f 1429/1835/1429 1411/1800/1411 1433/1839/1433
f 1849/2362/1849 1424/1830/1424 1423/1817/1423
f 1433/2363/1433 1425/2364/1425 1847/2365/1847
f 1454/1865/1454 1423/1817/1423 1432/1838/1432
f 1850/2366/1850 1433/1839/1433 1851/2367/1851
f 1850/2366/1850 1429/1835/1429 1433/1839/1433
f 1454/1865/1454 1849/2362/1849 1423/1817/1423
f 1852/2368/1852 1424/1830/1424 1849/2362/1849
f 1852/2368/1852 1848/2360/1848 1424/1830/1424
f 1852/2368/1852 1847/2365/1847 1848/2360/1848
f 1851/2369/1851 1433/2363/1433 1847/2365/1847
f 1443/1853/1443 1429/1835/1429 1850/2366/1850
f 1853/2370/1853 1851/2369/1851 1847/2365/1847
f 1853/2370/1853 1847/2365/1847 1852/2368/1852
f 1854/2371/1854 1443/2372/1443 1850/2373/1850
f 1855/2374/1855 1853/2370/1853 1852/2368/1852
f 1850/2375/1850 1851/2369/1851 1853/2370/1853
f 1856/2376/1856 1854/2371/1854 1850/2375/1850
f 1454/1865/1454 1432/1838/1432 1446/1856/1446
f 1856/2376/1856 1850/2375/1850 1853/2370/1853
f 1449/2377/1449 1444/1854/1444 1443/1853/1443
f 1449/2378/1449 1443/2372/1443 1854/2371/1854
f 1857/2379/1857 1849/2362/1849 1454/1865/1454
f 1857/2379/1857 1855/2374/1855 1852/2368/1852
f 1858/2380/1858 1853/2370/1853 1855/2374/1855
f 1857/2379/1857 1852/2368/1852 1849/2362/1849
f 1859/2381/1859 1449/2378/1449 1854/2371/1854
f 1450/1861/1450 1449/1860/1449 1859/2382/1859
f 1860/2383/1860 1855/2374/1855 1857/2379/1857
f 1860/2383/1860 1858/2380/1858 1855/2374/1855
f 1856/2376/1856 1853/2370/1853 1858/2380/1858
f 1456/1869/1456 1857/2379/1857 1454/1865/1454
f 1861/2384/1861 1859/2381/1859 1854/2371/1854
f 1862/2385/1862 1858/2380/1858 1860/2383/1860
f 1461/1875/1461 1857/2379/1857 1456/1869/1456
f 1862/2385/1862 1856/2376/1856 1858/2380/1858
f 1863/2386/1863 1854/2371/1854 1856/2376/1856
f 1863/2387/1863 1861/2388/1861 1854/2389/1854
f 1863/2386/1863 1856/2376/1856 1862/2385/1862
f 1860/2383/1860 1857/2379/1857 1461/1875/1461
f 1464/1878/1464 1862/2385/1862 1465/1879/1465
f 1464/1878/1464 1863/2386/1863 1862/2385/1862
f 1864/2390/1864 1863/2386/1863 1464/1878/1464
f 1865/2391/1865 1866/2392/1866 1867/2393/1867
f 1868/2394/1868 1865/2391/1865 1869/2395/1869
f 1869/2395/1869 1870/2396/1870 1868/2394/1868
f 1871/2397/1871 1860/2383/1860 1461/1875/1461
f 1867/2393/1867 1872/2398/1872 1873/2399/1873
f 1869/2395/1869 1874/2400/1874 1870/2396/1870
f 1875/2401/1875 1869/2395/1869 1865/2391/1865
f 1876/2402/1876 1869/2395/1869 1875/2401/1875
f 1877/2403/1877 1867/2393/1867 1873/2399/1873
f 1877/2403/1877 1875/2401/1875 1867/2393/1867
f 1878/2404/1878 1879/2405/1879 1880/2406/1880
f 1881/2407/1881 1873/2399/1873 1879/2405/1879
f 1881/2407/1881 1879/2405/1879 1878/2404/1878
f 1882/2408/1882 1875/2401/1875 1877/2403/1877
f 1877/2403/1877 1873/2399/1873 1881/2407/1881
f 1880/2406/1880 1883/2409/1883 1884/2410/1884
f 1878/2404/1878 1880/2406/1880 1884/2410/1884
f 1878/2404/1878 1885/2411/1885 1881/2407/1881
f 1877/2403/1877 1881/2407/1881 1885/2411/1885
f 1886/2412/1886 1876/2402/1876 1882/2408/1882
f 1886/2412/1886 1887/2413/1887 1876/2402/1876
f 1888/2414/1888 1878/2404/1878 1884/2410/1884
f 1889/2415/1889 1884/2410/1884 1890/2416/1890
f 1889/2415/1889 1888/2414/1888 1884/2410/1884
f 1891/2417/1891 1878/2404/1878 1888/2414/1888
f 1892/2418/1892 1885/2411/1885 1878/2404/1878
f 1885/2411/1885 1882/2408/1882 1877/2403/1877
f 1886/2412/1886 1882/2408/1882 1893/2419/1893
f 1893/2419/1893 1882/2408/1882 1885/2411/1885
f 1892/2418/1892 1878/2404/1878 1891/2417/1891
f 1894/2420/1894 1885/2411/1885 1892/2418/1892
f 1891/2417/1891 1888/2414/1888 1889/2415/1889
f 1895/2421/1895 1893/2419/1893 1885/2411/1885
f 1896/2422/1896 1894/2420/1894 1892/2418/1892
f 1897/2423/1897 1891/2417/1891 1889/2415/1889
f 1895/2421/1895 1885/2411/1885 1894/2420/1894
f 1896/2422/1896 1892/2418/1892 1891/2417/1891
f 1898/2424/1898 1899/2425/1899 1900/2426/1900
f 1556/1997/1556 1899/2425/1899 1898/2424/1898
f 1530/1968/1530 1507/1934/1507 1525/1962/1525
f 1901/2427/1901 1898/2424/1898 1902/2428/1902
f 1530/1968/1530 1525/1962/1525 1534/1973/1534
f 1903/2429/1903 1897/2423/1897 1889/2415/1889
f 1896/2422/1896 1891/2417/1891 1897/2423/1897
f 1904/2430/1904 1893/2419/1893 1895/2421/1895
f 1554/1995/1554 1556/1997/1556 1898/2424/1898
f 1905/2431/1905 1901/2427/1901 1902/2428/1902
f 1901/2427/1901 1554/1995/1554 1898/2424/1898
f 1906/2432/1906 1895/2421/1895 1894/2420/1894
f 1907/2433/1907 1908/2434/1908 1909/2435/1909
f 1906/2432/1906 1904/2430/1904 1895/2421/1895
f 1905/2431/1905 1910/2436/1910 1570/2017/1570
f 1555/1996/1555 1554/1995/1554 1901/2427/1901
f 1530/1968/1530 1534/1973/1534 1540/1980/1540
f 1906/2432/1906 1894/2420/1894 1896/2422/1896
f 1555/1996/1555 1901/2427/1901 1905/2431/1905
f 1563/2039/1563 1530/1968/1530 1540/1980/1540
f 1911/2437/1911 1897/2423/1897 1903/2429/1903
f 1912/2438/1912 1908/2434/1908 1907/2433/1907
f 1555/1996/1555 1905/2431/1905 1570/2017/1570
f 1585/2038/1585 1530/1968/1530 1563/2039/1563
f 1913/2439/1913 1914/2440/1914 1915/2441/1915
f 1916/2442/1916 1897/2423/1897 1911/2437/1911
f 1896/2422/1896 1897/2423/1897 1916/2442/1916
f 1917/2443/1917 1912/2438/1912 1907/2433/1907
f 1906/2432/1906 1896/2422/1896 1918/2444/1918
f 1587/2042/1587 1548/1989/1548 1585/2038/1585
f 1907/2433/1907 1909/2435/1909 1919/2445/1919
f 1920/2446/1920 1916/2442/1916 1911/2437/1911
f 1921/2447/1921 1904/2430/1904 1906/2432/1906
f 1913/2439/1913 1915/2441/1915 1922/2448/1922
f 1919/2445/1919 1913/2439/1913 1923/2449/1923
f 1924/2450/1924 1920/2446/1920 1911/2437/1911
f 1925/2451/1925 1907/2433/1907 1919/2445/1919
f 1917/2443/1917 1907/2433/1907 1925/2451/1925
f 1926/2452/1926 1906/2432/1906 1918/2444/1918
f 1921/2447/1921 1906/2432/1906 1926/2452/1926
f 1923/2449/1923 1922/2448/1922 1927/2453/1927
f 1928/2454/1928 1925/2451/1925 1919/2445/1919
f 1929/2455/1929 1924/2450/1924 1930/2456/1930
f 1931/2457/1931 1926/2452/1926 1918/2444/1918
f 1932/2458/1932 1925/2451/1925 1928/2454/1928
f 1933/2459/1933 1929/2455/1929 1930/2456/1930
f 1933/2460/1933 1930/2461/1930 1934/2462/1934
f 1931/2457/1931 1935/2463/1935 1926/2452/1926
f 1936/2464/1936 1929/2455/1929 1933/2465/1933
f 1937/2466/1937 1938/2467/1938 1939/2468/1939
f 1940/2469/1940 1925/2451/1925 1932/2458/1932
f 1936/2470/1936 1933/2460/1933 1934/2462/1934
f 1941/2471/1941 1934/2462/1934 1925/2451/1925
f 1942/2472/1942 1938/2467/1938 1937/2466/1937
f 1941/2471/1941 1925/2451/1925 1940/2469/1940
f 1936/2470/1936 1934/2462/1934 1941/2471/1941
f 1935/2463/1935 1931/2457/1931 1943/2473/1943
f 1944/2474/1944 1945/2475/1945 1946/2476/1946
f 1944/2474/1944 1937/2466/1937 1945/2475/1945
f 1947/2477/1947 1948/2478/1948 1949/2479/1949
f 1950/2480/1950 1935/2463/1935 1943/2473/1943
f 1949/2479/1949 1948/2478/1948 1951/2481/1951
f 1952/2482/1952 1940/2483/1940 1953/2484/1953
f 1954/2485/1954 1943/2473/1943 1948/2486/1948
f 1950/2480/1950 1943/2473/1943 1954/2485/1954
f 1949/2479/1949 1941/2487/1941 1952/2482/1952
f 1947/2477/1947 1954/2488/1954 1948/2478/1948
f 1955/2489/1955 1956/2490/1956 1957/2491/1957
f 1955/2489/1955 1953/2492/1953 1956/2490/1956
f 1958/2493/1958 1671/2153/1671 1693/2176/1693
f 1958/2494/1958 1693/2495/1693 1959/2496/1959
f 1698/2182/1698 1671/2153/1671 1958/2497/1958
f 1958/2494/1958 1718/2498/1718 1698/2499/1698
f 1960/2500/1960 1952/2482/1952 1953/2501/1953
f 1725/2212/1725 1706/2502/1706 1703/2213/1703
f 1706/2502/1706 1959/2496/1959 1693/2503/1693
f 1961/2504/1961 1699/2183/1699 1962/2505/1962
f 1960/2506/1960 1953/2492/1953 1955/2489/1955
f 1963/2507/1963 1952/2482/1952 1960/2500/1960
f 1725/2212/1725 1959/2496/1959 1706/2502/1706
f 1964/2508/1964 1958/2494/1958 1959/2496/1959
f 1962/2505/1962 1699/2183/1699 1720/2206/1720
f 1707/2230/1707 1722/2509/1722 1721/2510/1721
f 1725/2212/1725 1964/2508/1964 1959/2496/1959
f 1964/2508/1964 1718/2498/1718 1958/2494/1958
f 1740/2229/1740 1717/2231/1717 1718/2498/1718
f 1965/2511/1965 1720/2512/1720 1722/2509/1722
f 1965/2511/1965 1962/2513/1962 1720/2512/1720
f 1740/2229/1740 1718/2498/1718 1964/2508/1964
f 1740/2229/1740 1722/2509/1722 1707/2230/1707
f 1966/2514/1966 1967/2515/1967 1968/2516/1968
f 1969/2517/1969 1746/2239/1746 1745/2236/1745
f 1970/2518/1970 1969/2517/1969 1745/2236/1745
f 1740/2229/1740 1965/2511/1965 1722/2509/1722
f 1971/2519/1971 1968/2516/1968 1967/2515/1967
f 1972/2520/1972 1740/2229/1740 1964/2508/1964
f 1965/2511/1965 1740/2229/1740 1973/2521/1973
f 1974/2522/1974 1964/2508/1964 1725/2212/1725
f 1974/2522/1974 1972/2520/1972 1964/2508/1964
f 1975/2523/1975 1976/2524/1976 1967/2515/1967
f 1977/2525/1977 1974/2522/1974 1725/2212/1725
f 1973/2521/1973 1740/2229/1740 1972/2520/1972
f 1759/2256/1759 1975/2523/1975 1967/2515/1967
f 1978/2526/1978 1973/2521/1973 1972/2520/1972
f 1974/2522/1974 1978/2526/1978 1972/2520/1972
f 1978/2526/1978 1979/2527/1979 1973/2521/1973
f 1980/2528/1980 1759/2256/1759 1758/2255/1758
f 1980/2528/1980 1975/2523/1975 1759/2256/1759
f 1981/2529/1981 1978/2526/1978 1974/2522/1974
f 1778/2275/1778 1979/2527/1979 1978/2526/1978
f 1788/2285/1788 1982/2530/1982 1983/2531/1983
f 1788/2285/1788 1983/2531/1983 1984/2532/1984
f 1985/2533/1985 1978/2526/1978 1981/2529/1981
f 1986/2534/1986 1778/2275/1778 1978/2526/1978
f 1986/2534/1986 1978/2526/1978 1985/2533/1985
f 1980/2528/1980 1758/2255/1758 1987/2535/1987
f 1988/2536/1988 1980/2528/1980 1987/2535/1987
f 1988/2536/1988 1989/2537/1989 1980/2528/1980
f 1988/2536/1988 1984/2532/1984 1989/2537/1989
f 1990/2538/1990 1788/2285/1788 1984/2532/1984
f 1991/2539/1991 1788/2285/1788 1990/2538/1990
f 1984/2532/1984 1988/2536/1988 1990/2538/1990
f 1786/2283/1786 1788/2285/1788 1991/2539/1991
f 1992/2540/1992 1767/2264/1767 1781/2541/1781
f 1807/2308/1807 1985/2533/1985 1780/2277/1780
f 1993/2542/1993 1790/2543/1790 1772/2269/1772
f 1991/2539/1991 1990/2538/1990 1994/2544/1994
f 1794/2292/1794 1992/2545/1992 1781/2293/1781
f 1789/2287/1789 1784/2281/1784 1795/2295/1795
f 1807/2308/1807 1780/2277/1780 1785/2282/1785
f 1995/2546/1995 1996/2547/1996 1997/2548/1997
f 1993/2549/1993 1992/2545/1992 1794/2292/1794
f 1784/2281/1784 1790/2288/1790 1998/2550/1998
f 1999/2551/1999 1991/2539/1991 1994/2544/1994
f 2000/2552/2000 1996/2547/1996 1995/2546/1995
f 1802/2553/1802 1998/2550/1998 1790/2288/1790
f 1998/2550/1998 1795/2295/1795 1784/2281/1784
f 1994/2544/1994 1990/2538/1990 1988/2536/1988
f 2001/2554/2001 1987/2535/1987 2002/2555/2002
f 2003/2556/2003 2004/2557/2004 2000/2552/2000
f 1802/2302/1802 1790/2558/1790 1794/2292/1794
f 1799/2559/1799 1795/2560/1795 1998/2561/1998
f 2005/2562/2005 1786/2283/1786 1991/2539/1991
f 1806/2307/1806 1998/2561/1998 1802/2302/1802
f 1799/2559/1799 1998/2561/1998 1806/2307/1806
f 1815/2317/1815 1985/2533/1985 1807/2308/1807
f 2006/2563/2006 2004/2557/2004 2003/2556/2003
f 2005/2562/2005 1991/2539/1991 1999/2551/1999
f 2007/2564/2007 2008/2565/2008 2005/2562/2005
f 2009/2566/2009 2006/2563/2006 2003/2556/2003
f 1815/2317/1815 1807/2308/1807 1810/2311/1810
f 2010/2567/2010 1999/2551/1999 1994/2544/1994
f 2011/2568/2011 2012/2569/2012 2013/2570/2013
f 2014/2571/2014 2015/2572/2015 2016/2573/2016
f 2017/2574/2017 2018/2575/2018 2019/2576/2019
f 2016/2573/2016 2012/2569/2012 2014/2571/2014
f 2011/2568/2011 2013/2570/2013 2020/2577/2020
f 2014/2571/2014 2012/2569/2012 2011/2568/2011
f 2011/2568/2011 2020/2577/2020 2021/2578/2021
f 2022/2579/2022 2011/2568/2011 2021/2578/2021
f 2023/2580/2023 2014/2571/2014 2011/2568/2011
f 2024/2581/2024 2011/2568/2011 2022/2579/2022
f 2025/2582/2025 2011/2568/2011 2024/2581/2024
f 2023/2580/2023 2011/2568/2011 2025/2582/2025
f 2026/2583/2026 2023/2580/2023 2025/2582/2025
f 2027/2584/2027 2023/2585/2023 2026/2586/2026
f 2028/2587/2028 2027/2584/2027 2026/2586/2026
f 2029/2588/2029 2030/2589/2030 2031/2590/2031
f 2032/2591/2032 2028/2587/2028 2026/2586/2026
f 2032/2592/2032 2033/2593/2033 2028/2594/2028
f 2032/2591/2032 2026/2586/2026 2034/2595/2034
f 2035/2596/2035 2036/2597/2036 1838/2346/1838
f 1831/2349/1831 1824/2337/1824 1829/2335/1829
f 1842/2352/1842 2035/2596/2035 1838/2346/1838
f 1839/2347/1839 1831/2349/1831 1829/2335/1829
f 2037/2598/2037 2035/2596/2035 2038/2599/2038
f 1840/2600/1840 1836/2348/1836 1839/2347/1839
f 2039/2601/2039 2037/2598/2037 2038/2599/2038
f 1840/2350/1840 1843/2353/1843 1835/2342/1835
f 2040/2602/2040 2041/2603/2041 2039/2601/2039
f 2042/2604/2042 2041/2603/2041 2040/2602/2040
f 1844/2605/1844 1839/2347/1839 2043/2606/2043
f 1829/2335/1829 2044/2607/2044 2045/2608/2045
f 1844/2605/1844 1840/2600/1840 1839/2347/1839
f 2042/2604/2042 2040/2602/2040 2046/2609/2046
f 1845/2610/1845 1844/2605/1844 2047/2611/2047
f 2048/2612/2048 2047/2611/2047 2049/2613/2049
f 2048/2612/2048 1845/2610/1845 2047/2611/2047
f 2050/2614/2050 2051/2615/2051 2052/2616/2052
f 2050/2614/2050 2053/2617/2053 2051/2615/2051
f 2054/2618/2054 2049/2613/2049 2055/2619/2055
f 2056/2620/2056 2048/2612/2048 2049/2613/2049
f 2057/2621/2057 2048/2612/2048 2056/2620/2056
f 2056/2620/2056 2049/2613/2049 2054/2618/2054
f 1790/2543/1790 1993/2542/1993 1794/2622/1794
f 2058/2623/2058 1451/1862/1451 2059/2624/2059
f 1458/1872/1458 1451/1862/1451 2058/2623/2058
f 1457/2625/1457 1455/1867/1455 1459/1873/1459
f 1465/1879/1465 1860/2383/1860 1871/2397/1871
f 1465/1879/1465 1862/2385/1862 1860/2383/1860
f 2060/2626/2060 1459/1873/1459 1458/1872/1458
f 2060/2626/2060 1458/1872/1458 2061/2627/2061
f 2062/2628/2062 1459/2357/1459 2060/2629/2060
f 2062/2628/2062 1460/1874/1460 1459/2357/1459
f 1467/1881/1467 1465/1879/1465 1871/2397/1871
f 2063/2630/2063 2060/2626/2060 2061/2627/2061
f 1469/1883/1469 1460/1874/1460 2062/2628/2062
f 1470/1884/1470 1461/1875/1461 1462/1876/1462
f 1470/1884/1470 1871/2397/1871 1461/1875/1461
f 2063/2630/2063 2062/2631/2062 2060/2626/2060
f 1469/1883/1469 2062/2628/2062 2064/2632/2064
f 2065/2633/2065 2061/2627/2061 2066/2634/2066
f 2063/2630/2063 2061/2627/2061 2067/2635/2067
f 1467/1881/1467 1871/2397/1871 1470/1884/1470
f 2067/2635/2067 2061/2627/2061 2065/2633/2065
f 2064/2636/2064 2062/2631/2062 2063/2630/2063
f 1474/1891/1474 1467/1881/1467 1470/1884/1470
f 2068/2637/2068 2064/2636/2064 2063/2630/2063
f 2068/2638/2068 1469/1883/1469 2064/2632/2064
f 1474/1891/1474 1470/1884/1470 1480/1897/1480
f 2067/2635/2067 2065/2633/2065 2069/2639/2069
f 2070/2640/2070 2063/2630/2063 2067/2635/2067
f 2071/2641/2071 2068/2637/2068 2063/2630/2063
f 1480/1897/1480 1470/1884/1470 1469/1883/1469
f 2072/2642/2072 2071/2641/2071 2063/2630/2063
f 2073/2643/2073 1469/1883/1469 2074/2644/2074
f 2073/2643/2073 1480/1897/1480 1469/1883/1469
f 2074/2644/2074 2068/2638/2068 2071/2645/2071
f 2074/2644/2074 1469/1883/1469 2068/2638/2068
f 2072/2642/2072 2063/2630/2063 2075/2646/2075
f 2072/2647/2072 2074/2644/2074 2071/2648/2071
f 1479/1896/1479 1480/1897/1480 2073/2643/2073
f 2076/2649/2076 1473/1890/1473 1479/1896/1479
f 2077/2650/2077 2072/2642/2072 2075/2646/2075
f 2074/2644/2074 2072/2651/2072 2077/2652/2077
f 2078/2653/2078 2077/2654/2077 2075/2646/2075
f 2079/2655/2079 2078/2653/2078 2080/2656/2080
f 1908/2434/1908 2074/2644/2074 2077/2652/2077
f 2081/2657/2081 2073/2643/2073 1912/2438/1912
f 2076/2649/2076 1479/1896/1479 2081/2657/2081
f 1909/2435/1909 1908/2434/1908 2077/2652/2077
f 1912/2438/1912 2073/2643/2073 2074/2644/2074
f 1909/2435/1909 2077/2652/2077 2078/2658/2078
f 1914/2659/1914 2078/2653/2078 2079/2655/2079
f 1912/2438/1912 2074/2644/2074 1908/2434/1908
f 1903/2429/1903 2082/2660/2082 2083/2661/2083
f 1903/2429/1903 1889/2415/1889 2082/2660/2082
f 2084/2662/2084 1914/2659/1914 2079/2655/2079
f 1909/2435/1909 2078/2658/2078 1914/2440/1914
f 2085/2663/2085 2081/2657/2081 1912/2438/1912
f 2086/2664/2086 1903/2429/1903 2087/2665/2087
f 1909/2435/1909 1914/2440/1914 1913/2439/1913
f 1919/2445/1919 1909/2435/1909 1913/2439/1913
f 2088/2666/2088 2086/2667/2086 2087/2668/2087
f 1911/2437/1911 2086/2664/2086 2088/2669/2088
f 1924/2450/1924 2088/2669/2088 2089/2670/2089
f 1924/2450/1924 1911/2437/1911 2088/2669/2088
f 1922/2448/1922 1923/2449/1923 1913/2439/1913
f 2090/2671/2090 1922/2448/1922 2091/2672/2091
f 2092/2673/2092 1923/2449/1923 1927/2453/1927
f 2093/2674/2093 1919/2445/1919 1923/2449/1923
f 1928/2454/1928 1919/2445/1919 2093/2674/2093
f 2094/2675/2094 1924/2450/1924 1929/2455/1929
f 2093/2674/2093 1923/2449/1923 2092/2673/2092
f 2095/2676/2095 2090/2671/2090 2096/2677/2096
f 2095/2676/2095 1927/2453/1927 2090/2671/2090
f 2095/2678/2095 2092/2673/2092 1927/2453/1927
f 2097/2679/2097 2095/2680/2095 1938/2467/1938
f 1938/2467/1938 2096/2681/2096 1939/2468/1939
f 1938/2467/1938 2095/2680/2095 2096/2681/2096
f 2097/2679/2097 2092/2682/2092 2095/2680/2095
f 2093/2683/2093 2092/2684/2092 2097/2679/2097
f 2098/2685/2098 2093/2683/2093 2097/2679/2097
f 2099/2686/2099 2097/2679/2097 1938/2467/1938
f 1957/2491/1957 2097/2679/2097 2099/2686/2099
f 2098/2685/2098 2097/2679/2097 1957/2491/1957
f 2099/2686/2099 1938/2467/1938 1942/2472/1942
f 1942/2472/1942 1937/2466/1937 1944/2474/1944
f 1957/2491/1957 1956/2490/1956 2098/2685/2098
f 2100/2687/2100 358/430/358 361/433/361
f 2101/2688/2101 1942/2472/1942 1944/2474/1944
f 2099/2686/2099 1942/2472/1942 2101/2688/2101
f 2102/2689/2102 365/437/365 358/430/358
f 2103/2690/2103 1944/2474/1944 1946/2476/1946
f 1957/2491/1957 2099/2686/2099 2104/2691/2104
f 388/463/388 327/396/327 357/429/357
f 388/463/388 361/433/361 327/396/327
f 2100/2687/2100 361/433/361 388/463/388
f 2101/2688/2101 1944/2474/1944 2103/2690/2103
f 2102/2689/2102 358/430/358 2100/2687/2100
f 2103/2690/2103 1946/2476/1946 2105/2692/2105
f 2106/2693/2106 2102/2689/2102 2100/2687/2100
f 2107/2694/2107 2101/2688/2101 2103/2690/2103
f 1955/2489/1955 1957/2491/1957 2104/2691/2104
f 2108/2695/2108 2102/2689/2102 2106/2693/2106
f 2104/2691/2104 2099/2686/2099 2101/2688/2101
f 2109/2696/2109 2110/2697/2110 2102/2689/2102
f 2111/2698/2111 2105/2692/2105 2112/2699/2112
f 2111/2698/2111 2103/2690/2103 2105/2692/2105
f 2109/2696/2109 2102/2689/2102 2108/2695/2108
f 2113/2700/2113 2103/2690/2103 2111/2698/2111
f 2114/2701/2114 2107/2694/2107 2103/2690/2103
f 2115/2702/2115 2101/2688/2101 2107/2694/2107
f 2100/2687/2100 2116/2703/2116 2106/2693/2106
f 2117/2704/2117 2118/2705/2118 391/2706/391
f 2119/2707/2119 2108/2695/2108 2106/2693/2106
f 2120/2708/2120 2111/2698/2111 2121/2709/2121
f 2104/2691/2104 2101/2688/2101 2115/2702/2115
f 2122/2710/2122 1955/2489/1955 2104/2691/2104
f 2123/2711/2123 2116/2703/2116 2100/2687/2100
f 2113/2700/2113 2111/2698/2111 2120/2708/2120
f 2122/2710/2122 2104/2691/2104 2124/2712/2124
f 400/2713/400 396/471/396 2118/2705/2118
f 2125/2714/2125 2100/2687/2100 388/463/388
f 2119/2707/2119 2106/2693/2106 2116/2703/2116
f 2126/2715/2126 2108/2695/2108 2119/2707/2119
f 2114/2701/2114 2103/2690/2103 2113/2700/2113
f 2127/2716/2127 2107/2694/2107 2114/2701/2114
f 2128/2717/2128 2118/2705/2118 2117/2704/2117
f 386/461/386 367/439/367 395/470/395
f 2129/2718/2129 2113/2700/2113 2120/2708/2120
f 2130/2719/2130 2104/2691/2104 2115/2702/2115
f 1960/2506/1960 1955/2489/1955 2122/2710/2122
f 2131/2720/2131 1960/2500/1960 2122/2721/2122
f 2132/2722/2132 386/461/386 395/470/395
f 2123/2711/2123 2100/2687/2100 2125/2714/2125
f 2115/2702/2115 2107/2694/2107 2127/2716/2127
f 2124/2712/2124 2104/2691/2104 2130/2719/2130
f 2133/2723/2133 2118/2705/2118 2128/2717/2128
f 400/2713/400 2118/2705/2118 2133/2723/2133
f 2132/2722/2132 395/470/395 410/487/410
f 2134/2724/2134 388/463/388 386/461/386
f 2125/2714/2125 388/463/388 2134/2724/2134
f 2135/2725/2135 2113/2700/2113 2129/2718/2129
f 399/474/399 400/476/400 2133/2726/2133
f 2136/2727/2136 386/461/386 2132/2722/2132
f 2135/2725/2135 2116/2703/2116 2123/2711/2123
f 2137/2728/2137 2135/2725/2135 2129/2718/2129
f 2114/2701/2114 2113/2700/2113 2135/2725/2135
f 2138/2729/2138 2122/2710/2122 2124/2712/2124
f 2131/2720/2131 2122/2721/2122 2138/2730/2138
f 2139/2731/2139 404/481/404 399/474/399
f 2139/2731/2139 412/489/412 404/481/404
f 2135/2725/2135 2119/2707/2119 2116/2703/2116
f 2137/2728/2137 2119/2707/2119 2135/2725/2135
f 433/512/433 2130/2719/2130 2115/2702/2115
f 2140/2732/2140 401/478/401 412/489/412
f 2134/2724/2134 386/461/386 2136/2727/2136
f 2123/2711/2123 2114/2701/2114 2135/2725/2135
f 433/512/433 2115/2702/2115 2141/2733/2141
f 2124/2712/2124 2130/2719/2130 2142/2734/2142
f 2143/2735/2143 2133/2723/2133 2128/2717/2128
f 2139/2731/2139 399/474/399 2133/2726/2133
f 2140/2732/2140 410/487/410 401/478/401
f 2127/2716/2127 2114/2701/2114 2125/2714/2125
f 2115/2702/2115 2127/2716/2127 2141/2733/2141
f 2139/2731/2139 2133/2736/2133 2143/2737/2143
f 2125/2714/2125 2114/2701/2114 2123/2711/2123
f 2144/2738/2144 433/512/433 2141/2733/2141
f 2145/2739/2145 2146/2740/2146 2131/2720/2131
f 2139/2731/2139 2143/2737/2143 2147/2741/2147
f 432/511/432 434/513/434 2140/2732/2140
f 410/487/410 2140/2732/2140 434/513/434
f 2148/2742/2148 2132/2722/2132 410/487/410
f 2148/2742/2148 2136/2727/2136 2132/2722/2132
f 2127/2716/2127 2125/2714/2125 2134/2724/2134
f 2149/2743/2149 2130/2719/2130 433/512/433
f 2150/2744/2150 2151/2745/2151 2152/2746/2152
f 2148/2742/2148 410/487/410 434/513/434
f 2141/2733/2141 2134/2724/2134 2136/2727/2136
f 2127/2716/2127 2134/2724/2134 2141/2733/2141
f 2148/2742/2148 2141/2733/2141 2136/2727/2136
f 2148/2742/2148 2144/2738/2144 2141/2733/2141
f 434/513/434 433/512/433 2144/2738/2144
f 2149/2743/2149 2142/2734/2142 2130/2719/2130
f 2147/2747/2147 2143/2735/2143 2153/2748/2153
f 2147/2741/2147 2140/2732/2140 412/489/412
f 2139/2731/2139 2147/2741/2147 412/489/412
f 447/2749/447 2147/2747/2147 2153/2748/2153
f 432/511/432 2140/2732/2140 447/534/447
f 432/511/432 2149/2743/2149 433/512/433
f 2154/2750/2154 2155/2751/2155 2156/2752/2156
f 434/513/434 2144/2738/2144 2148/2742/2148
f 2154/2750/2154 2151/2745/2151 2150/2744/2150
f 2154/2750/2154 2156/2752/2156 2151/2745/2151
f 447/534/447 2140/2732/2140 2147/2741/2147
f 2157/2753/2157 2158/2754/2158 2142/2734/2142
f 2157/2753/2157 2142/2734/2142 2149/2743/2149
f 2150/2744/2150 2145/2739/2145 2158/2755/2158
f 2159/2756/2159 2155/2751/2155 2154/2750/2154
f 2159/2757/2159 2157/2753/2157 2149/2743/2149
f 2154/2750/2154 2158/2755/2158 2157/2758/2157
f 2154/2750/2154 2157/2758/2157 2159/2756/2159
f 2160/2759/2160 2161/2760/2161 2162/2761/2162
f 2163/2762/2163 2164/2763/2164 2165/2764/2165
f 2163/2762/2163 2166/2765/2166 2164/2763/2164
f 448/535/448 2159/2757/2159 2149/2743/2149
f 1987/2535/1987 1758/2255/1758 2167/2766/2167
f 2168/2767/2168 2169/2768/2169 2170/2769/2170
f 2171/2770/2171 2172/2771/2172 2173/2772/2173
f 2174/2773/2174 2165/2764/2165 2175/2774/2175
f 2176/2775/2176 2169/2768/2169 2168/2767/2168
f 2177/2776/2177 2178/2777/2178 2172/2771/2172
f 2179/2778/2179 2176/2775/2176 2168/2767/2168
f 2177/2776/2177 2172/2771/2172 2171/2770/2171
f 2180/2779/2180 2181/2780/2181 2163/2762/2163
f 2171/2770/2171 2182/2781/2182 2183/2782/2183
f 2184/2783/2184 2165/2764/2165 2174/2773/2174
f 2185/2784/2185 2174/2773/2174 2178/2777/2178
f 2163/2762/2163 2165/2764/2165 2184/2783/2184
f 2180/2779/2180 2163/2762/2163 2184/2783/2184
f 2177/2776/2177 2171/2770/2171 2183/2782/2183
f 2183/2782/2183 2186/2785/2186 2177/2776/2177
f 2187/2786/2187 2188/2787/2188 2189/2788/2189
f 2190/2789/2190 2183/2782/2183 2191/2790/2191
f 2192/2791/2192 2193/2792/2193 2194/2793/2194
f 2195/2794/2195 2196/2795/2196 2186/2785/2186
f 2197/2796/2197 2198/2797/2198 2199/2798/2199
f 2200/2799/2200 2197/2800/2197 2199/2801/2199
f 2201/2802/2201 2202/2803/2202 2203/2804/2203
f 2204/2805/2204 2200/2799/2200 2199/2806/2199
f 2205/2807/2205 2200/2799/2200 2204/2805/2204
f 2201/2802/2201 2203/2804/2203 2206/2808/2206
f 518/633/518 2207/2809/2207 492/596/492
f 2208/2810/2208 2207/2809/2207 518/633/518
f 2209/2811/2209 2201/2802/2201 2206/2808/2206
f 2210/2812/2210 2205/2807/2205 2211/2813/2211
f 2209/2814/2209 2206/2808/2206 2212/2815/2212
f 2213/2816/2213 2201/2817/2201 2209/2818/2209
f 2214/2819/2214 2210/2820/2210 2215/2821/2215
f 2212/2822/2212 2213/2816/2213 2209/2818/2209
f 2216/2823/2216 2217/2824/2217 2218/2825/2218
f 2219/2826/2219 2215/2821/2215 2220/2827/2220
f 2214/2828/2214 2205/2807/2205 2210/2812/2210
f 2214/2828/2214 2221/2829/2221 2205/2807/2205
f 2222/2830/2222 2223/2831/2223 2224/2832/2224
f 2225/2833/2225 2201/2817/2201 2213/2816/2213
f 2226/2834/2226 2216/2823/2216 2218/2825/2218
f 2214/2819/2214 2215/2821/2215 2219/2826/2219
f 2208/2810/2208 518/633/518 521/638/521
f 2222/2830/2222 2227/2835/2227 2223/2831/2223
f 2228/2836/2228 2218/2837/2218 2229/2838/2229
f 2230/2839/2230 2216/2823/2216 2226/2834/2226
f 2219/2826/2219 2216/2823/2216 2230/2839/2230
f 2231/2840/2231 2214/2819/2214 2219/2826/2219
f 2232/2841/2232 2228/2842/2228 2229/2843/2229
f 2233/2844/2233 2218/2845/2218 2228/2842/2228
f 2234/2846/2234 2020/2847/2020 2214/2819/2214
f 2235/2848/2235 2212/2822/2212 2206/2849/2206
f 2226/2834/2226 2218/2825/2218 2233/2850/2233
f 2236/2851/2236 2219/2826/2219 2230/2839/2230
f 2236/2851/2236 2231/2840/2231 2219/2826/2219
f 2231/2840/2231 2234/2846/2234 2214/2819/2214
f 521/638/521 516/631/516 520/637/520
f 2237/2852/2237 2212/2822/2212 2235/2848/2235
f 2237/2853/2237 2213/2816/2213 2212/2822/2212
f 2238/2854/2238 2230/2839/2230 2226/2834/2226
f 2239/2855/2239 2227/2835/2227 2222/2830/2222
f 2240/2856/2240 2222/2830/2222 2224/2832/2224
f 2241/2857/2241 2237/2858/2237 2235/2859/2235
f 2239/2855/2239 2222/2830/2222 2240/2856/2240
f 2242/2860/2242 2227/2835/2227 2239/2855/2239
f 2243/2861/2243 2227/2835/2227 2242/2860/2242
f 2244/2862/2244 2245/2863/2245 2238/2854/2238
f 2246/2864/2246 521/638/521 520/637/520
f 2247/2865/2247 2213/2816/2213 2237/2853/2237
f 2246/2864/2246 520/637/520 2248/2866/2248
f 2240/2856/2240 2029/2588/2029 2249/2867/2249
f 2247/2865/2247 2250/2868/2250 2225/2833/2225
f 2251/2869/2251 2252/2870/2252 2253/2871/2253
f 2254/2872/2254 2251/2869/2251 2255/2873/2255
f 2254/2874/2254 2256/2875/2256 2251/2876/2251
f 2244/2862/2244 2257/2877/2257 2245/2863/2245
f 2258/2878/2258 2259/2879/2259 2024/2880/2024
f 2260/2881/2260 2237/2858/2237 2241/2857/2241
f 2255/2873/2255 2251/2869/2251 2253/2871/2253
f 2261/2882/2261 2256/2875/2256 2254/2874/2254
f 2261/2882/2261 2244/2862/2244 2238/2854/2238
f 2262/2883/2262 2263/2884/2263 521/638/521
f 1837/2345/1837 2264/2885/2264 1830/2336/1830
f 2241/2857/2241 2265/2886/2265 2266/2887/2266
f 2247/2865/2247 2237/2853/2237 2260/2888/2260
f 2267/2889/2267 2254/2874/2254 2255/2890/2255
f 2268/2891/2268 2258/2878/2258 2269/2892/2269
f 2270/2893/2270 2258/2878/2258 2268/2891/2268
f 2271/2894/2271 2239/2855/2239 2240/2856/2240
f 2271/2894/2271 2242/2860/2242 2239/2855/2239
f 2261/2882/2261 2254/2874/2254 2267/2889/2267
f 2272/2895/2272 2244/2862/2244 2261/2882/2261
f 2273/2896/2273 2257/2877/2257 2244/2862/2244
f 2248/2866/2248 2274/2897/2274 2275/2898/2275
f 1837/2345/1837 1830/2336/1830 1825/2331/1825
f 2266/2887/2266 2243/2861/2243 2242/2860/2242
f 2276/2899/2276 2255/2873/2255 2253/2871/2253
f 2277/2900/2277 2255/2873/2255 2276/2899/2276
f 2277/2900/2277 2267/2901/2267 2255/2873/2255
f 2278/2902/2278 2261/2882/2261 2267/2889/2267
f 2279/2903/2279 2257/2877/2257 2273/2896/2273
f 553/672/553 537/654/537 547/666/547
f 2248/2866/2248 2275/2898/2275 2280/2904/2280
f 2281/2905/2281 2240/2856/2240 2249/2867/2249
f 2282/2906/2282 2267/2889/2267 2277/2907/2277
f 2278/2902/2278 2267/2889/2267 2282/2906/2282
f 2278/2902/2278 2272/2895/2272 2261/2882/2261
f 2272/2895/2272 2273/2896/2273 2244/2862/2244
f 2283/2908/2283 2284/2909/2284 2279/2903/2279
f 2285/2910/2285 2286/2911/2286 2287/2912/2287
f 2271/2894/2271 2240/2856/2240 2281/2905/2281
f 2288/2913/2288 2260/2881/2260 2241/2857/2241
f 2289/2914/2289 2250/2868/2250 2247/2865/2247
f 2276/2899/2276 2253/2871/2253 2290/2915/2290
f 2291/2916/2291 2273/2896/2273 2272/2895/2272
f 2292/2917/2292 2284/2909/2284 2283/2908/2283
f 551/670/551 545/662/545 548/667/548
f 2293/2918/2293 2247/2865/2247 2260/2888/2260
f 2253/2871/2253 2294/2919/2294 2295/2920/2295
f 2296/2921/2296 2273/2922/2273 2291/2923/2291
f 2296/2924/2296 2279/2903/2279 2273/2896/2273
f 2297/2925/2297 2283/2908/2283 2279/2903/2279
f 2292/2917/2292 2287/2912/2287 2284/2909/2284
f 547/666/547 534/651/534 536/653/536
f 2246/2864/2246 2248/2866/2248 2280/2904/2280
f 2298/2926/2298 521/638/521 2246/2864/2246
f 2298/2926/2298 2262/2883/2262 521/638/521
f 2288/2913/2288 2241/2857/2241 2266/2887/2266
f 2299/2927/2299 2250/2868/2250 2289/2914/2289
f 2290/2915/2290 2253/2871/2253 2295/2920/2295
f 2300/2928/2300 2282/2929/2282 2277/2900/2277
f 2301/2930/2301 2282/2929/2282 2300/2928/2300
f 2301/2931/2301 2278/2902/2278 2282/2906/2282
f 2302/2932/2302 2272/2895/2272 2278/2902/2278
f 2297/2925/2297 2279/2903/2279 2296/2924/2296
f 2303/2933/2303 2292/2917/2292 2283/2908/2283
f 2304/2934/2304 2287/2912/2287 2292/2917/2292
f 551/670/551 552/671/552 540/657/540
f 2298/2926/2298 2305/2935/2305 2262/2883/2262
f 2306/2936/2306 2307/2937/2307 2299/2927/2299
f 2308/2938/2308 2276/2899/2276 2290/2915/2290
f 2308/2938/2308 2277/2900/2277 2276/2899/2276
f 2300/2928/2300 2277/2900/2277 2308/2938/2308
f 2302/2939/2302 2278/2940/2278 2301/2941/2301
f 2309/2942/2309 2272/2895/2272 2302/2943/2302
f 2291/2944/2291 2272/2895/2272 2309/2942/2309
f 2310/2945/2310 2296/2924/2296 2311/2946/2311
f 2310/2945/2310 2297/2925/2297 2296/2924/2296
f 547/666/547 536/653/536 552/671/552
f 2312/2947/2312 2246/2864/2246 2280/2904/2280
f 2313/2948/2313 2242/2860/2242 2271/2894/2271
f 2266/2887/2266 2242/2860/2242 2313/2948/2313
f 2314/2949/2314 2247/2865/2247 2293/2918/2293
f 2314/2949/2314 2289/2914/2289 2247/2865/2247
f 2315/2950/2315 2295/2920/2295 2294/2919/2294
f 2316/2951/2316 2301/2941/2301 2300/2952/2300
f 2311/2953/2311 2296/2921/2296 2291/2923/2291
f 2303/2933/2303 2283/2908/2283 2297/2925/2297
f 2312/2947/2312 2298/2926/2298 2246/2864/2246
f 2317/2954/2317 2260/2881/2260 2288/2913/2288
f 2317/2954/2317 2293/2955/2293 2260/2881/2260
f 2306/2936/2306 2299/2927/2299 2289/2914/2289
f 562/682/562 2290/2915/2290 2295/2920/2295
f 2302/2939/2302 2301/2941/2301 2316/2951/2316
f 2318/2956/2318 2297/2925/2297 2319/2957/2319
f 2320/2958/2320 2292/2917/2292 2303/2933/2303
f 2304/2934/2304 2292/2917/2292 2320/2958/2320
f 2321/2959/2321 2322/2960/2322 2304/2934/2304
f 2323/2961/2323 2322/2960/2322 2321/2959/2321
f 2323/2961/2323 2324/2962/2324 2322/2960/2322
f 2325/2963/2325 547/666/547 552/671/552
f 2326/2964/2326 2327/2965/2327 2328/2966/2328
f 2313/2948/2313 2271/2894/2271 2041/2603/2041
f 2329/2967/2329 2288/2913/2288 2266/2887/2266
f 2330/2968/2330 2314/2949/2314 2293/2918/2293
f 2331/2969/2331 2308/2938/2308 2290/2915/2290
f 2332/2970/2332 2300/2928/2300 2308/2938/2308
f 2332/2971/2332 2316/2951/2316 2300/2972/2300
f 2303/2933/2303 2297/2925/2297 2318/2956/2318
f 2333/2973/2333 2323/2961/2323 2321/2959/2321
f 2334/2974/2334 552/671/552 551/670/551
f 2325/2963/2325 552/671/552 2334/2974/2334
f 553/672/553 547/666/547 2335/2975/2335
f 1834/2341/1834 1832/2339/1832 1843/2353/1843
f 2041/2603/2041 2271/2894/2271 2281/2905/2281
f 2336/2976/2336 2302/2939/2302 2316/2951/2316
f 2337/2977/2337 2338/2978/2338 2333/2979/2333
f 2339/2980/2339 2340/2981/2340 2341/2982/2341
f 2342/2983/2342 2343/2984/2343 2344/2985/2344
f 2345/2986/2345 551/670/551 554/673/554
f 2334/2974/2334 551/670/551 2345/2986/2345
f 2335/2975/2335 547/666/547 2325/2963/2325
f 2346/2987/2346 553/672/553 2335/2975/2335
f 2326/2964/2326 2312/2947/2312 2327/2965/2327
f 2312/2947/2312 2280/2904/2280 2327/2965/2327
f 2329/2967/2329 2266/2887/2266 2313/2948/2313
f 2329/2967/2329 2317/2954/2317 2288/2913/2288
f 2347/2988/2347 2290/2915/2290 562/682/562
f 2331/2969/2331 2290/2915/2290 2347/2988/2347
f 2311/2953/2311 2291/2923/2291 2348/2989/2348
f 2349/2990/2349 2303/2933/2303 2318/2956/2318
f 2320/2958/2320 2303/2933/2303 2349/2990/2349
f 2321/2959/2321 2304/2934/2304 2350/2991/2350
f 2351/2992/2351 2333/2973/2333 2321/2959/2321
f 2352/2993/2352 2353/2994/2353 2339/2980/2339
f 2354/2995/2354 2355/2996/2355 2353/2994/2353
f 2041/2603/2041 2281/2905/2281 2039/2601/2039
f 2356/2997/2356 2317/2954/2317 2329/2967/2329
f 2330/2998/2330 2293/2999/2293 2317/2954/2317
f 2357/3000/2357 2321/2959/2321 2358/3001/2358
f 2351/2992/2351 2321/2959/2321 2357/3000/2357
f 2337/2977/2337 2333/2979/2333 2351/3002/2351
f 2342/2983/2342 2344/2985/2344 2354/2995/2354
f 2359/3003/2359 554/673/554 2343/3004/2343
f 2359/3003/2359 2345/2986/2345 554/673/554
f 2042/2604/2042 2313/2948/2313 2041/2603/2041
f 2329/2967/2329 2313/2948/2313 2360/3005/2360
f 2361/3006/2361 2289/2914/2289 2314/2949/2314
f 2362/3007/2362 2306/2936/2306 2289/2914/2289
f 562/682/562 2295/2920/2295 2315/2950/2315
f 2363/3008/2363 2308/2938/2308 2331/2969/2331
f 2363/3009/2363 2332/2971/2332 2308/3010/2308
f 2363/3009/2363 2316/2951/2316 2332/2971/2332
f 2364/3011/2364 2365/3012/2365 2366/3013/2366
f 2367/3014/2367 2365/3012/2365 2364/3011/2364
f 2368/3015/2368 2367/3014/2367 2364/3011/2364
f 2369/3016/2369 2353/2994/2353 2352/2993/2352
f 2369/3016/2369 2354/2995/2354 2353/2994/2353
f 2359/3003/2359 2343/3004/2343 2342/3017/2342
f 2370/3018/2370 1834/2341/1834 1843/2353/1843
f 2359/3003/2359 2342/3017/2342 2371/3019/2371
f 2346/2987/2346 2335/2975/2335 2372/3020/2372
f 570/690/570 2298/2926/2298 2312/2947/2312
f 2360/3005/2360 2313/2948/2313 2042/2604/2042
f 2373/3021/2373 2368/3015/2368 2364/3011/2364
f 2374/3022/2374 2341/2982/2341 2337/2977/2337
f 2374/3022/2374 2339/2980/2339 2341/2982/2341
f 2375/3023/2375 2342/2983/2342 2354/2995/2354
f 2371/3019/2371 2342/3017/2342 2375/3024/2375
f 2376/3025/2376 2330/2968/2330 2317/3026/2317
f 2377/3027/2377 2347/2988/2347 2378/3028/2378
f 2377/3027/2377 2331/2969/2331 2347/2988/2347
f 2379/3029/2379 2331/2969/2331 2377/3027/2377
f 2379/3030/2379 2363/3009/2363 2331/3031/2331
f 2380/3032/2380 2359/3003/2359 2371/3019/2371
f 2334/2974/2334 2345/2986/2345 2380/3032/2380
f 2325/2963/2325 2334/2974/2334 2381/3033/2381
f 567/687/567 2372/3020/2372 2335/2975/2335
f 2312/2947/2312 2326/2964/2326 558/678/558
f 2382/3034/2382 2298/2926/2298 2383/3035/2383
f 2370/3018/2370 1841/2351/1841 1834/2341/1834
f 2384/3036/2384 2356/2997/2356 2329/2967/2329
f 2376/3025/2376 2314/2949/2314 2330/2968/2330
f 2385/3037/2385 2306/2936/2306 2362/3007/2362
f 566/686/566 562/682/562 2315/2950/2315
f 561/681/561 2347/2988/2347 562/682/562
f 2378/3028/2378 2347/2988/2347 561/681/561
f 2335/2975/2335 2325/2963/2325 567/687/567
f 2383/3035/2383 2298/2926/2298 570/690/570
f 2376/3038/2376 2317/2954/2317 2356/2997/2356
f 2362/3007/2362 2289/2914/2289 2361/3006/2361
f 2386/3039/2386 2334/2974/2334 2380/3032/2380
f 2381/3033/2381 2334/2974/2334 2386/3039/2386
f 2381/3033/2381 567/687/567 2325/2963/2325
f 2387/3040/2387 2388/3041/2388 2389/3042/2389
f 2390/3043/2390 2376/3038/2376 2356/2997/2356
f 2361/3006/2361 2314/2949/2314 2376/3025/2376
f 2312/2947/2312 558/678/558 571/691/571
f 2391/3044/2391 2384/3036/2384 2329/2967/2329
f 2392/3045/2392 2377/3027/2377 2378/3028/2378
f 2393/3046/2393 2377/3027/2377 2392/3045/2392
f 568/688/568 2381/3033/2381 2386/3039/2386
f 1846/2356/1846 2370/3018/2370 1843/2353/1843
f 1841/2351/1841 2370/3018/2370 2051/2615/2051
f 2051/2615/2051 2394/3047/2394 1841/2351/1841
f 2391/3044/2391 2360/3005/2360 2395/3048/2395
f 2391/3044/2391 2329/2967/2329 2360/3005/2360
f 2396/3049/2396 2390/3043/2390 2356/2997/2356
f 2397/3050/2397 2385/3037/2385 2398/3051/2398
f 566/686/566 2397/3050/2397 2398/3051/2398
f 566/686/566 2315/2950/2315 2397/3050/2397
f 2393/3046/2393 2379/3029/2379 2377/3027/2377
f 2399/3052/2399 2379/3030/2379 2393/3053/2393
f 2400/3054/2400 2379/3030/2379 2399/3052/2399
f 567/687/567 2381/3033/2381 568/688/568
f 2053/2617/2053 2394/3047/2394 2051/2615/2051
f 2401/3055/2401 2376/3025/2376 2390/3056/2390
f 2392/3045/2392 2378/3028/2378 561/681/561
f 2402/3057/2402 2388/3058/2388 2387/3059/2387
f 571/691/571 570/690/570 2312/2947/2312
f 2403/3060/2403 2361/3006/2361 2376/3025/2376
f 2404/3061/2404 2405/3062/2405 2406/3063/2406
f 2407/3064/2407 2346/2987/2346 2372/3020/2372
f 2382/3034/2382 2383/3035/2383 2408/3065/2408
f 2052/2616/2052 2370/3018/2370 1846/2356/1846
f 2395/3048/2395 2360/3005/2360 2042/2604/2042
f 2409/3066/2409 2393/3046/2393 2392/3045/2392
f 2409/3066/2409 2399/3067/2399 2393/3046/2393
f 569/689/569 2404/3061/2404 2406/3063/2406
f 569/689/569 2410/3068/2410 2404/3061/2404
f 2411/3069/2411 2386/3039/2386 2412/3070/2412
f 2391/3044/2391 2413/3071/2413 2384/3036/2384
f 2396/3049/2396 2356/2997/2356 2384/3036/2384
f 2414/3072/2414 2401/3073/2401 2390/3043/2390
f 2385/3037/2385 2362/3007/2362 2415/3074/2415
f 2416/3075/2416 2399/3067/2399 2409/3066/2409
f 568/688/568 2386/3039/2386 2411/3069/2411
f 2417/3076/2417 2372/3020/2372 567/687/567
f 2418/3077/2418 2419/3078/2419 2407/3064/2407
f 2420/3079/2420 2361/3006/2361 2403/3060/2403
f 2421/3080/2421 2362/3007/2362 2361/3006/2361
f 2415/3074/2415 2422/3081/2422 2385/3037/2385
f 2398/3051/2398 2385/3037/2385 2422/3081/2422
f 2423/3082/2423 2399/3052/2399 2416/3083/2416
f 2423/3082/2423 2400/3054/2400 2399/3052/2399
f 2410/3068/2410 2411/3069/2411 2424/3084/2424
f 2417/3076/2417 2407/3064/2407 2372/3020/2372
f 2052/2616/2052 1846/2356/1846 2425/3085/2425
f 2426/3086/2426 2384/3036/2384 2413/3071/2413
f 2414/3072/2414 2390/3043/2390 2396/3049/2396
f 2427/3087/2427 2403/3088/2403 2401/3089/2401
f 2420/3079/2420 2403/3060/2403 2427/3090/2427
f 2428/3091/2428 566/686/566 2398/3051/2398
f 2429/3092/2429 2392/3045/2392 561/681/561
f 2418/3077/2418 2430/3093/2430 2431/3094/2431
f 2417/3076/2417 567/687/567 569/689/569
f 2432/3095/2432 2419/3078/2419 2418/3077/2418
f 2051/2615/2051 2370/3018/2370 2052/2616/2052
f 2396/3049/2396 2384/3036/2384 2426/3086/2426
f 2415/3074/2415 2362/3007/2362 2433/3096/2433
f 575/695/575 2429/3092/2429 561/681/561
f 2417/3076/2417 2430/3093/2430 2418/3077/2418
f 569/689/569 568/688/568 2411/3069/2411
f 2407/3064/2407 2417/3076/2417 2418/3077/2418
f 2383/3035/2383 570/690/570 574/694/574
f 2425/3085/2425 1846/2356/1846 1845/2355/1845
f 2395/3048/2395 2042/2604/2042 2046/2609/2046
f 2396/3097/2396 2426/3098/2426 2434/3099/2434
f 2435/3100/2435 2401/3089/2401 2414/3101/2414
f 2427/3087/2427 2401/3089/2401 2435/3100/2435
f 2421/3080/2421 2361/3006/2361 2420/3079/2420
f 2429/3092/2429 2436/3102/2436 2409/3066/2409
f 2416/3103/2416 2409/3066/2409 2436/3102/2436
f 2406/3063/2406 2430/3093/2430 2417/3076/2417
f 569/689/569 2406/3063/2406 2417/3076/2417
f 569/689/569 2411/3069/2411 2410/3068/2410
f 2437/3104/2437 2395/3048/2395 2046/2609/2046
f 2435/3100/2435 2420/3105/2420 2427/3087/2427
f 2428/3091/2428 2398/3051/2398 2422/3081/2422
f 2048/3106/2048 2425/3085/2425 1845/2355/1845
f 2438/3107/2438 2053/2617/2053 2050/2614/2050
f 2413/3071/2413 2391/3044/2391 2395/3048/2395
f 2426/3086/2426 2413/3071/2413 2434/3108/2434
f 2439/3109/2439 2408/3065/2408 574/694/574
f 2438/3107/2438 2437/3104/2437 2046/2609/2046
f 2414/3101/2414 2396/3097/2396 2440/3110/2440
f 2440/3110/2440 2435/3100/2435 2414/3101/2414
f 2441/3111/2441 2420/3105/2420 2435/3100/2435
f 2441/3112/2441 2421/3080/2421 2420/3079/2420
f 2413/3071/2413 2395/3048/2395 2437/3104/2437
f 2441/3112/2441 2442/3113/2442 2421/3080/2421
f 2422/3081/2422 2415/3074/2415 2443/3114/2443
f 2428/3091/2428 2422/3081/2422 2443/3114/2443
f 2444/3115/2444 2434/3108/2434 2413/3071/2413
f 2445/3116/2445 2396/3097/2396 2434/3099/2434
f 2445/3116/2445 2440/3110/2440 2396/3097/2396
f 576/696/576 566/686/566 2446/3117/2446
f 2052/2616/2052 2425/3085/2425 2048/3118/2048
f 2437/3104/2437 2438/3107/2438 2050/2614/2050
f 2447/3119/2447 2444/3115/2444 2413/3071/2413
f 2433/3096/2433 2443/3114/2443 2415/3074/2415
f 2057/2621/2057 2052/3120/2052 2048/2612/2048
f 2447/3119/2447 2413/3071/2413 2437/3104/2437
f 2448/3121/2448 2441/3111/2441 2435/3100/2435
f 2433/3096/2433 2421/3080/2421 2442/3113/2442
f 2057/3122/2057 2050/2614/2050 2052/2616/2052
f 2449/3123/2449 2440/3110/2440 2445/3116/2445
f 2448/3121/2448 2442/3124/2442 2441/3111/2441
f 2450/3125/2450 574/694/574 579/699/579
f 2437/3104/2437 2050/2614/2050 2451/3126/2451
f 2444/3127/2444 2447/3119/2447 2437/3104/2437
f 2452/3128/2452 2434/3099/2434 2444/3129/2444
f 2445/3116/2445 2434/3099/2434 2452/3128/2452
f 2449/3123/2449 2435/3100/2435 2440/3110/2440
f 2449/3123/2449 2448/3121/2448 2435/3100/2435
f 2453/3130/2453 2442/3124/2442 2448/3121/2448
f 2454/3131/2454 2054/2618/2054 2055/2619/2055
f 2451/3126/2451 2050/2614/2050 2057/3122/2057
f 2451/3126/2451 2455/3132/2455 2437/3104/2437
f 2445/3116/2445 2452/3128/2452 2456/3133/2456
f 2456/3133/2456 2449/3123/2449 2445/3116/2445
f 578/698/578 577/697/577 573/693/573
f 2455/3132/2455 2444/3127/2444 2437/3104/2437
f 2457/3134/2457 2453/3130/2453 2448/3121/2448
f 2458/3135/2458 2452/3128/2452 2444/3129/2444
f 2459/3136/2459 2456/3133/2456 2452/3128/2452
f 2449/3123/2449 2456/3133/2456 2460/3137/2460
f 2457/3134/2457 2461/3138/2461 2453/3130/2453
f 2455/3139/2455 2451/3140/2451 2057/2621/2057
f 2448/3121/2448 2449/3123/2449 2462/3141/2462
f 2458/3135/2458 2459/3136/2459 2452/3128/2452
f 2458/3135/2458 2444/3129/2444 2455/3139/2455
f 2460/3137/2460 2462/3141/2462 2449/3123/2449
f 2458/3135/2458 2455/3139/2455 2057/2621/2057
f 2456/3133/2456 2459/3136/2459 2463/3142/2463
f 2464/3143/2464 2456/3133/2456 2463/3142/2463
f 2462/3141/2462 2457/3134/2457 2448/3121/2448
f 2465/3144/2465 2056/2620/2056 2054/2618/2054
f 2458/3135/2458 2056/2620/2056 2465/3144/2465
f 2458/3135/2458 2057/2621/2057 2056/2620/2056
f 2460/3137/2460 2456/3133/2456 2464/3143/2464
f 2466/3145/2466 2460/3137/2460 2464/3143/2464
f 2465/3144/2465 2054/2618/2054 2467/3146/2467
f 2465/3144/2465 2467/3146/2467 2468/3147/2468
f 2469/3148/2469 2466/3145/2466 2464/3143/2464
f 2466/3145/2466 2470/3149/2470 2460/3137/2460
f 2462/3141/2462 2460/3137/2460 2470/3149/2470
f 2459/3136/2459 2458/3135/2458 2465/3144/2465
f 2471/3150/2471 2459/3136/2459 2465/3144/2465
f 2472/3151/2472 2457/3134/2457 2462/3141/2462
f 2471/3150/2471 2465/3144/2465 2468/3147/2468
f 2472/3151/2472 2462/3141/2462 2473/3152/2473
f 2345/2986/2345 2359/3003/2359 2380/3032/2380
f 2432/3095/2432 2418/3077/2418 2474/3153/2474
f 2154/2750/2154 2150/2744/2150 2158/2755/2158
f 887/1090/887 2475/3154/2475 884/1681/884
f 2475/3155/2475 883/1086/883 884/1087/884
f 897/1100/897 2475/3154/2475 887/1090/887
f 891/1094/891 883/1086/883 2475/3155/2475
f 2476/3156/2476 2475/3155/2475 2477/3157/2477
f 891/1094/891 2475/3155/2475 2476/3156/2476
f 899/1102/899 891/1094/891 2476/3156/2476
f 2478/3158/2478 2476/3159/2476 2477/3160/2477
f 2478/3161/2478 899/1102/899 2476/3156/2476
f 915/1118/915 897/1100/897 898/1101/898
f 910/3162/910 2477/3160/2477 911/1114/911
f 2478/3163/2478 2477/3160/2477 910/3162/910
f 2479/3164/2479 584/704/584 899/1102/899
f 2480/3165/2480 584/704/584 2479/3164/2479
f 583/703/583 584/704/584 2480/3165/2480
f 983/3166/983 940/3167/940 939/1159/939
f 1351/1722/1351 964/1180/964 966/1183/966
f 2481/3168/2481 2482/3169/2482 2483/3170/2483
f 1002/1233/1002 1349/1719/1349 1351/1722/1351
f 966/1183/966 959/1173/959 981/1206/981
f 2484/3171/2484 2483/3170/2483 2485/3172/2485
f 2481/3168/2481 2483/3170/2483 2484/3171/2484
f 2486/3173/2486 2487/3174/2487 2482/3169/2482
f 984/1210/984 940/1146/940 982/3175/982
f 2488/3176/2488 966/1183/966 981/1206/981
f 2485/3172/2485 2489/3177/2489 2490/3178/2490
f 2491/3179/2491 2485/3172/2485 2490/3178/2490
f 2491/3179/2491 2484/3171/2484 2485/3172/2485
f 2492/3180/2492 2484/3171/2484 2491/3179/2491
f 2486/3173/2486 2482/3169/2482 2481/3168/2481
f 2493/3181/2493 966/1183/966 2488/3176/2488
f 2481/3168/2481 2484/3171/2484 2492/3180/2492
f 2492/3180/2492 2486/3173/2486 2481/3168/2481
f 1014/1250/1014 985/1223/985 984/3182/984
f 596/716/596 588/708/588 587/707/587
f 2488/3176/2488 981/1206/981 1005/1238/1005
f 2494/3183/2494 1351/1722/1351 966/1183/966
f 2495/3184/2495 2492/3180/2492 2491/3179/2491
f 1014/1250/1014 984/3182/984 2496/3185/2496
f 1014/1250/1014 993/1222/993 985/1223/985
f 2497/3186/2497 2488/3176/2488 1005/1238/1005
f 2498/3187/2498 2491/3179/2491 2490/3178/2490
f 2498/3187/2498 2495/3184/2495 2491/3179/2491
f 2494/3183/2494 966/1183/966 2493/3181/2493
f 1033/1282/1033 1014/1250/1014 2496/3185/2496
f 597/717/597 593/713/593 2499/3188/2499
f 597/717/597 590/710/590 593/713/593
f 2493/3181/2493 2488/3176/2488 2497/3186/2497
f 2500/3189/2500 2501/3190/2501 1351/1722/1351
f 2502/3191/2502 2498/3187/2498 2490/3178/2490
f 2503/3192/2503 2495/3184/2495 2498/3187/2498
f 1011/1246/1011 2497/3186/2497 1005/1238/1005
f 2499/3188/2499 593/713/593 1027/3193/1027
f 2503/3192/2503 2504/3194/2504 2495/3184/2495
f 1032/3195/1032 1026/1276/1026 1025/1269/1025
f 2505/3196/2505 1011/1246/1011 1032/1281/1032
f 2497/3186/2497 1011/1246/1011 2505/3196/2505
f 2506/3197/2506 2494/3183/2494 2493/3181/2493
f 2503/3192/2503 2498/3187/2498 2502/3191/2502
f 2507/3198/2507 597/717/597 2499/3188/2499
f 2508/3199/2508 2505/3200/2505 1032/3195/1032
f 2509/3201/2509 2510/3202/2510 1044/3203/1044
f 2511/3204/2511 597/717/597 2507/3198/2507
f 2511/3204/2511 1030/1277/1030 597/717/597
f 1025/1269/1025 1024/1266/1024 1023/1263/1023
f 2512/3205/2512 1032/3195/1032 1025/1269/1025
f 2513/3206/2513 2497/3186/2497 2505/3196/2505
f 2514/3207/2514 2494/3183/2494 2506/3197/2506
f 2515/3208/2515 2503/3192/2503 2502/3191/2502
f 2509/3201/2509 1027/3193/1027 2510/3202/2510
f 2499/3188/2499 1027/3193/1027 2509/3201/2509
f 1042/1300/1042 1031/1279/1031 1039/1293/1039
f 2508/3199/2508 1032/3195/1032 2512/3205/2512
f 2508/3209/2508 2513/3206/2513 2505/3196/2505
f 2513/3206/2513 2493/3181/2493 2497/3186/2497
f 2509/3201/2509 2507/3198/2507 2499/3188/2499
f 2516/3210/2516 2507/3198/2507 2509/3201/2509
f 1051/1309/1051 1030/1277/1030 2511/3204/2511
f 2517/3211/2517 2512/3205/2512 1025/1269/1025
f 2506/3197/2506 2493/3181/2493 2513/3206/2513
f 2509/3201/2509 1044/3203/1044 1045/3212/1045
f 2518/3213/2518 2511/3204/2511 2507/3198/2507
f 1052/3214/1052 1051/1309/1051 2511/3204/2511
f 1023/1263/1023 1042/1300/1042 2519/3215/2519
f 2519/3215/2519 1025/1269/1025 1023/1263/1023
f 2515/3208/2515 2520/3216/2520 2521/3217/2521
f 2515/3208/2515 2502/3191/2502 2520/3216/2520
f 2522/3218/2522 2503/3192/2503 2515/3208/2515
f 2523/3219/2523 2504/3194/2504 2503/3192/2503
f 2524/3220/2524 2509/3201/2509 1045/3212/1045
f 2516/3210/2516 2509/3201/2509 2524/3220/2524
f 2525/3221/2525 2507/3198/2507 2516/3210/2516
f 2526/3222/2526 2507/3198/2507 2525/3221/2525
f 2518/3213/2518 2507/3198/2507 2526/3222/2526
f 1052/1313/1052 2511/3223/2511 2518/3224/2518
f 2527/3225/2527 2508/3199/2508 2512/3205/2512
f 2513/3206/2513 2508/3209/2508 2527/3226/2527
f 2522/3218/2522 2523/3219/2523 2503/3192/2503
f 2528/3227/2528 2518/3228/2518 2526/3229/2526
f 1055/1316/1055 1052/1313/1052 2518/3224/2518
f 2519/3215/2519 1042/1300/1042 2529/3230/2529
f 2514/3207/2514 2506/3197/2506 2530/3231/2530
f 2531/3232/2531 1045/3212/1045 1050/1325/1050
f 2524/3220/2524 1045/3212/1045 2531/3232/2531
f 2532/3233/2532 2516/3210/2516 2524/3220/2524
f 1055/1316/1055 2518/3224/2518 2528/3234/2528
f 1076/3235/1076 2527/3225/2527 2512/3205/2512
f 2533/3236/2533 2506/3197/2506 2513/3206/2513
f 2534/3237/2534 2514/3207/2514 2535/3238/2535
f 2536/3239/2536 2537/3240/2537 2538/3241/2538
f 2539/3242/2539 2540/3243/2540 2541/3244/2541
f 2542/3245/2542 2539/3246/2539 2541/3247/2541
f 2542/3245/2542 2543/3248/2543 2539/3246/2539
f 2544/3249/2544 2543/3248/2543 2542/3245/2542
f 2545/3250/2545 2524/3220/2524 2531/3232/2531
f 2532/3233/2532 2524/3220/2524 2545/3250/2545
f 2525/3251/2525 2516/3252/2516 2532/3253/2532
f 2526/3229/2526 2525/3251/2525 606/726/606
f 606/726/606 2528/3227/2528 2526/3229/2526
f 1061/1322/1061 1055/1316/1055 2528/3234/2528
f 2546/3254/2546 2517/3211/2517 1025/1269/1025
f 2547/3255/2547 2517/3211/2517 2546/3254/2546
f 2547/3255/2547 2512/3205/2512 2517/3211/2517
f 2547/3255/2547 1076/3235/1076 2512/3205/2512
f 2548/3256/2548 2514/3207/2514 2530/3231/2530
f 2549/3257/2549 2500/3189/2500 2534/3237/2534
f 2531/3232/2531 1050/1325/1050 1067/1333/1067
f 606/726/606 2525/3251/2525 2532/3253/2532
f 2550/3258/2550 2528/3227/2528 606/726/606
f 1061/3259/1061 2528/3227/2528 2551/3260/2551
f 2519/3215/2519 2529/3230/2529 2552/3261/2552
f 2546/3254/2546 1025/1269/1025 2519/3215/2519
f 2533/3262/2533 2527/3225/2527 1076/3235/1076
f 2533/3236/2533 2513/3206/2513 2527/3226/2527
f 2530/3231/2530 2506/3197/2506 2533/3236/2533
f 2549/3257/2549 2534/3237/2534 2535/3238/2535
f 2553/3263/2553 2537/3264/2537 2554/3265/2554
f 2555/3266/2555 2531/3232/2531 1067/1333/1067
f 2532/3253/2532 2545/3267/2545 2556/3268/2556
f 2556/3268/2556 606/726/606 2532/3253/2532
f 2557/3269/2557 2528/3227/2528 2550/3258/2550
f 2557/3269/2557 2551/3260/2551 2528/3227/2528
f 1063/3270/1063 2551/3260/2551 2557/3269/2557
f 1063/1327/1063 1061/1322/1061 2551/3271/2551
f 1077/3272/1077 1076/3235/1076 2547/3255/2547
f 2558/3273/2558 2548/3256/2548 2530/3231/2530
f 2559/3274/2559 2514/3207/2514 2548/3256/2548
f 2560/3275/2560 2522/3218/2522 2515/3208/2515
f 2545/3267/2545 2531/3276/2531 2555/3277/2555
f 2556/3268/2556 2545/3267/2545 2555/3277/2555
f 1075/1342/1075 2533/3236/2533 1076/1343/1076
f 2561/3278/2561 2558/3273/2558 2530/3231/2530
f 2559/3274/2559 2535/3238/2535 2514/3207/2514
f 2523/3219/2523 2522/3218/2522 2560/3275/2560
f 2562/3279/2562 2563/3280/2563 2564/3281/2564
f 2553/3282/2553 2554/3283/2554 2562/3284/2562
f 2538/3241/2538 2537/3240/2537 2553/3282/2553
f 2555/3285/2555 1067/1333/1067 1072/1339/1072
f 605/725/605 2550/3258/2550 606/726/606
f 1079/1353/1079 2557/3269/2557 2550/3258/2550
f 1063/1346/1063 2557/3286/2557 1079/1347/1079
f 2565/3287/2565 2519/3215/2519 2566/3288/2566
f 2567/3289/2567 2530/3231/2530 2533/3236/2533
f 2561/3278/2561 2530/3231/2530 2567/3289/2567
f 1087/1363/1087 2555/3277/2555 1072/1364/1072
f 2556/3268/2556 2555/3277/2555 1087/1363/1087
f 1104/1392/1104 2556/3268/2556 1087/1363/1087
f 1079/1353/1079 2550/3258/2550 605/725/605
f 2559/3274/2559 2568/3290/2568 2535/3238/2535
f 2549/3257/2549 2535/3238/2535 2568/3290/2568
f 2564/3291/2564 2523/3219/2523 2560/3275/2560
f 2569/3292/2569 2562/3284/2562 2564/3293/2564
f 2570/3294/2570 2536/3239/2536 2538/3241/2538
f 2570/3294/2570 2541/3244/2541 2536/3239/2536
f 2571/3295/2571 2541/3244/2541 2570/3294/2570
f 2571/3295/2571 2542/3296/2542 2541/3244/2541
f 2571/3297/2571 2544/3249/2544 2542/3245/2542
f 606/726/606 2556/3268/2556 607/727/607
f 2572/3298/2572 2547/3255/2547 2546/3254/2546
f 2573/3299/2573 2533/3236/2533 2574/3300/2574
f 2553/3282/2553 2562/3284/2562 2569/3292/2569
f 2575/3301/2575 2538/3241/2538 2553/3282/2553
f 2546/3254/2546 2519/3215/2519 2565/3287/2565
f 2574/3300/2574 2533/3236/2533 1075/1342/1075
f 2573/3299/2573 2567/3289/2567 2533/3236/2533
f 2548/3256/2548 2558/3273/2558 2576/3302/2576
f 2577/3303/2577 2544/3249/2544 2571/3297/2571
f 2546/3254/2546 2565/3287/2565 2578/3304/2578
f 2579/3305/2579 1077/3272/1077 2547/3255/2547
f 2561/3278/2561 2567/3289/2567 2580/3306/2580
f 2581/3307/2581 2561/3278/2561 2582/3308/2582
f 2581/3307/2581 2558/3273/2558 2561/3278/2561
f 2583/3309/2583 2584/3310/2584 2576/3311/2576
f 2584/3312/2584 2548/3256/2548 2576/3302/2576
f 2585/3313/2585 2548/3256/2548 2584/3312/2584
f 2586/3314/2586 2587/3315/2587 2588/3316/2588
f 2569/3292/2569 2564/3293/2564 2589/3317/2589
f 2590/3318/2590 2538/3241/2538 2575/3301/2575
f 2590/3318/2590 2570/3294/2570 2538/3241/2538
f 2578/3304/2578 2591/3319/2591 2546/3254/2546
f 2592/3320/2592 2567/3289/2567 2573/3299/2573
f 2576/3302/2576 2558/3273/2558 2581/3307/2581
f 2593/3321/2593 2549/3257/2549 2568/3290/2568
f 2556/3268/2556 1104/1392/1104 607/727/607
f 2594/3322/2594 2578/3304/2578 2565/3287/2565
f 2572/3298/2572 2546/3254/2546 2591/3319/2591
f 2595/3323/2595 2579/3305/2579 2547/3255/2547
f 2579/3305/2579 1075/3324/1075 1077/3272/1077
f 2596/3325/2596 2574/3300/2574 1075/1342/1075
f 1123/1416/1123 2573/3299/2573 2574/3300/2574
f 2597/3326/2597 2581/3327/2581 2598/3328/2598
f 2599/3329/2599 2597/3326/2597 2598/3328/2598
f 2576/3302/2576 2581/3307/2581 2597/3330/2597
f 2599/3329/2599 2576/3311/2576 2597/3326/2597
f 2599/3329/2599 2583/3309/2583 2576/3311/2576
f 2600/3331/2600 2549/3257/2549 2593/3321/2593
f 2586/3314/2586 2588/3316/2588 2601/3332/2601
f 2602/3333/2602 2570/3294/2570 2590/3318/2590
f 2603/3334/2603 2571/3295/2571 2602/3333/2602
f 2603/3335/2603 2577/3303/2577 2571/3297/2571
f 2604/3336/2604 1088/1366/1088 1097/1382/1097
f 2594/3322/2594 2565/3287/2565 2605/3337/2605
f 2606/3338/2606 2578/3304/2578 2594/3322/2594
f 2595/3323/2595 2547/3255/2547 2572/3298/2572
f 2596/3339/2596 1075/3324/1075 2579/3305/2579
f 2607/3340/2607 2590/3318/2590 2575/3301/2575
f 2602/3333/2602 2571/3295/2571 2570/3294/2570
f 2608/3341/2608 2574/3300/2574 2596/3325/2596
f 2592/3320/2592 2573/3299/2573 1123/1416/1123
f 2609/3342/2609 2610/3343/2610 2611/3344/2611
f 2612/3345/2612 2610/3343/2610 2609/3342/2609
f 1110/1400/1110 2604/3336/2604 1097/1382/1097
f 648/779/648 2572/3298/2572 2591/3319/2591
f 2613/3346/2613 1109/1399/1109 625/751/625
f 1109/1403/1109 1110/1400/1110 1101/1386/1101
f 2606/3338/2606 2591/3319/2591 2578/3304/2578
f 2614/3347/2614 2615/3348/2615 2612/3345/2612
f 624/750/624 620/743/620 641/771/641
f 2616/3349/2616 625/751/625 624/750/624
f 2617/3350/2617 2613/3346/2613 625/751/625
f 2618/3351/2618 1110/1400/1110 1109/1403/1109
f 2608/3352/2608 2596/3339/2596 2579/3305/2579
f 1123/1416/1123 2574/3300/2574 2608/3341/2608
f 1106/1394/1106 1105/1393/1105 1117/1410/1117
f 2617/3353/2617 625/751/625 2616/3349/2616
f 2618/3351/2618 1109/1403/1109 2613/3354/2613
f 2619/3355/2619 2604/3336/2604 1110/1400/1110
f 1120/1413/1120 2604/3336/2604 2619/3355/2619
f 2595/3323/2595 2572/3298/2572 648/779/648
f 1122/1415/1122 2592/3320/2592 1123/1416/1123
f 1125/1418/1125 1106/1394/1106 1117/1410/1117
f 2620/3356/2620 624/750/624 641/771/641
f 2620/3356/2620 2616/3349/2616 624/750/624
f 2621/3357/2621 2616/3358/2616 2620/3359/2620
f 2621/3357/2621 2617/3360/2617 2616/3358/2616
f 2622/3361/2622 2618/3351/2618 2613/3354/2613
f 2619/3355/2619 1110/1400/1110 2618/3351/2618
f 2606/3338/2606 2594/3322/2594 639/768/639
f 658/789/658 2591/3319/2591 2606/3338/2606
f 648/779/648 2591/3319/2591 658/789/658
f 1145/1445/1145 2579/3305/2579 2595/3323/2595
f 1111/3362/1111 1106/1394/1106 1125/1418/1125
f 2623/3363/2623 1111/1401/1111 1125/3364/1125
f 2623/3363/2623 1103/1391/1103 1111/1401/1111
f 2624/3365/2624 2620/3356/2620 641/771/641
f 2625/3366/2625 2620/3356/2620 2624/3365/2624
f 2625/3367/2625 2621/3357/2621 2620/3359/2620
f 1136/3368/1136 2608/3352/2608 1151/1452/1151
f 1136/1432/1136 1123/1416/1123 2608/3341/2608
f 1130/3369/1130 2623/3363/2623 1125/3364/1125
f 1108/1398/1108 1103/1391/1103 2623/3363/2623
f 644/774/644 2624/3365/2624 641/771/641
f 2622/3361/2622 2613/3354/2613 2617/3360/2617
f 647/778/647 2595/3323/2595 648/779/648
f 1145/1445/1145 2595/3323/2595 647/778/647
f 2626/3370/2626 2590/3318/2590 2607/3340/2607
f 2627/3371/2627 2625/3367/2625 2624/3372/2624
f 2621/3357/2621 2625/3367/2625 2627/3371/2627
f 1151/1452/1151 2608/3352/2608 1145/1445/1145
f 1121/1414/1121 1123/1416/1123 1136/1432/1136
f 2628/3373/2628 2607/3340/2607 2629/3374/2629
f 2630/3375/2630 2623/3363/2623 1130/3369/1130
f 2631/3376/2631 1108/1398/1108 2623/3363/2623
f 1142/1441/1142 2621/3357/2621 2627/3371/2627
f 639/768/639 658/789/658 2606/3338/2606
f 2632/3377/2632 2626/3370/2626 2607/3340/2607
f 2630/3378/2630 1130/1426/1130 1129/1424/1129
f 660/791/660 2621/3357/2621 1142/1441/1142
f 2633/3379/2633 2618/3351/2618 2622/3361/2622
f 2634/3380/2634 2621/3357/2621 660/791/660
f 2633/3379/2633 2619/3355/2619 2618/3351/2618
f 2633/3379/2633 2635/3381/2635 2619/3355/2619
f 646/777/646 648/779/648 658/789/658
f 1146/1446/1146 1145/1445/1145 647/778/647
f 2636/3382/2636 1129/1424/1129 1128/1421/1128
f 2630/3378/2630 1129/1424/1129 2636/3382/2636
f 2631/3376/2631 2623/3363/2623 2630/3383/2630
f 643/773/643 642/772/642 31/35/31
f 2637/3384/2637 2638/3385/2638 1137/1433/1137
f 1150/1450/1150 2636/3382/2636 1128/1421/1128
f 2631/3376/2631 2630/3383/2630 2636/3386/2636
f 2631/3376/2631 642/772/642 1108/1398/1108
f 2637/3384/2637 1137/1433/1137 1147/1447/1147
f 2639/3387/2639 2636/3382/2636 1150/1450/1150
f 2631/3376/2631 2636/3386/2636 2639/3388/2639
f 2640/3389/2640 650/781/650 651/782/651
f 2641/3390/2641 661/792/661 650/3391/650
f 1144/1444/1144 1151/1452/1151 1145/1445/1145
f 2642/3392/2642 2637/3384/2637 1147/1447/1147
f 2637/3384/2637 2642/3392/2642 2643/3393/2643
f 673/806/673 2644/3394/2644 2643/3393/2643
f 2645/3395/2645 2631/3376/2631 2639/3388/2639
f 2641/3390/2641 650/3391/650 2640/3396/2640
f 2646/3397/2646 661/792/661 2641/3390/2641
f 2647/3398/2647 639/768/639 655/786/655
f 2647/3398/2647 658/789/658 639/768/639
f 2647/3398/2647 659/790/659 658/789/658
f 1159/1463/1159 2642/3392/2642 1147/1447/1147
f 2648/3399/2648 2632/3377/2632 2628/3373/2628
f 2649/3400/2649 2639/3387/2639 1150/1450/1150
f 2645/3395/2645 2639/3388/2639 2649/3401/2649
f 31/35/31 2631/3376/2631 2645/3395/2645
f 31/35/31 642/772/642 2631/3376/2631
f 662/793/662 661/792/661 2646/3397/2646
f 1160/1464/1160 659/790/659 2647/3398/2647
f 674/807/674 2643/3393/2643 2642/3392/2642
f 673/806/673 2643/3393/2643 674/807/674
f 2649/3400/2649 1150/1450/1150 1156/1458/1156
f 2650/3402/2650 651/782/651 643/773/643
f 2651/3403/2651 2640/3389/2640 651/782/651
f 2652/3404/2652 2641/3405/2641 2640/3389/2640
f 2653/3406/2653 2649/3400/2649 1156/1458/1156
f 2645/3407/2645 2649/3400/2649 2653/3406/2653
f 2652/3404/2652 2640/3389/2640 2651/3403/2651
f 2646/3397/2646 2641/3390/2641 2652/3408/2652
f 1164/1468/1164 2642/3392/2642 1159/1463/1159
f 2654/3409/2654 2645/3407/2645 2653/3406/2653
f 2651/3403/2651 651/782/651 2650/3402/2650
f 2655/3410/2655 2652/3404/2652 2651/3403/2651
f 2656/3411/2656 2646/3397/2646 2652/3408/2652
f 662/793/662 2646/3397/2646 2656/3411/2656
f 674/807/674 2642/3392/2642 1164/1468/1164
f 2648/3399/2648 2628/3373/2628 2657/3412/2657
f 2658/3413/2658 2645/3395/2645 2654/3414/2654
f 2656/3411/2656 2652/3408/2652 2655/3415/2655
f 2659/3416/2659 2644/3394/2644 673/806/673
f 2653/3406/2653 1156/1458/1156 2660/3417/2660
f 2658/3418/2658 2654/3409/2654 2653/3406/2653
f 32/36/32 2645/3395/2645 2658/3413/2658
f 32/36/32 31/35/31 2645/3395/2645
f 675/808/675 2650/3402/2650 643/773/643
f 2661/3419/2661 2651/3403/2651 2650/3402/2650
f 2661/3419/2661 2655/3410/2655 2651/3403/2651
f 2662/3420/2662 2655/3410/2655 2661/3419/2661
f 2663/3421/2663 2656/3411/2656 2655/3415/2655
f 2664/3422/2664 662/793/662 2656/3411/2656
f 2665/3423/2665 2653/3406/2653 2660/3417/2660
f 695/833/695 2650/3402/2650 675/808/675
f 2663/3424/2663 2655/3410/2655 2662/3420/2662
f 2666/3425/2666 2656/3411/2656 2663/3421/2663
f 2667/3426/2667 655/786/655 668/801/668
f 2647/3398/2647 655/786/655 2668/3427/2668
f 2668/3427/2668 1160/1464/1160 2647/3398/2647
f 2661/3419/2661 2650/3402/2650 695/833/695
f 2666/3425/2666 2663/3421/2663 2662/3428/2662
f 2664/3422/2664 2656/3411/2656 2666/3425/2666
f 2668/3427/2668 655/786/655 2667/3426/2667
f 2669/3429/2669 1164/1468/1164 1162/1466/1162
f 1192/1519/1192 673/806/673 672/805/672
f 2670/3430/2670 2662/3420/2662 2661/3419/2661
f 2671/3431/2671 2662/3420/2662 2670/3430/2670
f 2664/3422/2664 669/802/669 662/793/662
f 2669/3429/2669 1162/1466/1162 1167/1473/1167
f 2669/3429/2669 674/807/674 1164/1468/1164
f 2672/3432/2672 674/807/674 2669/3429/2669
f 2673/3433/2673 2671/3431/2671 2670/3430/2670
f 2674/3434/2674 2671/3435/2671 2673/3436/2673
f 2666/3425/2666 2662/3428/2662 2671/3435/2671
f 2674/3434/2674 2666/3425/2666 2671/3435/2671
f 668/801/668 18/20/18 21/24/21
f 1173/3437/1173 2669/3429/2669 1167/1473/1167
f 672/805/672 674/807/674 2672/3432/2672
f 2675/3438/2675 673/806/673 1192/1519/1192
f 2658/3418/2658 2653/3406/2653 51/55/51
f 32/36/32 2658/3413/2658 46/50/46
f 2670/3430/2670 2661/3419/2661 695/833/695
f 2676/3439/2676 2670/3430/2670 695/833/695
f 2676/3439/2676 2673/3433/2673 2670/3430/2670
f 2677/3440/2677 2673/3433/2673 2676/3439/2676
f 2664/3422/2664 2666/3425/2666 2674/3434/2674
f 37/41/37 1160/1464/1160 2668/3427/2668
f 2678/3441/2678 2669/3442/2669 1173/1485/1173
f 1182/1504/1182 2678/3441/2678 1173/1485/1173
f 2678/3443/2678 2672/3432/2672 2669/3429/2669
f 1191/1518/1191 2675/3438/2675 1192/1519/1192
f 2679/3444/2679 2673/3436/2673 2677/3445/2677
f 2679/3444/2679 2674/3434/2674 2673/3436/2673
f 2680/3446/2680 2674/3434/2674 2679/3444/2679
f 54/60/54 669/802/669 2664/3422/2664
f 2681/3447/2681 668/801/668 21/24/21
f 2682/3448/2682 672/805/672 2672/3432/2672
f 2683/3449/2683 2684/3450/2684 2685/3451/2685
f 46/56/46 2658/3418/2658 51/55/51
f 694/832/694 2676/3439/2676 695/833/695
f 694/832/694 2677/3440/2677 2676/3439/2676
f 2686/3452/2686 2679/3444/2679 2677/3445/2677
f 2667/3426/2667 668/801/668 2681/3447/2681
f 37/41/37 2668/3427/2668 2667/3426/2667
f 2687/3453/2687 2688/3454/2688 2683/3449/2683
f 2689/3455/2689 2677/3440/2677 694/832/694
f 2690/3456/2690 2679/3444/2679 2686/3452/2686
f 2690/3456/2690 2680/3446/2680 2679/3444/2679
f 57/63/57 2664/3422/2664 2674/3434/2674
f 2691/3457/2691 2681/3447/2681 21/24/21
f 2692/3458/2692 2678/3441/2678 1182/1504/1182
f 2692/3458/2692 2672/3459/2672 2678/3441/2678
f 2692/3460/2692 2682/3448/2682 2672/3432/2672
f 2693/3461/2693 672/805/672 2682/3448/2682
f 1193/1523/1193 1192/1519/1192 672/805/672
f 703/845/703 2689/3455/2689 694/832/694
f 2689/3455/2689 2686/3462/2686 2677/3440/2677
f 2690/3456/2690 2686/3452/2686 2689/3463/2689
f 2694/3464/2694 2680/3446/2680 2690/3456/2690
f 57/63/57 2674/3434/2674 2680/3446/2680
f 54/60/54 2664/3422/2664 57/63/57
f 1196/1526/1196 2692/3458/2692 1182/1504/1182
f 2695/3465/2695 2693/3461/2693 2682/3448/2682
f 1193/1523/1193 672/805/672 2693/3461/2693
f 1205/1537/1205 1193/1523/1193 2693/3461/2693
f 2696/3466/2696 2697/3467/2697 2698/3468/2698
f 2699/3469/2699 2689/3455/2689 703/845/703
f 2700/3470/2700 2690/3471/2690 2689/3455/2689
f 2700/3472/2700 2694/3464/2694 2690/3456/2690
f 53/59/53 669/802/669 54/60/54
f 37/41/37 2667/3426/2667 65/71/65
f 2701/3473/2701 2682/3474/2682 2692/3458/2692
f 2701/3475/2701 2695/3465/2695 2682/3448/2682
f 2702/3476/2702 2683/3449/2683 2685/3451/2685
f 2702/3476/2702 2687/3453/2687 2683/3449/2683
f 2703/3477/2703 2704/3478/2704 2687/3453/2687
f 2700/3470/2700 2689/3455/2689 2699/3469/2699
f 2705/3479/2705 2680/3446/2680 2694/3464/2694
f 2705/3479/2705 57/63/57 2680/3446/2680
f 2701/3473/2701 2692/3458/2692 1196/1526/1196
f 2702/3480/2702 2703/3481/2703 2687/3482/2687
f 2706/3483/2706 57/63/57 2705/3479/2705
f 2707/3484/2707 2702/3480/2702 2708/3485/2708
f 2703/3481/2703 2702/3480/2702 2707/3484/2707
f 708/853/708 2699/3469/2699 703/845/703
f 2709/3486/2709 2699/3469/2699 708/853/708
f 2710/3487/2710 2700/3470/2700 2699/3469/2699
f 2710/3488/2710 2694/3464/2694 2700/3472/2700
f 2711/3489/2711 2694/3464/2694 2710/3488/2710
f 2711/3489/2711 2705/3479/2705 2694/3464/2694
f 766/939/766 698/837/698 690/828/690
f 2712/3490/2712 1175/1489/1175 1179/1499/1179
f 1201/1533/1201 1196/1526/1196 1189/1516/1189
f 2713/3491/2713 2701/3473/2701 1196/1526/1196
f 2714/3492/2714 2695/3493/2695 2701/3473/2701
f 1205/1537/1205 2693/3461/2693 2695/3494/2695
f 2714/3495/2714 1205/1537/1205 2695/3494/2695
f 2710/3487/2710 2699/3469/2699 2709/3486/2709
f 52/58/52 57/63/57 2706/3483/2706
f 1197/1528/1197 1175/1489/1175 2712/3490/2712
f 2715/3496/2715 2703/3481/2703 2707/3484/2707
f 2716/3497/2716 2709/3486/2709 708/853/708
f 2716/3498/2716 2710/3488/2710 2709/3499/2709
f 2711/3489/2711 2710/3488/2710 2716/3498/2716
f 2717/3500/2717 2711/3489/2711 2716/3498/2716
f 2717/3500/2717 2705/3479/2705 2711/3489/2711
f 1227/1569/1227 2713/3491/2713 1196/1526/1196
f 2718/3501/2718 2701/3473/2701 2713/3491/2713
f 2718/3501/2718 2714/3492/2714 2701/3473/2701
f 2719/3502/2719 2714/3492/2714 2718/3501/2718
f 1210/3503/1210 1205/1537/1205 2714/3495/2714
f 713/858/713 2716/3497/2716 708/853/708
f 2717/3500/2717 2716/3498/2716 713/3504/713
f 712/3505/712 2717/3500/2717 713/3504/713
f 2720/3506/2720 2706/3483/2706 2705/3479/2705
f 76/83/76 52/58/52 2706/3483/2706
f 1227/1569/1227 2718/3501/2718 2713/3491/2713
f 2721/3507/2721 2707/3484/2707 2722/3508/2722
f 81/89/81 2705/3479/2705 2717/3500/2717
f 2723/3509/2723 1179/1499/1179 1180/1502/1180
f 1209/1542/1209 1196/1526/1196 1201/1533/1201
f 1227/1569/1227 1196/1526/1196 1209/1542/1209
f 79/90/79 712/3505/712 714/3510/714
f 81/89/81 2717/3500/2717 712/3505/712
f 2720/3506/2720 2705/3479/2705 81/89/81
f 76/83/76 2706/3483/2706 2720/3506/2720
f 2724/3511/2724 64/70/64 65/71/65
f 1201/1533/1201 1195/1525/1195 1209/1542/1209
f 2725/3512/2725 2718/3501/2718 1227/1569/1227
f 2719/3513/2719 1210/1543/1210 2714/3514/2714
f 81/89/81 712/3505/712 79/90/79
f 2719/3515/2719 2718/3501/2718 2725/3512/2725
f 2726/3516/2726 2719/3513/2719 2725/3517/2725
f 1211/1548/1211 1210/1543/1210 2719/3513/2719
f 72/79/72 64/70/64 2724/3511/2724
f 698/837/698 766/939/766 765/938/765
f 2712/3490/2712 1179/1499/1179 2723/3509/2723
f 2727/3518/2727 2725/3512/2725 1227/1569/1227
f 2726/3519/2726 2725/3512/2725 2727/3518/2727
f 2728/3520/2728 2719/3513/2719 2726/3516/2726
f 2720/3506/2720 81/89/81 82/91/82
f 2729/3521/2729 2724/3511/2724 65/71/65
f 2712/3490/2712 2730/3522/2730 1197/1528/1197
f 1237/1581/1237 1209/1542/1209 2731/3523/2731
f 1228/1570/1228 1227/1569/1227 1209/1542/1209
f 777/950/777 75/82/75 2732/3524/2732
f 73/80/73 75/82/75 777/950/777
f 97/108/97 82/91/82 91/100/91
f 97/108/97 2720/3506/2720 82/91/82
f 97/108/97 76/83/76 2720/3506/2720
f 2733/3525/2733 72/79/72 2724/3511/2724
f 2734/3526/2734 698/837/698 765/938/765
f 1211/1548/1211 2719/3513/2719 2728/3520/2728
f 2735/3527/2735 1229/1571/1229 1211/1548/1211
f 1235/1579/1235 72/3528/72 2733/3529/2733
f 1228/1570/1228 1209/1542/1209 1237/1581/1237
f 1226/1568/1226 2727/3518/2727 1227/1569/1227
f 2735/3527/2735 1211/1548/1211 2728/3520/2728
f 780/953/780 73/80/73 777/950/777
f 2736/3530/2736 65/71/65 2737/3531/2737
f 802/992/802 2724/3532/2724 2729/3533/2729
f 789/967/789 788/966/788 2738/3534/2738
f 2739/3535/2739 1221/1561/1221 2740/3536/2740
f 2727/3537/2727 2728/3520/2728 2726/3516/2726
f 2736/3530/2736 2729/3521/2729 65/71/65
f 1234/1578/1234 2738/3534/2738 1235/1579/1235
f 2741/3538/2741 2723/3509/2723 2742/3539/2742
f 1239/1587/1239 2727/3537/2727 1226/3540/1226
f 1239/1587/1239 2728/3520/2728 2727/3537/2727
f 778/951/778 777/950/777 2732/3524/2732
f 789/967/789 2738/3534/2738 1234/1578/1234
f 2743/3541/2743 698/837/698 2734/3526/2734
f 1240/1590/1240 1216/1555/1216 1229/1571/1229
f 778/951/778 2732/3524/2732 2744/3542/2744
f 94/104/94 68/75/68 98/110/98
f 2739/3535/2739 2740/3536/2740 2745/3543/2745
f 2743/3541/2743 2741/3544/2741 2742/3545/2742
f 2746/3546/2746 94/104/94 98/110/98
f 111/3547/111 2746/3546/2746 98/110/98
f 2729/3521/2729 2736/3530/2736 808/1003/808
f 802/992/802 2729/3533/2729 803/993/803
f 2747/3548/2747 2745/3543/2745 2740/3549/2740
f 2739/3535/2739 2745/3543/2745 2747/3548/2747
f 764/937/764 2739/3535/2739 2747/3548/2747
f 764/937/764 766/939/766 2739/3535/2739
f 793/973/793 2734/3526/2734 765/938/765
f 811/1006/811 2737/3531/2737 2748/3550/2748
f 798/980/798 789/967/789 1234/1578/1234
f 1250/1601/1250 1231/1574/1231 1232/1575/1232
f 111/126/111 98/3551/98 112/127/112
f 2736/3530/2736 2737/3531/2737 811/1006/811
f 803/1002/803 2729/3521/2729 808/1003/808
f 798/1577/798 1235/1579/1235 2749/3552/2749
f 2750/3553/2750 2751/3554/2751 2741/3544/2741
f 2750/3555/2750 2752/3556/2752 2751/3557/2751
f 1250/1601/1250 1232/1575/1232 1251/1602/1251
f 2753/3558/2753 2754/3559/2754 779/3560/779
f 2749/3552/2749 1235/1579/1235 802/992/802
f 2755/3561/2755 2743/3541/2743 2734/3526/2734
f 2755/3561/2755 2741/3544/2741 2743/3541/2743
f 1243/1593/1243 1242/1592/1242 2756/3562/2756
f 151/170/151 98/110/98 104/118/104
f 2757/3563/2757 2758/3564/2758 2759/3565/2759
f 2757/3563/2757 2760/3566/2760 2758/3564/2758
f 2755/3561/2755 2750/3553/2750 2741/3544/2741
f 2761/3567/2761 778/951/778 813/3568/813
f 112/3569/112 98/110/98 151/170/151
f 2762/3570/2762 112/3569/112 151/170/151
f 2763/3571/2763 2757/3563/2757 2759/3565/2759
f 164/185/164 2760/3566/2760 2757/3563/2757
f 808/1003/808 2736/3530/2736 811/1006/811
f 2764/3572/2764 787/965/787 798/980/798
f 1249/1600/1249 1528/1965/1528 1250/1601/1250
f 2762/3573/2762 137/154/137 112/127/112
f 2763/3571/2763 2759/3565/2759 137/3574/137
f 2764/3572/2764 798/980/798 2749/3552/2749
f 187/213/187 764/937/764 188/214/188
f 200/3575/200 2763/3571/2763 137/3574/137
f 2765/3576/2765 2757/3563/2757 2763/3571/2763
f 2765/3576/2765 164/185/164 2757/3563/2757
f 2766/3577/2766 2734/3526/2734 793/973/793
f 813/3568/813 2767/3578/2767 2768/3579/2768
f 200/230/200 137/3580/137 2762/3581/2762
f 2769/3582/2769 2763/3571/2763 200/3575/200
f 821/1016/821 802/992/802 801/991/801
f 2755/3561/2755 2734/3526/2734 2766/3577/2766
f 2770/3583/2770 2750/3553/2750 2755/3561/2755
f 2771/3584/2771 2750/3555/2750 2770/3585/2770
f 2771/3584/2771 2752/3556/2752 2750/3555/2750
f 2772/3586/2772 1243/1593/1243 2756/3562/2756
f 814/1009/814 813/1008/813 2768/3587/2768
f 161/182/161 192/3588/192 151/170/151
f 2762/3589/2762 151/170/151 192/3588/192
f 2773/3590/2773 2769/3591/2769 200/230/200
f 2765/3576/2765 162/183/162 164/185/164
f 821/1016/821 2749/3552/2749 802/992/802
f 2774/3592/2774 2770/3583/2770 2755/3561/2755
f 200/230/200 2762/3581/2762 192/220/192
f 199/229/199 2773/3590/2773 200/230/200
f 2765/3576/2765 2763/3571/2763 2769/3582/2769
f 2773/3593/2773 2765/3576/2765 2769/3582/2769
f 201/231/201 162/183/162 2765/3576/2765
f 176/201/176 200/230/200 192/220/192
f 199/3594/199 2765/3576/2765 2773/3593/2773
f 816/1011/816 787/965/787 2764/3572/2764
f 2766/3577/2766 793/973/793 826/1021/826
f 2774/3592/2774 2755/3561/2755 2766/3577/2766
f 2775/3595/2775 128/143/128 2776/3596/2776
f 820/1015/820 2749/3552/2749 821/1016/821
f 2764/3572/2764 2749/3552/2749 820/1015/820
f 1271/1622/1271 1243/1593/1243 2772/3586/2772
f 2777/3597/2777 2778/3598/2778 2779/3599/2779
f 2777/3597/2777 2775/3600/2775 2778/3598/2778
f 246/296/246 2765/3576/2765 199/3594/199
f 222/262/222 201/231/201 2765/3576/2765
f 246/296/246 222/262/222 2765/3576/2765
f 2780/3601/2780 2764/3572/2764 820/1015/820
f 1272/1623/1272 2766/3577/2766 826/1021/826
f 2781/3602/2781 2775/3603/2775 2777/3597/2777
f 2781/3604/2781 2782/3605/2782 2775/3595/2775
f 213/3606/213 246/296/246 199/3594/199
f 2783/3607/2783 196/225/196 205/237/205
f 2784/3608/2784 2781/3602/2781 2777/3597/2777
f 816/1011/816 2764/3572/2764 2780/3601/2780
f 2774/3592/2774 2766/3577/2766 1272/1623/1272
f 2785/3609/2785 2770/3583/2770 2774/3592/2774
f 220/259/220 262/321/262 169/3610/169
f 823/1018/823 816/1011/816 2780/3601/2780
f 229/3611/229 196/225/196 2786/3612/2786
f 838/1033/838 823/1018/823 2780/3601/2780
f 835/1030/835 818/1013/818 823/1018/823
f 2787/3613/2787 229/269/229 2786/3614/2786
f 254/308/254 229/269/229 2787/3613/2787
f 827/1022/827 2780/3601/2780 820/1015/820
f 289/353/289 219/256/219 255/309/255
f 838/1033/838 2780/3601/2780 827/1022/827
f 2788/3615/2788 825/1020/825 819/1014/819
f 1277/1628/1277 2774/3592/2774 1272/1623/1272
f 1278/1641/1278 2785/3616/2785 2774/3592/2774
f 2789/3617/2789 2790/3618/2790 310/377/310
f 2791/3619/2791 2792/3620/2792 2790/3618/2790
f 830/3621/830 832/3622/832 321/389/321
f 304/371/304 289/353/289 2793/3623/2793
f 2791/3619/2791 2790/3618/2790 2789/3617/2789
f 317/384/317 2794/3624/2794 2795/3625/2795
f 317/384/317 316/3626/316 2794/3624/2794
f 2796/3627/2796 823/1018/823 838/1033/838
f 2796/3627/2796 835/1030/835 823/1018/823
f 314/381/314 2789/3617/2789 310/377/310
f 838/1033/838 837/1032/837 2796/3627/2796
f 335/404/335 2789/3617/2789 314/381/314
f 2797/3628/2797 830/3621/830 321/389/321
f 2798/3629/2798 835/1030/835 2796/3627/2796
f 2798/3629/2798 834/1029/834 835/1030/835
f 335/404/335 2791/3619/2791 2789/3617/2789
f 2799/3630/2799 2798/3629/2798 2796/3627/2796
f 377/451/377 2796/3627/2796 837/1032/837
f 2800/3631/2800 830/1025/830 2797/3632/2797
f 833/1028/833 830/1025/830 847/1042/847
f 2791/3619/2791 335/404/335 344/414/344
f 376/450/376 2798/3629/2798 2799/3630/2799
f 2800/3633/2800 2797/3628/2797 343/413/343
f 847/1042/847 830/1025/830 2800/3631/2800
f 2799/3630/2799 2796/3627/2796 377/451/377
f 2801/3634/2801 834/1029/834 2798/3629/2798
f 369/441/369 834/1029/834 2801/3634/2801
f 2801/3634/2801 2798/3629/2798 376/450/376
f 2799/3630/2799 377/451/377 376/450/376
f 847/1042/847 2800/3631/2800 2802/3635/2802
f 402/479/402 2801/3634/2801 376/450/376
f 856/1054/856 843/1038/843 847/1042/847
f 370/442/370 369/441/369 2801/3634/2801
f 402/479/402 376/450/376 375/449/375
f 2803/3636/2803 847/1042/847 2802/3635/2802
f 856/1054/856 847/1042/847 2804/3637/2804
f 865/1064/865 851/1046/851 856/1054/856
f 370/442/370 2801/3634/2801 402/479/402
f 2805/3638/2805 856/1054/856 2804/3637/2804
f 865/1064/865 856/1054/856 2805/3638/2805
f 2806/3639/2806 2805/3640/2805 2804/3641/2804
f 2807/3642/2807 2806/3639/2806 2804/3641/2804
f 2805/3640/2805 2806/3639/2806 2808/3643/2808
f 2808/3644/2808 865/1064/865 2805/3638/2805
f 2809/3645/2809 865/1064/865 2808/3644/2808
f 2810/3646/2810 2809/3647/2809 2808/3643/2808
f 866/1065/866 865/1064/865 2809/3645/2809
f 2808/3643/2808 2806/3639/2806 2810/3646/2810
f 2810/3646/2810 2806/3639/2806 2811/3648/2811
f 2812/3649/2812 2810/3646/2810 2811/3648/2811
f 2813/3650/2813 2810/3646/2810 2814/3651/2814
f 2815/3652/2815 2816/3653/2816 2817/3654/2817
f 2815/3652/2815 2817/3654/2817 2818/3655/2818
f 2819/3656/2819 2815/3652/2815 2818/3655/2818
f 2819/3656/2819 2818/3655/2818 2820/3657/2820
f 2819/3656/2819 2820/3657/2820 2821/3658/2821
f 2822/3659/2822 2815/3652/2815 2819/3656/2819
f 2823/3660/2823 2822/3659/2822 2819/3656/2819
f 2824/3661/2824 2822/3659/2822 2823/3660/2823
f 2825/3662/2825 2821/3658/2821 2826/3663/2826
f 2819/3656/2819 2821/3658/2821 2825/3662/2825
f 2827/3664/2827 2822/3659/2822 2824/3661/2824
f 2828/3665/2828 2827/3664/2827 2824/3661/2824
f 2829/3666/2829 2825/3662/2825 2830/3667/2830
f 2819/3656/2819 2825/3662/2825 2829/3666/2829
f 2831/3668/2831 487/587/487 2827/3664/2827
f 2831/3668/2831 2827/3664/2827 2828/3665/2828
f 2832/3669/2832 487/587/487 2831/3668/2831
f 2832/3670/2832 2831/3668/2831 2833/3671/2833
f 2834/3672/2834 2829/3666/2829 2830/3667/2830
f 2835/3673/2835 2830/3667/2830 2017/2574/2017
f 2824/3661/2824 2829/3666/2829 2834/3672/2834
f 2836/3674/2836 2828/3665/2828 2824/3661/2824
f 2835/3673/2835 2834/3672/2834 2830/3667/2830
f 2837/3675/2837 2824/3661/2824 2834/3672/2834
f 2837/3675/2837 2836/3674/2836 2824/3661/2824
f 2838/3676/2838 2834/3672/2834 2835/3673/2835
f 2839/3677/2839 2840/3678/2840 2841/3679/2841
f 2842/3680/2842 2843/3681/2843 2839/3677/2839
f 2829/3666/2829 2824/3661/2824 2819/3656/2819
f 2836/3682/2836 2837/3683/2837 2844/3684/2844
f 911/1114/911 2475/3154/2475 897/1100/897
f 911/1114/911 2477/3160/2477 2475/3154/2475
f 915/1118/915 911/1114/911 897/1100/897
f 920/1124/920 924/1128/924 1327/1690/1327
f 920/1124/920 925/1129/925 924/1128/924
f 916/1119/916 902/1105/902 928/1133/928
f 916/1119/916 928/1133/928 2845/3685/2845
f 926/1131/926 904/1107/904 923/1127/923
f 2846/3686/2846 916/1119/916 2845/3685/2845
f 2846/3686/2846 914/1117/914 916/1119/916
f 2847/3687/2847 933/3688/933 909/1112/909
f 2848/3689/2848 928/3690/928 927/3691/927
f 2845/3692/2845 928/3690/928 2848/3689/2848
f 2847/3687/2847 909/1112/909 926/1131/926
f 2848/3689/2848 927/3691/927 933/3693/933
f 2849/3694/2849 2846/3695/2846 2845/3696/2845
f 938/3697/938 914/3698/914 2846/3695/2846
f 2847/3687/2847 926/1131/926 923/1127/923
f 2850/3699/2850 2846/3695/2846 2849/3694/2849
f 2850/3699/2850 938/3697/938 2846/3695/2846
f 2851/3700/2851 2845/3692/2845 2848/3689/2848
f 2849/3701/2849 2845/3692/2845 2851/3700/2851
f 983/1209/983 939/3702/939 938/3703/938
f 2848/3689/2848 933/3693/933 2847/3704/2847
f 2489/3177/2489 2851/3700/2851 2848/3689/2848
f 2483/3170/2483 2849/3701/2849 2851/3700/2851
f 2483/3170/2483 2850/3705/2850 2849/3701/2849
f 1360/1736/1360 923/1127/923 952/1158/952
f 2852/3706/2852 2847/3687/2847 923/1127/923
f 2483/3170/2483 2482/3169/2482 2850/3705/2850
f 2853/3707/2853 938/3703/938 2850/3705/2850
f 2852/3706/2852 923/1127/923 1360/1736/1360
f 2854/3708/2854 2847/3704/2847 2852/3709/2852
f 2854/3708/2854 2848/3689/2848 2847/3704/2847
f 2485/3172/2485 2483/3170/2483 2851/3700/2851
f 2853/3707/2853 2850/3705/2850 2482/3169/2482
f 983/1209/983 938/3703/938 2853/3707/2853
f 2851/3700/2851 2489/3177/2489 2485/3172/2485
f 1360/1736/1360 952/1158/952 1367/1743/1367
f 2487/3174/2487 2853/3707/2853 2482/3169/2482
f 2855/3710/2855 983/1209/983 2853/3707/2853
f 2520/3216/2520 2848/3689/2848 2854/3708/2854
f 2855/3710/2855 2853/3707/2853 2487/3174/2487
f 2856/3711/2856 983/1209/983 2855/3710/2855
f 2857/3712/2857 2855/3710/2855 2487/3174/2487
f 2857/3712/2857 2856/3711/2856 2855/3710/2855
f 2852/3706/2852 1360/1736/1360 1359/1735/1359
f 2489/3177/2489 2848/3689/2848 2520/3216/2520
f 2495/3184/2495 2486/3173/2486 2492/3180/2492
f 2858/3713/2858 2487/3174/2487 2486/3173/2486
f 992/1221/992 983/1209/983 2856/3711/2856
f 2859/3714/2859 982/3715/982 992/3716/992
f 984/1210/984 982/3175/982 2859/3717/2859
f 2854/3708/2854 2852/3709/2852 1359/3718/1359
f 2860/3719/2860 2520/3216/2520 2854/3708/2854
f 2858/3713/2858 2486/3173/2486 2495/3184/2495
f 2861/3720/2861 992/1221/992 2856/3711/2856
f 1020/1273/1020 1007/1240/1007 994/1224/994
f 2489/3177/2489 2520/3216/2520 2502/3191/2502
f 2857/3712/2857 2487/3174/2487 2858/3713/2858
f 2861/3720/2861 2856/3711/2856 2862/3721/2862
f 2859/3717/2859 2496/3722/2496 984/1210/984
f 1383/1765/1383 970/1189/970 971/1190/971
f 1359/3718/1359 2860/3719/2860 2854/3708/2854
f 2490/3178/2490 2489/3177/2489 2502/3191/2502
f 2862/3721/2862 2856/3711/2856 2857/3712/2857
f 2863/3723/2863 2859/3714/2859 992/3724/992
f 1020/1273/1020 994/1224/994 1019/1256/1019
f 2864/3725/2864 2857/3712/2857 2858/3713/2858
f 1392/1776/1392 971/1190/971 1006/1239/1006
f 1383/1765/1383 952/1158/952 970/1189/970
f 2864/3725/2864 2862/3721/2862 2857/3712/2857
f 2863/3726/2863 992/1221/992 2861/3720/2861
f 1392/1776/1392 1383/1765/1383 971/1190/971
f 1367/1743/1367 952/1158/952 1383/1765/1383
f 2860/3727/2860 1359/1735/1359 2865/3728/2865
f 1390/1774/1390 1392/1776/1392 1006/1239/1006
f 1361/1737/1361 2865/3728/2865 1359/1735/1359
f 2504/3194/2504 2858/3713/2858 2495/3184/2495
f 2504/3194/2504 2864/3725/2864 2858/3713/2858
f 2866/3729/2866 2862/3721/2862 2864/3725/2864
f 2867/3730/2867 2862/3721/2862 2866/3729/2866
f 2861/3720/2861 2862/3721/2862 2867/3730/2867
f 1027/1271/1027 1020/1273/1020 1019/1256/1019
f 2500/3189/2500 1351/1722/1351 2494/3183/2494
f 2520/3216/2520 2860/3719/2860 2865/3731/2865
f 2866/3729/2866 2864/3725/2864 2504/3194/2504
f 2868/3732/2868 2859/3714/2859 2863/3723/2863
f 2510/3733/2510 1027/1271/1027 1019/1256/1019
f 2863/3726/2863 2861/3720/2861 2867/3730/2867
f 1044/1302/1044 1019/1256/1019 1034/1283/1034
f 2510/3733/2510 1019/1256/1019 1044/1302/1044
f 2869/3734/2869 1361/1737/1361 1374/1753/1374
f 2870/3735/2870 2520/3216/2520 2865/3731/2865
f 1395/1779/1395 1383/1765/1383 1392/1776/1392
f 2869/3734/2869 2865/3728/2865 1361/1737/1361
f 2871/3736/2871 2867/3730/2867 2866/3729/2866
f 2534/3237/2534 2500/3189/2500 2494/3183/2494
f 2869/3734/2869 2870/3737/2870 2865/3728/2865
f 2872/3738/2872 2866/3729/2866 2504/3194/2504
f 2871/3736/2871 2866/3729/2866 2872/3738/2872
f 2863/3726/2863 2867/3730/2867 2871/3736/2871
f 2554/3265/2554 2863/3726/2863 2871/3736/2871
f 2534/3237/2534 2494/3183/2494 2514/3207/2514
f 2873/3739/2873 2501/3190/2501 2500/3189/2500
f 1382/1764/1382 1390/1774/1390 1006/1239/1006
f 2521/3217/2521 2520/3216/2520 2870/3735/2870
f 2872/3738/2872 2504/3194/2504 2523/3219/2523
f 2554/3265/2554 2871/3736/2871 2874/3740/2874
f 1389/1773/1389 1390/1774/1390 1382/1764/1382
f 2875/3741/2875 2869/3734/2869 1374/1753/1374
f 2876/3742/2876 1040/1295/1040 1038/1291/1038
f 2563/3280/2563 2872/3738/2872 2523/3219/2523
f 2874/3740/2874 2871/3736/2871 2872/3738/2872
f 2563/3280/2563 2874/3740/2874 2872/3738/2872
f 2876/3742/2876 1038/1291/1038 2877/3743/2877
f 2870/3737/2870 2869/3734/2869 2878/3744/2878
f 2521/3745/2521 2870/3737/2870 2878/3744/2878
f 2873/3739/2873 2500/3189/2500 2879/3746/2879
f 1406/1792/1406 1390/1774/1390 1389/1773/1389
f 2880/3747/2880 2521/3745/2521 2878/3744/2878
f 2515/3208/2515 2521/3217/2521 2880/3748/2880
f 2563/3280/2563 2523/3219/2523 2564/3281/2564
f 2554/3265/2554 2874/3740/2874 2563/3280/2563
f 2549/3257/2549 2879/3746/2879 2500/3189/2500
f 2562/3279/2562 2554/3265/2554 2563/3280/2563
f 1060/1321/1060 1040/1295/1040 2876/3742/2876
f 2881/3749/2881 1374/1753/1374 1396/1780/1396
f 2875/3741/2875 1374/1753/1374 2881/3749/2881
f 1060/1321/1060 2876/3742/2876 2882/3750/2882
f 2588/3316/2588 2873/3739/2873 2879/3746/2879
f 2588/3316/2588 2587/3315/2587 2873/3739/2873
f 2883/3751/2883 2515/3752/2515 2880/3747/2880
f 2883/3751/2883 2884/3753/2884 2515/3752/2515
f 1059/1320/1059 1060/1321/1060 1085/1359/1085
f 2885/3754/2885 2875/3741/2875 2881/3749/2881
f 2882/3750/2882 2876/3742/2876 2886/3755/2886
f 2560/3275/2560 2515/3208/2515 2884/3756/2884
f 2600/3331/2600 2879/3746/2879 2549/3257/2549
f 2887/3757/2887 2869/3734/2869 2875/3741/2875
f 2886/3755/2886 2876/3742/2876 2544/3249/2544
f 2888/3758/2888 1060/1321/1060 2882/3750/2882
f 2600/3331/2600 2588/3316/2588 2879/3746/2879
f 1415/1805/1415 2881/3749/2881 1396/1780/1396
f 2885/3754/2885 2887/3757/2887 2875/3741/2875
f 2878/3744/2878 2869/3734/2869 2887/3757/2887
f 2886/3755/2886 2544/3249/2544 2577/3303/2577
f 2889/3759/2889 1060/1321/1060 2888/3758/2888
f 2889/3759/2889 1085/1359/1085 1060/1321/1060
f 2890/3760/2890 2880/3747/2880 2878/3744/2878
f 2883/3751/2883 2880/3747/2880 2890/3760/2890
f 2891/3761/2891 2884/3762/2884 2883/3763/2883
f 2598/3764/2598 2581/3307/2581 2582/3308/2582
f 2585/3313/2585 2559/3274/2559 2548/3256/2548
f 2610/3343/2610 2559/3274/2559 2585/3313/2585
f 2892/3765/2892 2881/3749/2881 1415/1805/1415
f 2885/3754/2885 2881/3749/2881 2892/3765/2892
f 2560/3766/2560 2884/3762/2884 2891/3761/2891
f 2589/3317/2589 2564/3293/2564 2560/3766/2560
f 1084/1358/1084 1085/1359/1085 2889/3759/2889
f 2592/3320/2592 2580/3306/2580 2567/3289/2567
f 2893/3767/2893 2584/3768/2584 2583/3309/2583
f 2893/3769/2893 2585/3313/2585 2584/3312/2584
f 2611/3344/2611 2610/3343/2610 2585/3313/2585
f 2615/3348/2615 2559/3274/2559 2610/3343/2610
f 2890/3760/2890 2878/3744/2878 2894/3770/2894
f 2895/3771/2895 2883/3751/2883 2890/3760/2890
f 2888/3758/2888 2886/3755/2886 2896/3772/2896
f 2897/3773/2897 2889/3759/2889 2888/3758/2888
f 2582/3308/2582 2561/3278/2561 2580/3306/2580
f 2599/3329/2599 2598/3328/2598 2898/3774/2898
f 2899/3775/2899 2583/3309/2583 2599/3329/2599
f 2900/3776/2900 2893/3767/2893 2583/3309/2583
f 2611/3344/2611 2585/3313/2585 2893/3769/2893
f 2612/3345/2612 2615/3348/2615 2610/3343/2610
f 2615/3348/2615 2568/3290/2568 2559/3274/2559
f 2901/3777/2901 2887/3757/2887 2885/3754/2885
f 1105/1393/1105 1084/1358/1084 2889/3759/2889
f 2900/3776/2900 2583/3309/2583 2899/3775/2899
f 2902/3778/2902 2893/3767/2893 2900/3776/2900
f 2902/3778/2902 2611/3779/2611 2893/3767/2893
f 2601/3332/2601 2903/3780/2903 2586/3314/2586
f 2892/3765/2892 1415/1805/1415 2904/3781/2904
f 2894/3770/2894 2878/3744/2878 2887/3757/2887
f 2891/3761/2891 2883/3763/2883 2895/3782/2895
f 2905/3783/2905 2589/3317/2589 2560/3766/2560
f 1122/1415/1122 2580/3306/2580 2592/3320/2592
f 2906/3784/2906 2580/3306/2580 1122/1415/1122
f 2907/3785/2907 2598/3328/2598 2582/3786/2582
f 2898/3774/2898 2598/3328/2598 2907/3785/2907
f 2898/3774/2898 2899/3775/2899 2599/3329/2599
f 2609/3342/2609 2611/3344/2611 2902/3787/2902
f 2908/3788/2908 2909/3789/2909 2910/3790/2910
f 2892/3765/2892 2901/3777/2901 2885/3754/2885
f 2911/3791/2911 2890/3760/2890 2894/3770/2894
f 2895/3792/2895 2890/3760/2890 2911/3791/2911
f 2905/3783/2905 2560/3766/2560 2891/3761/2891
f 2912/3793/2912 2897/3773/2897 2888/3758/2888
f 1115/1408/1115 2897/3773/2897 2912/3793/2912
f 1118/1411/1118 2897/3773/2897 1115/1408/1115
f 2889/3759/2889 2897/3773/2897 1118/1411/1118
f 1105/1393/1105 2889/3759/2889 1118/1411/1118
f 2913/3794/2913 2582/3308/2582 2580/3306/2580
f 2914/3795/2914 2609/3342/2609 2902/3796/2902
f 2914/3795/2914 2612/3345/2612 2609/3342/2609
f 2915/3797/2915 2612/3345/2612 2914/3795/2914
f 2916/3798/2916 2612/3345/2612 2915/3797/2915
f 2896/3772/2896 2886/3755/2886 2917/3799/2917
f 1111/3800/1111 1107/3801/1107 1106/1394/1106
f 2913/3802/2913 2580/3306/2580 2906/3784/2906
f 2907/3785/2907 2582/3786/2582 2913/3803/2913
f 2918/3804/2918 2914/3805/2914 2902/3778/2902
f 2919/3806/2919 2914/3807/2914 2918/3808/2918
f 2919/3806/2919 2915/3809/2915 2914/3807/2914
f 2919/3810/2919 2916/3798/2916 2915/3797/2915
f 2920/3811/2920 2916/3798/2916 2919/3810/2919
f 2917/3799/2917 2886/3755/2886 2577/3303/2577
f 2921/3812/2921 2912/3793/2912 2888/3758/2888
f 1117/1410/1117 1105/1393/1105 1118/1411/1118
f 2922/3813/2922 2898/3774/2898 2907/3785/2907
f 2923/3814/2923 2900/3776/2900 2899/3775/2899
f 2923/3814/2923 2902/3778/2902 2900/3776/2900
f 2916/3798/2916 2614/3347/2614 2612/3345/2612
f 2924/3815/2924 2614/3347/2614 2916/3798/2916
f 2904/3781/2904 1415/1805/1415 1430/1836/1430
f 2901/3777/2901 2892/3765/2892 2925/3816/2925
f 2926/3817/2926 2891/3761/2891 2895/3782/2895
f 1116/1409/1116 2912/3793/2912 2921/3812/2921
f 1116/1409/1116 1115/1408/1115 2912/3793/2912
f 2608/3352/2608 2579/3305/2579 1145/1445/1145
f 1132/1428/1132 2906/3784/2906 1122/1415/1122
f 2927/3818/2927 2899/3775/2899 2898/3774/2898
f 2928/3819/2928 2902/3778/2902 2923/3814/2923
f 2919/3806/2919 2918/3808/2918 2929/3820/2929
f 2920/3821/2920 2924/3822/2924 2916/3823/2916
f 2930/3824/2930 2924/3822/2924 2920/3821/2920
f 2931/3825/2931 2614/3347/2614 2924/3815/2924
f 2932/3826/2932 2892/3765/2892 2904/3781/2904
f 2925/3816/2925 2892/3765/2892 2932/3826/2932
f 2638/3827/2638 2906/3784/2906 1132/1428/1132
f 2913/3803/2913 2906/3828/2906 2638/3385/2638
f 2644/3394/2644 2898/3774/2898 2922/3813/2922
f 2918/3804/2918 2902/3778/2902 2928/3819/2928
f 2929/3820/2929 2918/3808/2918 2928/3829/2928
f 2933/3830/2933 2919/3806/2919 2929/3820/2929
f 2933/3830/2933 2920/3821/2920 2919/3806/2919
f 2934/3831/2934 2931/3825/2931 2924/3815/2924
f 2935/3832/2935 2903/3780/2903 2601/3332/2601
f 2921/3812/2921 2936/3833/2936 2937/3834/2937
f 2638/3385/2638 2907/3785/2907 2913/3803/2913
f 2637/3384/2637 2907/3785/2907 2638/3385/2638
f 2644/3394/2644 2927/3818/2927 2898/3774/2898
f 2938/3835/2938 2899/3775/2899 2927/3818/2927
f 2938/3835/2938 2923/3814/2923 2899/3775/2899
f 2939/3836/2939 2930/3824/2930 2920/3821/2920
f 2934/3831/2934 2924/3815/2924 2930/3837/2930
f 2908/3788/2908 2940/3838/2940 2909/3789/2909
f 2937/3834/2937 2936/3833/2936 2941/3839/2941
f 2937/3834/2937 1116/1409/1116 2921/3812/2921
f 2637/3384/2637 2922/3813/2922 2907/3785/2907
f 2942/3840/2942 2930/3824/2930 2939/3836/2939
f 2942/3840/2942 2934/3841/2934 2930/3824/2930
f 2943/3842/2943 2909/3789/2909 2940/3838/2940
f 2944/3843/2944 2925/3816/2925 2932/3826/2932
f 2638/3385/2638 1132/1434/1132 1137/1433/1137
f 2643/3393/2643 2922/3813/2922 2637/3384/2637
f 2644/3394/2644 2922/3813/2922 2643/3393/2643
f 2933/3830/2933 2939/3836/2939 2920/3821/2920
f 2945/3844/2945 2942/3840/2942 2939/3836/2939
f 2946/3845/2946 2908/3788/2908 2903/3780/2903
f 2947/3846/2947 2940/3838/2940 2908/3788/2908
f 2948/3847/2948 2901/3777/2901 2925/3816/2925
f 1139/1451/1139 1136/3368/1136 1151/1452/1151
f 2949/3848/2949 2938/3835/2938 2927/3818/2927
f 2950/3849/2950 2939/3836/2939 2933/3830/2933
f 2945/3844/2945 2951/3850/2951 2942/3840/2942
f 1138/3851/1138 1116/1409/1116 2937/3834/2937
f 2928/3819/2928 2923/3814/2923 2938/3835/2938
f 2947/3846/2947 2908/3788/2908 2946/3845/2946
f 2952/3852/2952 1138/3851/1138 2937/3834/2937
f 1138/3851/1138 1127/1420/1127 1116/1409/1116
f 2659/3416/2659 2927/3818/2927 2644/3394/2644
f 2929/3820/2929 2928/3829/2928 2953/3853/2953
f 2954/3854/2954 2933/3830/2933 2929/3820/2929
f 2955/3855/2955 2933/3830/2933 2954/3854/2954
f 2950/3849/2950 2945/3844/2945 2939/3836/2939
f 2632/3377/2632 2607/3340/2607 2628/3373/2628
f 2956/3856/2956 2626/3370/2626 2632/3377/2632
f 1148/3857/1148 1138/3851/1138 2952/3852/2952
f 2957/3858/2957 2954/3854/2954 2929/3820/2929
f 2955/3855/2955 2950/3849/2950 2933/3830/2933
f 2958/3859/2958 2945/3844/2945 2950/3849/2950
f 2959/3860/2959 2951/3850/2951 2945/3844/2945
f 1152/3861/1152 1148/3857/1148 2952/3852/2952
f 2953/3862/2953 2928/3819/2928 2938/3835/2938
f 2960/3863/2960 2929/3820/2929 2953/3853/2953
f 2960/3863/2960 2957/3858/2957 2929/3820/2929
f 2961/3864/2961 2955/3865/2955 2954/3866/2954
f 2962/3867/2962 2959/3860/2959 2945/3844/2945
f 2963/3868/2963 2940/3838/2940 2947/3846/2947
f 2964/3869/2964 2943/3842/2943 2965/3870/2965
f 2966/3871/2966 2941/3839/2941 2967/3872/2967
f 2968/3873/2968 2937/3834/2937 2941/3839/2941
f 2952/3852/2952 2937/3834/2937 2968/3873/2968
f 2961/3874/2961 2954/3854/2954 2957/3858/2957
f 2961/3875/2961 2950/3849/2950 2955/3855/2955
f 2962/3867/2962 2945/3844/2945 2958/3859/2958
f 2969/3876/2969 2970/3877/2970 2959/3878/2959
f 2971/3879/2971 2956/3856/2956 2632/3377/2632
f 2972/3880/2972 2952/3852/2952 2968/3873/2968
f 2972/3880/2972 1152/3861/1152 2952/3852/2952
f 2973/3881/2973 2953/3862/2953 2938/3835/2938
f 2960/3863/2960 2953/3853/2953 2974/3882/2974
f 2975/3883/2975 2969/3876/2969 2959/3878/2959
f 2946/3845/2946 2903/3780/2903 2976/3884/2976
f 2971/3879/2971 2632/3377/2632 2648/3399/2648
f 1155/3885/1155 1152/3861/1152 2972/3880/2972
f 2949/3848/2949 2927/3818/2927 2659/3416/2659
f 2973/3881/2973 2938/3835/2938 2949/3848/2949
f 2977/3886/2977 2961/3875/2961 2957/3858/2957
f 2978/3887/2978 2961/3875/2961 2977/3886/2977
f 2975/3888/2975 2959/3860/2959 2962/3867/2962
f 2979/3889/2979 2975/3888/2975 2962/3867/2962
f 2980/3890/2980 2968/3873/2968 2966/3871/2966
f 2974/3882/2974 2953/3891/2953 2973/3892/2973
f 2981/3893/2981 2962/3867/2962 2958/3859/2958
f 2982/3894/2982 2947/3846/2947 2946/3845/2946
f 2983/3895/2983 1155/1457/1155 2972/3896/2972
f 2684/3450/2684 2973/3881/2973 2949/3848/2949
f 2982/3894/2982 2946/3845/2946 2976/3884/2976
f 2972/3880/2972 2968/3873/2968 2980/3890/2980
f 2660/3417/2660 1155/1457/1155 2983/3895/2983
f 2984/3897/2984 2947/3846/2947 2982/3894/2982
f 2983/3898/2983 2972/3880/2972 2980/3890/2980
f 1156/1458/1156 1155/1457/1155 2660/3417/2660
f 2949/3848/2949 2659/3416/2659 2985/3899/2985
f 2684/3450/2684 2949/3848/2949 2986/3900/2986
f 2987/3901/2987 2974/3882/2974 2988/3902/2988
f 2989/3903/2989 2971/3879/2971 2648/3399/2648
f 2983/3898/2983 2980/3890/2980 2990/3904/2990
f 1172/3905/1172 1157/1459/1157 1139/1461/1139
f 2675/3438/2675 2659/3416/2659 673/806/673
f 2986/3900/2986 2949/3848/2949 2985/3899/2985
f 2988/3906/2988 2973/3892/2973 2684/3907/2684
f 2988/3906/2988 2974/3882/2974 2973/3892/2973
f 2991/3908/2991 2974/3882/2974 2987/3901/2987
f 2991/3908/2991 2992/3909/2992 2974/3882/2974
f 2993/3910/2993 2648/3399/2648 2657/3412/2657
f 2994/3911/2994 2971/3879/2971 2989/3903/2989
f 2995/3912/2995 2996/3913/2996 2997/3914/2997
f 2998/3915/2998 2980/3890/2980 2966/3871/2966
f 2999/3916/2999 2983/3898/2983 2990/3904/2990
f 1172/1483/1172 1139/1451/1139 1144/1444/1144
f 1169/1477/1169 1157/1459/1157 1172/3905/1172
f 2675/3438/2675 2985/3899/2985 2659/3416/2659
f 2991/3917/2991 2988/3918/2988 2684/3450/2684
f 2991/3917/2991 2987/3919/2987 2988/3918/2988
f 2989/3903/2989 2648/3399/2648 2993/3910/2993
f 2995/3912/2995 3000/3920/3000 2996/3913/2996
f 2998/3915/2998 2966/3871/2966 3001/3921/3001
f 2660/3417/2660 2983/3895/2983 2999/3922/2999
f 3002/3923/3002 2665/3423/2665 2660/3417/2660
f 51/55/51 2665/3423/2665 3002/3923/3002
f 2991/3917/2991 2684/3450/2684 2683/3449/2683
f 3003/3924/3003 2963/3868/2963 2984/3897/2984
f 2990/3904/2990 2980/3890/2980 2998/3915/2998
f 3002/3923/3002 2660/3417/2660 2999/3922/2999
f 2653/3406/2653 2665/3423/2665 51/55/51
f 2685/3451/2685 2684/3450/2684 2986/3900/2986
f 2688/3454/2688 2991/3917/2991 2683/3449/2683
f 3004/3925/3004 2984/3897/2984 2982/3894/2982
f 3005/3926/3005 2998/3915/2998 3001/3921/3001
f 3006/3927/3006 2990/3904/2990 2998/3915/2998
f 3006/3928/3006 2999/3922/2999 2990/3929/2990
f 3002/3923/3002 2999/3922/2999 3006/3928/3006
f 3007/3930/3007 2985/3899/2985 2675/3438/2675
f 2698/3468/2698 2989/3903/2989 2993/3910/2993
f 3008/3931/3008 2995/3932/2995 3009/3933/3009
f 3008/3934/3008 3000/3920/3000 2995/3912/2995
f 3010/3935/3010 3000/3920/3000 3008/3934/3008
f 3011/3936/3011 3012/3937/3012 3000/3920/3000
f 3013/3938/3013 3005/3939/3005 3001/3940/3001
f 3005/3939/3005 3006/3928/3006 2998/3941/2998
f 3002/3923/3002 3006/3928/3006 3005/3939/3005
f 3013/3938/3013 3002/3923/3002 3005/3939/3005
f 3011/3936/3011 3000/3920/3000 3010/3935/3010
f 3011/3942/3011 3001/3940/3001 3012/3943/3012
f 3013/3938/3013 3001/3940/3001 3011/3942/3011
f 2986/3900/2986 2985/3899/2985 3007/3930/3007
f 3014/3944/3014 2685/3451/2685 2986/3900/2986
f 2697/3467/2697 2989/3903/2989 2698/3468/2698
f 2697/3467/2697 3015/3945/3015 2989/3903/2989
f 3016/3946/3016 3009/3933/3009 3017/3947/3017
f 3016/3946/3016 3008/3931/3008 3009/3933/3009
f 3016/3948/3016 3010/3949/3010 3008/3950/3008
f 3018/3951/3018 3010/3949/3010 3016/3948/3016
f 3011/3942/3011 3010/3949/3010 3018/3951/3018
f 3007/3930/3007 2675/3438/2675 1191/1518/1191
f 3019/3952/3019 3007/3930/3007 1191/1518/1191
f 3007/3930/3007 3014/3944/3014 2986/3900/2986
f 2708/3953/2708 2685/3451/2685 3014/3944/3014
f 2704/3478/2704 2688/3454/2688 2687/3453/2687
f 1477/1894/1477 2984/3897/2984 3004/3925/3004
f 3020/3954/3020 3009/3933/3009 3021/3955/3021
f 3016/3948/3016 3017/3956/3017 3022/3957/3022
f 3023/3958/3023 3011/3942/3011 3018/3951/3018
f 3024/3959/3024 3014/3944/3014 3007/3930/3007
f 3025/3960/3025 3014/3944/3014 3024/3959/3024
f 2708/3485/2708 3014/3961/3014 3025/3962/3025
f 3026/3963/3026 3003/3924/3003 2984/3897/2984
f 3027/3964/3027 3009/3933/3009 3020/3954/3020
f 3027/3964/3027 3017/3947/3017 3009/3933/3009
f 3028/3965/3028 3022/3966/3022 3017/3947/3017
f 3029/3967/3029 3022/3957/3022 3028/3968/3028
f 3022/3957/3022 3018/3951/3018 3016/3948/3016
f 3030/3969/3030 3018/3951/3018 3022/3957/3022
f 2702/3476/2702 2685/3451/2685 2708/3970/2708
f 3030/3969/3030 3022/3957/3022 3029/3967/3029
f 3023/3958/3023 3018/3951/3018 3030/3969/3030
f 3019/3952/3019 1191/1518/1191 1190/1517/1190
f 3031/3971/3031 3007/3930/3007 3019/3952/3019
f 3032/3972/3032 2704/3478/2704 2703/3477/2703
f 3033/3973/3033 3034/3974/3034 2704/3478/2704
f 3028/3965/3028 3017/3947/3017 3027/3964/3027
f 3035/3975/3035 3028/3965/3028 3027/3964/3027
f 3031/3971/3031 3024/3959/3024 3007/3930/3007
f 3032/3972/3032 3033/3973/3033 2704/3478/2704
f 3032/3972/3032 3036/3976/3036 3033/3973/3033
f 3026/3963/3026 2984/3897/2984 1477/1894/1477
f 3037/3977/3037 2697/3467/2697 2696/3466/2696
f 3035/3975/3035 3027/3964/3027 3038/3978/3038
f 3029/3967/3029 3028/3968/3028 3035/3979/3035
f 1218/3980/1218 3031/3971/3031 3019/3952/3019
f 3031/3981/3031 3025/3962/3025 3024/3982/3024
f 2722/3508/2722 3025/3962/3025 3031/3981/3031
f 3039/3983/3039 3032/3984/3032 2703/3481/2703
f 3040/3985/3040 2697/3467/2697 3037/3977/3037
f 3041/3986/3041 3042/3987/3042 2697/3467/2697
f 3019/3988/3019 1190/1517/1190 1202/1534/1202
f 2708/3485/2708 3025/3962/3025 2722/3508/2722
f 3039/3983/3039 2703/3481/2703 2715/3496/2715
f 1497/1921/1497 1478/1895/1478 3043/3989/3043
f 1478/1895/1478 3004/3925/3004 3043/3989/3043
f 3044/3990/3044 3037/3977/3037 2696/3466/2696
f 3041/3991/3041 2697/3467/2697 3040/3985/3040
f 3045/3992/3045 3020/3954/3020 3046/3993/3046
f 3029/3967/3029 3035/3979/3035 3047/3994/3047
f 3048/3995/3048 3029/3967/3029 3047/3994/3047
f 1202/1558/1202 1218/1557/1218 3019/3996/3019
f 2722/3508/2722 2707/3484/2707 2708/3485/2708
f 2721/3507/2721 2715/3496/2715 2707/3484/2707
f 3049/3997/3049 3037/3977/3037 3044/3990/3044
f 3040/3985/3040 3037/3977/3037 3049/3998/3049
f 3047/3999/3047 3035/3975/3035 3038/3978/3038
f 3050/4000/3050 3047/3999/3047 3038/3978/3038
f 3051/4001/3051 3048/3995/3048 3047/3994/3047
f 1219/1559/1219 3031/3981/3031 1218/1557/1218
f 2721/3507/2721 2722/3508/2722 3052/4002/3052
f 3053/4003/3053 3040/4004/3040 3049/4005/3049
f 3051/4001/3051 3047/3994/3047 3050/4006/3050
f 3054/4007/3054 2722/3508/2722 3031/3981/3031
f 3052/4002/3052 2722/3508/2722 3054/4007/3054
f 3055/4008/3055 2715/3496/2715 2721/3507/2721
f 3056/4009/3056 3039/3983/3039 2715/3496/2715
f 3057/4010/3057 3038/3978/3038 3058/4011/3058
f 3057/4010/3057 3050/4000/3050 3038/3978/3038
f 1219/1559/1219 3054/4007/3054 3031/3981/3031
f 3056/4009/3056 2715/3496/2715 3055/4008/3055
f 3059/4012/3059 3049/4005/3049 3044/4013/3044
f 3051/4001/3051 3050/4006/3050 3057/4014/3057
f 3060/4015/3060 3051/4001/3051 3057/4014/3057
f 3061/4016/3061 2721/3507/2721 3052/4002/3052
f 3055/4008/3055 2721/3507/2721 3061/4016/3061
f 3062/4017/3062 3039/3983/3039 3056/4009/3056
f 3060/4015/3060 3057/4014/3057 3063/4018/3063
f 1501/1925/1501 3056/4009/3056 3055/4008/3055
f 3064/4019/3064 3065/4020/3065 3066/4021/3066
f 3059/4012/3059 3053/4003/3053 3049/4005/3049
f 3063/4022/3063 3057/4010/3057 3058/4011/3058
f 3067/4023/3067 3060/4015/3060 3063/4018/3063
f 3067/4023/3067 3068/4024/3068 3060/4015/3060
f 3069/4025/3069 3054/4007/3054 1219/1559/1219
f 3070/4026/3070 3052/4002/3052 3054/4007/3054
f 3071/4027/3071 1501/1925/1501 3055/4008/3055
f 3062/4017/3062 3056/4009/3056 1501/1925/1501
f 3072/4028/3072 3058/4011/3058 3073/4029/3073
f 3063/4022/3063 3058/4011/3058 3072/4028/3072
f 1224/4030/1224 3069/4025/3069 1219/1559/1219
f 3070/4026/3070 3061/4016/3061 3052/4002/3052
f 3071/4027/3071 3055/4008/3055 3061/4016/3061
f 3067/4031/3067 3063/4022/3063 3072/4028/3072
f 1231/1574/1231 3069/4032/3069 1224/1572/1224
f 3074/4033/3074 3069/4034/3069 1231/1574/1231
f 3070/4026/3070 3054/4007/3054 3069/4025/3069
f 3074/4033/3074 3070/4035/3070 3069/4034/3069
f 1501/1925/1501 3071/4027/3071 1499/1923/1499
f 1501/1925/1501 3066/4021/3066 3062/4017/3062
f 3074/4033/3074 3061/4036/3061 3070/4037/3070
f 1514/4038/1514 3071/4027/3071 3061/4016/3061
f 3075/4039/3075 3071/4027/3071 1514/4038/1514
f 1513/4040/1513 3071/4027/3071 3075/4039/3075
f 1499/1923/1499 3071/4027/3071 1513/4040/1513
f 3076/4041/3076 3066/4021/3066 1501/1925/1501
f 1514/1942/1514 3061/4036/3061 3074/4033/3074
f 3077/4042/3077 1477/1894/1477 1476/1893/1476
f 120/135/120 3078/4043/3078 3059/4012/3059
f 1514/1942/1514 1513/1941/1513 3075/4044/3075
f 1500/1930/1500 1499/4045/1499 1513/1941/1513
f 1498/1922/1498 3076/4041/3076 1501/1925/1501
f 3074/4033/3074 1231/1574/1231 1250/1601/1250
f 1516/1946/1516 3076/4041/3076 1498/1922/1498
f 1528/1965/1528 3074/4033/3074 1250/1601/1250
f 1528/1965/1528 1514/1942/1514 3074/4033/3074
f 1516/1946/1516 1509/1937/1509 3076/4041/3076
f 1521/1955/1521 1476/1893/1476 1478/1895/1478
f 3079/4046/3079 3080/4047/3080 3081/4048/3081
f 1541/1982/1541 1492/4049/1492 1502/1954/1502
f 146/164/146 115/130/115 120/135/120
f 1541/4050/1541 3082/4051/3082 1492/1914/1492
f 146/164/146 120/135/120 119/134/119
f 3083/4052/3083 3082/4051/3082 1541/4050/1541
f 3084/4053/3084 3085/4054/3085 3086/4055/3086
f 1512/1940/1512 1514/1942/1514 1528/1965/1528
f 1611/2077/1611 3077/4042/3077 1476/1893/1476
f 3087/4056/3087 3081/4048/3081 3088/4057/3088
f 146/164/146 119/134/119 157/177/157
f 3089/4058/3089 3081/4048/3081 3087/4056/3087
f 1550/1991/1550 3083/4059/3083 1541/1982/1541
f 3086/4055/3086 3085/4054/3085 3083/4052/3083
f 1598/4060/1598 3086/4055/3086 3083/4052/3083
f 1575/2024/1575 3084/4053/3084 3086/4055/3086
f 1575/2024/1575 1506/1933/1506 3084/4053/3084
f 1560/2003/1560 1496/1920/1496 1506/1933/1506
f 3090/4061/3090 3087/4056/3087 3091/4062/3091
f 3090/4061/3090 3089/4058/3089 3087/4056/3087
f 3092/4063/3092 3093/4064/3093 3089/4058/3089
f 1550/1991/1550 1598/2061/1598 3083/4059/3083
f 1588/4065/1588 3086/4055/3086 1598/4066/1598
f 1576/2025/1576 1575/2024/1575 3086/4055/3086
f 1561/2004/1561 1506/1933/1506 1575/2024/1575
f 3090/4061/3090 3091/4062/3091 3094/4067/3094
f 3095/4068/3095 3093/4064/3093 3092/4063/3092
f 1597/2060/1597 1588/2046/1588 1598/2061/1598
f 1576/2025/1576 3086/4055/3086 1588/4065/1588
f 1496/1920/1496 1560/2003/1560 1595/2057/1595
f 1611/2077/1611 1476/1893/1476 1521/1955/1521
f 1610/2076/1610 3077/4042/3077 1611/2077/1611
f 3096/4069/3096 3089/4058/3089 3090/4061/3090
f 3096/4069/3096 3092/4063/3092 3089/4058/3089
f 3097/4070/3097 3095/4068/3095 3092/4063/3092
f 1595/2057/1595 1566/2011/1566 1496/1920/1496
f 3090/4071/3090 3094/4072/3094 3098/4073/3098
f 3098/4073/3098 3096/4074/3096 3090/4071/3090
f 3099/4075/3099 3092/4076/3092 3096/4074/3096
f 3099/4077/3099 3097/4070/3097 3092/4063/3092
f 3095/4068/3095 3100/4078/3100 3093/4064/3093
f 3101/4079/3101 3098/4073/3098 3094/4072/3094
f 3102/4080/3102 3096/4074/3096 3098/4073/3098
f 3099/4075/3099 3096/4074/3096 3102/4080/3102
f 3103/4081/3103 3095/4082/3095 3104/4083/3104
f 3103/4084/3103 3100/4078/3100 3095/4068/3095
f 3105/4085/3105 3100/4078/3100 3103/4084/3103
f 3106/4086/3106 3100/4078/3100 3105/4085/3105
f 3107/4087/3107 3097/4088/3097 3099/4089/3099
f 3104/4083/3104 3095/4090/3095 3097/4088/3097
f 1566/2011/1566 1611/2077/1611 1521/1955/1521
f 3108/4091/3108 3098/4073/3098 3101/4079/3101
f 3102/4080/3102 3098/4073/3098 3108/4091/3108
f 3105/4092/3105 3109/4093/3109 3106/4086/3106
f 3107/4094/3107 3099/4075/3099 3102/4080/3102
f 3104/4083/3104 3097/4088/3097 3107/4087/3107
f 3110/4095/3110 3103/4081/3103 3104/4083/3104
f 3111/4096/3111 3112/4097/3112 3113/4098/3113
f 3114/4099/3114 3107/4094/3107 3102/4080/3102
f 3115/4100/3115 3104/4083/3104 3107/4087/3107
f 3116/4101/3116 3105/4102/3105 3103/4081/3103
f 1640/2114/1640 1610/2076/1610 1609/2075/1609
f 3117/4103/3117 3101/4079/3101 3118/4104/3118
f 3119/4105/3119 3102/4080/3102 3108/4091/3108
f 3109/4106/3109 3105/4102/3105 3116/4101/3116
f 3117/4103/3117 3118/4104/3118 3120/4107/3120
f 3108/4091/3108 3101/4079/3101 3117/4103/3117
f 3121/4108/3121 3102/4080/3102 3119/4105/3119
f 3114/4099/3114 3102/4080/3102 3121/4108/3121
f 3115/4100/3115 3107/4087/3107 3114/4109/3114
f 3122/4110/3122 3110/4095/3110 3104/4083/3104
f 1609/2075/1609 1611/2077/1611 1638/2112/1638
f 3115/4100/3115 3122/4110/3122 3104/4083/3104
f 3123/4111/3123 3115/4100/3115 3114/4109/3114
f 3116/4101/3116 3103/4081/3103 3110/4095/3110
f 3124/4112/3124 3111/4096/3111 3125/4113/3125
f 3126/4114/3126 3119/4105/3119 3108/4091/3108
f 3123/4115/3123 3114/4099/3114 3127/4116/3127
f 3122/4110/3122 3128/4117/3128 3110/4095/3110
f 3128/4117/3128 3116/4101/3116 3110/4095/3110
f 3126/4114/3126 3108/4091/3108 3117/4103/3117
f 1667/2147/1667 1609/2075/1609 1638/2112/1638
f 3129/4118/3129 3126/4114/3126 3117/4103/3117
f 3130/4119/3130 3123/4115/3123 3127/4116/3127
f 3131/4120/3131 3122/4110/3122 3115/4100/3115
f 3117/4103/3117 3120/4107/3120 3132/4121/3132
f 3129/4118/3129 3117/4103/3117 3132/4121/3132
f 3133/4122/3133 3134/4123/3134 3135/4124/3135
f 3123/4111/3123 3131/4120/3131 3115/4100/3115
f 1639/2113/1639 1609/2075/1609 1667/2147/1667
f 1666/2146/1666 1667/2147/1667 1638/2112/1638
f 3136/4125/3136 3137/4126/3137 3116/4101/3116
f 3135/4124/3135 3126/4114/3126 3129/4118/3129
f 3138/4127/3138 3133/4122/3133 3135/4124/3135
f 3129/4118/3129 3132/4121/3132 3139/4128/3139
f 3140/4129/3140 3135/4124/3135 3129/4118/3129
f 1670/2152/1670 1667/2147/1667 1666/2146/1666
f 3139/4128/3139 3132/4121/3132 3141/4130/3141
f 3139/4128/3139 3140/4129/3140 3129/4118/3129
f 3142/4131/3142 3143/4132/3143 3144/4133/3144
f 3145/4134/3145 3137/4126/3137 3146/4135/3146
f 3138/4127/3138 3135/4124/3135 3147/4136/3147
f 3140/4129/3140 3139/4128/3139 3141/4130/3141
f 1728/2217/1728 3140/4129/3140 3141/4130/3141
f 3148/4137/3148 3147/4136/3147 3140/4129/3140
f 3149/4138/3149 3138/4127/3138 3147/4136/3147
f 3150/4139/3150 3138/4127/3138 3151/4140/3151
f 3152/4141/3152 3138/4127/3138 3150/4139/3150
f 3148/4137/3148 3140/4129/3140 1728/2217/1728
f 3149/4138/3149 3147/4136/3147 3148/4137/3148
f 3151/4140/3151 3138/4127/3138 3149/4138/3149
f 1728/2217/1728 3141/4130/3141 3153/4142/3153
f 3154/4143/3154 3151/4140/3151 3149/4138/3149
f 1737/2226/1737 3148/4137/3148 1728/2217/1728
f 1737/2226/1737 3149/4138/3149 3148/4137/3148
f 3155/4144/3155 3151/4140/3151 3154/4143/3154
f 3150/4139/3150 3151/4140/3151 3155/4144/3155
f 3154/4143/3154 3149/4138/3149 1737/2226/1737
f 3154/4143/3154 1737/2226/1737 3156/4145/3156
f 3157/4146/3157 3152/4141/3152 3150/4139/3150
f 1746/4147/1746 3156/4145/3156 1737/2226/1737
f 3157/4146/3157 3150/4139/3150 3155/4144/3155
f 3158/4148/3158 3155/4144/3155 3159/4149/3159
f 3157/4146/3157 3155/4144/3155 3158/4148/3158
f 3160/4150/3160 3152/4141/3152 3157/4146/3157
f 3160/4151/3160 3161/4152/3161 3152/4153/3152
f 1746/4147/1746 1737/2226/1737 1741/2232/1741
f 3160/4154/3160 3157/4146/3157 3158/4148/3158
f 3162/4155/3162 3161/4152/3161 3160/4151/3160
f 3163/4156/3163 3160/4151/3160 3158/4157/3158
f 3164/4158/3164 3160/4151/3160 3163/4156/3163
f 3162/4155/3162 3160/4151/3160 3164/4158/3164
f 3165/4159/3165 3166/4160/3166 3167/4161/3167
f 3168/4162/3168 3169/4163/3169 3170/4164/3170
f 3171/4165/3171 3172/4166/3172 3173/4167/3173
f 3168/4162/3168 3174/4168/3174 3169/4163/3169
f 3175/4169/3175 3174/4168/3174 3168/4162/3168
f 3173/4167/3173 3176/4170/3176 3171/4165/3171
f 3177/4171/3177 3176/4170/3176 3173/4167/3173
f 3168/4162/3168 3170/4164/3170 3178/4172/3178
f 3175/4169/3175 3179/4173/3179 3174/4168/3174
f 3180/4174/3180 3179/4173/3179 3175/4169/3175
f 2161/2760/2161 3168/4162/3168 3178/4172/3178
f 3181/4175/3181 3175/4169/3175 3168/4162/3168
f 449/536/449 3182/4176/3182 3183/4177/3183
f 449/536/449 437/516/437 3182/4176/3182
f 3184/4178/3184 3178/4172/3178 3185/4179/3185
f 2161/2760/2161 3178/4172/3178 3184/4178/3184
f 2161/2760/2161 3181/4175/3181 3168/4162/3168
f 3186/4180/3186 3180/4174/3180 3175/4169/3175
f 3187/4181/3187 3184/4182/3184 3185/4183/3185
f 2162/2761/2162 2161/2760/2161 3184/4178/3184
f 3187/4181/3187 3185/4183/3185 3188/4184/3188
f 3187/4181/3187 2162/4185/2162 3184/4182/3184
f 3189/4186/3189 3190/4187/3190 3191/4188/3191
f 2817/3654/2817 3192/4189/3192 2818/3655/2818
f 2818/3655/2818 3193/4190/3193 2820/3657/2820
f 3194/4191/3194 3195/4192/3195 3196/4193/3196
f 3191/4188/3191 3197/4194/3197 3195/4192/3195
f 3198/4195/3198 3194/4191/3194 3196/4193/3196
f 3199/4196/3199 3194/4191/3194 3198/4195/3198
f 3200/4197/3200 3193/4190/3193 3201/4198/3201
f 3200/4197/3200 2820/3657/2820 3193/4190/3193
f 2821/3658/2821 2820/3657/2820 3200/4197/3200
f 3198/4195/3198 3196/4193/3196 3202/4199/3202
f 3200/4197/3200 3194/4200/3194 3199/4201/3199
f 3203/4202/3203 3204/4203/3204 3205/4204/3205
f 3206/4205/3206 3202/4199/3202 3207/4206/3207
f 3198/4207/3198 3202/4208/3202 3206/4209/3206
f 3208/4210/3208 3198/4207/3198 3206/4209/3206
f 2821/3658/2821 3200/4197/3200 3199/4201/3199
f 3203/4202/3203 3205/4204/3205 3209/4211/3209
f 3210/4212/3210 3203/4202/3203 3209/4211/3209
f 3199/4213/3199 3198/4214/3198 3208/4215/3208
f 3211/4216/3211 3210/4217/3210 3209/4218/3209
f 3212/4219/3212 3210/4217/3210 3211/4216/3211
f 3208/4210/3208 3206/4209/3206 3213/4220/3213
f 2821/3658/2821 3199/4201/3199 3208/4210/3208
f 3214/4221/3214 3212/4219/3212 3211/4216/3211
f 3215/4222/3215 3212/4219/3212 3214/4221/3214
f 2826/3663/2826 3208/4210/3208 3213/4220/3213
f 3213/4220/3213 3212/4223/3212 3215/4224/3215
f 2821/3658/2821 3208/4210/3208 2826/3663/2826
f 3216/4225/3216 3214/4221/3214 3217/4226/3217
f 3215/4222/3215 3214/4221/3214 3218/4227/3218
f 2826/3663/2826 3213/4220/3213 3215/4224/3215
f 3218/4227/3218 3214/4221/3214 3216/4225/3216
f 3216/4225/3216 3217/4226/3217 3219/4228/3219
f 2826/3663/2826 3215/4224/3215 3218/4229/3218
f 3220/4230/3220 2825/3662/2825 2826/3663/2826
f 3221/4231/3221 3218/4227/3218 2016/2573/2016
f 3221/4232/3221 2826/3663/2826 3218/4229/3218
f 3222/4233/3222 3219/4228/3219 3223/4234/3223
f 3224/4235/3224 3221/4231/3221 2016/2573/2016
f 2830/3667/2830 2825/3662/2825 3220/4230/3220
f 2221/2829/2221 3223/4234/3223 2205/2807/2205
f 2012/2569/2012 3216/4225/3216 3222/4233/3222
f 2017/2574/2017 2830/3667/2830 3220/4230/3220
f 2016/2573/2016 3216/4225/3216 2012/2569/2012
f 2221/2829/2221 3222/4233/3222 3223/4234/3223
f 2013/2570/2013 2012/2569/2012 3222/4233/3222
f 2017/2574/2017 3220/4230/3220 3225/4236/3225
f 2013/2570/2013 3222/4233/3222 2221/2829/2221
f 2017/2574/2017 3225/4236/3225 3226/4237/3226
f 3227/4238/3227 2015/2572/2015 3228/4239/3228
f 3229/4240/3229 3226/4241/3226 3227/4238/3227
f 2018/4242/2018 3226/4241/3226 3229/4240/3229
f 2841/3679/2841 2017/2574/2017 2019/2576/2019
f 2014/2571/2014 3228/4239/3228 2015/2572/2015
f 3229/4240/3229 3227/4238/3227 3228/4239/3228
f 2835/3673/2835 2017/2574/2017 2840/3678/2840
f 3230/4243/3230 3228/4239/3228 2014/2571/2014
f 2033/2593/2033 3228/4239/3228 3230/4243/3230
f 3231/4244/3231 3229/4240/3229 3228/4239/3228
f 2019/4245/2019 2018/4242/2018 3229/4240/3229
f 2839/3677/2839 2835/3673/2835 2840/3678/2840
f 3231/4244/3231 3228/4239/3228 2033/2593/2033
f 3231/4244/3231 2019/4245/2019 3229/4240/3229
f 3230/4243/3230 2014/2571/2014 2023/2580/2023
f 3232/4246/3232 2019/2576/2019 3231/4247/3231
f 2837/3675/2837 2834/3672/2834 2838/3676/2838
f 2027/4248/2027 3230/4243/3230 2023/2580/2023
f 2028/2594/2028 3230/4243/3230 2027/4248/2027
f 2033/2593/2033 3230/4243/3230 2028/2594/2028
f 3233/4249/3233 3231/4244/3231 2033/2593/2033
f 3234/4250/3234 3231/4244/3231 3233/4249/3233
f 3232/4251/3232 3231/4244/3231 3234/4250/3234
f 3235/4252/3235 2839/3677/2839 3236/4253/3236
f 3235/4252/3235 2835/3673/2835 2839/3677/2839
f 2838/3676/2838 2835/3673/2835 3235/4252/3235
f 2844/4254/2844 2837/3675/2837 3237/4255/3237
f 3238/4256/3238 3235/4257/3235 3236/4258/3236
f 3238/4259/3238 2838/3676/2838 3235/4252/3235
f 3238/4260/3238 2837/3675/2837 2838/3676/2838
f 3237/4255/3237 2837/3675/2837 3238/4260/3238
f 3239/4261/3239 3238/4256/3238 3236/4262/3236
f 3239/4261/3239 3236/4262/3236 2843/4263/2843
f 3201/4264/3201 3195/4192/3195 3194/4191/3194
f 3201/4198/3201 3194/4200/3194 3200/4197/3200
f 3195/4192/3195 3201/4264/3201 3191/4188/3191
f 2501/3190/2501 1002/1233/1002 1351/1722/1351
f 3240/4265/3240 1000/1231/1000 1002/1233/1002
f 3240/4265/3240 1002/1233/1002 2501/3190/2501
f 3240/4265/3240 1009/1243/1009 1000/1231/1000
f 3241/4266/3241 1009/1243/1009 3240/4265/3240
f 1009/1243/1009 1362/4267/1362 1012/1247/1012
f 1369/1746/1369 1362/4267/1362 1009/1243/1009
f 1369/1746/1369 1363/1745/1363 1362/4267/1362
f 3242/4268/3242 1368/1744/1368 1369/1746/1369
f 3243/4269/3243 3241/4266/3241 3240/4265/3240
f 1369/1746/1369 1009/1243/1009 3241/4266/3241
f 3244/4270/3244 3242/4268/3242 1369/1746/1369
f 1373/1752/1373 1364/1740/1364 1368/1747/1368
f 3242/4271/3242 1373/1752/1373 1368/1747/1368
f 3241/4266/3241 3245/4272/3245 1369/1746/1369
f 3244/4270/3244 1369/1746/1369 3245/4272/3245
f 3244/4270/3244 1373/4273/1373 3242/4268/3242
f 3243/4269/3243 3240/4265/3240 2501/3190/2501
f 3246/4274/3246 3241/4266/3241 3243/4269/3243
f 1372/4275/1372 1373/4273/1373 3244/4270/3244
f 3247/4276/3247 1372/4275/1372 3244/4270/3244
f 3247/4276/3247 1375/4277/1375 1372/4275/1372
f 1379/1762/1379 1375/4277/1375 3247/4276/3247
f 3248/4278/3248 3241/4266/3241 3246/4274/3246
f 3248/4278/3248 3245/4272/3245 3241/4266/3241
f 3249/4279/3249 3244/4270/3244 3245/4272/3245
f 3247/4276/3247 3244/4270/3244 3249/4279/3249
f 3248/4278/3248 3249/4279/3249 3245/4272/3245
f 3250/4280/3250 3247/4276/3247 3249/4279/3249
f 2873/3739/2873 3243/4269/3243 2501/3190/2501
f 1379/1762/1379 3247/4276/3247 3250/4280/3250
f 3251/4281/3251 1376/1760/1376 1379/1762/1379
f 2873/3739/2873 3246/4274/3246 3243/4269/3243
f 3250/4280/3250 3249/4279/3249 3248/4278/3248
f 3252/4282/3252 1379/1762/1379 3250/4280/3250
f 3252/4282/3252 3251/4281/3251 1379/1762/1379
f 1384/1766/1384 1376/1755/1376 3251/4283/3251
f 3253/4284/3253 3246/4274/3246 2873/3739/2873
f 3254/4285/3254 3248/4278/3248 3246/4274/3246
f 3255/4286/3255 3250/4280/3250 3248/4278/3248
f 3255/4286/3255 3252/4282/3252 3250/4280/3250
f 1384/4287/1384 3251/4281/3251 3252/4282/3252
f 1393/1788/1393 1384/4287/1384 3252/4282/3252
f 3254/4285/3254 3246/4274/3246 3256/4288/3256
f 3254/4285/3254 3255/4286/3255 3248/4278/3248
f 3253/4284/3253 2873/3739/2873 2587/3315/2587
f 2910/3790/2910 3246/4274/3246 3253/4284/3253
f 3257/4289/3257 3255/4286/3255 3254/4285/3254
f 3257/4289/3257 3252/4282/3252 3255/4286/3255
f 1403/1789/1403 1393/1788/1393 3252/4282/3252
f 1403/1789/1403 3252/4282/3252 3257/4289/3257
f 2910/3790/2910 3256/4288/3256 3246/4274/3246
f 3258/4290/3258 3254/4285/3254 3256/4288/3256
f 3257/4289/3257 3254/4285/3254 3258/4290/3258
f 3259/4291/3259 1403/1789/1403 3257/4289/3257
f 2910/3790/2910 3253/4284/3253 2587/3315/2587
f 3258/4290/3258 3260/4292/3260 3257/4289/3257
f 3261/4293/3261 3258/4290/3258 3256/4288/3256
f 3260/4292/3260 3259/4291/3259 3257/4289/3257
f 1407/1793/1407 1403/1789/1403 3259/4291/3259
f 2586/3314/2586 2910/3790/2910 2587/3315/2587
f 1418/1808/1418 1407/1793/1407 3259/4291/3259
f 3262/4294/3262 1418/1808/1418 3259/4291/3259
f 3263/4295/3263 3260/4292/3260 3258/4290/3258
f 3260/4292/3260 3264/4296/3264 3259/4291/3259
f 3262/4294/3262 3259/4291/3259 3264/4296/3264
f 2909/3789/2909 3261/4293/3261 3256/4288/3256
f 2601/3332/2601 2588/3316/2588 2600/3331/2600
f 3256/4288/3256 2910/3790/2910 2909/3789/2909
f 3263/4295/3263 3258/4290/3258 3261/4293/3261
f 3263/4295/3263 3264/4296/3264 3260/4292/3260
f 1428/1833/1428 1418/1808/1418 3262/4294/3262
f 2903/3780/2903 2908/3788/2908 2586/3314/2586
f 2908/3788/2908 2910/3790/2910 2586/3314/2586
f 3265/4297/3265 3262/4294/3262 3264/4296/3264
f 3265/4297/3265 1428/1833/1428 3262/4294/3262
f 2943/3842/2943 3266/4298/3266 2909/3789/2909
f 3263/4295/3263 3267/4299/3267 3264/4296/3264
f 3265/4297/3265 3264/4296/3264 3267/4299/3267
f 1438/1849/1438 1428/1833/1428 3265/4297/3265
f 2614/3347/2614 2568/3290/2568 2615/3348/2615
f 2931/3825/2931 2568/3290/2568 2614/3347/2614
f 2931/3825/2931 2593/3321/2593 2568/3290/2568
f 3268/4300/3268 3267/4299/3267 3263/4295/3263
f 3269/4301/3269 1438/1849/1438 3265/4297/3265
f 3270/4302/3270 2601/3332/2601 2600/3331/2600
f 3261/4293/3261 3268/4300/3268 3263/4295/3263
f 3269/4301/3269 3265/4297/3265 3267/4299/3267
f 3269/4301/3269 1439/1847/1439 1438/1849/1438
f 1430/1836/1430 1412/1801/1412 1435/1842/1435
f 3270/4302/3270 2600/3331/2600 2593/3321/2593
f 3271/4303/3271 1436/1843/1436 1439/4304/1439
f 3271/4303/3271 1441/1851/1441 1436/1843/1436
f 3272/4305/3272 3268/4300/3268 3261/4293/3261
f 3273/4306/3273 1439/1847/1439 3269/4301/3269
f 3274/4307/3274 3271/4308/3271 1439/1847/1439
f 3270/4302/3270 2593/3321/2593 2931/3825/2931
f 3266/4298/3266 3272/4305/3272 3261/4293/3261
f 3273/4306/3273 3269/4301/3269 3267/4299/3267
f 3275/4309/3275 3273/4306/3273 3267/4299/3267
f 3274/4307/3274 1439/1847/1439 3273/4306/3273
f 3276/4310/3276 3271/4303/3271 3274/4311/3274
f 3276/4310/3276 1441/1851/1441 3271/4303/3271
f 1430/1836/1430 1435/1842/1435 3277/4312/3277
f 3278/4313/3278 3267/4299/3267 3268/4300/3268
f 3278/4313/3278 3279/4314/3279 3267/4299/3267
f 3275/4309/3275 3267/4299/3267 3279/4314/3279
f 3276/4315/3276 3274/4316/3274 3273/4317/3273
f 3270/4302/3270 2935/3832/2935 2601/3332/2601
f 3280/4318/3280 3268/4319/3268 3272/4320/3272
f 3281/4321/3281 3278/4322/3278 3268/4319/3268
f 3282/4323/3282 1441/4324/1441 3276/4315/3276
f 3282/4325/3282 1437/1845/1437 1441/1851/1441
f 3283/4326/3283 1430/1836/1430 3277/4312/3277
f 2951/4327/2951 2934/3831/2934 2942/4328/2942
f 3279/4329/3279 3278/4322/3278 3281/4321/3281
f 3284/4330/3284 3275/4331/3275 3279/4329/3279
f 3284/4330/3284 3273/4317/3273 3275/4331/3275
f 3284/4330/3284 3276/4315/3276 3273/4317/3273
f 1447/4332/1447 1437/4333/1437 3282/4323/3282
f 1447/1857/1447 1442/1852/1442 1437/1845/1437
f 3285/4334/3285 1435/1842/1435 1440/1850/1440
f 3286/4335/3286 1435/1842/1435 3285/4334/3285
f 2951/4327/2951 2931/3825/2931 2934/3831/2934
f 2951/4327/2951 3270/4302/3270 2931/3825/2931
f 3287/4336/3287 3270/4302/3270 2969/3876/2969
f 2935/3832/2935 3270/4302/3270 3287/4336/3287
f 3281/4321/3281 3284/4330/3284 3279/4329/3279
f 3288/4337/3288 3276/4315/3276 3284/4330/3284
f 3289/4338/3289 3276/4315/3276 3288/4337/3288
f 3289/4338/3289 3282/4323/3282 3276/4315/3276
f 3277/4312/3277 1435/1842/1435 3286/4335/3286
f 2944/3843/2944 2948/3847/2948 2925/3816/2925
f 1453/1864/1453 1445/4339/1445 1447/4332/1447
f 1453/4340/1453 1446/1856/1446 1445/1855/1445
f 1452/1866/1452 1446/1856/1446 1453/4340/1453
f 2970/3877/2970 3270/4302/3270 2951/4327/2951
f 2970/3877/2970 2969/3876/2969 3270/4302/3270
f 3290/4341/3290 3280/4318/3280 3272/4320/3272
f 3291/4342/3291 3284/4330/3284 3281/4321/3281
f 3291/4342/3291 3288/4337/3288 3284/4330/3284
f 3292/4343/3292 1447/4332/1447 3282/4323/3282
f 3292/4343/3292 1453/1864/1453 1447/4332/1447
f 3285/4334/3285 1440/1850/1440 1448/1858/1448
f 3293/4344/3293 2932/3826/2932 3294/4345/3294
f 2959/3878/2959 2970/3877/2970 2951/4327/2951
f 3287/4336/3287 2903/3780/2903 2935/3832/2935
f 3295/4346/3295 3288/4337/3288 3291/4342/3291
f 1448/4347/1448 1444/1859/1444 1450/1861/1450
f 3296/4348/3296 3285/4334/3285 1448/1858/1448
f 2976/3884/2976 2903/3780/2903 3287/4336/3287
f 3297/4349/3297 3291/4342/3291 3281/4321/3281
f 3298/4350/3298 3289/4338/3289 3288/4337/3288
f 3299/4351/3299 3292/4343/3292 3282/4323/3282
f 3300/4352/3300 3286/4335/3286 3285/4334/3285
f 3295/4346/3295 3291/4342/3291 3297/4349/3297
f 3298/4350/3298 3288/4337/3288 3295/4346/3295
f 3299/4351/3299 3282/4323/3282 3289/4338/3289
f 3301/4353/3301 3277/4312/3277 3286/4335/3286
f 2975/3883/2975 3302/4354/3302 2969/3876/2969
f 3302/4354/3302 3287/4336/3287 2969/3876/2969
f 2963/3868/2963 2943/3842/2943 2940/3838/2940
f 3303/4355/3303 3289/4338/3289 3298/4350/3298
f 3300/4356/3300 3285/4357/3285 3296/4358/3296
f 3304/4359/3304 3294/4345/3294 3283/4326/3283
f 2977/3886/2977 2957/3858/2957 2960/3863/2960
f 3305/4360/3305 3298/4350/3298 3295/4346/3295
f 2059/2624/2059 1453/1864/1453 3292/4343/3292
f 2059/2624/2059 1451/1862/1451 1453/1864/1453
f 3296/4358/3296 1448/4347/1448 1450/1861/1450
f 3283/4326/3283 3277/4312/3277 3301/4353/3301
f 1866/4361/1866 3283/4326/3283 3301/4353/3301
f 3293/4344/3293 3294/4345/3294 3304/4359/3304
f 3306/4362/3306 2950/3849/2950 2961/3875/2961
f 3306/4362/3306 2958/3859/2958 2950/3849/2950
f 2979/4363/2979 3302/4354/3302 2975/3883/2975
f 3307/4364/3307 3302/4354/3302 2979/4363/2979
f 3308/4365/3308 3287/4336/3287 3302/4354/3302
f 2984/3897/2984 2963/3868/2963 2947/3846/2947
f 3305/4360/3305 3295/4346/3295 3297/4349/3297
f 3299/4351/3299 2059/2624/2059 3292/4343/3292
f 3301/4366/3301 3286/4367/3286 3300/4356/3300
f 1872/2398/1872 3301/4366/3301 3300/4356/3300
f 3304/4368/3304 3283/4369/3283 1866/2392/1866
f 3309/4370/3309 2960/3863/2960 2974/3882/2974
f 3309/4370/3309 2977/3886/2977 2960/3863/2960
f 3306/4362/3306 2961/3875/2961 2978/3887/2978
f 3310/4371/3310 2958/3859/2958 3306/4362/3306
f 3311/4372/3311 2979/3889/2979 2962/3867/2962
f 3311/4372/3311 3307/4373/3307 2979/3889/2979
f 2976/3884/2976 3287/4336/3287 3312/4374/3312
f 3303/4355/3303 3298/4350/3298 3305/4360/3305
f 3303/4355/3303 3299/4351/3299 3289/4338/3289
f 1450/1861/1450 1859/2382/1859 1861/2388/1861
f 3296/4358/3296 1450/1861/1450 3313/4375/3313
f 3314/4376/3314 2978/3887/2978 3315/4377/3315
f 3316/4378/3316 3307/4364/3307 3311/4379/3311
f 3316/4378/3316 3302/4354/3302 3307/4364/3307
f 3312/4374/3312 3287/4336/3287 3317/4380/3317
f 3318/4381/3318 3305/4360/3305 3297/4349/3297
f 1864/4382/1864 1861/2388/1861 1863/2387/1863
f 3319/4383/3319 1872/2398/1872 3300/4356/3300
f 1872/2398/1872 1866/2392/1866 3301/4366/3301
f 2992/3909/2992 3309/4370/3309 2974/3882/2974
f 3320/4384/3320 3315/4377/3315 3321/4385/3321
f 3306/4362/3306 2978/3887/2978 3314/4376/3314
f 2981/3893/2981 2958/3859/2958 3310/4371/3310
f 3311/4372/3311 2962/3867/2962 2981/3893/2981
f 3322/4386/3322 3308/4365/3308 3302/4354/3302
f 3323/4387/3323 2943/3842/2943 2963/3868/2963
f 3323/4387/3323 2965/3870/2965 2943/3842/2943
f 3324/4388/3324 3299/4351/3299 3303/4355/3303
f 1864/4382/1864 1450/1861/1450 1861/2388/1861
f 3319/4383/3319 3296/4358/3296 3313/4375/3313
f 3319/4383/3319 3300/4356/3300 3296/4358/3296
f 1867/2393/1867 1866/2392/1866 1872/2398/1872
f 3304/4368/3304 1866/2392/1866 1865/2391/1865
f 1868/2394/1868 3304/4368/3304 1865/2391/1865
f 3325/4389/3325 3311/4372/3311 3326/4390/3326
f 3325/4389/3325 3316/4391/3316 3311/4372/3311
f 3322/4386/3322 3316/4378/3316 3325/4392/3325
f 3322/4386/3322 3302/4354/3302 3316/4378/3316
f 3317/4380/3317 3287/4336/3287 3308/4365/3308
f 3327/4393/3327 3303/4355/3303 3305/4360/3305
f 3327/4393/3327 3324/4388/3324 3303/4355/3303
f 3328/4394/3328 3299/4351/3299 3324/4388/3324
f 3329/4395/3329 1450/1861/1450 1864/4382/1864
f 3330/4396/3330 2981/3893/2981 3310/4371/3310
f 2981/3893/2981 3326/4390/3326 3311/4372/3311
f 3331/4397/3331 3326/4390/3326 2981/3893/2981
f 3332/4398/3332 3325/4389/3325 3326/4390/3326
f 3332/4399/3332 3322/4386/3322 3325/4392/3325
f 3305/4360/3305 3318/4381/3318 3333/4400/3333
f 3328/4394/3328 2059/2624/2059 3299/4351/3299
f 3313/4375/3313 1450/1861/1450 3329/4395/3329
f 3334/4401/3334 3332/4398/3332 3326/4390/3326
f 3335/4402/3335 3322/4386/3322 3332/4399/3332
f 3323/4387/3323 2963/3868/2963 3003/3924/3003
f 3336/4403/3336 3324/4388/3324 3327/4393/3327
f 3337/4404/3337 3328/4394/3328 3324/4388/3324
f 1872/2398/1872 3319/4383/3319 1873/2399/1873
f 2688/3454/2688 2992/4405/2992 2991/3917/2991
f 2688/4406/2688 3321/4385/3321 2992/3909/2992
f 3334/4401/3334 3326/4390/3326 3331/4397/3331
f 3338/4407/3338 3308/4365/3308 3322/4386/3322
f 3317/4380/3317 3308/4365/3308 3338/4407/3338
f 2982/3894/2982 2976/3884/2976 3043/3989/3043
f 3339/4408/3339 2965/3870/2965 3323/4387/3323
f 3340/4409/3340 3305/4360/3305 3333/4400/3333
f 3336/4403/3336 3337/4404/3337 3324/4388/3324
f 3335/4410/3335 3332/4398/3332 3334/4401/3334
f 3341/4411/3341 3322/4386/3322 3335/4402/3335
f 3338/4407/3338 3322/4386/3322 3341/4411/3341
f 3342/4412/3342 2059/2624/2059 3328/4394/3328
f 3342/4412/3342 2058/2623/2058 2059/2624/2059
f 1880/2406/1880 3313/4375/3313 3329/4395/3329
f 1879/2405/1879 3319/4383/3319 3313/4375/3313
f 3343/4413/3343 3310/4371/3310 3344/4414/3344
f 3345/4415/3345 3331/4397/3331 2981/3893/2981
f 3341/4416/3341 3335/4410/3335 3334/4401/3334
f 3338/4407/3338 3312/4374/3312 3317/4380/3317
f 3043/3989/3043 2976/3884/2976 3312/4374/3312
f 3004/3925/3004 2982/3894/2982 3043/3989/3043
f 3337/4404/3337 3342/4412/3342 3328/4394/3328
f 2061/2627/2061 1458/1872/1458 2058/2623/2058
f 3343/4413/3343 3330/4396/3330 3310/4371/3310
f 3345/4415/3345 2981/3893/2981 3330/4396/3330
f 3346/4417/3346 3341/4416/3341 3334/4401/3334
f 3347/4418/3347 3312/4374/3312 3338/4407/3338
f 3348/4419/3348 3339/4408/3339 3323/4387/3323
f 3349/4420/3349 2965/3870/2965 3339/4408/3339
f 3350/4421/3350 3336/4403/3336 3327/4393/3327
f 3351/4422/3351 3342/4412/3342 3337/4404/3337
f 1466/4423/1466 1864/4382/1864 1464/4424/1464
f 1879/2405/1879 3313/4375/3313 1880/2406/1880
f 1875/2401/1875 1865/2391/1865 1867/2393/1867
f 3346/4417/3346 3334/4401/3334 3331/4397/3331
f 3352/4425/3352 3341/4416/3341 3346/4417/3346
f 3352/4426/3352 3338/4407/3338 3341/4411/3341
f 1497/1921/1497 3043/3989/3043 3312/4374/3312
f 3353/4427/3353 3337/4404/3337 3336/4403/3336
f 2066/2634/2066 3342/4412/3342 3351/4422/3351
f 1466/4423/1466 3329/4395/3329 1864/4382/1864
f 1873/2399/1873 3319/4383/3319 1879/2405/1879
f 3354/4428/3354 3343/4413/3343 3344/4414/3344
f 3355/4429/3355 3330/4396/3330 3343/4413/3343
f 3355/4429/3355 3345/4415/3345 3330/4396/3330
f 3356/4430/3356 3346/4417/3346 3331/4397/3331
f 3357/4431/3357 3352/4425/3352 3346/4417/3346
f 3349/4420/3349 3358/4432/3358 2965/3870/2965
f 3353/4427/3353 3336/4403/3336 3350/4421/3350
f 2058/2623/2058 3342/4412/3342 2066/2634/2066
f 1883/2409/1883 1880/2406/1880 3329/4395/3329
f 3359/4433/3359 3360/4434/3360 3361/4435/3361
f 3362/4436/3362 3354/4428/3354 3344/4414/3344
f 3363/4437/3363 3343/4413/3343 3354/4428/3354
f 3363/4437/3363 3355/4429/3355 3343/4413/3343
f 3356/4430/3356 3331/4397/3331 3345/4415/3345
f 3364/4438/3364 3346/4417/3346 3356/4430/3356
f 3365/4439/3365 3357/4431/3357 3346/4417/3346
f 3366/4440/3366 3348/4419/3348 3323/4387/3323
f 2061/2627/2061 2058/2623/2058 2066/2634/2066
f 3367/4441/3367 3345/4415/3345 3355/4429/3355
f 3367/4441/3367 3356/4430/3356 3345/4415/3345
f 3365/4439/3365 3346/4417/3346 3364/4438/3364
f 3368/4442/3368 3357/4431/3357 3365/4439/3365
f 3368/4443/3368 3352/4426/3352 3357/4444/3357
f 3347/4418/3347 3352/4426/3352 3368/4443/3368
f 3347/4418/3347 3338/4407/3338 3352/4426/3352
f 3348/4419/3348 3349/4445/3349 3339/4408/3339
f 3369/4446/3369 3367/4441/3367 3355/4429/3355
f 3347/4418/3347 1497/1921/1497 3312/4374/3312
f 3370/4447/3370 3349/4445/3349 3348/4419/3348
f 1883/2409/1883 3329/4395/3329 1466/4423/1466
f 3371/4448/3371 3360/4449/3360 3359/4450/3359
f 3372/4451/3372 3036/3976/3036 3032/3972/3032
f 3372/4452/3372 3373/4453/3373 3036/4454/3036
f 3374/4455/3374 3373/4453/3373 3372/4452/3372
f 3354/4428/3354 3362/4436/3362 3375/4456/3375
f 3369/4446/3369 3355/4429/3355 3363/4437/3363
f 3376/4457/3376 1497/1921/1497 3347/4418/3347
f 3377/4458/3377 3350/4459/3350 3378/4460/3378
f 3379/4461/3379 3380/4462/3380 3353/4427/3353
f 3364/4438/3364 3356/4430/3356 3367/4441/3367
f 3381/4463/3381 3365/4439/3365 3364/4438/3364
f 3382/4464/3382 3368/4443/3368 3365/4465/3365
f 3382/4464/3382 3347/4418/3347 3368/4443/3368
f 3370/4466/3370 3383/4467/3383 3349/4468/3349
f 3384/4469/3384 3383/4467/3383 3370/4466/3370
f 1468/1886/1468 1883/2409/1883 1466/4423/1466
f 3372/4470/3372 3032/3984/3032 3039/3983/3039
f 3385/4471/3385 3367/4441/3367 3369/4446/3369
f 3385/4471/3385 3364/4438/3364 3367/4441/3367
f 3386/4472/3386 3365/4439/3365 3381/4463/3381
f 3386/4473/3386 3382/4464/3382 3365/4465/3365
f 3376/4457/3376 3347/4418/3347 3382/4464/3382
f 3387/4474/3387 3353/4427/3353 3350/4421/3350
f 3388/4475/3388 3372/4470/3372 3039/3983/3039
f 3065/4020/3065 3372/4470/3372 3388/4475/3388
f 3385/4471/3385 3389/4476/3389 3364/4438/3364
f 3390/4477/3390 3389/4476/3389 3385/4471/3385
f 3389/4476/3389 3381/4463/3381 3364/4438/3364
f 1478/1895/1478 1477/1894/1477 3004/3925/3004
f 3370/4466/3370 3348/4478/3348 3391/4479/3391
f 3387/4474/3387 3350/4421/3350 3377/4480/3377
f 3392/4481/3392 3353/4427/3353 3387/4474/3387
f 3392/4481/3392 3379/4461/3379 3353/4427/3353
f 1883/2409/1883 1468/1886/1468 1471/1885/1471
f 3393/4482/3393 3375/4456/3375 3394/4483/3394
f 3395/4484/3395 3385/4471/3385 3369/4446/3369
f 3393/4482/3393 3394/4483/3394 3396/4485/3396
f 3395/4484/3395 3369/4446/3369 3397/4486/3397
f 3390/4477/3390 3385/4471/3385 3395/4484/3395
f 3398/4487/3398 3386/4472/3386 3381/4463/3381
f 3398/4488/3398 3382/4464/3382 3386/4473/3386
f 3399/4489/3399 3379/4461/3379 3392/4481/3392
f 3400/4490/3400 3401/4491/3401 3399/4489/3399
f 3062/4017/3062 3388/4475/3388 3039/3983/3039
f 3066/4021/3066 3388/4475/3388 3062/4017/3062
f 3402/4492/3402 3389/4476/3389 3390/4477/3390
f 3402/4492/3402 3381/4463/3381 3389/4476/3389
f 3403/4493/3403 3381/4463/3381 3402/4492/3402
f 3398/4487/3398 3381/4463/3381 3403/4493/3403
f 3404/4494/3404 3382/4464/3382 3398/4488/3398
f 3405/4495/3405 3370/4466/3370 3391/4479/3391
f 3384/4469/3384 3370/4466/3370 3405/4495/3405
f 3406/4496/3406 3392/4481/3392 3407/4497/3407
f 1471/4498/1471 1472/1888/1472 3408/4499/3408
f 3066/4021/3066 3065/4020/3065 3388/4475/3388
f 3390/4477/3390 3395/4484/3395 3409/4500/3409
f 1482/1899/1482 3398/4487/3398 3403/4493/3403
f 1486/1904/1486 3404/4494/3404 3398/4488/3398
f 3404/4494/3404 3376/4457/3376 3382/4464/3382
f 3406/4496/3406 3399/4489/3399 3392/4481/3392
f 3410/4501/3410 3399/4489/3399 3406/4496/3406
f 1890/2416/1890 1471/1885/1471 3408/4502/3408
f 1884/2410/1884 1883/2409/1883 1471/1885/1471
f 3411/4503/3411 3390/4477/3390 3409/4500/3409
f 3412/4504/3412 3402/4492/3402 3390/4477/3390
f 1485/1902/1485 3398/4487/3398 1482/1899/1482
f 1485/1902/1485 1486/4505/1486 3398/4487/3398
f 3410/4501/3410 3400/4490/3400 3399/4489/3399
f 3408/4499/3408 1472/1888/1472 1475/1892/1475
f 1884/2410/1884 1471/1885/1471 1890/2416/1890
f 3413/4506/3413 3411/4503/3411 3409/4500/3409
f 3412/4504/3412 3390/4477/3390 3411/4503/3411
f 1482/1899/1482 3403/4493/3403 3402/4492/3402
f 3082/4051/3082 3404/4494/3404 1486/1904/1486
f 3414/4507/3414 3415/4508/3415 3003/3924/3003
f 3416/4509/3416 3400/4490/3400 3410/4501/3410
f 3417/4510/3417 3418/4511/3418 3419/4512/3419
f 3420/4513/3420 3412/4504/3412 3421/4514/3421
f 3420/4513/3420 3402/4492/3402 3412/4504/3412
f 3420/4513/3420 1482/1899/1482 3402/4492/3402
f 1506/1933/1506 1497/1921/1497 3376/4457/3376
f 3422/4515/3422 3384/4469/3384 3080/4047/3080
f 3423/4516/3423 3410/4501/3410 3406/4496/3406
f 3424/4517/3424 3410/4501/3410 3423/4516/3423
f 3424/4517/3424 3416/4509/3416 3410/4501/3410
f 2076/2649/2076 1475/1892/1475 1473/1890/1473
f 3425/4518/3425 3408/4502/3408 1475/4519/1475
f 3425/4518/3425 1890/2416/1890 3408/4502/3408
f 3426/4520/3426 3427/4521/3427 3428/4522/3428
f 3427/4521/3427 3411/4523/3411 3413/4524/3413
f 3429/4525/3429 3411/4523/3411 3427/4521/3427
f 3429/4526/3429 3412/4504/3412 3411/4503/3411
f 3421/4514/3421 3412/4504/3412 3429/4526/3429
f 1483/1911/1483 3420/4527/3420 1490/1912/1490
f 1483/4528/1483 1482/1899/1482 3420/4513/3420
f 1488/1915/1488 1486/1904/1486 1484/1903/1484
f 1488/1915/1488 3082/4051/3082 1486/1904/1486
f 3084/4053/3084 3376/4457/3376 3404/4494/3404
f 3423/4516/3423 3406/4496/3406 3430/4529/3430
f 3076/4041/3076 3064/4019/3064 3066/4021/3066
f 3426/4520/3426 3428/4522/3428 3431/4530/3431
f 3432/4531/3432 3429/4525/3429 3427/4521/3427
f 3432/4531/3432 3421/4532/3421 3429/4525/3429
f 3432/4533/3432 3420/4513/3420 3421/4514/3421
f 1489/4534/1489 3420/4513/3420 3432/4533/3432
f 1490/4535/1490 3420/4513/3420 1489/4534/1489
f 1506/1933/1506 3376/4457/3376 3084/4053/3084
f 3088/4057/3088 3391/4479/3391 3433/4536/3433
f 3405/4495/3405 3391/4479/3391 3088/4057/3088
f 3080/4047/3080 3384/4469/3384 3405/4495/3405
f 3434/4537/3434 3435/4538/3435 3436/4539/3436
f 3437/4540/3437 3418/4511/3418 3417/4510/3417
f 3438/4541/3438 3439/4542/3439 3440/4543/3440
f 3441/4544/3441 3426/4520/3426 3431/4530/3431
f 3442/4545/3442 3427/4521/3427 3426/4520/3426
f 3442/4545/3442 3432/4531/3432 3427/4521/3427
f 3443/4546/3443 3423/4516/3423 3430/4529/3430
f 3425/4547/3425 1475/1892/1475 2076/2649/2076
f 1511/1939/1511 3064/4019/3064 3076/4041/3076
f 1511/1939/1511 3417/4510/3417 3064/4019/3064
f 3437/4540/3437 3417/4510/3417 1511/1939/1511
f 3444/4548/3444 3439/4542/3439 3438/4541/3438
f 3444/4548/3444 3445/4549/3445 3439/4542/3439
f 3444/4548/3444 3446/4550/3446 3445/4549/3445
f 3447/4551/3447 3446/4550/3446 3444/4548/3444
f 3447/4552/3447 3431/4530/3431 3446/4553/3446
f 3448/4554/3448 3442/4545/3442 3426/4520/3426
f 3449/4555/3449 1489/1910/1489 3432/4531/3432
f 1493/1917/1493 1489/1910/1489 3449/4555/3449
f 1492/1914/1492 3082/4051/3082 1488/1915/1488
f 3081/4048/3081 3405/4495/3405 3088/4057/3088
f 3450/4556/3450 3424/4517/3424 3423/4516/3423
f 3451/4557/3451 3416/4509/3416 3452/4558/3452
f 2082/2660/2082 1890/2416/1890 3425/4518/3425
f 3438/4541/3438 3440/4543/3440 3453/4559/3453
f 3454/4560/3454 3438/4541/3438 3453/4559/3453
f 3455/4561/3455 3431/4530/3431 3447/4552/3447
f 3455/4561/3455 3441/4544/3441 3431/4530/3431
f 3448/4554/3448 3426/4520/3426 3441/4544/3441
f 3449/4555/3449 3432/4531/3432 3442/4545/3442
f 3085/4054/3085 3404/4494/3404 3082/4051/3082
f 3456/4562/3456 3414/4507/3414 3026/3963/3026
f 3080/4047/3080 3405/4495/3405 3081/4048/3081
f 3450/4563/3450 3423/4564/3423 3443/4565/3443
f 3457/4566/3457 3424/4517/3424 3450/4556/3450
f 3458/4567/3458 3424/4517/3424 3457/4566/3457
f 3452/4558/3452 3459/4568/3459 3451/4557/3451
f 2080/2656/2080 3451/4557/3451 3459/4568/3459
f 2075/2646/2075 2070/2640/2070 2080/2656/2080
f 1889/2415/1889 1890/2416/1890 2082/2660/2082
f 1509/1937/1509 1511/1939/1511 3076/4041/3076
f 3454/4560/3454 3444/4548/3444 3438/4541/3438
f 3460/4569/3460 3447/4551/3447 3444/4548/3444
f 3460/4570/3460 3455/4561/3455 3447/4552/3447
f 1900/2426/1900 3441/4544/3441 3455/4561/3455
f 3085/4054/3085 3084/4053/3084 3404/4494/3404
f 3456/4562/3456 3026/3963/3026 1477/1894/1477
f 3461/4571/3461 3433/4536/3433 3415/4572/3415
f 3452/4558/3452 3416/4509/3416 3458/4567/3458
f 2078/2653/2078 2075/2646/2075 2080/2656/2080
f 2083/2661/2083 2082/2660/2082 3425/4518/3425
f 3462/4573/3462 3444/4548/3444 3454/4560/3454
f 3462/4573/3462 3460/4569/3460 3444/4548/3444
f 1900/2426/1900 3448/4554/3448 3441/4544/3441
f 3463/4574/3463 3448/4554/3448 1900/2426/1900
f 1526/1963/1526 3442/4545/3442 1899/2425/1899
f 1526/1963/1526 3449/4555/3449 3442/4545/3442
f 2079/2655/2079 2080/2656/2080 3459/4568/3459
f 2083/4575/2083 3425/4547/3425 2076/2649/2076
f 3437/4540/3437 1511/1939/1511 1510/1938/1510
f 3464/4576/3464 3454/4560/3454 3453/4559/3453
f 1902/2428/1902 3455/4561/3455 3460/4570/3460
f 1899/2425/1899 3463/4574/3463 1900/2426/1900
f 1525/1962/1525 3449/4555/3449 1526/1963/1526
f 1525/1962/1525 1493/1917/1493 3449/4555/3449
f 3461/4577/3461 3415/4508/3415 3414/4507/3414
f 3465/4578/3465 3462/4573/3462 3454/4560/3454
f 3465/4578/3465 3460/4579/3460 3462/4573/3462
f 1507/1934/1507 1493/1917/1493 1525/1962/1525
f 3085/4054/3085 3082/4051/3082 3083/4052/3083
f 3077/4042/3077 3456/4562/3456 1477/1894/1477
f 3456/4562/3456 3466/4580/3466 3414/4507/3414
f 2087/2668/2087 2083/4575/2083 2076/2649/2076
f 3467/4581/3467 3437/4540/3437 1510/1938/1510
f 3468/4582/3468 3437/4540/3437 3467/4581/3467
f 3469/4583/3469 3470/4584/3470 3468/4585/3468
f 3464/4576/3464 3470/4584/3470 3469/4583/3469
f 1900/2426/1900 3455/4561/3455 1902/2428/1902
f 1898/2424/1898 1900/2426/1900 1902/2428/1902
f 3461/4577/3461 3414/4507/3414 3466/4580/3466
f 3471/4586/3471 3433/4536/3433 3461/4571/3461
f 3472/4587/3472 3469/4588/3469 3468/4582/3468
f 1902/2428/1902 3460/4570/3460 3465/4589/3465
f 1556/1997/1556 1526/1963/1526 1899/2425/1899
f 1527/1964/1527 1526/1963/1526 1556/1997/1556
f 3473/4590/3473 3456/4562/3456 3077/4042/3077
f 3466/4580/3466 3456/4562/3456 3473/4590/3473
f 3474/4591/3474 3459/4568/3459 3452/4558/3452
f 3474/4591/3474 2079/2655/2079 3459/4568/3459
f 1533/1972/1533 3467/4581/3467 1510/1938/1510
f 3472/4587/3472 3468/4582/3468 3467/4581/3467
f 3475/4592/3475 3469/4583/3469 3472/4593/3472
f 3087/4056/3087 3433/4536/3433 3471/4586/3471
f 3476/4594/3476 3452/4558/3452 3477/4595/3477
f 3476/4594/3476 3474/4591/3474 3452/4558/3452
f 3464/4576/3464 3469/4583/3469 3478/4596/3478
f 3478/4596/3478 3454/4560/3454 3464/4576/3464
f 3479/4597/3479 3465/4578/3465 3454/4560/3454
f 1910/2436/1910 1902/2428/1902 3465/4589/3465
f 3091/4598/3091 3087/4056/3087 3471/4586/3471
f 3088/4057/3088 3433/4536/3433 3087/4056/3087
f 2084/2662/2084 2079/2655/2079 3474/4591/3474
f 3478/4596/3478 3469/4583/3469 3475/4592/3475
f 3479/4597/3479 3454/4560/3454 3478/4596/3478
f 3480/4599/3480 3479/4597/3479 3478/4596/3478
f 1910/2436/1910 3465/4589/3465 3479/4600/3479
f 1905/2431/1905 1902/2428/1902 1910/2436/1910
f 3473/4590/3473 3077/4042/3077 1610/2076/1610
f 3481/4601/3481 3461/4577/3461 3466/4580/3466
f 3482/4602/3482 3471/4603/3471 3461/4577/3461
f 1557/2014/1557 3472/4587/3472 3467/4581/3467
f 3475/4604/3475 3472/4587/3472 3483/4605/3483
f 3484/4606/3484 3478/4596/3478 3475/4592/3475
f 3484/4606/3484 3480/4599/3480 3478/4596/3478
f 1910/4607/1910 3479/4597/3479 3480/4599/3480
f 3485/4608/3485 3466/4580/3466 3473/4590/3473
f 3481/4601/3481 3482/4602/3482 3461/4577/3461
f 3091/4609/3091 3471/4603/3471 3482/4602/3482
f 3476/4594/3476 3477/4595/3477 3486/4610/3486
f 1911/2437/1911 1903/2429/1903 2086/2664/2086
f 1557/2014/1557 3467/4581/3467 1533/1972/1533
f 3483/4605/3483 3472/4587/3472 1557/2014/1557
f 3484/4606/3484 3475/4592/3475 3483/4611/3483
f 1910/2436/1910 3480/4612/3480 3484/4613/3484
f 1556/1997/1556 1547/1988/1547 1527/1964/1527
f 3481/4601/3481 3466/4580/3466 3485/4608/3485
f 3487/4614/3487 3474/4591/3474 3476/4594/3476
f 3488/4615/3488 3474/4591/3474 3489/4616/3489
f 3484/4617/3484 3483/4605/3483 1569/2016/1569
f 1569/2018/1569 1910/2436/1910 3484/4613/3484
f 1570/2017/1570 1910/2436/1910 1569/2018/1569
f 3490/4618/3490 3476/4594/3476 3491/4619/3491
f 3490/4618/3490 3487/4614/3487 3476/4594/3476
f 3489/4616/3489 3474/4591/3474 3487/4614/3487
f 2084/2662/2084 3474/4591/3474 3488/4615/3488
f 1569/2016/1569 3483/4605/3483 1557/2014/1557
f 3492/4620/3492 3493/4621/3493 3494/4622/3494
f 1915/4623/1915 2084/2662/2084 3488/4615/3488
f 1914/2440/1914 2084/4624/2084 1915/2441/1915
f 3094/4072/3094 3091/4609/3091 3482/4602/3482
f 3495/4625/3495 3486/4626/3486 3496/4627/3496
f 3497/4628/3497 3486/4626/3486 3495/4625/3495
f 3498/4629/3498 3487/4630/3487 3490/4631/3490
f 1548/1989/1548 1530/1968/1530 1585/2038/1585
f 3491/4632/3491 3486/4626/3486 3497/4628/3497
f 3497/4628/3497 3490/4631/3490 3491/4632/3491
f 3489/4616/3489 3487/4614/3487 3498/4633/3498
f 3499/4634/3499 3489/4616/3489 3498/4633/3498
f 3500/4635/3500 3489/4616/3489 3499/4634/3499
f 3501/4636/3501 3488/4615/3488 3489/4616/3489
f 3501/4637/3501 1915/2441/1915 3488/4638/3488
f 3094/4072/3094 3482/4602/3482 3101/4079/3101
f 3501/4636/3501 3489/4616/3489 3500/4635/3500
f 1922/2448/1922 1915/2441/1915 3501/4637/3501
f 3502/4639/3502 3497/4628/3497 3495/4625/3495
f 3503/4640/3503 3498/4629/3498 3490/4631/3490
f 1922/2448/1922 3501/4637/3501 2091/2672/2091
f 3504/4641/3504 3481/4601/3481 3485/4608/3485
f 3118/4104/3118 3482/4602/3482 3481/4601/3481
f 3101/4079/3101 3482/4602/3482 3118/4104/3118
f 3505/4642/3505 3502/4639/3502 3495/4625/3495
f 3497/4628/3497 3503/4640/3503 3490/4631/3490
f 3499/4643/3499 3498/4629/3498 3503/4640/3503
f 1640/2114/1640 3473/4590/3473 1610/2076/1610
f 3506/4644/3506 3500/4645/3500 3499/4643/3499
f 3506/4644/3506 3501/4646/3501 3500/4645/3500
f 2091/2672/2091 3501/4637/3501 3506/4647/3506
f 3507/4648/3507 3503/4640/3503 3497/4628/3497
f 3508/4649/3508 3499/4643/3499 3503/4640/3503
f 3509/4650/3509 3510/4651/3510 3511/4652/3511
f 1640/2114/1640 3485/4608/3485 3473/4590/3473
f 3512/4653/3512 3481/4601/3481 3504/4641/3504
f 3507/4648/3507 3497/4628/3497 3502/4639/3502
f 3508/4649/3508 3506/4644/3506 3499/4643/3499
f 2091/2672/2091 3506/4647/3506 3508/4654/3508
f 3507/4648/3507 3508/4649/3508 3503/4640/3503
f 3513/4655/3513 3508/4649/3508 3507/4648/3507
f 3514/4656/3514 2091/2672/2091 3508/4654/3508
f 1927/2453/1927 1922/2448/1922 2090/2671/2090
f 1642/2117/1642 3485/4608/3485 1640/2114/1640
f 1642/2117/1642 3504/4641/3504 3485/4608/3485
f 3118/4104/3118 3481/4601/3481 3512/4653/3512
f 3515/4657/3515 3507/4648/3507 3502/4639/3502
f 3516/4658/3516 3508/4649/3508 3513/4655/3513
f 3514/4659/3514 3508/4649/3508 3516/4658/3516
f 3517/4660/3517 3510/4651/3510 3509/4650/3509
f 3515/4657/3515 3502/4639/3502 3505/4642/3505
f 3518/4661/3518 3507/4648/3507 3515/4657/3515
f 3519/4662/3519 3513/4655/3513 3507/4648/3507
f 1642/2117/1642 3512/4653/3512 3504/4641/3504
f 3520/4663/3520 3515/4657/3515 3505/4642/3505
f 3520/4663/3520 3518/4661/3518 3515/4657/3515
f 3519/4662/3519 3507/4648/3507 3518/4661/3518
f 3521/4664/3521 3514/4665/3514 3516/4658/3516
f 3522/4666/3522 3514/4656/3514 3521/4667/3521
f 1939/4668/1939 3514/4656/3514 3522/4666/3522
f 1939/4668/1939 2091/2672/2091 3514/4656/3514
f 1939/4668/1939 2090/2671/2090 2091/2672/2091
f 3512/4653/3512 3120/4107/3120 3118/4104/3118
f 3523/4669/3523 3513/4655/3513 3519/4662/3519
f 3524/4670/3524 3516/4658/3516 3513/4655/3513
f 3524/4670/3524 3521/4664/3521 3516/4658/3516
f 2096/2677/2096 2090/2671/2090 1939/4668/1939
f 3525/4671/3525 3526/4672/3526 3527/4673/3527
f 3528/4674/3528 3518/4661/3518 3520/4663/3520
f 3529/4675/3529 3519/4662/3519 3518/4661/3518
f 3529/4675/3529 3523/4669/3523 3519/4662/3519
f 3530/4676/3530 3524/4670/3524 3513/4655/3513
f 3529/4675/3529 3518/4661/3518 3528/4674/3528
f 3531/4677/3531 3524/4670/3524 3530/4676/3530
f 3531/4678/3531 3521/4679/3521 3524/4680/3524
f 3532/4681/3532 3533/4682/3533 3534/4683/3534
f 3530/4676/3530 3513/4655/3513 3523/4669/3523
f 1656/2136/1656 3512/4653/3512 1642/2117/1642
f 3529/4675/3529 3528/4674/3528 3535/4684/3535
f 3536/4685/3536 3523/4669/3523 3529/4675/3529
f 3537/4686/3537 3523/4669/3523 3536/4685/3536
f 3537/4686/3537 3530/4676/3530 3523/4669/3523
f 1945/2475/1945 3521/4679/3521 3531/4678/3531
f 1945/2475/1945 3522/4687/3522 3521/4679/3521
f 1937/2466/1937 3522/4687/3522 1945/2475/1945
f 1937/2466/1937 1939/2468/1939 3522/4687/3522
f 3538/4688/3538 3120/4107/3120 3512/4653/3512
f 3536/4685/3536 3529/4675/3529 3535/4684/3535
f 3537/4686/3537 3531/4689/3531 3530/4676/3530
f 3539/4690/3539 3517/4660/3517 3540/4691/3540
f 3538/4688/3538 3512/4653/3512 1656/2136/1656
f 3541/4692/3541 3536/4685/3536 3535/4684/3535
f 3542/4693/3542 3537/4686/3537 3536/4685/3536
f 3543/4694/3543 3531/4678/3531 3537/4695/3537
f 1945/2475/1945 3531/4678/3531 3543/4694/3543
f 3544/4696/3544 3535/4684/3535 3528/4674/3528
f 3541/4692/3541 3535/4684/3535 3544/4696/3544
f 1679/2162/1679 1656/2136/1656 1641/2116/1641
f 1678/2161/1678 3538/4688/3538 1656/2136/1656
f 3132/4121/3132 3120/4107/3120 3538/4688/3538
f 3542/4693/3542 3536/4685/3536 3541/4692/3541
f 3545/4697/3545 3537/4686/3537 3542/4693/3542
f 3545/4698/3545 3543/4694/3543 3537/4699/3537
f 1945/2475/1945 3543/4694/3543 3545/4698/3545
f 1659/2139/1659 1679/2162/1679 1641/2116/1641
f 3532/4681/3532 3546/4700/3546 3547/4701/3547
f 3548/4702/3548 3544/4696/3544 3528/4674/3528
f 1946/2476/1946 1945/2475/1945 3545/4698/3545
f 3141/4130/3141 3538/4688/3538 1678/2161/1678
f 1694/2177/1694 1679/2162/1679 1659/2139/1659
f 1699/2183/1699 1678/2161/1678 1679/2162/1679
f 1699/2183/1699 1679/2162/1679 1694/2177/1694
f 3549/4703/3549 3544/4696/3544 3548/4702/3548
f 1961/2504/1961 1700/2184/1700 1699/2183/1699
f 1699/2183/1699 1694/2177/1694 1720/2206/1720
f 3153/4142/3153 1678/2161/1678 1700/2184/1700
f 1703/4704/1703 1687/2199/1687 1714/2198/1714
f 3550/4705/3550 3551/4706/3551 3549/4703/3549
f 3552/4707/3552 1961/2504/1961 1962/2505/1962
f 3553/4708/3553 1700/2184/1700 1961/2504/1961
f 3554/4709/3554 3546/4700/3546 3532/4681/3532
f 3553/4710/3553 1961/4711/1961 3552/4712/3552
f 3555/4713/3555 3556/4714/3556 3546/4700/3546
f 1968/2516/1968 3552/4715/3552 1962/2513/1962
f 1971/2519/1971 3552/4715/3552 1968/2516/1968
f 3553/4716/3553 3552/4715/3552 1971/2519/1971
f 3555/4713/3555 3546/4700/3546 3554/4709/3554
f 3555/4713/3555 3549/4703/3549 3556/4714/3556
f 3557/4717/3557 1714/2214/1714 1716/4718/1716
f 1725/2212/1725 1714/2214/1714 3557/4717/3557
f 1968/2516/1968 1962/2513/1962 1965/2511/1965
f 1971/4719/1971 3558/4720/3558 3553/4710/3553
f 3559/4721/3559 3560/4722/3560 3561/4723/3561
f 3562/4724/3562 3560/4722/3560 3559/4721/3559
f 3562/4724/3562 3563/4725/3563 3560/4722/3560
f 3562/4726/3562 2129/2718/2129 3563/4727/3563
f 3564/4728/3564 3550/4705/3550 3549/4703/3549
f 1966/2514/1966 1968/2516/1968 1965/2511/1965
f 3565/4729/3565 3558/4730/3558 1971/2519/1971
f 3566/4731/3566 3567/4732/3567 3172/4166/3172
f 3564/4728/3564 3559/4721/3559 3550/4705/3550
f 3568/4733/3568 2129/2718/2129 3562/4726/3562
f 1977/2525/1977 1725/2212/1725 3557/4717/3557
f 1967/2515/1967 3565/4729/3565 1971/2519/1971
f 3172/4166/3172 3567/4732/3567 3569/4734/3569
f 3570/4735/3570 3568/4736/3568 3562/4724/3562
f 1762/2259/1762 3557/4717/3557 1716/4718/1716
f 1759/2256/1759 1967/2515/1967 1966/2514/1966
f 3163/4737/3163 3566/4731/3566 3172/4166/3172
f 3571/4738/3571 3555/4713/3555 3572/4739/3572
f 3570/4735/3570 3562/4724/3562 3559/4721/3559
f 2137/2728/2137 2129/2718/2129 3568/4733/3568
f 1762/2259/1762 1716/4718/1716 1750/2250/1750
f 1762/2259/1762 1977/2525/1977 3557/4717/3557
f 1760/2257/1760 1965/2511/1965 1973/2521/1973
f 1760/2257/1760 1966/2514/1966 1965/2511/1965
f 1762/2259/1762 1750/2250/1750 1753/2247/1753
f 3573/4740/3573 3569/4734/3569 3574/4741/3574
f 3172/4166/3172 3569/4734/3569 3573/4740/3573
f 3575/4742/3575 3564/4728/3564 3576/4743/3576
f 1760/2257/1760 1759/2256/1759 1966/2514/1966
f 1761/2258/1761 1977/2525/1977 1762/2259/1762
f 1981/2529/1981 1974/2522/1974 1977/2525/1977
f 3173/4167/3173 3172/4166/3172 3573/4740/3573
f 1760/2257/1760 1973/2521/1973 1979/2527/1979
f 1758/2255/1758 1760/2257/1760 1777/2274/1777
f 3577/4744/3577 1977/2525/1977 1761/2258/1761
f 1777/2274/1777 1760/2257/1760 1979/2527/1979
f 1981/2529/1981 1977/2525/1977 3577/4744/3577
f 1776/2273/1776 1758/2255/1758 1777/2274/1777
f 3578/4745/3578 3173/4167/3173 3573/4740/3573
f 3578/4745/3578 3177/4171/3177 3173/4167/3173
f 2167/2766/2167 1758/2255/1758 1776/2273/1776
f 3578/4745/3578 3573/4740/3573 3579/4746/3579
f 3186/4180/3186 3175/4169/3175 3181/4175/3181
f 3188/4184/3188 3580/4747/3580 3177/4171/3177
f 2163/2762/2163 3581/4748/3581 2166/2765/2166
f 3582/4749/3582 3571/4738/3571 3583/4750/3583
f 3188/4184/3188 3177/4171/3177 3578/4745/3578
f 3188/4184/3188 3185/4183/3185 3580/4747/3580
f 2161/2760/2161 3584/4751/3584 3181/4175/3181
f 3585/4752/3585 3586/4753/3586 3186/4180/3186
f 1780/2277/1780 3577/4744/3577 1761/2258/1761
f 1777/2274/1777 1979/2527/1979 1778/2275/1778
f 3587/4754/3587 3188/4184/3188 3578/4745/3578
f 2160/2759/2160 3584/4751/3584 2161/2760/2161
f 3584/4751/3584 3186/4180/3186 3181/4175/3181
f 1981/2529/1981 3577/4744/3577 1780/2277/1780
f 3588/4755/3588 3188/4184/3188 3587/4754/3587
f 3588/4755/3588 3187/4181/3187 3188/4184/3188
f 3585/4752/3585 3186/4180/3186 3584/4751/3584
f 2181/2780/2181 3589/4756/3589 3581/4748/3581
f 1985/2533/1985 1981/2529/1981 1780/2277/1780
f 3590/4757/3590 2162/4185/2162 3187/4181/3187
f 3591/4758/3591 3592/4759/3592 3585/4752/3585
f 2181/2780/2181 3581/4748/3581 2163/2762/2163
f 3590/4757/3590 2160/4760/2160 2162/4185/2162
f 3593/4761/3593 3584/4751/3584 2160/2759/2160
f 3582/4749/3582 3594/4762/3594 3197/4194/3197
f 3590/4757/3590 3187/4181/3187 3588/4755/3588
f 3590/4763/3590 3593/4761/3593 2160/2759/2160
f 3595/4764/3595 3592/4759/3592 3591/4758/3591
f 3596/4765/3596 3594/4762/3594 3597/4766/3597
f 3197/4194/3197 3594/4762/3594 3195/4192/3195
f 3598/4767/3598 1778/2275/1778 1986/2534/1986
f 3599/4768/3599 3204/4203/3204 3597/4766/3597
f 3594/4762/3594 3596/4765/3596 3600/4769/3600
f 3195/4192/3195 3594/4762/3594 3600/4769/3600
f 3196/4193/3196 3195/4192/3195 3600/4769/3600
f 3598/4767/3598 1986/2534/1986 1985/2533/1985
f 2004/2557/2004 3595/4764/3595 3591/4758/3591
f 3601/4770/3601 2169/2768/2169 2176/2775/2176
f 2193/2792/2193 2181/2780/2181 2180/2779/2180
f 3600/4769/3600 3596/4765/3596 3204/4203/3204
f 3202/4199/3202 3196/4193/3196 3600/4769/3600
f 2000/2552/2000 2004/2557/2004 3591/4758/3591
f 3599/4768/3599 2181/2780/2181 2193/2792/2193
f 3205/4204/3205 3204/4203/3204 3599/4768/3599
f 3203/4202/3203 3600/4769/3600 3204/4203/3204
f 3602/4771/3602 1778/2275/1778 3598/4767/3598
f 3603/4772/3603 2176/2775/2176 2179/2778/2179
f 2193/2792/2193 3604/4773/3604 3599/4768/3599
f 3209/4211/3209 3599/4768/3599 3604/4773/3604
f 3209/4211/3209 3205/4204/3205 3599/4768/3599
f 1815/2317/1815 3598/4767/3598 1985/2533/1985
f 1778/2275/1778 3602/4771/3602 1776/2273/1776
f 2184/2783/2184 2174/2773/2174 2185/2784/2185
f 3602/4771/3602 3605/4774/3605 1776/2273/1776
f 3606/4775/3606 3595/4764/3595 2004/2557/2004
f 2192/2791/2192 3604/4773/3604 2193/2792/2193
f 3607/4776/3607 3209/4211/3209 3604/4773/3604
f 3608/4777/3608 3209/4778/3209 3607/4779/3607
f 3608/4777/3608 3211/4216/3211 3209/4778/3209
f 2202/2803/2202 2179/2778/2179 3609/4780/3609
f 2198/2797/2198 2184/2783/2184 2185/2784/2185
f 3607/4776/3607 3604/4773/3604 2192/2791/2192
f 3214/4221/3214 3211/4216/3211 3608/4777/3608
f 3610/4781/3610 2004/2557/2004 2006/2563/2006
f 2198/2797/2198 3611/4782/3611 2184/2783/2184
f 3612/4783/3612 3607/4776/3607 2192/2791/2192
f 3608/4777/3608 3607/4779/3607 3612/4784/3612
f 3613/4785/3613 2192/4786/2192 2194/4787/2194
f 3613/4785/3613 3612/4784/3612 2192/4786/2192
f 3608/4777/3608 3612/4784/3612 3613/4785/3613
f 3214/4221/3214 3608/4777/3608 3217/4226/3217
f 2202/2803/2202 3609/4780/3609 3614/4788/3614
f 3615/4789/3615 3616/4790/3616 3611/4782/3611
f 3615/4789/3615 2194/2793/2194 3616/4790/3616
f 3617/4791/3617 2194/2793/2194 3615/4789/3615
f 3613/4785/3613 2194/4787/2194 3617/4792/3617
f 3217/4226/3217 3608/4777/3608 3613/4785/3613
f 1818/2320/1818 3598/4767/3598 1815/2317/1815
f 3606/4775/3606 2004/2557/2004 3610/4781/3610
f 2203/2804/2203 3606/4775/3606 3610/4781/3610
f 3618/4793/3618 3619/4794/3619 2202/2803/2202
f 2197/2796/2197 3611/4782/3611 2198/2797/2198
f 3620/4795/3620 3613/4785/3613 3617/4792/3617
f 3217/4226/3217 3613/4785/3613 3219/4228/3219
f 1818/2320/1818 3602/4771/3602 3598/4767/3598
f 3615/4789/3615 3611/4782/3611 2197/2796/2197
f 3620/4795/3620 3617/4792/3617 3615/4796/3615
f 3219/4228/3219 3613/4785/3613 3620/4795/3620
f 3621/4797/3621 3605/4774/3605 3602/4771/3602
f 3615/4796/3615 2197/4798/2197 2200/2799/2200
f 3223/4234/3223 3219/4228/3219 3620/4795/3620
f 3622/4799/3622 2203/2804/2203 3610/4781/3610
f 3623/4800/3623 2198/2797/2198 3624/4801/3624
f 2199/2798/2199 2198/2797/2198 3623/4800/3623
f 3620/4795/3620 3615/4796/3615 2200/2799/2200
f 3216/4225/3216 3219/4228/3219 3222/4233/3222
f 3625/4802/3625 3619/4794/3619 3618/4793/3618
f 2204/4803/2204 2199/2798/2199 3623/4800/3623
f 3223/4234/3223 2200/2799/2200 2205/2807/2205
f 3223/4234/3223 3620/4795/3620 2200/2799/2200
f 2016/2573/2016 3218/4227/3218 3216/4225/3216
f 3621/4797/3621 3602/4771/3602 1818/2320/1818
f 2201/2802/2201 3618/4793/3618 2202/2803/2202
f 3626/4804/3626 2204/4805/2204 3623/4800/3623
f 3220/4230/3220 2826/3663/2826 3221/4232/3221
f 3627/4806/3627 3603/4772/3603 3619/4794/3619
f 2205/2807/2205 2204/2805/2204 3626/4807/3626
f 2211/2813/2211 2205/2807/2205 3626/4807/3626
f 3220/4230/3220 3221/4232/3221 3225/4236/3225
f 2225/2833/2225 3618/4808/3618 2201/2817/2201
f 2211/2813/2211 3626/4807/3626 2215/4809/2215
f 3225/4810/3225 3221/4231/3221 3224/4235/3224
f 2210/2812/2210 2211/2813/2211 2215/4809/2215
f 3225/4810/3225 3224/4235/3224 3226/4241/3226
f 3627/4806/3627 3619/4794/3619 3625/4802/3625
f 3224/4235/3224 2016/2573/2016 2015/2572/2015
f 3628/4811/3628 3627/4812/3627 3625/4813/3625
f 3628/4811/3628 3629/4814/3629 3627/4815/3627
f 3227/4238/3227 3224/4235/3224 2015/2572/2015
f 3226/4241/3226 3224/4235/3224 3227/4238/3227
f 2018/2575/2018 2017/2574/2017 3226/4237/3226
f 2225/2833/2225 3628/4811/3628 3625/4813/3625
f 1830/2336/1830 3621/4797/3621 1818/2320/1818
f 3630/4816/3630 3629/4814/3629 3628/4811/3628
f 3630/4816/3630 3631/4817/3631 3629/4814/3629
f 2841/3679/2841 2840/3678/2840 2017/2574/2017
f 2247/2865/2247 2225/2833/2225 2213/2816/2213
f 1814/2316/1814 1830/2336/1830 1818/2320/1818
f 2841/3679/2841 2019/2576/2019 3232/4246/3232
f 2264/2885/2264 3621/4797/3621 1830/2336/1830
f 3234/4818/3234 2841/3679/2841 3232/4246/3232
f 2842/3680/2842 2839/3677/2839 2841/3679/2841
f 1838/2346/1838 3632/4819/3632 2264/2885/2264
f 3633/4820/3633 2033/2593/2033 2032/2592/2032
f 3236/4253/3236 2839/3677/2839 2843/3681/2843
f 3628/4811/3628 2225/2833/2225 2250/2868/2250
f 3630/4816/3630 3628/4811/3628 2250/2868/2250
f 3634/4821/3634 3234/4250/3234 3233/4249/3233
f 3634/4822/3634 2841/3679/2841 3234/4818/3234
f 3635/4823/3635 2842/3680/2842 2841/3679/2841
f 2299/2927/2299 3630/4816/3630 2250/2868/2250
f 3633/4820/3633 2032/2592/2032 3636/4824/3636
f 3233/4249/3233 2033/2593/2033 3633/4820/3633
f 3635/4825/3635 3634/4821/3634 3233/4249/3233
f 3635/4823/3635 2841/3679/2841 3634/4822/3634
f 3637/4826/3637 2843/4263/2843 2842/4827/2842
f 1837/2345/1837 1838/2346/1838 2264/2885/2264
f 3638/4828/3638 3233/4249/3233 3633/4820/3633
f 3635/4829/3635 3233/4249/3233 3638/4828/3638
f 2307/2937/2307 3630/4816/3630 2299/2927/2299
f 3633/4820/3633 3636/4824/3636 3639/4830/3639
f 3638/4828/3638 3633/4820/3633 3640/4831/3640
f 3641/4832/3641 3638/4828/3638 3640/4831/3640
f 3641/4832/3641 3635/4829/3635 3638/4828/3638
f 3641/4832/3641 3640/4831/3640 3642/4833/3642
f 2479/3164/2479 899/1102/899 2478/3161/2478
f 2478/4834/2478 910/4835/910 919/1122/919
f 919/1122/919 2479/4836/2479 2478/4834/2478
f 3643/4837/3643 2479/4838/2479 919/1122/919
f 3644/4839/3644 3643/4837/3643 919/1122/919
f 2480/3165/2480 2479/3164/2479 3643/4840/3643
f 3644/4839/3644 919/1122/919 918/1121/918
f 3645/4841/3645 3643/4840/3643 3644/4842/3644
f 2480/3165/2480 3643/4840/3643 3645/4841/3645
f 975/4843/975 3645/4844/3645 3644/4839/3644
f 975/4843/975 3644/4839/3644 918/1121/918
f 975/4843/975 918/1121/918 973/1192/973
f 976/1198/976 3645/4841/3645 975/1199/975
f 976/1198/976 2480/3165/2480 3645/4841/3645
f 589/709/589 2480/3165/2480 976/1198/976
f 586/706/586 583/703/583 2480/3165/2480
f 586/706/586 2480/3165/2480 589/709/589
f 968/1186/968 955/1166/955 977/1200/977
f 1010/1245/1010 968/1186/968 977/1200/977
f 1017/1253/1017 996/1226/996 1010/1245/1010
f 3646/4845/3646 977/1200/977 995/1225/995
f 1010/1245/1010 977/1200/977 3646/4845/3646
f 1035/1284/1035 591/711/591 594/714/594
f 592/712/592 591/711/591 1035/1284/1035
f 3646/4845/3646 995/1225/995 1029/1275/1029
f 1010/1245/1010 3646/4845/3646 3647/4846/3647
f 1037/1290/1037 1010/1245/1010 3647/4846/3647
f 1017/1253/1017 1010/1245/1010 1037/1290/1037
f 592/712/592 1035/1284/1035 601/721/601
f 1039/4847/1039 1037/1290/1037 3647/4846/3647
f 1043/4848/1043 3646/4845/3646 1029/1275/1029
f 1043/4848/1043 3647/4846/3647 3646/4845/3646
f 3648/4849/3648 3647/4846/3647 1043/4848/1043
f 3649/4850/3649 1039/4847/1039 3647/4846/3647
f 3649/4850/3649 3647/4846/3647 3648/4849/3648
f 3650/4851/3650 3649/4852/3649 3648/4853/3648
f 1042/1300/1042 1039/1293/1039 3649/4854/3649
f 1048/1306/1048 3648/4853/3648 1043/1301/1043
f 3651/4855/3651 3648/4853/3648 1048/1306/1048
f 3650/4851/3650 3648/4853/3648 3651/4855/3651
f 1042/1300/1042 3649/4854/3649 3650/4856/3650
f 2529/3230/2529 1042/1300/1042 3650/4856/3650
f 2529/3230/2529 3650/4856/3650 3652/4857/3652
f 3652/4858/3652 3650/4851/3650 3651/4855/3651
f 1041/1298/1041 1036/1288/1036 1053/1314/1053
f 2552/3261/2552 2529/3230/2529 3652/4857/3652
f 3653/4859/3653 3651/4855/3651 1048/1306/1048
f 2552/4860/2552 3652/4858/3652 3651/4855/3651
f 3654/4861/3654 1048/1306/1048 1058/1319/1058
f 3653/4859/3653 1048/1306/1048 3654/4861/3654
f 2552/4860/2552 3651/4855/3651 3653/4859/3653
f 2566/3288/2566 2519/3215/2519 2552/3261/2552
f 3654/4861/3654 1058/1319/1058 1074/1341/1074
f 3655/4862/3655 3653/4859/3653 3654/4861/3654
f 3656/4863/3656 602/722/602 1064/1329/1064
f 3655/4862/3655 3654/4861/3654 1074/1341/1074
f 3656/4863/3656 1064/1329/1064 608/728/608
f 628/754/628 3653/4859/3653 3655/4862/3655
f 628/754/628 2552/4864/2552 3653/4859/3653
f 2566/3288/2566 2552/3261/2552 628/4865/628
f 1088/1366/1088 1091/1371/1091 1069/1354/1069
f 611/731/611 599/719/599 602/722/602
f 2604/3336/2604 1091/1371/1091 1088/1366/1088
f 3656/4863/3656 611/731/611 602/722/602
f 3655/4862/3655 1074/1341/1074 1099/1384/1099
f 2605/3337/2605 2566/3288/2566 628/4865/628
f 629/755/629 3655/4862/3655 1099/1384/1099
f 628/754/628 3655/4862/3655 629/755/629
f 2565/3287/2565 2566/3288/2566 2605/3337/2605
f 631/757/631 3656/4863/3656 608/728/608
f 3657/4866/3657 611/731/611 3656/4863/3656
f 623/748/623 612/732/612 603/723/603
f 626/752/626 619/741/619 1091/1371/1091
f 629/755/629 1099/1384/1099 633/759/633
f 620/743/620 607/727/607 1104/1392/1104
f 631/757/631 608/728/608 621/744/621
f 626/752/626 1091/1371/1091 1120/1413/1120
f 620/743/620 1104/1392/1104 642/772/642
f 3658/4867/3658 3656/4863/3656 631/757/631
f 627/753/627 2605/4868/2605 628/754/628
f 637/769/637 2605/3337/2605 627/4869/627
f 2594/3322/2594 2605/3337/2605 637/769/637
f 3659/4870/3659 623/748/623 603/723/603
f 641/771/641 620/743/620 642/772/642
f 3658/4867/3658 631/757/631 630/756/630
f 3660/4871/3660 3658/4867/3658 630/756/630
f 3658/4867/3658 3657/4866/3657 3656/4863/3656
f 3659/4870/3659 611/731/611 3657/4866/3657
f 3659/4870/3659 603/723/603 611/731/611
f 639/768/639 2594/3322/2594 637/769/637
f 3661/4872/3661 630/760/630 634/762/634
f 3661/4873/3661 3660/4871/3660 630/756/630
f 1119/1412/1119 1120/1413/1120 2619/3355/2619
f 653/4874/653 3661/4872/3661 634/762/634
f 1126/4875/1126 623/748/623 3659/4870/3659
f 2627/4876/2627 2624/3365/2624 644/774/644
f 2634/3380/2634 2617/3360/2617 2621/3357/2621
f 2634/3380/2634 2622/3361/2622 2617/3360/2617
f 653/4874/653 634/762/634 1119/1412/1119
f 1133/1429/1133 1112/1404/1112 1113/1405/1113
f 3662/4877/3662 3/3/3 1112/1404/1112
f 3662/4877/3662 4/4/4 3/3/3
f 649/780/649 2627/4876/2627 644/774/644
f 2635/3381/2635 1119/1412/1119 2619/3355/2619
f 3663/4878/3663 3658/4867/3658 3660/4871/3660
f 3664/4879/3664 3662/4877/3662 1112/1404/1112
f 10/10/10 5/5/5 4/4/4
f 1142/1441/1142 2627/3371/2627 649/4880/649
f 654/796/654 653/4874/653 1119/1412/1119
f 652/4881/652 3661/4872/3661 653/4874/653
f 652/4882/652 3660/4871/3660 3661/4873/3661
f 3663/4878/3663 3660/4871/3660 652/4882/652
f 3665/4883/3665 3657/4866/3657 3658/4867/3658
f 3666/4884/3666 3657/4866/3657 3665/4883/3665
f 661/792/661 1142/1441/1142 649/4880/649
f 654/796/654 1119/1412/1119 3667/4885/3667
f 3665/4883/3665 3658/4867/3658 3663/4878/3663
f 3668/4886/3668 3659/4870/3659 3669/4887/3669
f 3668/4886/3668 1126/4875/1126 3659/4870/3659
f 3664/4879/3664 1112/1404/1112 1133/1429/1133
f 661/792/661 649/4880/649 650/3391/650
f 3670/4888/3670 2622/3361/2622 2634/3380/2634
f 3670/4888/3670 2633/3379/2633 2622/3361/2622
f 656/787/656 3663/4889/3663 652/783/652
f 656/787/656 3665/4890/3665 3663/4889/3663
f 3659/4870/3659 3657/4866/3657 3666/4884/3666
f 3666/4884/3666 3665/4883/3665 3671/4891/3671
f 3672/4892/3672 3669/4887/3669 3659/4870/3659
f 3668/4893/3668 1134/1430/1134 1126/1419/1126
f 666/799/666 2634/3380/2634 660/791/660
f 663/794/663 654/796/654 3667/4885/3667
f 3672/4892/3672 3659/4870/3659 3666/4884/3666
f 3670/4888/3670 2634/3380/2634 666/799/666
f 3673/4894/3673 656/787/656 664/797/664
f 3671/4895/3671 3665/4890/3665 656/787/656
f 3671/4896/3671 3672/4892/3672 3666/4884/3666
f 3664/4879/3664 1133/1429/1133 3674/4897/3674
f 9/9/9 4/4/4 3662/4877/3662
f 663/794/663 3667/4885/3667 3675/4898/3675
f 3676/4899/3676 656/787/656 3673/4894/3673
f 3677/4900/3677 3668/4893/3668 3669/4901/3669
f 3678/4902/3678 3662/4877/3662 3664/4879/3664
f 3679/4903/3679 663/794/663 3675/4898/3675
f 664/795/664 663/794/663 3679/4903/3679
f 3679/4903/3679 3673/4904/3673 664/795/664
f 3680/4905/3680 3673/4904/3673 3679/4903/3679
f 3681/4906/3681 656/787/656 3676/4899/3676
f 3681/4906/3681 3671/4895/3671 656/787/656
f 3681/4906/3681 3672/4907/3672 3671/4895/3671
f 3676/4899/3676 3673/4894/3673 3680/4908/3680
f 3681/4906/3681 3669/4901/3669 3672/4907/3672
f 3677/4900/3677 3669/4901/3669 3681/4906/3681
f 3677/4900/3677 1134/1430/1134 3668/4893/3668
f 3674/4897/3674 1133/1429/1133 1134/1430/1134
f 3678/4902/3678 3664/4879/3664 3674/4897/3674
f 3682/4909/3682 3680/4905/3680 3679/4903/3679
f 679/812/679 3676/4899/3676 3680/4908/3680
f 3683/4910/3683 3674/4897/3674 1134/1430/1134
f 9/9/9 3662/4877/3662 3678/4902/3678
f 3682/4909/3682 3679/4903/3679 3675/4898/3675
f 3681/4906/3681 3676/4899/3676 679/812/679
f 681/814/681 3681/4906/3681 679/812/679
f 3683/4910/3683 1134/1430/1134 3677/4900/3677
f 683/817/683 3682/4909/3682 3675/4898/3675
f 679/812/679 3680/4908/3680 3682/4911/3682
f 681/814/681 3677/4900/3677 3681/4906/3681
f 3684/4912/3684 3678/4902/3678 3674/4897/3674
f 3685/4913/3685 3678/4902/3678 3684/4912/3684
f 680/813/680 679/812/679 3682/4911/3682
f 3686/4914/3686 3677/4900/3677 681/814/681
f 3687/4915/3687 9/9/9 3678/4902/3678
f 25/29/25 9/9/9 3687/4915/3687
f 680/816/680 3682/4909/3682 683/817/683
f 3688/4916/3688 3677/4900/3677 3686/4914/3686
f 3684/4912/3684 3674/4897/3674 3683/4910/3683
f 3687/4915/3687 3678/4902/3678 3685/4913/3685
f 3689/4917/3689 3690/4918/3690 3691/4919/3691
f 3689/4920/3689 3692/4921/3692 3690/4922/3690
f 678/811/678 3686/4914/3686 681/814/681
f 3688/4916/3688 3683/4910/3683 3677/4900/3677
f 687/824/687 3693/4923/3693 3692/4921/3692
f 687/824/687 683/817/683 3693/4923/3693
f 33/37/33 25/29/25 3687/4915/3687
f 677/810/677 670/803/670 56/62/56
f 3694/4924/3694 677/810/677 56/62/56
f 687/824/687 3692/4921/3692 3689/4920/3689
f 1184/1507/1184 3686/4914/3686 678/811/678
f 3695/4925/3695 3683/4910/3683 3688/4916/3688
f 3695/4925/3695 3684/4912/3684 3683/4910/3683
f 3696/4926/3696 3684/4912/3684 3695/4925/3695
f 3694/4927/3694 3691/4919/3691 677/4928/677
f 1184/1507/1184 3688/4916/3688 3686/4914/3686
f 3697/4929/3697 3688/4916/3688 1184/1507/1184
f 69/76/69 3687/4915/3687 3685/4913/3685
f 3698/4930/3698 3694/4927/3694 56/4931/56
f 3699/4932/3699 3689/4917/3689 3691/4919/3691
f 3700/4933/3700 69/76/69 3685/4913/3685
f 59/65/59 3687/4915/3687 69/76/69
f 59/65/59 33/37/33 3687/4915/3687
f 1200/1531/1200 675/808/675 30/34/30
f 3699/4932/3699 3691/4919/3691 3694/4927/3694
f 3699/4934/3699 687/824/687 3689/4920/3689
f 3701/4935/3701 687/824/687 3699/4934/3699
f 686/823/686 687/824/687 3701/4935/3701
f 3701/4935/3701 3702/4936/3702 686/823/686
f 689/827/689 686/823/686 3702/4936/3702
f 3703/4937/3703 3697/4929/3697 1184/1507/1184
f 3700/4933/3700 3684/4912/3684 3696/4926/3696
f 3685/4913/3685 3684/4912/3684 3700/4933/3700
f 30/34/30 32/36/32 45/49/45
f 1200/1531/1200 3704/4938/3704 675/808/675
f 3705/4939/3705 3694/4927/3694 3698/4930/3698
f 3705/4939/3705 3699/4932/3699 3694/4927/3694
f 3702/4940/3702 1183/1506/1183 689/4941/689
f 3703/4937/3703 1184/1507/1184 1183/1506/1183
f 3706/4942/3706 3688/4916/3688 3697/4929/3697
f 3706/4942/3706 3695/4925/3695 3688/4916/3688
f 3696/4926/3696 3695/4925/3695 3707/4943/3707
f 3708/4944/3708 56/62/56 55/61/55
f 3708/4944/3708 3698/4945/3698 56/62/56
f 3709/4946/3709 3702/4936/3702 3701/4935/3701
f 3710/4947/3710 1183/1506/1183 3702/4940/3702
f 3711/4948/3711 3703/4937/3703 1183/1506/1183
f 1200/1531/1200 30/34/30 45/49/45
f 3708/4949/3708 3705/4939/3705 3698/4930/3698
f 3712/4950/3712 3699/4932/3699 3705/4939/3705
f 3713/4951/3713 3699/4932/3699 3714/4952/3714
f 3713/4953/3713 3701/4935/3701 3699/4934/3699
f 3715/4954/3715 3702/4936/3702 3709/4946/3709
f 3711/4948/3711 1183/1506/1183 3710/4947/3710
f 3711/4948/3711 3697/4929/3697 3703/4937/3703
f 3716/4955/3716 3697/4929/3697 3711/4948/3711
f 3716/4955/3716 3706/4942/3706 3697/4929/3697
f 3707/4943/3707 3695/4925/3695 3706/4942/3706
f 694/832/694 675/808/675 3704/4938/3704
f 3714/4952/3714 3699/4932/3699 3712/4950/3712
f 3709/4946/3709 3701/4935/3701 3713/4953/3713
f 3717/4956/3717 3715/4954/3715 3709/4946/3709
f 3710/4957/3710 3702/4936/3702 3715/4954/3715
f 3711/4948/3711 3710/4947/3710 3715/4958/3715
f 3718/4959/3718 3711/4948/3711 3715/4958/3715
f 3719/4960/3719 3711/4948/3711 3718/4959/3718
f 3720/4961/3720 3696/4926/3696 3707/4943/3707
f 63/69/63 38/42/38 61/67/61
f 63/69/63 44/48/44 38/42/38
f 717/863/717 3705/4939/3705 3708/4949/3708
f 3721/4962/3721 3709/4946/3709 3713/4953/3713
f 3717/4956/3717 3718/4963/3718 3715/4954/3715
f 3719/4960/3719 3716/4955/3716 3711/4948/3711
f 3722/4964/3722 3706/4942/3706 3716/4955/3716
f 3723/4965/3723 69/76/69 3700/4933/3700
f 71/78/71 58/64/58 59/65/59
f 3038/3978/3038 3027/3964/3027 3045/3992/3045
f 702/844/702 694/832/694 3704/4938/3704
f 3717/4956/3717 3709/4946/3709 3721/4962/3721
f 3717/4956/3717 3719/4966/3719 3718/4963/3718
f 3724/4967/3724 3719/4966/3719 3717/4956/3717
f 3722/4964/3722 3716/4955/3716 3719/4960/3719
f 3725/4968/3725 3707/4943/3707 3706/4942/3706
f 3726/4969/3726 3700/4933/3700 3696/4926/3696
f 70/77/70 69/76/69 3723/4965/3723
f 3058/4011/3058 3038/3978/3038 3045/3992/3045
f 47/51/47 3727/4970/3727 3728/4971/3728
f 1215/4972/1215 50/54/50 47/51/47
f 1214/4973/1214 50/54/50 1215/4972/1215
f 1214/4973/1214 60/66/60 50/54/50
f 1214/1553/1214 66/72/66 60/73/60
f 769/942/769 3704/4938/3704 1200/1531/1200
f 717/4974/717 3708/4944/3708 55/61/55
f 3712/4950/3712 3705/4939/3705 717/863/717
f 730/881/730 3712/4950/3712 717/863/717
f 3729/4975/3729 3712/4950/3712 730/881/730
f 3730/4976/3730 3714/4952/3714 3712/4950/3712
f 3730/4977/3730 3713/4953/3713 3714/4978/3714
f 3721/4962/3721 3713/4953/3713 3730/4977/3730
f 3731/4979/3731 3724/4967/3724 3717/4956/3717
f 3732/4980/3732 3719/4960/3719 3724/4981/3724
f 3732/4980/3732 3722/4964/3722 3719/4960/3719
f 3725/4968/3725 3706/4942/3706 3722/4964/3722
f 3733/4982/3733 3707/4943/3707 3725/4968/3725
f 3733/4982/3733 3720/4961/3720 3707/4943/3707
f 3734/4983/3734 3726/4969/3726 3696/4926/3696
f 3723/4965/3723 3700/4933/3700 3726/4969/3726
f 1187/1520/1187 706/850/706 2742/3545/2742
f 1215/4972/1215 47/51/47 3728/4971/3728
f 1213/1552/1213 66/72/66 1214/1553/1214
f 3730/4976/3730 3712/4950/3712 3729/4975/3729
f 3721/4962/3721 3730/4977/3730 3729/4984/3729
f 3731/4979/3731 3717/4956/3717 3721/4962/3721
f 723/872/723 3722/4964/3722 3732/4980/3732
f 723/872/723 3725/4968/3725 3722/4964/3722
f 3734/4983/3734 3696/4926/3696 3720/4961/3720
f 3735/4985/3735 58/64/58 71/78/71
f 3728/4971/3728 3736/4986/3736 87/96/87
f 77/84/77 717/4974/717 55/61/55
f 85/94/85 3721/4962/3721 3729/4984/3729
f 3731/4979/3731 3732/4987/3732 3724/4967/3724
f 3737/4988/3737 3732/4987/3732 3731/4979/3731
f 3737/4989/3737 723/872/723 3732/4980/3732
f 721/873/721 723/872/723 3737/4989/3737
f 724/874/724 3725/4968/3725 723/872/723
f 724/874/724 3733/4982/3733 3725/4968/3725
f 70/77/70 3723/4965/3723 3738/4990/3738
f 3738/4991/3738 71/4992/71 70/4993/70
f 709/854/709 58/64/58 743/902/743
f 1215/4972/1215 3728/4971/3728 87/96/87
f 1200/1531/1200 66/72/66 1213/1552/1213
f 729/879/729 702/844/702 3704/4938/3704
f 85/4994/85 3729/4975/3729 730/881/730
f 84/93/84 3737/4988/3737 3731/4979/3731
f 84/4995/84 721/873/721 3737/4989/3737
f 3739/4996/3739 3720/4961/3720 3733/4982/3733
f 3739/4996/3739 3734/4983/3734 3720/4961/3720
f 3740/4997/3740 3723/4998/3723 3726/4999/3726
f 3738/4991/3738 3723/4998/3723 3740/4997/3740
f 3741/5000/3741 58/5001/58 3735/5002/3735
f 2742/3545/2742 706/850/706 698/837/698
f 2742/3539/2742 1180/1502/1180 1187/1522/1187
f 89/98/89 1220/5003/1220 87/96/87
f 1220/5003/1220 1215/4972/1215 87/96/87
f 84/93/84 3731/4979/3731 3721/4962/3721
f 3742/5004/3742 3733/4982/3733 724/874/724
f 3742/5004/3742 3739/4996/3739 3733/4982/3733
f 3740/5005/3740 3726/4969/3726 3734/4983/3734
f 3740/4997/3740 3743/5006/3743 3738/4991/3738
f 3743/5006/3743 71/4992/71 3738/4991/3738
f 3743/5006/3743 3735/5002/3735 71/4992/71
f 743/902/743 58/64/58 3741/5007/3741
f 2723/3509/2723 1180/1502/1180 2742/3539/2742
f 1213/1552/1213 1220/1560/1220 89/5008/89
f 127/142/127 3704/4938/3704 769/942/769
f 729/879/729 3704/4938/3704 127/142/127
f 731/882/731 85/4994/85 730/881/730
f 747/909/747 85/94/85 731/910/731
f 84/93/84 3721/4962/3721 85/94/85
f 3073/4029/3073 3058/4011/3058 3045/3992/3045
f 86/95/86 88/97/88 3744/5009/3744
f 767/940/767 1200/1531/1200 1213/1552/1213
f 83/92/83 85/94/85 747/909/747
f 3745/5010/3745 3746/5011/3746 3739/4996/3739
f 3746/5011/3746 3734/4983/3734 3739/4996/3739
f 3746/5012/3746 3740/4997/3740 3734/5013/3734
f 117/132/117 3735/5002/3735 3743/5006/3743
f 748/911/748 83/92/83 747/909/747
f 3747/5014/3747 83/92/83 748/911/748
f 3748/5015/3748 3739/4996/3739 3742/5004/3742
f 3748/5015/3748 3745/5010/3745 3739/4996/3739
f 2743/3541/2743 2742/3545/2742 698/837/698
f 3073/4029/3073 3045/3992/3045 3749/5016/3749
f 2746/5017/2746 736/907/736 94/5018/94
f 737/893/737 83/92/83 3747/5014/3747
f 738/896/738 737/893/737 3747/5014/3747
f 3747/5014/3747 749/913/749 738/896/738
f 3742/5004/3742 724/874/724 741/900/741
f 3750/5019/3750 3740/4997/3740 3746/5012/3746
f 3741/5000/3741 3735/5002/3735 117/132/117
f 3751/5020/3751 743/5021/743 3741/5000/3741
f 3751/5020/3751 742/5022/742 743/5021/743
f 115/130/115 114/129/114 3752/5023/3752
f 3753/5024/3753 3073/4029/3073 3749/5016/3749
f 3754/5025/3754 3068/4024/3068 3067/4023/3067
f 3744/5009/3744 3068/4024/3068 3754/5025/3754
f 127/142/127 769/942/769 768/941/768
f 3755/5026/3755 749/913/749 3747/5014/3747
f 771/944/771 3742/5004/3742 741/900/741
f 771/944/771 3748/5015/3748 3742/5004/3742
f 3750/5019/3750 3743/5006/3743 3740/4997/3740
f 3756/5027/3756 3072/4028/3072 3073/4029/3073
f 3757/5028/3757 3072/4028/3072 3756/5027/3756
f 3757/5028/3757 3067/4031/3067 3072/4028/3072
f 3758/5029/3758 3744/5009/3744 3754/5025/3754
f 3758/5029/3758 86/95/86 3744/5009/3744
f 102/114/102 729/879/729 127/142/127
f 111/126/111 736/907/736 2746/5017/2746
f 759/931/759 3747/5014/3747 748/911/748
f 3759/5030/3759 740/914/740 749/913/749
f 3759/5030/3759 741/5031/741 740/914/740
f 775/948/775 3748/5015/3748 771/944/771
f 775/948/775 3745/5010/3745 3748/5015/3748
f 152/171/152 3743/5006/3743 3750/5019/3750
f 726/876/726 709/854/709 742/901/742
f 2751/3557/2751 2723/3509/2723 2741/3538/2741
f 2752/3556/2752 2723/3509/2723 2751/3557/2751
f 2712/3490/2712 2723/3509/2723 2752/3556/2752
f 3754/5025/3754 3067/4023/3067 3757/5032/3757
f 3760/5033/3760 86/95/86 3758/5029/3758
f 1230/1573/1230 86/5034/86 3760/5035/3760
f 110/125/110 736/907/736 111/126/111
f 3755/5026/3755 3747/5014/3747 759/931/759
f 109/5036/109 3755/5026/3755 759/931/759
f 3755/5026/3755 3759/5030/3759 749/913/749
f 772/945/772 771/944/771 741/900/741
f 3761/5037/3761 3745/5038/3745 775/5039/775
f 3761/5037/3761 3746/5012/3746 3745/5038/3745
f 3750/5019/3750 3746/5012/3746 3761/5037/3761
f 118/133/118 117/132/117 3743/5006/3743
f 726/876/726 742/901/742 3751/5040/3751
f 2740/3536/2740 1221/1561/1221 1225/1567/1225
f 2752/3556/2752 3762/5041/3762 2712/3490/2712
f 3749/5016/3749 3752/5023/3752 114/129/114
f 3763/5042/3763 3757/5028/3757 3756/5027/3756
f 106/120/106 101/113/101 102/114/102
f 110/125/110 109/124/109 759/5043/759
f 3764/5044/3764 3755/5026/3755 109/5036/109
f 772/956/772 741/5031/741 3759/5030/3759
f 782/5045/782 3761/5037/3761 775/5039/775
f 118/133/118 3743/5006/3743 152/171/152
f 3741/5000/3741 117/132/117 116/131/116
f 140/157/140 3751/5020/3751 3741/5000/3741
f 3765/5046/3765 755/922/755 726/876/726
f 2747/3548/2747 2740/3536/2740 1225/1567/1225
f 3766/5047/3766 3757/5032/3757 3763/5048/3763
f 3766/5047/3766 3754/5025/3754 3757/5032/3757
f 3767/5049/3767 1230/1573/1230 3760/5035/3760
f 767/940/767 1230/1573/1230 3767/5049/3767
f 2759/3565/2759 3759/5030/3759 3755/5026/3755
f 2758/3564/2758 3759/5030/3759 2759/3565/2759
f 781/954/781 772/956/772 3759/5030/3759
f 2758/3564/2758 781/954/781 3759/5030/3759
f 3768/5050/3768 782/5045/782 774/5051/774
f 141/158/141 3741/5000/3741 116/131/116
f 3769/5052/3769 726/876/726 3751/5040/3751
f 3770/5053/3770 3749/5016/3749 114/129/114
f 3753/5024/3753 3749/5016/3749 3770/5053/3770
f 3771/5054/3771 3756/5027/3756 3772/5055/3772
f 3771/5054/3771 3763/5042/3763 3756/5027/3756
f 3766/5047/3766 3763/5048/3763 3771/5056/3771
f 125/140/125 3754/5025/3754 3766/5047/3766
f 124/139/124 3754/5025/3754 125/140/125
f 124/139/124 3758/5029/3758 3754/5025/3754
f 3760/5033/3760 3758/5029/3758 124/139/124
f 128/143/128 127/142/127 768/941/768
f 106/120/106 102/114/102 126/141/126
f 2760/3566/2760 781/954/781 2758/3564/2758
f 790/5057/790 3768/5050/3768 774/5051/774
f 3773/5058/3773 3750/5019/3750 3761/5037/3761
f 141/158/141 140/157/140 3741/5000/3741
f 140/157/140 3769/5059/3769 3751/5020/3751
f 3769/5052/3769 3765/5046/3765 726/876/726
f 155/5060/155 3765/5046/3765 3769/5052/3769
f 761/933/761 755/922/755 3765/5046/3765
f 3774/5061/3774 3760/5062/3760 124/139/124
f 128/143/128 768/941/768 767/940/767
f 126/141/126 102/114/102 127/142/127
f 3768/5050/3768 3761/5037/3761 782/5045/782
f 3770/5053/3770 114/129/114 113/128/113
f 3775/5063/3775 3766/5047/3766 3771/5056/3771
f 125/140/125 3766/5047/3766 3775/5063/3775
f 123/138/123 3774/5061/3774 124/139/124
f 3767/5049/3767 3760/5035/3760 3774/5064/3774
f 3767/5049/3767 128/143/128 767/940/767
f 136/152/136 107/121/107 106/120/106
f 138/155/138 109/124/109 112/127/112
f 137/3574/137 2759/3565/2759 138/5065/138
f 164/185/164 781/954/781 2760/3566/2760
f 164/185/164 790/968/790 781/954/781
f 3773/5058/3773 3761/5037/3761 3768/5050/3768
f 152/171/152 3750/5019/3750 3773/5058/3773
f 761/982/761 3765/5066/3765 155/174/155
f 3776/5067/3776 2756/3562/2756 3762/5041/3762
f 149/167/149 106/120/106 126/141/126
f 807/1000/807 3768/5050/3768 790/5057/790
f 3777/5068/3777 3773/5058/3773 3768/5050/3768
f 194/223/194 141/158/141 116/131/116
f 3769/5059/3769 140/157/140 155/174/155
f 2771/3584/2771 3762/5041/3762 2752/3556/2752
f 3776/5067/3776 3762/5041/3762 2771/3584/2771
f 3778/5069/3778 125/140/125 3775/5063/3775
f 3767/5049/3767 3774/5064/3774 123/5070/123
f 136/152/136 106/120/106 149/167/149
f 807/999/807 790/968/790 164/185/164
f 807/1000/807 3777/5068/3777 3768/5050/3768
f 3779/5071/3779 152/171/152 3773/5058/3773
f 3778/5069/3778 3775/5063/3775 3780/5072/3780
f 123/138/123 125/140/125 2778/3598/2778
f 3781/5073/3781 3767/5049/3767 123/5074/123
f 2776/3596/2776 3767/5049/3767 3781/5073/3781
f 178/203/178 3777/5068/3777 807/1000/807
f 3777/5068/3777 3779/5071/3779 3773/5058/3773
f 183/209/183 116/131/116 145/163/145
f 194/223/194 116/131/116 183/209/183
f 166/187/166 761/982/761 155/174/155
f 2778/3598/2778 125/140/125 3778/5069/3778
f 3781/5075/3781 123/138/123 2778/3598/2778
f 2776/3596/2776 128/143/128 3767/5049/3767
f 145/163/145 152/171/152 3779/5071/3779
f 2772/3586/2772 2756/3562/2756 3776/5067/3776
f 3782/5076/3782 3778/5069/3778 3783/5077/3783
f 2779/3599/2779 3778/5069/3778 3782/5076/3782
f 2778/3598/2778 3778/5069/3778 2779/3599/2779
f 180/206/180 3777/5068/3777 178/203/178
f 3779/5071/3779 3777/5068/3777 180/206/180
f 3776/5067/3776 2771/3584/2771 1266/1617/1266
f 3784/5078/3784 113/128/113 147/165/147
f 2778/3598/2778 2776/5079/2776 3781/5075/3781
f 180/206/180 204/236/204 3779/5071/3779
f 145/163/145 3779/5071/3779 204/236/204
f 204/236/204 184/210/184 145/163/145
f 183/209/183 145/163/145 184/210/184
f 3785/5080/3785 126/141/126 128/143/128
f 3786/5081/3786 149/167/149 126/141/126
f 195/224/195 194/223/194 193/222/193
f 141/158/141 194/223/194 195/224/195
f 3787/5082/3787 3784/5078/3784 147/165/147
f 3788/5083/3788 3784/5078/3784 3787/5082/3787
f 3788/5084/3788 3789/5085/3789 3784/5086/3784
f 3790/5087/3790 3789/5085/3789 3788/5084/3788
f 3783/5088/3783 3789/5085/3789 3790/5087/3790
f 3782/5089/3782 3783/5088/3783 3790/5087/3790
f 2775/3600/2775 2776/5079/2776 2778/3598/2778
f 148/166/148 149/167/149 3786/5081/3786
f 204/236/204 180/206/180 181/207/181
f 3791/5090/3791 147/5091/147 206/276/206
f 3791/5092/3791 3787/5082/3787 147/165/147
f 3788/5084/3788 3787/5093/3787 3791/5090/3791
f 2779/3599/2779 3782/5076/3782 3790/5094/3790
f 3785/5080/3785 128/143/128 2775/3595/2775
f 2782/3605/2782 3785/5080/3785 2775/3595/2775
f 3785/5080/3785 3786/5081/3786 126/141/126
f 197/226/197 148/166/148 3786/5081/3786
f 217/254/217 204/236/204 181/207/181
f 227/267/227 195/224/195 193/222/193
f 1266/1617/1266 2772/3586/2772 3776/5067/3776
f 233/277/233 3791/5090/3791 206/276/206
f 3792/5095/3792 3788/5084/3788 3791/5090/3791
f 3793/5096/3793 3790/5087/3790 3788/5084/3788
f 2779/3599/2779 3790/5094/3790 3794/5097/3794
f 2777/3597/2777 2779/3599/2779 3794/5097/3794
f 3792/5095/3792 3791/5090/3791 233/277/233
f 3792/5095/3792 3793/5096/3793 3788/5084/3788
f 3794/5098/3794 3790/5087/3790 3793/5096/3793
f 2784/3608/2784 2777/3597/2777 3794/5097/3794
f 2785/5099/2785 2771/3584/2771 2770/3585/2770
f 2785/5099/2785 1266/1617/1266 2771/3584/2771
f 2784/5100/2784 3794/5098/3794 3793/5096/3793
f 3795/5101/3795 3785/5080/3785 2782/3605/2782
f 3795/5101/3795 3786/5081/3786 3785/5080/3785
f 234/278/234 197/226/197 3786/5081/3786
f 2772/3586/2772 1266/1617/1266 1291/1644/1291
f 3796/5102/3796 233/277/233 244/293/244
f 3796/5102/3796 3792/5095/3792 233/277/233
f 3797/5103/3797 3792/5095/3792 3796/5102/3796
f 3793/5096/3793 3792/5095/3792 3797/5103/3797
f 3797/5103/3797 2784/5104/2784 3793/5096/3793
f 2781/5105/2781 2784/5104/2784 3797/5103/3797
f 3798/5106/3798 2782/3605/2782 2781/3604/2781
f 818/1013/818 836/1031/836 815/1010/815
f 1265/1616/1265 1291/1644/1291 1266/1617/1266
f 3799/5107/3799 3797/5103/3797 3796/5102/3796
f 3798/5108/3798 2781/5105/2781 3797/5103/3797
f 3799/5107/3799 3798/5108/3798 3797/5103/3797
f 3795/5101/3795 2782/3605/2782 3798/5106/3798
f 1264/1615/1264 1266/1617/1266 2785/5099/2785
f 3800/5109/3800 1271/1622/1271 2772/3586/2772
f 3796/5102/3796 244/293/244 266/325/266
f 3801/5110/3801 3796/5102/3796 266/325/266
f 3802/5111/3802 3798/5106/3798 3799/5112/3799
f 3802/5111/3802 3795/5101/3795 3798/5106/3798
f 3795/5101/3795 234/278/234 3786/5081/3786
f 3803/5113/3803 234/278/234 3795/5101/3795
f 3803/5113/3803 268/327/268 234/278/234
f 268/327/268 245/294/245 234/278/234
f 3804/5114/3804 266/325/266 267/326/267
f 3802/5115/3802 266/325/266 3804/5114/3804
f 3802/5115/3802 3801/5110/3801 266/325/266
f 3799/5107/3799 3796/5102/3796 3801/5110/3801
f 3802/5116/3802 3799/5107/3799 3801/5110/3801
f 3805/5117/3805 3803/5113/3803 3795/5101/3795
f 3806/5118/3806 267/326/267 278/338/278
f 3805/5119/3805 267/326/267 3806/5118/3806
f 3805/5119/3805 3804/5114/3804 267/326/267
f 3795/5101/3795 3802/5111/3802 3804/5120/3804
f 3805/5117/3805 3795/5101/3795 3804/5120/3804
f 3806/5121/3806 3803/5113/3803 3805/5117/3805
f 282/343/282 228/268/228 260/319/260
f 282/343/282 218/255/218 228/268/228
f 1278/1641/1278 1264/5122/1264 2785/3616/2785
f 3800/5109/3800 2772/3586/2772 1291/1644/1291
f 295/5123/295 3806/5118/3806 278/338/278
f 295/361/295 3803/5113/3803 3806/5121/3806
f 295/361/295 268/327/268 3803/5113/3803
f 1278/1641/1278 2774/3592/2774 1277/1628/1277
f 286/350/286 295/5123/295 278/338/278
f 279/367/279 295/5124/295 286/350/286
f 285/349/285 269/328/269 286/350/286
f 326/395/326 260/319/260 259/318/259
f 1283/1634/1283 3800/5109/3800 1291/1644/1291
f 326/395/326 302/369/302 260/319/260
f 3807/5125/3807 1291/1644/1291 1290/1643/1290
f 332/401/332 326/395/326 259/318/259
f 332/401/332 259/318/259 301/368/301
f 1283/1634/1283 1291/1644/1291 3807/5125/3807
f 846/1041/846 837/1032/837 827/1022/827
f 846/1041/846 827/1022/827 841/1036/841
f 1302/1657/1302 1294/1647/1294 1298/5126/1298
f 862/1061/862 837/1032/837 846/1041/846
f 377/451/377 837/1032/837 862/1061/862
f 1312/1667/1312 371/443/371 373/445/373
f 849/1044/849 840/1035/840 1312/1667/1312
f 377/451/377 862/1061/862 389/464/389
f 3808/5127/3808 849/1044/849 1312/1667/1312
f 394/469/394 370/442/370 408/485/408
f 3809/5128/3809 3810/5129/3810 411/488/411
f 3811/5130/3811 3812/5131/3812 3813/5132/3813
f 3814/5133/3814 3809/5128/3809 411/488/411
f 3815/5134/3815 3814/5133/3814 411/488/411
f 3815/5134/3815 411/488/411 415/493/415
f 3816/5135/3816 3814/5133/3814 3815/5134/3815
f 3817/5136/3817 3814/5133/3814 3816/5135/3816
f 3818/5137/3818 415/493/415 409/486/409
f 3819/5138/3819 3815/5134/3815 415/493/415
f 3819/5139/3819 3816/5140/3816 3815/5134/3815
f 3820/5141/3820 3816/5142/3816 3819/5143/3819
f 3817/5144/3817 3816/5142/3816 3820/5141/3820
f 3821/5145/3821 3822/5146/3822 3823/5147/3823
f 3824/5148/3824 415/493/415 3818/5137/3818
f 3825/5149/3825 415/493/415 3824/5148/3824
f 3819/5150/3819 415/493/415 3825/5149/3825
f 3826/5151/3826 3817/5144/3817 3820/5141/3820
f 3827/5152/3827 3823/5147/3823 3822/5146/3822
f 867/1066/867 861/1060/861 866/1065/866
f 3820/5141/3820 3819/5143/3819 3825/5153/3825
f 3828/5154/3828 3826/5151/3826 3820/5141/3820
f 3820/5141/3820 3825/5153/3825 3829/5155/3829
f 422/500/422 416/494/416 408/485/408
f 3830/5156/3830 867/1066/867 866/1065/866
f 3831/5157/3831 3821/5145/3821 3823/5147/3823
f 3832/5158/3832 866/1065/866 2809/3645/2809
f 3833/5159/3833 3820/5141/3820 3829/5155/3829
f 2809/5160/2809 2810/3646/2810 3834/5161/3834
f 3835/5162/3835 867/1066/867 3830/5156/3830
f 3836/5163/3836 416/494/416 422/500/422
f 3837/5164/3837 416/5165/416 3836/5166/3836
f 3832/5167/3832 2809/5160/2809 3834/5161/3834
f 870/1069/870 3838/5168/3838 403/480/403
f 3839/5169/3839 3837/5164/3837 3836/5166/3836
f 3840/5170/3840 3833/5159/3833 3839/5169/3839
f 2813/3650/2813 3834/5161/3834 2810/3646/2810
f 3830/5156/3830 866/1065/866 3832/5158/3832
f 3835/5162/3835 3830/5156/3830 3841/5171/3841
f 3835/5162/3835 872/1071/872 867/1066/867
f 3842/5172/3842 3836/5166/3836 422/5173/422
f 3839/5169/3839 3836/5166/3836 3842/5172/3842
f 3843/5174/3843 3833/5159/3833 3840/5170/3840
f 3844/5175/3844 3834/5161/3834 2813/3650/2813
f 3845/5176/3845 3838/5168/3838 870/1069/870
f 3846/5177/3846 2813/3650/2813 3847/5178/3847
f 3848/5179/3848 3830/5156/3830 3832/5158/3832
f 3839/5169/3839 3842/5172/3842 3849/5180/3849
f 3844/5175/3844 2813/3650/2813 3846/5177/3846
f 3841/5181/3841 3830/5182/3830 3848/5183/3848
f 3835/5162/3835 3841/5171/3841 3850/5184/3850
f 3851/5185/3851 3835/5162/3835 3852/5186/3852
f 872/1071/872 3835/5162/3835 3851/5185/3851
f 3844/5175/3844 3848/5183/3848 3834/5161/3834
f 3852/5186/3852 3835/5162/3835 3850/5184/3850
f 3848/5183/3848 3844/5175/3844 3853/5187/3853
f 3854/5188/3854 3845/5176/3845 870/1069/870
f 3850/5189/3850 3841/5181/3841 3848/5183/3848
f 3853/5187/3853 3844/5175/3844 3855/5190/3855
f 3856/5191/3856 3851/5192/3851 3852/5193/3852
f 3857/5194/3857 870/1069/870 3858/5195/3858
f 3857/5194/3857 3854/5188/3854 870/1069/870
f 3850/5189/3850 3848/5183/3848 3853/5187/3853
f 3859/5196/3859 3854/5197/3854 3857/5198/3857
f 3853/5187/3853 3855/5190/3855 3860/5199/3860
f 3851/5185/3851 3856/5200/3856 3861/5201/3861
f 3862/5202/3862 3859/5196/3859 3857/5198/3857
f 3863/5203/3863 3859/5196/3859 3862/5202/3862
f 3856/5191/3856 3852/5193/3852 3864/5204/3864
f 3864/5204/3864 3861/5205/3861 3856/5191/3856
f 3864/5204/3864 3853/5187/3853 3860/5199/3860
f 3864/5204/3864 3850/5189/3850 3853/5187/3853
f 3851/5185/3851 3861/5201/3861 3865/5206/3865
f 3866/5207/3866 874/1073/874 3851/5185/3851
f 3866/5207/3866 3851/5185/3851 3865/5206/3865
f 3867/5208/3867 3864/5204/3864 3860/5199/3860
f 3861/5205/3861 3864/5204/3864 3868/5209/3868
f 3869/5210/3869 3866/5211/3866 3870/5212/3870
f 3871/5213/3871 3860/5199/3860 3872/5214/3872
f 3867/5208/3867 3860/5199/3860 3871/5213/3871
f 3873/5215/3873 3868/5209/3868 3864/5204/3864
f 3874/5216/3874 3866/5211/3866 3865/5217/3865
f 3875/5218/3875 3869/5210/3869 3870/5212/3870
f 3874/5219/3874 3861/5205/3861 3868/5209/3868
f 3874/5219/3874 3865/5220/3865 3861/5205/3861
f 3876/5221/3876 3866/5211/3866 3874/5216/3874
f 3877/5222/3877 3874/5219/3874 3868/5209/3868
f 3878/5223/3878 3879/5224/3879 3880/5225/3880
f 3881/5226/3881 3867/5208/3867 3871/5213/3871
f 3882/5227/3882 3868/5209/3868 3873/5215/3873
f 3877/5228/3877 3868/5229/3868 3882/5230/3882
f 3883/5231/3883 3871/5213/3871 3872/5214/3872
f 3884/5232/3884 3877/5228/3877 3882/5230/3882
f 3873/5215/3873 3867/5208/3867 3881/5226/3881
f 3885/5233/3885 3871/5213/3871 3883/5231/3883
f 3886/5234/3886 3882/5227/3882 3873/5215/3873
f 3886/5235/3886 3887/5236/3887 3882/5237/3882
f 3881/5226/3881 3871/5213/3871 3885/5233/3885
f 3888/5238/3888 3885/5233/3885 3883/5231/3883
f 3888/5238/3888 3881/5226/3881 3885/5233/3885
f 3886/5239/3886 3881/5226/3881 3889/5240/3889
f 3889/5241/3889 3881/5226/3881 3888/5238/3888
f 3890/5242/3890 3888/5238/3888 3883/5231/3883
f 3889/5243/3889 3888/5244/3888 3891/5245/3891
f 3890/5242/3890 3883/5231/3883 3892/5246/3892
f 3891/5245/3891 3888/5247/3888 3890/5248/3890
f 3893/5249/3893 3891/5245/3891 3894/5250/3894
f 3893/5249/3893 3889/5243/3889 3891/5245/3891
f 3894/5250/3894 3891/5245/3891 3890/5248/3890
f 3895/5251/3895 3890/5248/3890 3892/5252/3892
f 3896/5253/3896 3890/5248/3890 3895/5251/3895
f 3896/5253/3896 3894/5250/3894 3890/5248/3890
f 3897/5254/3897 3893/5249/3893 3894/5250/3894
f 3897/5254/3897 3894/5250/3894 3896/5253/3896
f 3897/5254/3897 3896/5253/3896 3898/5255/3898
f 3848/5183/3848 3832/5256/3832 3834/5161/3834
f 3850/5189/3850 3864/5204/3864 3852/5193/3852
f 3873/5215/3873 3864/5204/3864 3867/5208/3867
f 3886/5234/3886 3873/5215/3873 3881/5226/3881
f 2540/3243/2540 2859/3717/2859 2868/5257/2868
f 2496/3722/2496 2859/3717/2859 3899/5258/3899
f 3899/5258/3899 2859/3717/2859 2540/3243/2540
f 3899/5258/3899 1033/5259/1033 2496/3722/2496
f 2543/3248/2543 1033/1282/1033 3899/5260/3899
f 2539/5261/2539 3899/5258/3899 2540/3243/2540
f 2877/3743/2877 1033/1282/1033 2543/3248/2543
f 1038/1291/1038 1033/1282/1033 2877/3743/2877
f 2537/5262/2537 2868/5263/2868 2863/3726/2863
f 2536/3239/2536 2868/5257/2868 2537/3240/2537
f 2540/3243/2540 2868/5257/2868 2536/3239/2536
f 2543/3248/2543 3899/5260/3899 2539/3246/2539
f 2537/5262/2537 2863/3726/2863 2554/3265/2554
f 2544/3249/2544 2877/3743/2877 2543/3248/2543
f 2541/3244/2541 2540/3243/2540 2536/3239/2536
f 2876/3742/2876 2877/3743/2877 2544/3249/2544
f 3900/5264/3900 2569/3292/2569 2589/3317/2589
f 3900/5264/3900 2553/3282/2553 2569/3292/2569
f 1120/1413/1120 1091/1371/1091 2604/3336/2604
f 2553/3282/2553 3900/5264/3900 3901/5265/3901
f 3902/5266/3902 2905/3783/2905 2891/3761/2891
f 2575/3301/2575 2553/3282/2553 3901/5265/3901
f 3903/5267/3903 2577/3303/2577 2603/5268/2603
f 3904/5269/3904 2911/3791/2911 2894/3770/2894
f 2607/3340/2607 2575/3301/2575 3901/5265/3901
f 3905/5270/3905 3903/5271/3903 2603/3334/2603
f 3906/5272/3906 3900/5264/3900 2589/3317/2589
f 2629/3374/2629 2607/3340/2607 3901/5265/3901
f 3906/5272/3906 2589/3317/2589 2905/3783/2905
f 3907/5273/3907 3906/5272/3906 2905/3783/2905
f 3901/5265/3901 3900/5264/3900 3906/5272/3906
f 3907/5273/3907 2905/3783/2905 3902/5266/3902
f 3907/5273/3907 3902/5266/3902 3908/5274/3908
f 2629/3374/2629 3901/5265/3901 3909/5275/3909
f 3667/4885/3667 1119/1412/1119 2635/3381/2635
f 3910/5276/3910 3909/5275/3909 3901/5265/3901
f 3911/5277/3911 2633/3379/2633 3670/4888/3670
f 3912/5278/3912 3667/4885/3667 2635/3381/2635
f 3913/5279/3913 3907/5273/3907 3908/5274/3908
f 3910/5276/3910 3906/5272/3906 3907/5273/3907
f 2635/3381/2635 2633/3379/2633 3911/5277/3911
f 3912/5278/3912 2635/3381/2635 3911/5277/3911
f 3675/4898/3675 3667/4885/3667 3912/5278/3912
f 3910/5276/3910 3901/5265/3901 3906/5272/3906
f 2628/3373/2628 2629/3374/2629 2657/3412/2657
f 3914/5280/3914 3912/5278/3912 3911/5277/3911
f 3693/4923/3693 3675/4898/3675 3912/5278/3912
f 676/5281/676 3911/5277/3911 3670/4888/3670
f 3915/5282/3915 3907/5273/3907 3913/5279/3913
f 3916/5283/3916 2629/3374/2629 3909/5275/3909
f 3916/5283/3916 2657/3412/2657 2629/3374/2629
f 671/804/671 3670/4888/3670 666/799/666
f 676/5281/676 3670/4888/3670 671/804/671
f 3917/5284/3917 3911/5277/3911 676/5281/676
f 3914/5280/3914 3911/5277/3911 3917/5284/3917
f 3692/4921/3692 3912/5278/3912 3914/5280/3914
f 3918/5285/3918 3910/5276/3910 3907/5273/3907
f 3693/4923/3693 3912/5278/3912 3692/4921/3692
f 1146/1446/1146 691/1475/691 1144/1444/1144
f 3918/5285/3918 3907/5273/3907 3915/5282/3915
f 3691/4919/3691 3917/5286/3917 676/5287/676
f 3691/4919/3691 3914/5288/3914 3917/5286/3917
f 3690/4918/3690 3914/5288/3914 3691/4919/3691
f 3690/4922/3690 3692/4921/3692 3914/5280/3914
f 3919/5289/3919 3909/5275/3909 3910/5276/3910
f 3916/5283/3916 3909/5275/3909 3919/5289/3919
f 3920/5290/3920 2657/3412/2657 3916/5283/3916
f 3691/4919/3691 676/5287/676 677/4928/677
f 683/817/683 3675/4898/3675 3693/4923/3693
f 3921/5291/3921 3922/5292/3922 1143/1443/1143
f 3920/5290/3920 2993/3910/2993 2657/3412/2657
f 3923/5293/3923 1143/1443/1143 3922/5292/3922
f 3918/5285/3918 3924/5294/3924 3910/5276/3910
f 3919/5289/3919 3910/5276/3910 3924/5294/3924
f 3920/5290/3920 3916/5283/3916 3919/5289/3919
f 688/825/688 21/24/21 29/33/29
f 3921/5291/3921 1143/1443/1143 36/40/36
f 1146/1446/1146 1143/1443/1143 3923/5293/3923
f 3925/5295/3925 3918/5285/3918 3915/5282/3915
f 2691/3457/2691 21/24/21 688/825/688
f 3924/5294/3924 3918/5285/3918 3925/5295/3925
f 74/81/74 2993/3910/2993 3920/5290/3920
f 48/52/48 3002/3923/3002 3013/3938/3013
f 51/55/51 3002/3923/3002 48/52/48
f 3926/5296/3926 36/40/36 35/39/35
f 3927/5297/3927 36/40/36 3926/5296/3926
f 3921/5291/3921 36/40/36 3927/5297/3927
f 3923/5293/3923 692/1474/692 1146/1446/1146
f 74/81/74 3920/5290/3920 3928/5298/3928
f 3023/3958/3023 3013/3938/3013 3011/3942/3011
f 3929/5299/3929 3922/5292/3922 3921/5291/3921
f 705/5300/705 3922/5292/3922 3929/5301/3929
f 3360/5302/3360 3930/5303/3930 3361/5304/3361
f 48/52/48 3013/3938/3013 3023/3958/3023
f 3927/5305/3927 3926/5306/3926 1222/1562/1222
f 705/5307/705 3923/5293/3923 3922/5292/3922
f 2691/3457/2691 688/825/688 700/840/700
f 1222/1562/1222 3926/5306/3926 35/5308/35
f 3371/4448/3371 3930/5309/3930 3360/4449/3360
f 3931/5310/3931 2993/3910/2993 74/81/74
f 48/52/48 3023/3958/3023 49/53/49
f 705/849/705 692/848/692 3923/5311/3923
f 2696/3466/2696 2698/3468/2698 2993/3910/2993
f 3727/4970/3727 3023/3958/3023 3030/3969/3030
f 49/53/49 3023/3958/3023 3727/4970/3727
f 2681/3447/2681 2691/3457/2691 700/840/700
f 3932/5312/3932 35/39/35 37/41/37
f 3921/5313/3921 3927/5305/3927 1222/1562/1222
f 3933/5314/3933 3934/5315/3934 3925/5295/3925
f 3924/5294/3924 3925/5295/3925 3935/5316/3935
f 3931/5310/3931 2696/3466/2696 2993/3910/2993
f 3727/4970/3727 3030/3969/3030 3736/4986/3736
f 47/51/47 49/53/49 3727/4970/3727
f 65/71/65 2681/3447/2681 700/840/700
f 1222/1562/1222 3929/5317/3929 3921/5313/3921
f 705/849/705 3929/5317/3929 1221/1561/1221
f 3030/3969/3030 3029/3967/3029 3736/4986/3736
f 3728/4971/3728 3727/4970/3727 3736/4986/3736
f 3932/5312/3932 37/41/37 67/74/67
f 1222/1562/1222 1221/1561/1221 3929/5317/3929
f 766/939/766 690/828/690 705/849/705
f 3936/5318/3936 3934/5315/3934 3933/5314/3933
f 3044/3990/3044 2696/3466/2696 3937/5319/3937
f 3048/3995/3048 3736/4986/3736 3029/3967/3029
f 2738/3534/2738 35/5308/35 3932/5320/3932
f 1222/1562/1222 35/5308/35 2738/3534/2738
f 75/82/75 74/81/74 2732/3524/2732
f 3938/5321/3938 700/840/700 711/856/711
f 3939/5322/3939 3371/4448/3371 3359/4450/3359
f 3931/5310/3931 74/81/74 73/80/73
f 3940/5323/3940 3937/5319/3937 2696/3466/2696
f 3941/5324/3941 3736/4986/3736 3048/3995/3048
f 2738/5325/2738 3932/5312/3932 67/74/67
f 3940/5323/3940 2696/3466/2696 3931/5310/3931
f 3941/5324/3941 3048/3995/3048 3051/4001/3051
f 87/96/87 3736/4986/3736 3941/5324/3941
f 728/878/728 711/856/711 710/860/710
f 2738/3534/2738 67/5326/67 72/3528/72
f 88/97/88 87/96/87 3941/5324/3941
f 728/878/728 3938/5321/3938 711/856/711
f 2739/3535/2739 705/849/705 1221/1561/1221
f 3940/5323/3940 3931/5310/3931 3942/5327/3942
f 3943/5328/3943 3044/3990/3044 3937/5319/3937
f 3941/5324/3941 3051/4001/3051 3060/4015/3060
f 2737/3531/2737 700/840/700 3938/5321/3938
f 2739/3535/2739 766/939/766 705/849/705
f 3944/5329/3944 3937/5319/3937 3940/5323/3940
f 3059/4012/3059 3044/4013/3044 3943/5330/3943
f 3941/5324/3941 3060/4015/3060 3068/4024/3068
f 3744/5009/3744 3941/5324/3941 3068/4024/3068
f 88/97/88 3941/5324/3941 3744/5009/3744
f 3942/5327/3942 3931/5310/3931 73/80/73
f 3944/5329/3944 3940/5323/3940 3945/5331/3945
f 3943/5328/3943 3937/5319/3937 3944/5329/3944
f 3946/5332/3946 3059/4012/3059 3943/5330/3943
f 3078/4043/3078 3947/5333/3947 3053/4003/3053
f 1235/1579/1235 2738/3534/2738 72/3528/72
f 788/966/788 1222/1562/1222 2738/3534/2738
f 3945/5331/3945 3940/5323/3940 3942/5327/3942
f 3946/5334/3946 3943/5328/3943 3944/5329/3944
f 1213/1552/1213 89/5008/89 1230/1573/1230
f 3944/5329/3944 3945/5331/3945 133/149/133
f 3078/4043/3078 3053/4003/3053 3059/4012/3059
f 89/98/89 86/95/86 1230/5335/1230
f 753/918/753 745/919/745 752/5336/752
f 802/992/802 2733/3529/2733 2724/3532/2724
f 3752/5023/3752 3947/5333/3947 3078/4043/3078
f 780/953/780 3942/5327/3942 73/80/73
f 3946/5332/3946 3944/5337/3944 133/5338/133
f 3078/4043/3078 115/130/115 3752/5023/3752
f 3948/5339/3948 728/878/728 753/918/753
f 753/918/753 752/5336/752 763/5340/763
f 3938/5321/3938 728/878/728 3948/5339/3948
f 1235/1579/1235 2733/3529/2733 802/992/802
f 3949/5341/3949 3942/5327/3942 780/953/780
f 115/130/115 3078/4043/3078 120/135/120
f 2754/5342/2754 780/953/780 779/5343/779
f 134/150/134 3945/5331/3945 3942/5327/3942
f 121/136/121 3946/5332/3946 133/5338/133
f 120/135/120 3946/5332/3946 121/136/121
f 120/135/120 3059/4012/3059 3946/5332/3946
f 3772/5055/3772 3073/4029/3073 3753/5024/3753
f 2748/3550/2748 2737/3531/2737 3938/5321/3938
f 134/150/134 133/149/133 3945/5331/3945
f 121/136/121 133/5338/133 135/160/135
f 2759/3565/2759 3755/5026/3755 3764/5044/3764
f 753/918/753 763/5340/763 792/5344/792
f 792/5344/792 3948/5339/3948 753/918/753
f 3950/5345/3950 3938/5321/3938 3948/5339/3948
f 3950/5345/3950 2748/3550/2748 3938/5321/3938
f 134/150/134 3942/5327/3942 3949/5341/3949
f 138/155/138 3764/5346/3764 109/124/109
f 138/5065/138 2759/3565/2759 3764/5044/3764
f 3951/5347/3951 3772/5055/3772 3753/5024/3753
f 804/994/804 784/985/784 760/981/760
f 799/983/799 784/985/784 804/994/804
f 792/5344/792 786/5348/786 796/989/796
f 3950/5345/3950 3948/5339/3948 792/5344/792
f 3952/5349/3952 134/150/134 3949/5341/3949
f 800/988/800 792/5344/792 796/989/796
f 3953/5350/3953 792/5344/792 800/988/800
f 3954/5351/3954 792/5344/792 3953/5350/3953
f 3952/5349/3952 3949/5341/3949 3955/5352/3955
f 800/988/800 806/5353/806 3956/5354/3956
f 800/988/800 797/990/797 806/5353/806
f 3954/5351/3954 3950/5345/3950 792/5344/792
f 3957/5355/3957 806/998/806 805/5356/805
f 3958/5357/3958 800/988/800 3956/5354/3956
f 3958/5357/3958 3953/5350/3953 800/988/800
f 171/192/171 134/150/134 3952/5358/3952
f 209/242/209 799/983/799 804/994/804
f 3956/5359/3956 806/998/806 3957/5355/3957
f 209/242/209 804/994/804 167/188/167
f 3958/5360/3958 3956/5359/3956 3957/5355/3957
f 209/242/209 167/188/167 165/186/165
f 208/241/208 799/983/799 209/242/209
f 3959/5361/3959 3957/5355/3957 805/5362/805
f 3960/5363/3960 3953/5350/3953 3958/5357/3958
f 821/1016/821 801/991/801 3961/5364/3961
f 3961/5364/3961 817/5365/817 3962/5366/3962
f 3961/5364/3961 801/991/801 817/5367/817
f 3963/5368/3963 799/983/799 208/241/208
f 3964/5369/3964 805/995/805 799/983/799
f 3964/5370/3964 3959/5361/3959 805/5362/805
f 3959/5361/3959 3958/5360/3958 3957/5355/3957
f 3959/5371/3959 3965/5372/3965 3958/5357/3958
f 3964/5369/3964 799/983/799 3963/5368/3963
f 824/1019/824 3961/5364/3961 3962/5366/3962
f 3963/5368/3963 208/241/208 253/307/253
f 3966/5373/3966 3959/5361/3959 3964/5370/3964
f 3967/5374/3967 3968/5375/3968 3950/5345/3950
f 824/1019/824 821/1016/821 3961/5364/3961
f 296/362/296 3963/5368/3963 253/307/253
f 3964/5369/3964 3963/5368/3963 298/364/298
f 3969/5376/3969 3964/5369/3964 298/364/298
f 3969/5376/3969 3966/5377/3966 3964/5369/3964
f 3970/5378/3970 3959/5361/3959 3966/5373/3966
f 3965/5372/3965 3959/5371/3959 3970/5379/3970
f 298/364/298 3963/5368/3963 296/362/296
f 3971/5380/3971 3965/5372/3965 3970/5379/3970
f 3972/5381/3972 3970/5379/3970 3966/5382/3966
f 824/1019/824 3962/5366/3962 831/1026/831
f 252/306/252 185/211/185 273/332/273
f 303/5383/303 3966/5384/3966 3969/5385/3969
f 3971/5380/3971 3970/5379/3970 3972/5381/3972
f 3962/5386/3962 810/1005/810 832/3622/832
f 303/370/303 3969/5376/3969 298/364/298
f 3972/5387/3972 3966/5384/3966 303/5383/303
f 831/1026/831 3962/5366/3962 832/1027/832
f 3973/5388/3973 3972/5387/3972 303/5383/303
f 316/392/316 3974/5389/3974 2794/5390/2794
f 305/5391/305 3973/5388/3973 303/5383/303
f 306/5392/306 3973/5388/3973 305/5391/305
f 310/377/310 2790/3618/2790 299/365/299
f 3975/5393/3975 3973/5388/3973 306/5392/306
f 3976/5394/3976 3977/5395/3977 3978/5396/3978
f 325/394/325 281/342/281 292/356/292
f 325/394/325 274/333/274 281/342/281
f 341/410/341 3973/5388/3973 3975/5393/3975
f 3978/5396/3978 3979/5397/3979 3980/5398/3980
f 3980/5398/3980 3981/5399/3981 3978/5396/3978
f 3976/5394/3976 3978/5396/3978 3981/5399/3981
f 334/403/334 3975/5400/3975 306/373/306
f 3982/5401/3982 3973/5388/3973 341/410/341
f 341/410/341 3975/5393/3975 334/411/334
f 3983/5402/3983 3982/5401/3982 341/410/341
f 3984/5403/3984 3985/5404/3985 3986/5405/3986
f 330/399/330 273/332/273 274/333/274
f 342/412/342 3983/5402/3983 341/410/341
f 3987/5406/3987 3982/5401/3982 3983/5402/3983
f 3981/5399/3981 3980/5398/3980 3987/5407/3987
f 855/1050/855 325/394/325 324/393/324
f 3988/5408/3988 3984/5403/3984 3986/5405/3986
f 858/1056/858 274/333/274 325/394/325
f 858/1056/858 330/399/330 274/333/274
f 3989/5409/3989 3124/4112/3124 3125/4113/3125
f 3990/5410/3990 3984/5403/3984 3988/5408/3988
f 3991/5411/3991 3988/5412/3988 3989/5409/3989
f 3992/5413/3992 3987/5406/3987 3983/5402/3983
f 3993/5414/3993 3987/5406/3987 3992/5413/3992
f 858/1056/858 325/394/325 855/1050/855
f 3994/5415/3994 3976/5394/3976 3981/5399/3981
f 3995/5416/3995 3989/5409/3989 3125/4113/3125
f 3991/5417/3991 3990/5410/3990 3988/5408/3988
f 3991/5418/3991 3989/5409/3989 3995/5416/3995
f 3996/5419/3996 3990/5410/3990 3991/5417/3991
f 363/435/363 330/399/330 858/1056/858
f 3997/5420/3997 3993/5414/3993 3992/5413/3992
f 3997/5420/3997 3981/5421/3981 3993/5414/3993
f 3998/5422/3998 3981/5421/3981 3997/5420/3997
f 3994/5415/3994 3981/5399/3981 3998/5423/3998
f 3999/5424/3999 3976/5394/3976 3994/5415/3994
f 4000/5425/4000 4001/5426/4001 4002/5427/4002
f 381/455/381 4003/5428/4003 360/432/360
f 385/5429/385 4003/5428/4003 381/455/381
f 860/1059/860 363/435/363 858/1056/858
f 845/1040/845 862/1061/862 846/1041/846
f 378/452/378 385/5429/385 381/455/381
f 859/1057/859 852/1058/852 4004/5430/4004
f 4005/5431/4005 3999/5432/3999 3994/5433/3994
f 4006/5434/4006 2800/3633/2800 343/413/343
f 4007/5435/4007 4000/5425/4000 4002/5427/4002
f 4005/5431/4005 3994/5433/3994 3998/5422/3998
f 4008/5436/4008 3999/5432/3999 4005/5431/4005
f 2802/5437/2802 2800/3633/2800 4006/5434/4006
f 384/459/384 859/5438/859 4004/5439/4004
f 392/467/392 363/435/363 860/1059/860
f 4009/5440/4009 362/447/362 374/446/374
f 4009/5441/4009 343/413/343 362/434/362
f 397/477/397 859/1057/859 384/5442/384
f 4010/5443/4010 860/1059/860 857/1055/857
f 863/1062/863 862/1061/862 845/1040/845
f 383/5444/383 385/5429/385 378/452/378
f 397/5445/397 384/459/384 383/458/383
f 4010/5443/4010 857/1055/857 859/1057/859
f 364/436/364 363/435/363 392/467/392
f 4011/5446/4011 3997/5447/3997 4012/5448/4012
f 3998/5449/3998 3997/5447/3997 4011/5446/4011
f 4013/5450/4013 4008/5436/4008 4005/5431/4005
f 2118/2705/2118 378/5451/378 391/2706/391
f 383/458/383 378/5451/378 2118/2705/2118
f 4010/5443/4010 859/1057/859 397/477/397
f 405/5452/405 4009/5440/4009 374/446/374
f 4014/5453/4014 4006/5454/4006 4015/5455/4015
f 4014/5453/4014 2802/5456/2802 4006/5454/4006
f 392/467/392 860/1059/860 4010/5443/4010
f 396/471/396 383/458/383 2118/2705/2118
f 405/5457/405 374/446/374 382/457/382
f 4010/5443/4010 397/477/397 399/474/399
f 4016/5458/4016 3998/5422/3998 4011/5459/4011
f 4016/5458/4016 4005/5431/4005 3998/5422/3998
f 392/467/392 4010/5443/4010 399/474/399
f 4016/5458/4016 4011/5459/4011 4017/5460/4017
f 4018/5461/4018 382/457/382 4019/5462/4019
f 4020/5463/4020 4021/5464/4021 2156/2752/2156
f 404/481/404 392/467/392 399/474/399
f 406/483/406 382/457/382 4018/5461/4018
f 398/473/398 389/464/389 868/1067/868
f 868/1067/868 389/464/389 864/1063/864
f 2156/2752/2156 4021/5464/4021 4022/5465/4022
f 4023/5466/4023 4016/5458/4016 4017/5460/4017
f 4024/5467/4024 4013/5450/4013 4025/5468/4025
f 4023/5466/4023 4017/5460/4017 4026/5469/4026
f 4027/5470/4027 4024/5467/4024 4025/5468/4025
f 406/483/406 4018/5461/4018 418/5471/418
f 414/492/414 406/491/406 418/496/418
f 4028/5472/4028 4024/5467/4024 4027/5470/4027
f 4029/5473/4029 4024/5467/4024 4028/5472/4028
f 4030/5474/4030 4018/5461/4018 4019/5462/4019
f 4031/5475/4031 4024/5467/4024 4029/5473/4029
f 4032/5476/4032 4018/5461/4018 4030/5474/4030
f 418/496/418 4018/5477/4018 4032/5478/4032
f 4033/5479/4033 3555/4713/3555 3571/4738/3571
f 4028/5480/4028 4027/5470/4027 4034/5481/4034
f 4035/5482/4035 4031/5483/4031 4029/5484/4029
f 4030/5474/4030 4019/5462/4019 4031/5475/4031
f 417/495/417 418/496/418 4032/5478/4032
f 4036/5485/4036 4023/5466/4023 4026/5469/4026
f 4034/5481/4034 4027/5470/4027 4037/5486/4037
f 3182/4176/3182 4029/5484/4029 4028/5487/4028
f 437/516/437 4029/5484/4029 3182/4176/3182
f 4030/5474/4030 4031/5475/4031 4035/5488/4035
f 4038/5489/4038 4032/5476/4032 4030/5474/4030
f 4039/5490/4039 2166/2765/2166 3554/4709/3554
f 4033/5479/4033 3564/4728/3564 3549/4703/3549
f 436/515/436 4029/5484/4029 437/516/437
f 436/515/436 4035/5482/4035 4029/5484/4029
f 4040/5491/4040 4030/5492/4030 4035/5482/4035
f 4040/5491/4040 4038/5493/4038 4030/5492/4030
f 425/503/425 4038/5493/4038 4040/5491/4040
f 425/503/425 4032/5494/4032 4038/5493/4038
f 4033/5479/4033 3549/4703/3549 3555/4713/3555
f 4033/5479/4033 3576/4743/3576 3564/4728/3564
f 4041/5495/4041 4034/5496/4034 4037/5497/4037
f 4041/5495/4041 4028/5487/4028 4034/5496/4034
f 436/515/436 4040/5491/4040 4035/5482/4035
f 4036/5485/4036 4026/5469/4026 4042/5498/4042
f 4043/5499/4043 4023/5466/4023 4036/5485/4036
f 3183/4177/3183 4028/5487/4028 4041/5495/4041
f 3183/4177/3183 3182/4176/3182 4028/5487/4028
f 426/504/426 4040/5491/4040 436/515/436
f 426/504/426 425/503/425 4040/5491/4040
f 420/507/420 4032/5500/4032 425/503/425
f 417/495/417 4032/5478/4032 420/498/420
f 3589/4756/3589 3572/4739/3572 2166/2765/2166
f 4044/5501/4044 4043/5499/4043 4036/5485/4036
f 3583/4750/3583 3571/4738/3571 3572/4739/3572
f 4045/5502/4045 4036/5485/4036 4042/5498/4042
f 3581/4748/3581 3589/4756/3589 2166/2765/2166
f 3589/4756/3589 3583/4750/3583 3572/4739/3572
f 4045/5502/4045 4044/5501/4044 4036/5485/4036
f 4046/5503/4046 4044/5501/4044 4045/5502/4045
f 3583/4750/3583 3589/4756/3589 3597/4766/3597
f 4046/5503/4046 4045/5502/4045 4047/5504/4047
f 3594/4762/3594 3583/4750/3583 3597/4766/3597
f 3582/4749/3582 3583/4750/3583 3594/4762/3594
f 2181/2780/2181 3597/4766/3597 3589/4756/3589
f 459/548/459 441/524/441 462/552/462
f 3599/4768/3599 3597/4766/3597 2181/2780/2181
f 3191/4188/3191 3190/4187/3190 3197/4194/3197
f 4048/5505/4048 451/538/451 449/536/449
f 4049/5506/4049 451/538/451 4048/5505/4048
f 3193/5507/3193 3189/4186/3189 3191/4188/3191
f 462/552/462 435/514/435 458/547/458
f 3596/4765/3596 3597/4766/3597 3204/4203/3204
f 488/588/488 4049/5506/4049 4048/5505/4048
f 4050/5508/4050 459/548/459 462/552/462
f 4050/5508/4050 875/1074/875 459/548/459
f 488/588/488 4048/5505/4048 489/589/489
f 876/1076/876 875/1075/875 4050/5509/4050
f 3202/4199/3202 3600/4769/3600 3203/4202/3203
f 3207/4206/3207 3202/4199/3202 3203/4202/3203
f 4051/5510/4051 4049/5506/4049 488/588/488
f 4052/5511/4052 4050/5508/4050 462/552/462
f 4053/5512/4053 464/554/464 876/1076/876
f 477/570/477 464/554/464 481/5513/481
f 876/1076/876 4050/5509/4050 4054/5514/4054
f 4053/5512/4053 481/5513/481 464/554/464
f 3616/4790/3616 2180/2779/2180 2184/2783/2184
f 3207/4206/3207 3203/4202/3203 3210/5515/3210
f 3213/4220/3213 3207/5516/3207 3210/5517/3210
f 3213/4220/3213 3206/4209/3206 3207/5516/3207
f 4052/5511/4052 462/552/462 4055/5518/4055
f 4056/5519/4056 4050/5508/4050 4052/5511/4052
f 4054/5514/4054 4050/5509/4050 4056/5520/4056
f 4053/5512/4053 876/1076/876 4054/5514/4054
f 3611/4782/3611 3616/4790/3616 2184/2783/2184
f 2193/2792/2193 2180/2779/2180 3616/4790/3616
f 3213/4220/3213 3210/5517/3210 3212/4223/3212
f 483/5521/483 481/5513/481 4053/5512/4053
f 2193/2792/2193 3616/4790/3616 2194/2793/2194
f 4052/5511/4052 4055/5518/4055 4057/5522/4057
f 4057/5522/4057 4058/5523/4058 4052/5511/4052
f 4059/5524/4059 4052/5511/4052 4058/5523/4058
f 4056/5519/4056 4052/5511/4052 4059/5524/4059
f 483/5521/483 4053/5512/4053 500/5525/500
f 4054/5526/4054 4056/5527/4056 4059/5528/4059
f 4060/5529/4060 4053/5512/4053 4054/5514/4054
f 495/599/495 483/579/483 500/608/500
f 4061/5530/4061 4055/5518/4055 4062/5531/4062
f 4063/5532/4063 4059/5528/4059 4058/5533/4058
f 510/622/510 4054/5526/4054 4059/5528/4059
f 4060/5534/4060 4054/5526/4054 510/622/510
f 500/608/500 4053/5535/4053 4060/5534/4060
f 4057/5536/4057 4055/5537/4055 4061/5538/4061
f 2827/3664/2827 497/603/497 2822/3659/2822
f 4061/5538/4061 4062/5539/4062 514/627/514
f 4063/5532/4063 4058/5533/4058 4057/5536/4057
f 510/622/510 4059/5528/4059 4063/5532/4063
f 510/622/510 500/608/500 4060/5534/4060
f 4063/5532/4063 4057/5536/4057 4061/5538/4061
f 2823/3660/2823 2819/3656/2819 2824/3661/2824
f 501/609/501 500/608/500 510/622/510
f 487/587/487 497/603/497 2827/3664/2827
f 4063/5532/4063 4061/5538/4061 514/627/514
f 523/640/523 4063/5532/4063 514/627/514
f 510/622/510 4063/5532/4063 523/640/523
f 509/621/509 510/622/510 523/640/523
f 511/5540/511 487/587/487 2832/3669/2832
f 511/5540/511 494/598/494 487/587/487
f 524/641/524 523/640/523 514/627/514
f 525/642/525 511/623/511 2832/5541/2832
f 532/649/532 514/627/514 517/632/517
f 524/641/524 514/627/514 532/649/532
f 530/647/530 522/5542/522 507/618/507
f 530/647/530 525/642/525 4064/5543/4064
f 4065/5544/4065 517/632/517 522/639/522
f 543/660/543 530/647/530 4064/5543/4064
f 540/657/540 532/649/532 4065/5544/4065
f 540/657/540 4065/5544/4065 545/662/545
f 3239/4261/3239 3237/5545/3237 3238/4256/3238
f 2844/3684/2844 3237/5545/3237 3239/4261/3239
f 3637/4826/3637 3239/4261/3239 2843/4263/2843
f 4066/5546/4066 2844/3684/2844 3239/4261/3239
f 4067/5547/4067 2842/5548/2842 3635/5549/3635
f 2355/2996/2355 4066/5546/4066 3239/4261/3239
f 3637/4826/3637 2842/5548/2842 4067/5547/4067
f 4068/5550/4068 542/659/542 544/661/544
f 4067/5547/4067 3635/5549/3635 3641/5551/3641
f 548/5552/548 542/659/542 4068/5550/4068
f 4069/5553/4069 3637/4826/3637 4067/5547/4067
f 554/673/554 548/667/548 4068/5554/4068
f 4070/5555/4070 4069/5553/4069 4067/5547/4067
f 2340/2981/2340 4069/5553/4069 4070/5555/4070
f 3637/4826/3637 4069/5553/4069 2353/2994/2353
f 554/673/554 4068/5554/4068 2343/5556/2343
f 2888/3758/2888 2882/3750/2882 2886/3755/2886
f 2936/3833/2936 2888/3758/2888 2896/3772/2896
f 2626/3370/2626 2602/3333/2602 2590/3318/2590
f 2926/3817/2926 2895/3782/2895 2911/5557/2911
f 2921/3812/2921 2888/3758/2888 2936/3833/2936
f 2626/3370/2626 2603/3334/2603 2602/3333/2602
f 4071/5558/4071 2891/3761/2891 2926/3817/2926
f 3905/5270/3905 2603/3334/2603 2626/3370/2626
f 3903/5267/3903 2917/3799/2917 2577/3303/2577
f 2894/3770/2894 2887/3757/2887 4072/5559/4072
f 4072/5559/4072 4073/5560/4073 2894/3770/2894
f 4074/5561/4074 2926/3817/2926 2911/5562/2911
f 3902/5266/3902 2891/3761/2891 4071/5558/4071
f 4075/5563/4075 3903/5564/3903 3905/5270/3905
f 4076/5565/4076 2917/3799/2917 3903/5267/3903
f 2967/3872/2967 2896/3772/2896 2917/3799/2917
f 4072/5559/4072 2887/3757/2887 2901/3777/2901
f 3904/5269/3904 2894/3770/2894 4073/5560/4073
f 4076/5565/4076 3903/5267/3903 4075/5566/4075
f 4077/5567/4077 2917/3799/2917 4076/5565/4076
f 2936/3833/2936 2896/3772/2896 2967/3872/2967
f 3904/5568/3904 4074/5561/4074 2911/5562/2911
f 4071/5558/4071 2926/3817/2926 4074/5561/4074
f 2956/3856/2956 3905/5270/3905 2626/3370/2626
f 4078/5569/4078 4077/5567/4077 4076/5565/4076
f 4079/5570/4079 3904/5568/3904 4073/5571/4073
f 4079/5570/4079 4074/5561/4074 3904/5568/3904
f 4080/5572/4080 3905/5270/3905 2956/3856/2956
f 2941/3839/2941 2936/3833/2936 2967/3872/2967
f 3908/5274/3908 3902/5266/3902 4071/5558/4071
f 4075/5563/4075 3905/5270/3905 4080/5572/4080
f 4078/5573/4078 4076/5574/4076 4075/5563/4075
f 2967/3872/2967 2917/3799/2917 4081/5575/4081
f 4072/5559/4072 2901/3777/2901 2948/3847/2948
f 4082/5576/4082 4073/5560/4073 4072/5559/4072
f 4079/5570/4079 4073/5571/4073 4082/5577/4082
f 4083/5578/4083 4078/5573/4078 4075/5563/4075
f 4084/5579/4084 4077/5567/4077 4078/5569/4078
f 4081/5575/4081 4077/5567/4077 4084/5579/4084
f 4077/5567/4077 4081/5575/4081 2917/3799/2917
f 3908/5274/3908 4071/5558/4071 4074/5561/4074
f 4083/5578/4083 4075/5563/4075 4080/5572/4080
f 4085/5580/4085 4072/5559/4072 2948/3847/2948
f 4086/5581/4086 4072/5559/4072 4085/5580/4085
f 4087/5582/4087 4078/5583/4078 4083/5578/4083
f 4084/5579/4084 4078/5569/4078 4087/5584/4087
f 2966/3871/2966 2967/3872/2967 4081/5575/4081
f 2968/3873/2968 2941/3839/2941 2966/3871/2966
f 4082/5576/4082 4072/5559/4072 4086/5581/4086
f 4080/5572/4080 2956/3856/2956 2971/3879/2971
f 2996/3913/2996 4081/5575/4081 2997/5585/2997
f 2966/3871/2966 4081/5575/4081 2996/3913/2996
f 4088/5586/4088 4086/5581/4086 4085/5580/4085
f 4089/5587/4089 3908/5274/3908 4074/5561/4074
f 4090/5588/4090 4087/5582/4087 4083/5578/4083
f 4090/5589/4090 4084/5579/4084 4087/5584/4087
f 4091/5590/4091 4081/5591/4081 4084/5592/4084
f 3000/3920/3000 2966/3871/2966 2996/3913/2996
f 4092/5593/4092 4083/5578/4083 4080/5572/4080
f 4091/5594/4091 2997/5585/2997 4081/5575/4081
f 4089/5587/4089 4074/5561/4074 4079/5570/4079
f 2994/3911/2994 4080/5572/4080 2971/3879/2971
f 4092/5593/4092 4080/5572/4080 2994/3911/2994
f 4090/5588/4090 4083/5578/4083 4092/5593/4092
f 4093/5595/4093 4091/5590/4091 4084/5592/4084
f 3930/5303/3930 4086/5581/4086 4088/5586/4088
f 4094/5596/4094 4082/5577/4082 4086/5597/4086
f 4095/5598/4095 4089/5587/4089 4079/5570/4079
f 4093/5595/4093 4084/5592/4084 4090/5599/4090
f 4079/5570/4079 4082/5577/4082 4094/5596/4094
f 3015/3945/3015 4092/5593/4092 2994/3911/2994
f 4096/5600/4096 4090/5588/4090 4092/5593/4092
f 4094/5596/4094 4086/5597/4086 3930/5309/3930
f 4093/5595/4093 4090/5599/4090 4096/5601/4096
f 3001/3921/3001 2966/3871/2966 3000/3920/3000
f 4097/5602/4097 4079/5570/4079 4094/5596/4094
f 4095/5598/4095 4079/5570/4079 4097/5602/4097
f 3021/3955/3021 2997/5603/2997 4091/5590/4091
f 3021/3955/3021 2995/3932/2995 2997/5603/2997
f 3913/5279/3913 3908/5274/3908 4089/5587/4089
f 3020/3954/3020 4091/5590/4091 4093/5595/4093
f 3021/3955/3021 4091/5590/4091 3020/3954/3020
f 3009/3933/3009 2995/3932/2995 3021/3955/3021
f 3012/3937/3012 3001/3921/3001 3000/3920/3000
f 3015/3945/3015 2994/3911/2994 2989/3903/2989
f 4098/5604/4098 4092/5593/4092 3015/3945/3015
f 4096/5601/4096 4092/5605/4092 4098/5606/4098
f 4099/5607/4099 4093/5595/4093 4096/5601/4096
f 3020/3954/3020 4093/5595/4093 4099/5607/4099
f 3933/5314/3933 4089/5587/4089 4095/5598/4095
f 3933/5314/3933 3913/5279/3913 4089/5587/4089
f 3933/5314/3933 3915/5282/3915 3913/5279/3913
f 4098/5604/4098 3015/3945/3015 3042/3987/3042
f 4100/5608/4100 4096/5601/4096 4098/5606/4098
f 3933/5314/3933 3925/5295/3925 3915/5282/3915
f 3042/3987/3042 3015/3945/3015 2697/3467/2697
f 4100/5608/4100 4098/5606/4098 3042/5609/3042
f 4099/5607/4099 4096/5601/4096 4100/5608/4100
f 3928/5298/3928 3919/5289/3919 4101/5610/4101
f 3920/5290/3920 3919/5289/3919 3928/5298/3928
f 4094/5596/4094 3930/5309/3930 3371/4448/3371
f 4102/5611/4102 3933/5314/3933 4095/5598/4095
f 3020/3954/3020 4099/5607/4099 3046/3993/3046
f 3371/4448/3371 4097/5602/4097 4094/5596/4094
f 4102/5611/4102 4095/5598/4095 4097/5602/4097
f 3935/5316/3935 3925/5295/3925 3934/5315/3934
f 4101/5610/4101 3919/5289/3919 3924/5294/3924
f 4100/5608/4100 3042/5609/3042 3947/5333/3947
f 3046/3993/3046 4099/5607/4099 4100/5608/4100
f 65/71/65 2667/3426/2667 2681/3447/2681
f 4103/5612/4103 4097/5602/4097 3371/4448/3371
f 4103/5612/4103 4102/5611/4102 4097/5602/4097
f 3045/3992/3045 3027/3964/3027 3020/3954/3020
f 3040/4004/3040 3042/5609/3042 3041/5613/3041
f 4104/5614/4104 4105/5615/4105 3384/4469/3384
f 4101/5610/4101 3924/5294/3924 3935/5316/3935
f 74/81/74 3928/5298/3928 2732/3524/2732
f 3947/5333/3947 3042/5609/3042 3040/4004/3040
f 3752/5023/3752 4100/5608/4100 3947/5333/3947
f 3348/4419/3348 3366/4440/3366 3391/5616/3391
f 3936/5318/3936 3933/5314/3933 4102/5611/4102
f 3046/3993/3046 4100/5608/4100 3752/5023/3752
f 2737/3531/2737 65/71/65 700/840/700
f 3053/4003/3053 3947/5333/3947 3040/4004/3040
f 4106/5617/4106 4102/5611/4102 4103/5612/4103
f 4107/5618/4107 4101/5610/4101 3935/5316/3935
f 2744/3542/2744 3928/5298/3928 4101/5610/4101
f 3366/4440/3366 3003/3924/3003 3415/4508/3415
f 3371/4448/3371 4108/5619/4108 4103/5612/4103
f 4106/5617/4106 4103/5612/4103 4108/5619/4108
f 4106/5617/4106 3936/5318/3936 4102/5611/4102
f 4109/5620/4109 3934/5315/3934 3936/5318/3936
f 4107/5618/4107 3935/5316/3935 3934/5315/3934
f 4107/5618/4107 2744/3542/2744 4101/5610/4101
f 2732/3524/2732 3928/5298/3928 2744/3542/2744
f 3415/4572/3415 3391/4479/3391 3366/5621/3366
f 4108/5619/4108 3371/4448/3371 4110/5622/4110
f 4109/5620/4109 4107/5618/4107 3934/5315/3934
f 3749/5016/3749 3046/3993/3046 3752/5023/3752
f 3045/3992/3045 3046/3993/3046 3749/5016/3749
f 3414/4507/3414 3003/3924/3003 3026/3963/3026
f 4108/5619/4108 4110/5622/4110 4111/5623/4111
f 4112/5624/4112 4107/5618/4107 4109/5620/4109
f 4112/5624/4112 2744/3542/2744 4107/5618/4107
f 4113/5625/4113 3936/5318/3936 4106/5617/4106
f 4109/5620/4109 3936/5318/3936 4113/5625/4113
f 3433/4536/3433 3391/4479/3391 3415/4572/3415
f 4111/5623/4111 4114/5626/4114 4108/5619/4108
f 4106/5617/4106 4108/5619/4108 4114/5626/4114
f 4115/5627/4115 3435/4538/3435 3434/4537/3434
f 778/951/778 2744/3542/2744 2767/3578/2767
f 4113/5625/4113 4106/5617/4106 4114/5626/4114
f 4116/5628/4116 3422/4515/3422 3080/4047/3080
f 3436/5629/3436 3422/4515/3422 4116/5628/4116
f 4117/5630/4117 4114/5631/4114 4111/5632/4111
f 2767/3578/2767 2744/3542/2744 4112/5624/4112
f 3772/5055/3772 3756/5027/3756 3073/4029/3073
f 3079/4046/3079 4116/5628/4116 3080/4047/3080
f 4113/5625/4113 4114/5626/4114 4118/5633/4118
f 4119/5634/4119 4109/5620/4109 4113/5625/4113
f 2761/5635/2761 776/949/776 778/951/778
f 4116/5628/4116 3434/5636/3434 3436/5629/3436
f 4119/5634/4119 4112/5624/4112 4109/5620/4109
f 778/951/778 2767/3578/2767 813/3568/813
f 779/5637/779 776/5638/776 2761/5639/2761
f 2761/5639/2761 2753/5640/2753 779/5637/779
f 2754/5342/2754 3949/5341/3949 780/953/780
f 3775/5641/3775 3771/5054/3771 3772/5055/3772
f 4120/5642/4120 4113/5625/4113 4118/5633/4118
f 3089/4058/3089 3079/4046/3079 3081/4048/3081
f 4116/5628/4116 3079/4046/3079 3100/4078/3100
f 3494/4622/3494 4115/5643/4115 3434/5636/3434
f 4121/5644/4121 4115/5643/4115 3494/4622/3494
f 4122/5645/4122 4113/5625/4113 4120/5642/4120
f 4122/5645/4122 4119/5634/4119 4113/5625/4113
f 4123/5646/4123 4119/5634/4119 4122/5645/4122
f 205/237/205 2761/5639/2761 813/1008/813
f 3780/5647/3780 3772/5055/3772 3951/5347/3951
f 3775/5641/3775 3772/5055/3772 3780/5647/3780
f 4124/5648/4124 4120/5649/4120 4118/5650/4118
f 4125/5651/4125 4112/5624/4112 4119/5634/4119
f 2767/3578/2767 4112/5624/4112 4125/5651/4125
f 170/191/170 2753/5640/2753 2761/5639/2761
f 2754/3559/2754 2753/3558/2753 4126/5652/4126
f 4126/5652/4126 3949/5653/3949 2754/3559/2754
f 3951/5347/3951 3770/5053/3770 113/128/113
f 3951/5347/3951 3753/5024/3753 3770/5053/3770
f 3093/4064/3093 3079/4046/3079 3089/4058/3089
f 4127/5654/4127 4124/5648/4124 4117/5630/4117
f 4124/5648/4124 4122/5655/4122 4120/5649/4120
f 170/191/170 2761/5639/2761 205/237/205
f 4126/5652/4126 2753/3558/2753 169/3610/169
f 3784/5078/3784 3951/5347/3951 113/128/113
f 3789/5656/3789 3951/5347/3951 3784/5078/3784
f 3789/5656/3789 3780/5647/3780 3951/5347/3951
f 3783/5657/3783 3780/5647/3780 3789/5656/3789
f 4125/5651/4125 4119/5634/4119 4123/5646/4123
f 169/190/169 2753/5640/2753 170/191/170
f 3955/5658/3955 3949/5653/3949 4126/5652/4126
f 3778/5069/3778 3780/5072/3780 3783/5077/3783
f 2768/3579/2768 2767/3578/2767 4125/5651/4125
f 4128/5659/4128 3955/5658/3955 4126/5652/4126
f 3100/4078/3100 3079/4046/3079 3093/4064/3093
f 801/1001/801 808/1003/808 817/1012/817
f 3112/4097/3112 4122/5655/4122 4124/5648/4124
f 4125/5660/4125 4123/5661/4123 4129/5662/4129
f 2768/3579/2768 4125/5651/4125 4129/5663/4129
f 4130/5664/4130 3952/5665/3952 3955/5658/3955
f 3960/5363/3960 3954/5351/3954 3953/5350/3953
f 3967/5374/3967 3950/5345/3950 3954/5351/3954
f 3106/4086/3106 4116/5628/4116 3100/4078/3100
f 3106/4086/3106 3434/5636/3434 4116/5628/4116
f 3112/4097/3112 4129/5662/4129 4122/5655/4122
f 4129/5662/4129 4123/5661/4123 4122/5655/4122
f 262/321/262 4126/5652/4126 169/3610/169
f 3968/5375/3968 2748/3550/2748 3950/5345/3950
f 4124/5648/4124 4127/5654/4127 3112/4097/3112
f 4131/5666/4131 2768/3579/2768 4129/5663/4129
f 4131/5667/4131 814/1009/814 2768/5668/2768
f 220/259/220 169/3610/169 168/257/168
f 4130/5664/4130 3955/5658/3955 4128/5659/4128
f 4132/5669/4132 3954/5351/3954 3960/5363/3960
f 4133/5670/4133 811/1006/811 2748/3550/2748
f 3962/5386/3962 817/1012/817 810/1005/810
f 3494/4622/3494 3434/5636/3434 3106/4086/3106
f 4128/5659/4128 4126/5652/4126 262/321/262
f 4134/5671/4134 4128/5659/4128 262/321/262
f 4135/5672/4135 4128/5659/4128 4134/5671/4134
f 4130/5664/4130 4128/5659/4128 4135/5672/4135
f 3974/5389/3974 171/245/171 3952/5665/3952
f 210/243/210 171/245/171 3974/5389/3974
f 3967/5374/3967 3954/5351/3954 4132/5669/4132
f 810/1005/810 811/1006/811 4133/5670/4133
f 2783/3607/2783 814/1009/814 4131/5667/4131
f 2783/3607/2783 205/237/205 814/1009/814
f 2786/3612/2786 196/225/196 2783/3607/2783
f 3974/5389/3974 3952/5665/3952 4130/5664/4130
f 322/390/322 2748/3550/2748 3968/5375/3968
f 4136/5673/4136 4131/5667/4131 4129/5662/4129
f 261/320/261 4134/5671/4134 262/321/262
f 264/346/264 211/5674/211 210/243/210
f 4132/5669/4132 3960/5363/3960 3965/5372/3965
f 4137/5675/4137 4132/5669/4132 3965/5372/3965
f 4138/5676/4138 3967/5374/3967 4132/5669/4132
f 4139/5677/4139 3492/5678/3492 3494/4622/3494
f 4140/5679/4140 4130/5664/4130 4135/5672/4135
f 3974/5389/3974 4130/5664/4130 4140/5679/4140
f 4141/5680/4141 3106/4086/3106 3109/4093/3109
f 2783/3607/2783 4131/5667/4131 4136/5673/4136
f 300/366/300 4134/5671/4134 261/320/261
f 4142/5681/4142 4134/5671/4134 300/366/300
f 4142/5681/4142 4135/5672/4135 4134/5671/4134
f 4143/5682/4143 210/243/210 3974/5389/3974
f 4137/5675/4137 3965/5372/3965 3971/5380/3971
f 322/390/322 3968/5375/3968 4144/5683/4144
f 4133/5670/4133 2748/3550/2748 322/390/322
f 321/389/321 810/1005/810 4133/5670/4133
f 4139/5677/4139 3526/5684/3526 3492/5678/3492
f 4136/5673/4136 4129/5662/4129 3112/4097/3112
f 300/366/300 261/320/261 275/334/275
f 264/346/264 210/243/210 4143/5682/4143
f 3977/5395/3977 4132/5669/4132 4137/5675/4137
f 4144/5683/4144 3968/5375/3968 3967/5374/3967
f 2792/3620/2792 4135/5672/4135 4142/5681/4142
f 4140/5679/4140 4135/5672/4135 2792/3620/2792
f 832/3622/832 810/1005/810 321/389/321
f 3111/4096/3111 4136/5673/4136 3112/4097/3112
f 2786/3612/2786 2783/3607/2783 4145/5685/4145
f 299/365/299 4142/5681/4142 300/366/300
f 2794/5390/2794 3974/5389/3974 4140/5679/4140
f 316/392/316 4143/5682/4143 3974/5389/3974
f 3979/5686/3979 4137/5687/4137 3971/5688/3971
f 3978/5689/3978 4137/5687/4137 3979/5686/3979
f 4138/5676/4138 4132/5669/4132 3977/5395/3977
f 321/389/321 4133/5670/4133 322/390/322
f 3527/5690/3527 3526/5684/3526 4139/5677/4139
f 3124/4112/3124 2783/3607/2783 4136/5673/4136
f 4145/5685/4145 2783/3607/2783 3124/4112/3124
f 2787/3613/2787 2786/5691/2786 4145/5692/4145
f 3985/5404/3985 254/308/254 2787/3613/2787
f 2790/3618/2790 4142/5681/4142 299/365/299
f 3977/5395/3977 4137/5675/4137 3978/5396/3978
f 3124/4112/3124 4136/5673/4136 3111/4096/3111
f 255/309/255 254/308/254 3985/5404/3985
f 2791/3619/2791 4140/5679/4140 2792/3620/2792
f 307/374/307 264/346/264 4143/5682/4143
f 4146/5693/4146 3967/5374/3967 4138/5676/4138
f 4144/5683/4144 3967/5374/3967 4146/5693/4146
f 3124/4112/3124 4147/5694/4147 4145/5685/4145
f 4147/5695/4147 2787/3613/2787 4145/5696/4145
f 4148/5697/4148 255/309/255 3985/5404/3985
f 2793/3623/2793 289/353/289 255/309/255
f 2792/3620/2792 4142/5681/4142 2790/3618/2790
f 3979/5686/3979 3972/5387/3972 3982/5401/3982
f 3121/4108/3121 3127/4116/3127 3114/4099/3114
f 3986/5405/3986 3985/5404/3985 2787/3613/2787
f 2791/3619/2791 2794/5390/2794 4140/5679/4140
f 2795/5698/2795 2794/5390/2794 2791/3619/2791
f 307/374/307 4143/5682/4143 316/392/316
f 3980/5699/3980 3979/5686/3979 3982/5401/3982
f 2793/3623/2793 255/309/255 4148/5697/4148
f 4149/5700/4149 4138/5676/4138 3977/5395/3977
f 4146/5693/4146 4138/5676/4138 4149/5700/4149
f 352/424/352 322/390/322 4144/5683/4144
f 4150/5701/4150 3127/4116/3127 3121/4108/3121
f 4151/5702/4151 2787/5703/2787 4147/5694/4147
f 4151/5704/4151 3986/5405/3986 2787/3613/2787
f 3984/5403/3984 4148/5697/4148 3985/5404/3985
f 4152/5705/4152 2795/5698/2795 2791/3619/2791
f 3987/5407/3987 3980/5398/3980 3982/5706/3982
f 3134/4123/3134 3121/4108/3121 3119/4105/3119
f 3125/4113/3125 3111/4096/3111 4153/5707/4153
f 4154/5708/4154 4148/5697/4148 3984/5403/3984
f 4155/5709/4155 4152/5705/4152 2791/3619/2791
f 4144/5683/4144 4146/5693/4146 352/424/352
f 320/388/320 322/390/322 352/424/352
f 3134/4123/3134 3119/4105/3119 3126/4114/3126
f 3134/4123/3134 3133/4122/3133 3121/4108/3121
f 4150/5701/4150 3121/4108/3121 3133/4122/3133
f 4151/5702/4151 4147/5694/4147 3124/4112/3124
f 323/391/323 304/371/304 2793/3623/2793
f 2797/3628/2797 321/389/321 343/413/343
f 3988/5408/3988 3986/5405/3986 4151/5704/4151
f 4154/5708/4154 2793/3623/2793 4148/5697/4148
f 312/379/312 329/398/329 313/380/313
f 853/5710/853 2795/5698/2795 4152/5705/4152
f 3135/4124/3135 3134/4123/3134 3126/4114/3126
f 4156/5711/4156 3128/4117/3128 3122/4110/3122
f 4151/5702/4151 3124/4112/3124 3989/5409/3989
f 3989/5712/3989 3988/5408/3988 4151/5704/4151
f 356/428/356 312/379/312 328/397/328
f 329/398/329 312/379/312 356/428/356
f 853/1048/853 317/384/317 2795/3625/2795
f 4008/5436/4008 4149/5713/4149 3977/5714/3977
f 4008/5436/4008 4146/5715/4146 4149/5713/4149
f 359/456/359 4146/5715/4146 4008/5436/4008
f 359/456/359 352/5716/352 4146/5715/4146
f 3144/4133/3144 3127/4116/3127 4150/5701/4150
f 3130/4119/3130 3127/4116/3127 3144/4133/3144
f 4156/5711/4156 3122/4110/3122 3131/4120/3131
f 1943/2473/1943 2094/2675/2094 1948/2486/1948
f 349/421/349 356/428/356 328/397/328
f 336/405/336 329/398/329 356/428/356
f 344/414/344 4155/5709/4155 2791/3619/2791
f 4004/5430/4004 853/5710/853 4152/5705/4152
f 3138/4127/3138 4150/5701/4150 3133/4122/3133
f 3143/5717/3143 3123/4111/3123 3130/5718/3130
f 3128/4117/3128 3136/4125/3136 3116/4101/3116
f 3547/4701/3547 3533/4682/3533 3532/4681/3532
f 346/417/346 323/391/323 2793/3623/2793
f 4152/5705/4152 4155/5709/4155 4157/5719/4157
f 345/416/345 340/409/340 348/5720/348
f 3143/5717/3143 3131/4120/3131 3123/4111/3123
f 4158/5721/4158 3128/4117/3128 4156/5711/4156
f 355/427/355 336/405/336 356/428/356
f 4003/5428/4003 336/405/336 355/427/355
f 4003/5428/4003 344/414/344 336/405/336
f 4157/5719/4157 4004/5430/4004 4152/5705/4152
f 345/5722/345 348/419/348 350/422/350
f 4159/5723/4159 342/412/342 345/416/345
f 3992/5413/3992 3983/5402/3983 342/412/342
f 3999/5432/3999 3977/5714/3977 3976/5724/3976
f 3999/5432/3999 4008/5436/4008 3977/5714/3977
f 3143/4132/3143 3130/5725/3130 3144/4133/3144
f 4001/5426/4001 2793/3623/2793 4154/5708/4154
f 4001/5426/4001 346/417/346 2793/3623/2793
f 4160/5726/4160 345/5722/345 350/422/350
f 4160/5726/4160 4159/5727/4159 345/5722/345
f 4161/5728/4161 3131/4120/3131 3143/5717/3143
f 4158/5721/4158 3136/4125/3136 3128/4117/3128
f 360/432/360 4003/5428/4003 355/427/355
f 344/414/344 4157/5719/4157 4155/5709/4155
f 852/1058/852 853/5729/853 4004/5430/4004
f 4162/5730/4162 4159/5723/4159 4160/5731/4160
f 342/412/342 4159/5723/4159 4162/5730/4162
f 4013/5450/4013 359/456/359 4008/5436/4008
f 3146/4135/3146 3137/4126/3137 3136/4125/3136
f 4163/5732/4163 3542/4693/3542 3541/4692/3541
f 4164/5733/4164 3542/4693/3542 4163/5732/4163
f 4165/5734/4165 3542/4693/3542 4164/5733/4164
f 4165/5734/4165 3545/5735/3545 3542/4693/3542
f 1946/2476/1946 3545/4698/3545 4165/5736/4165
f 3996/5419/3996 4002/5427/4002 3990/5410/3990
f 4001/5426/4001 4154/5708/4154 4002/5427/4002
f 379/453/379 346/417/346 4001/5426/4001
f 354/426/354 346/417/346 379/453/379
f 4161/5728/4161 4156/5711/4156 3131/4120/3131
f 4166/5737/4166 3146/4135/3146 3136/4125/3136
f 3551/4706/3551 4163/5732/4163 3541/4692/3541
f 3995/5416/3995 3996/5738/3996 3991/5418/3991
f 381/455/381 354/426/354 379/453/379
f 381/455/381 360/432/360 354/426/354
f 4157/5719/4157 344/414/344 4003/5428/4003
f 3992/5413/3992 342/412/342 4167/5739/4167
f 3147/4136/3147 3135/4124/3135 3140/4129/3140
f 4168/5740/4168 3144/4133/3144 4150/5701/4150
f 4161/5728/4161 3143/5717/3143 3142/5741/3142
f 4169/5742/4169 4158/5721/4158 4156/5711/4156
f 3551/4706/3551 3541/4692/3541 3544/4696/3544
f 3996/5419/3996 4007/5435/4007 4002/5427/4002
f 384/5743/384 4004/5430/4004 4157/5719/4157
f 4160/5726/4160 350/422/350 365/437/365
f 4170/5744/4170 342/412/342 4162/5730/4162
f 382/457/382 359/456/359 4013/5450/4013
f 3152/4141/3152 4150/5701/4150 3138/4127/3138
f 4168/5740/4168 4150/5701/4150 3152/4141/3152
f 4168/5740/4168 3142/5745/3142 3144/4133/3144
f 3551/4706/3551 3544/4696/3544 3549/4703/3549
f 2105/5746/2105 4165/5734/4165 4164/5733/4164
f 2105/2692/2105 1946/2476/1946 4165/5736/4165
f 4021/5464/4021 3996/5738/3996 3995/5416/3995
f 4021/5747/4021 4007/5435/4007 3996/5419/3996
f 380/454/380 4001/5426/4001 4000/5425/4000
f 380/454/380 379/453/379 4001/5426/4001
f 385/5429/385 4157/5719/4157 4003/5428/4003
f 4170/5744/4170 4167/5739/4167 342/412/342
f 3997/5420/3997 3992/5413/3992 4012/5748/4012
f 4166/5737/4166 3136/4125/3136 4158/5721/4158
f 2112/5749/2112 2105/5746/2105 4164/5733/4164
f 384/5743/384 4157/5719/4157 385/5429/385
f 2110/2697/2110 4160/5726/4160 365/437/365
f 4171/5750/4171 4162/5730/4162 4160/5731/4160
f 4012/5748/4012 3992/5413/3992 4167/5739/4167
f 4006/5434/4006 343/413/343 4015/5751/4015
f 4172/5752/4172 4161/5728/4161 3142/5741/3142
f 4173/5753/4173 4156/5711/4156 4161/5728/4161
f 3146/4135/3146 4174/5754/4174 3145/4134/3145
f 3556/4714/3556 3548/4702/3548 3546/4700/3546
f 2110/2697/2110 365/437/365 2102/2689/2102
f 4171/5750/4171 4160/5731/4160 2110/5755/2110
f 4170/5744/4170 4162/5730/4162 4171/5750/4171
f 4009/5441/4009 4015/5751/4015 343/413/343
f 4172/5752/4172 3142/5741/3142 4168/5756/4168
f 4172/5752/4172 4173/5753/4173 4161/5728/4161
f 4169/5742/4169 4156/5711/4156 4173/5753/4173
f 4166/5737/4166 4158/5721/4158 4169/5742/4169
f 4175/5757/4175 4000/5425/4000 4007/5435/4007
f 4171/5750/4171 2110/5755/2110 2109/5758/2109
f 4019/5462/4019 382/457/382 4013/5450/4013
f 2804/3637/2804 847/1042/847 2803/3636/2803
f 3560/4722/3560 4163/5732/4163 3551/4706/3551
f 3560/4722/3560 4164/5733/4164 4163/5732/4163
f 4176/5759/4176 4164/5733/4164 3560/4722/3560
f 4176/5759/4176 2112/5749/2112 4164/5733/4164
f 4177/5760/4177 4012/5748/4012 4167/5739/4167
f 4178/5761/4178 4012/5448/4012 4177/5762/4177
f 405/5763/405 4179/5764/4179 4009/5765/4009
f 4179/5764/4179 4015/5455/4015 4009/5765/4009
f 2807/3642/2807 2803/5766/2803 2802/5456/2802
f 4180/5767/4180 4168/5740/4168 3152/4141/3152
f 4180/5768/4180 4172/5752/4172 4168/5756/4168
f 3561/4723/3561 3560/4722/3560 3551/4706/3551
f 2111/2698/2111 2112/2699/2112 4176/5769/4176
f 4171/5750/4171 2109/5758/2109 4181/5770/4181
f 4177/5760/4177 4167/5739/4167 4170/5744/4170
f 4182/5771/4182 4166/5737/4166 4169/5742/4169
f 4183/5772/4183 3146/4135/3146 4166/5737/4166
f 4184/5773/4184 4174/5754/4174 3146/4135/3146
f 3561/4723/3561 3551/4706/3551 3550/4705/3550
f 2121/5774/2121 4176/5759/4176 3560/4722/3560
f 2121/2709/2121 2111/2698/2111 4176/5769/4176
f 2807/3642/2807 2802/5456/2802 4014/5453/4014
f 2804/3641/2804 2803/5766/2803 2807/3642/2807
f 4173/5753/4173 4172/5752/4172 4185/5775/4185
f 4186/5776/4186 4169/5742/4169 4173/5753/4173
f 4184/5773/4184 3146/4135/3146 4183/5772/4183
f 2126/2715/2126 2109/2696/2109 2108/2695/2108
f 2126/2715/2126 4181/5777/4181 2109/2696/2109
f 4187/5778/4187 4171/5750/4171 4181/5770/4181
f 4178/5761/4178 4011/5446/4011 4012/5448/4012
f 4188/5779/4188 3155/4144/3155 3154/4143/3154
f 3161/4152/3161 4180/5768/4180 3152/4153/3152
f 4186/5776/4186 4182/5771/4182 4169/5742/4169
f 3563/4725/3563 2121/5774/2121 3560/4722/3560
f 2120/5780/2120 2121/5774/2121 3563/4725/3563
f 4189/5781/4189 4177/5760/4177 4170/5744/4170
f 4014/5453/4014 4015/5455/4015 4179/5764/4179
f 1969/5782/1969 3154/4143/3154 3156/4145/3156
f 4185/5775/4185 4172/5752/4172 4180/5768/4180
f 4183/5772/4183 4166/5737/4166 4182/5771/4182
f 4190/5783/4190 4171/5750/4171 4187/5778/4187
f 4190/5783/4190 4170/5744/4170 4171/5750/4171
f 4017/5460/4017 4011/5459/4011 4178/5784/4178
f 4179/5764/4179 405/5763/405 413/490/413
f 1969/2517/1969 3156/5785/3156 1746/2239/1746
f 1969/5782/1969 4188/5779/4188 3154/4143/3154
f 4191/5786/4191 4188/5787/4188 1969/2517/1969
f 4191/5786/4191 3567/4732/3567 4188/5787/4188
f 3159/4149/3159 4188/5779/4188 3567/5788/3567
f 3159/4149/3159 3155/4144/3155 4188/5779/4188
f 4185/5775/4185 4180/5768/4180 3161/4152/3161
f 2129/2718/2129 2120/2708/2120 3563/4727/3563
f 4190/5783/4190 4187/5778/4187 4181/5789/4181
f 4190/5783/4190 4189/5781/4189 4170/5744/4170
f 4178/5761/4178 4177/5762/4177 4192/5790/4192
f 4025/5468/4025 4013/5450/4013 4005/5431/4005
f 413/490/413 405/5763/405 406/491/406
f 4193/5791/4193 4173/5753/4173 4185/5775/4185
f 4186/5776/4186 4173/5753/4173 4193/5791/4193
f 4194/5792/4194 4182/5771/4182 4186/5776/4186
f 3167/4161/3167 4184/5773/4184 4183/5772/4183
f 2126/2715/2126 2119/2707/2119 2137/2728/2137
f 4195/5793/4195 2807/3642/2807 4014/5453/4014
f 4196/5794/4196 4186/5776/4186 4193/5791/4193
f 4197/5795/4197 4183/5772/4183 4182/5771/4182
f 2146/2740/2146 1963/2507/1963 1960/2500/1960
f 4198/5796/4198 4181/5777/4181 2126/2715/2126
f 4198/5797/4198 4190/5783/4190 4181/5789/4181
f 4189/5798/4189 4192/5790/4192 4177/5762/4177
f 4026/5469/4026 4017/5460/4017 4178/5784/4178
f 2811/3648/2811 2807/3642/2807 4195/5793/4195
f 4199/5799/4199 3161/4152/3161 3162/4155/3162
f 4199/5799/4199 4185/5775/4185 3161/4152/3161
f 4200/5800/4200 4196/5794/4196 4193/5791/4193
f 4197/5795/4197 3167/4161/3167 4183/5772/4183
f 4201/5801/4201 2126/2715/2126 2137/2728/2137
f 4202/5802/4202 4190/5783/4190 4198/5797/4198
f 4025/5468/4025 4005/5431/4005 4016/5458/4016
f 414/492/414 4179/5764/4179 413/490/413
f 4195/5793/4195 4014/5453/4014 4179/5764/4179
f 2806/3639/2806 2807/3642/2807 2811/3648/2811
f 3163/4737/3163 3158/5803/3158 3566/4731/3566
f 4199/5799/4199 4193/5791/4193 4185/5775/4185
f 4194/5792/4194 4186/5776/4186 4196/5794/4196
f 2146/2740/2146 1960/2500/1960 2131/2720/2131
f 2151/2745/2151 4022/5465/4022 4203/5804/4203
f 4198/5796/4198 2126/2715/2126 4201/5801/4201
f 4024/5467/4024 4019/5462/4019 4013/5450/4013
f 4195/5793/4195 4179/5764/4179 414/492/414
f 4200/5800/4200 4193/5791/4193 4199/5799/4199
f 4197/5795/4197 4182/5771/4182 4194/5792/4194
f 2151/2745/2151 4203/5804/4203 4204/5805/4204
f 4198/5797/4198 4201/5806/4201 3570/4735/3570
f 4031/5475/4031 4019/5462/4019 4024/5467/4024
f 3575/4742/3575 3559/4721/3559 3564/4728/3564
f 4202/5802/4202 4189/5781/4189 4190/5783/4190
f 3576/4743/3576 4189/5781/4189 4202/5802/4202
f 4192/5807/4192 4189/5781/4189 4033/5479/4033
f 4026/5469/4026 4178/5784/4178 4192/5807/4192
f 4043/5499/4043 4025/5468/4025 4016/5458/4016
f 3576/4743/3576 4202/5802/4202 3575/4742/3575
f 3576/4743/3576 4033/5479/4033 4189/5781/4189
f 4043/5499/4043 4016/5458/4016 4023/5466/4023
f 421/499/421 4195/5793/4195 414/492/414
f 3164/5808/3164 3163/4737/3163 3171/4165/3171
f 4205/5809/4205 3162/4155/3162 3164/4158/3164
f 4206/5810/4206 3162/4155/3162 4205/5809/4205
f 4199/5799/4199 3162/4155/3162 4206/5810/4206
f 3174/4168/3174 4194/5792/4194 4196/5794/4196
f 4026/5469/4026 4192/5807/4192 4033/5479/4033
f 4043/5499/4043 4037/5486/4037 4025/5468/4025
f 4027/5470/4027 4025/5468/4025 4037/5486/4037
f 3171/4165/3171 3163/4737/3163 3172/4166/3172
f 4205/5809/4205 3164/4158/3164 3171/5811/3171
f 4206/5810/4206 4200/5800/4200 4199/5799/4199
f 3169/4163/3169 4196/5794/4196 4200/5800/4200
f 3174/4168/3174 4196/5794/4196 3169/4163/3169
f 3169/4163/3169 4200/5800/4200 3170/4164/3170
f 2151/2745/2151 2156/2752/2156 4022/5465/4022
f 4206/5812/4206 4205/5813/4205 3171/4165/3171
f 3170/4164/3170 4200/5800/4200 4207/5814/4207
f 4037/5486/4037 4043/5499/4043 4208/5815/4208
f 3176/4170/3176 4206/5812/4206 3171/4165/3171
f 4207/5814/4207 4206/5810/4206 3176/5816/3176
f 3177/4171/3177 4207/5817/4207 3176/4170/3176
f 4209/5818/4209 3170/4164/3170 4207/5814/4207
f 4208/5815/4208 4043/5499/4043 4044/5501/4044
f 4041/5819/4041 4037/5486/4037 4208/5815/4208
f 4210/5820/4210 3183/4177/3183 4041/5495/4041
f 4211/5821/4211 4207/5817/4207 3177/4171/3177
f 4209/5818/4209 4207/5814/4207 4211/5822/4211
f 4210/5823/4210 4041/5819/4041 4208/5815/4208
f 4212/5824/4212 3183/4177/3183 4210/5820/4210
f 3580/5825/3580 3178/4172/3178 4209/5818/4209
f 3185/4183/3185 3178/5826/3178 3580/4747/3580
f 4042/5498/4042 4026/5469/4026 4213/5827/4213
f 4208/5815/4208 4044/5501/4044 4214/5828/4214
f 4210/5823/4210 4208/5815/4208 4214/5828/4214
f 4215/5829/4215 4212/5824/4212 4210/5820/4210
f 3580/4747/3580 4209/5830/4209 4211/5821/4211
f 4046/5503/4046 4214/5828/4214 4044/5501/4044
f 3580/4747/3580 4211/5821/4211 3177/4171/3177
f 4213/5827/4213 4026/5469/4026 3571/4738/3571
f 3190/4187/3190 4042/5498/4042 4213/5827/4213
f 4216/5831/4216 4214/5828/4214 4046/5503/4046
f 4216/5832/4216 4210/5820/4210 4214/5833/4214
f 4215/5829/4215 4210/5820/4210 4216/5832/4216
f 449/536/449 3183/4177/3183 4212/5824/4212
f 448/535/448 2149/2743/2149 432/511/432
f 3190/4187/3190 4045/5502/4045 4042/5498/4042
f 4215/5829/4215 4216/5832/4216 4046/5834/4046
f 2816/3653/2816 4212/5824/4212 4215/5829/4215
f 4217/5835/4217 4212/5824/4212 2816/3653/2816
f 449/536/449 4212/5824/4212 4217/5835/4217
f 4213/5827/4213 3571/4738/3571 3582/4749/3582
f 4047/5504/4047 4045/5502/4045 3190/4187/3190
f 3197/4194/3197 3190/4187/3190 4213/5827/4213
f 3192/5836/3192 4046/5503/4046 4047/5504/4047
f 3192/4189/3192 4215/5829/4215 4046/5834/4046
f 1791/5837/1791 3578/4745/3578 1787/5838/1787
f 3582/4749/3582 3197/4194/3197 4213/5827/4213
f 2817/3654/2817 4215/5829/4215 3192/4189/3192
f 2816/3653/2816 4215/5829/4215 2817/3654/2817
f 3587/4754/4218 3578/4745/3578 1791/5837/1791
f 4217/5835/4217 2816/3653/2816 2815/3652/2815
f 4048/5505/4048 449/536/449 4217/5835/4217
f 458/547/458 451/538/451 4049/5506/4049
f 3588/4755/3588 3587/4754/4218 4218/5839/4219
f 3189/4186/3189 4047/5504/4047 3190/4187/3190
f 3192/4189/3192 4047/5840/4047 3189/5841/3189
f 1792/5842/1792 3587/4754/4218 1791/5837/1791
f 1792/5842/1792 4218/5839/4219 3587/4754/4218
f 3588/4755/3588 4218/5839/4219 1792/5842/1792
f 2818/3655/2818 3192/4189/3192 3189/5841/3189
f 2818/3655/2818 3189/5841/3189 3193/4190/3193
f 4219/5843/4220 3590/4757/3590 3588/4755/3588
f 497/603/497 489/589/489 4048/5505/4048
f 3193/5507/3193 3191/4188/3191 3201/4264/3201
f 497/603/497 4048/5505/4048 4217/5835/4217
f 2822/3659/2822 4217/5835/4217 2815/3652/2815
f 4220/5844/4221 3588/4755/3588 1792/5842/1792
f 4220/5844/4221 4219/5843/4220 3588/4755/3588
f 1786/2283/1786 4220/5845/4221 1792/2290/1792
f 4051/5510/4051 458/547/458 4049/5506/4049
f 4055/5518/4055 462/552/462 458/547/458
f 2008/2565/2008 4220/5845/4221 1786/2283/1786
f 458/547/458 4051/5510/4051 4055/5518/4055
f 2189/5846/2189 4219/5847/4220 4220/5845/4221
f 1995/5848/1995 1997/5849/1997 2188/2787/2188
f 2189/5846/2189 4220/5845/4221 2008/2565/2008
f 4055/5518/4055 4051/5510/4051 4062/5531/4062
f 2008/2565/2008 2187/5850/2187 2189/5846/2189
f 2187/5850/2187 1995/5851/1995 2188/5852/2188
f 4221/5853/4222 1995/5851/1995 2187/5850/2187
f 497/603/497 4217/5835/4217 2822/3659/2822
f 2005/2562/2005 2008/2565/2008 1786/2283/1786
f 4062/5531/4062 4051/5510/4051 493/597/493
f 493/597/493 4051/5510/4051 488/588/488
f 2007/2564/2007 2187/5850/2187 2008/2565/2008
f 508/5854/508 4062/5531/4062 493/597/493
f 514/627/514 4062/5539/4062 508/5855/508
f 2232/5856/2232 4222/5857/4223 4223/5858/4224
f 2229/2838/2229 4224/5859/4225 4222/5857/4223
f 2229/2838/2229 4222/5857/4223 2232/5856/2232
f 532/649/532 517/632/517 4065/5544/4065
f 522/639/522 530/5860/530 543/663/543
f 4065/5544/4065 522/639/522 543/663/543
f 4065/5544/4065 543/663/543 545/662/545
f 543/660/543 4064/5543/4064 544/661/544
f 2338/5861/2338 4225/5862/4226 2323/5863/2323
f 2340/2981/2340 4067/5547/4067 4226/5864/4227
f 2339/2980/2339 4069/5553/4069 2340/2981/2340
f 2341/2982/2341 2340/2981/2340 4226/5864/4227
f 2339/2980/2339 2353/2994/2353 4069/5553/4069
f 2353/2994/2353 3239/4261/3239 3637/4826/3637
f 2353/2994/2353 2355/2996/2355 3239/4261/3239
f 2338/5861/2338 2323/5863/2323 2333/5865/2333
f 2344/2985/2344 2343/2984/2343 4068/5550/4068
f 4026/5469/4026 4033/5479/4033 3571/4738/3571
f 307/374/307 290/354/290 264/346/264
f 3559/4721/3559 4202/5802/4202 4198/5797/4198
f 3570/4735/3570 3559/4721/3559 4198/5797/4198
f 3570/5866/3570 4201/5801/4201 3568/4733/3568
f 2137/2728/2137 3568/4733/3568 4201/5801/4201
f 4068/5550/4068 544/661/544 2344/2985/2344
f 3575/4742/3575 4202/5802/4202 3559/4721/3559
f 3266/4298/3266 3261/4293/3261 2909/3789/2909
f 3272/5867/3272 3266/4298/3266 2943/3842/2943
f 3281/4321/3281 3268/4319/3268 3280/4318/3280
f 3294/4345/3294 2904/3781/2904 1430/1836/1430
f 3294/4345/3294 2932/3826/2932 2904/3781/2904
f 3294/4345/3294 1430/1836/1430 3283/4326/3283
f 3293/4344/3293 2944/3843/2944 2932/3826/2932
f 3290/5868/3290 3272/5867/3272 2943/3842/2943
f 2964/3869/2964 3290/5868/3290 2943/3842/2943
f 4227/5869/4228 2948/3847/2948 2944/3843/2944
f 4228/5870/4229 3290/4341/3290 2964/5871/2964
f 4228/5870/4229 3280/4318/3280 3290/4341/3290
f 4228/5870/4229 3297/4349/3297 3280/4318/3280
f 3297/4349/3297 3281/4321/3281 3280/4318/3280
f 4229/5872/4230 2948/3847/2948 4227/5869/4228
f 4227/5869/4228 2944/3843/2944 3293/4344/3293
f 4088/5586/4088 4085/5580/4085 2948/3847/2948
f 3309/4370/3309 2978/3887/2978 2977/3886/2977
f 3315/4377/3315 2978/3887/2978 3309/4370/3309
f 4228/5870/4229 3318/4381/3318 3297/4349/3297
f 1868/5873/1868 3293/4344/3293 3304/4359/3304
f 2948/3847/2948 4229/5872/4230 4088/5586/4088
f 1870/5874/1870 4227/5869/4228 3293/4344/3293
f 3321/4385/3321 3315/4377/3315 3309/4370/3309
f 4230/5875/4231 4229/5872/4230 4227/5869/4228
f 4231/5876/4232 3314/4376/3314 3315/4377/3315
f 3310/4371/3310 3306/4362/3306 3314/4376/3314
f 2965/3870/2965 4228/5877/4229 2964/3869/2964
f 1868/5878/1868 1870/5874/1870 3293/4344/3293
f 3321/4385/3321 3309/4370/3309 2992/3909/2992
f 4231/5876/4232 3315/4377/3315 3320/4384/3320
f 4231/5876/4232 3310/4371/3310 3314/4376/3314
f 3344/4414/3344 3310/4371/3310 4231/5876/4232
f 3318/5879/3318 4228/5877/4229 2965/3870/2965
f 1874/2400/1874 4227/5880/4228 1870/2396/1870
f 1874/2400/1874 4230/5881/4231 4227/5880/4228
f 4232/5882/4233 3321/4385/3321 2688/4406/2688
f 4233/5883/4234 3320/4384/3320 3321/4385/3321
f 3358/4432/3358 3318/5879/3318 2965/3870/2965
f 3358/5884/3358 3333/5885/3333 3318/5886/3318
f 4234/5887/4235 4229/5888/4230 4230/5881/4231
f 4234/5889/4235 4088/5586/4088 4229/5872/4230
f 3361/5304/3361 3930/5303/3930 4088/5586/4088
f 3034/5890/3034 4232/5882/4233 2688/4406/2688
f 4233/5883/4234 3321/4385/3321 4232/5882/4233
f 3362/4436/3362 3344/4414/3344 4231/5876/4232
f 4235/5891/4236 3333/5885/3333 3358/5884/3358
f 3327/4393/3327 3305/4360/3305 3340/4409/3340
f 4236/5892/4237 4230/5881/4231 1874/2400/1874
f 4234/5887/4235 4230/5881/4231 4236/5892/4237
f 3034/5893/3034 2688/3454/2688 2704/3478/2704
f 3362/4436/3362 4231/5876/4232 3320/4384/3320
f 3361/5304/3361 4088/5586/4088 4234/5889/4235
f 3034/5890/3034 4233/5883/4234 4232/5882/4233
f 4237/5894/4238 4233/5883/4234 3034/5890/3034
f 4233/5883/4234 3362/4436/3362 3320/4384/3320
f 4238/5895/4239 3362/4436/3362 4233/5883/4234
f 4105/5896/4105 4235/5891/4236 3358/5884/3358
f 4235/5891/4236 3340/5897/3340 3333/5885/3333
f 3378/5898/3378 3327/4393/3327 3340/4409/3340
f 4239/5899/4240 4236/5892/4237 1874/2400/1874
f 3383/5900/3383 4105/5901/4105 3358/4432/3358
f 3378/4460/3378 3340/5897/3340 4235/5891/4236
f 4239/5899/4240 1874/2400/1874 1869/2395/1869
f 3373/4453/3373 4233/5883/4234 4237/5894/4238
f 3366/4440/3366 3323/4387/3323 3003/3924/3003
f 3383/5900/3383 3358/4432/3358 3349/4420/3349
f 3350/4421/3350 3327/4393/3327 3378/5898/3378
f 4237/5894/4238 3034/5890/3034 3033/5902/3033
f 3036/4454/3036 4237/5894/4238 3033/5902/3033
f 3373/4453/3373 4238/5895/4239 4233/5883/4234
f 4104/5903/4104 4235/5891/4236 4105/5896/4105
f 3380/4462/3380 3351/4422/3351 3337/4404/3337
f 3373/4453/3373 4237/5894/4238 3036/4454/3036
f 3394/4483/3394 4238/5895/4239 3373/4453/3373
f 3380/4462/3380 3337/4404/3337 3353/4427/3353
f 3379/4461/3379 3351/4422/3351 3380/4462/3380
f 4239/5899/4240 1869/2395/1869 1876/2402/1876
f 3375/4456/3375 4238/5895/4239 3394/4483/3394
f 3375/4456/3375 3362/4436/3362 4238/5895/4239
f 3384/4469/3384 4105/5615/4105 3383/4467/3383
f 3378/4460/3378 4235/5891/4236 3377/4458/3377
f 2066/2634/2066 3351/4422/3351 3379/4461/3379
f 4240/5904/4241 4234/5887/4235 4236/5892/4237
f 3394/4483/3394 3373/4453/3373 3396/4485/3396
f 4241/5905/4242 4239/5899/4240 1876/2402/1876
f 4241/5905/4242 4236/5892/4237 4239/5899/4240
f 3361/4435/3361 4234/5887/4235 4240/5904/4241
f 4242/5906/4243 3363/4437/3363 3354/4428/3354
f 3401/4491/3401 2066/2634/2066 3379/4461/3379
f 4243/5907/4244 4236/5892/4237 4241/5905/4242
f 4240/5904/4241 4236/5892/4237 4243/5907/4244
f 3396/4485/3396 3373/4453/3373 3374/4455/3374
f 3397/4486/3397 3369/4446/3369 3363/4437/3363
f 1882/2408/1882 1876/2402/1876 1875/2401/1875
f 3359/4433/3359 3361/4435/3361 4240/5904/4241
f 3065/4020/3065 3374/5908/3374 3372/4470/3372
f 3397/4486/3397 3363/4437/3363 4242/5906/4243
f 3399/4489/3399 3401/4491/3401 3379/4461/3379
f 2065/2633/2065 2066/2634/2066 3401/4491/3401
f 4244/5909/4245 3359/4433/3359 4240/5904/4241
f 4245/5910/4246 3374/4455/3374 3065/5911/3065
f 3375/4456/3375 4242/5906/4243 3354/4428/3354
f 4246/5912/4247 4243/5907/4244 4241/5905/4242
f 3939/5913/3939 3359/4433/3359 4244/5909/4245
f 3396/4485/3396 3374/4455/3374 4245/5910/4246
f 3377/4458/3377 4235/5891/4236 4104/5903/4104
f 3407/5914/3407 3392/5915/3392 3387/5916/3387
f 3400/4490/3400 2065/2633/2065 3401/4491/3401
f 2069/2639/2069 2065/2633/2065 3400/4490/3400
f 1887/2413/1887 4241/5905/4242 1876/2402/1876
f 3419/4512/3419 4245/5917/4246 3065/4020/3065
f 4247/5918/4248 3397/4486/3397 4242/5906/4243
f 4248/5919/4249 3395/4484/3395 3397/4486/3397
f 3409/4500/3409 3395/4484/3395 4248/5919/4249
f 3422/5920/3422 3377/4458/3377 4104/5903/4104
f 3435/4538/3435 3387/5916/3387 3377/4458/3377
f 1887/2413/1887 4246/5912/4247 4241/5905/4242
f 4249/5921/4250 4240/5904/4241 4243/5907/4244
f 4247/5918/4248 4242/5906/4243 3375/4456/3375
f 4250/5922/4251 3397/4486/3397 4247/5918/4248
f 4250/5922/4251 4248/5919/4249 3397/4486/3397
f 3422/4515/3422 4104/5614/4104 3384/4469/3384
f 2070/2640/2070 2067/2635/2067 2069/2639/2069
f 4249/5921/4250 4244/5909/4245 4240/5904/4241
f 3064/4019/3064 3419/4512/3419 3065/4020/3065
f 4251/5923/4252 3396/4485/3396 4245/5910/4246
f 3393/4482/3393 3396/4485/3396 4251/5923/4252
f 3440/4543/3440 3375/4456/3375 3393/4482/3393
f 3440/4543/3440 4247/5918/4248 3375/4456/3375
f 3435/4538/3435 3377/4458/3377 3422/5920/3422
f 3407/5914/3407 3387/5916/3387 3435/4538/3435
f 4110/5622/4110 3371/4448/3371 3939/5322/3939
f 3417/4510/3417 3419/4512/3419 3064/4019/3064
f 3445/4549/3445 4248/5919/4249 4250/5922/4251
f 3413/4506/3413 3409/4500/3409 4248/5919/4249
f 3451/4557/3451 3400/4490/3400 3416/4509/3416
f 3451/4557/3451 2069/2639/2069 3400/4490/3400
f 2075/2646/2075 2063/2630/2063 2070/2640/2070
f 1887/2413/1887 4252/5924/4253 4246/5912/4247
f 4253/5925/4254 4244/5909/4245 4249/5921/4250
f 4254/5926/4255 4245/5910/4246 3419/5927/3419
f 4251/5923/4252 4245/5910/4246 4254/5926/4255
f 4251/5923/4252 4255/5928/4256 3393/4482/3393
f 3440/4543/3440 3393/4482/3393 4255/5928/4256
f 3440/4543/3440 3439/4542/3439 4247/5918/4248
f 4256/5929/4257 4248/5919/4249 3445/4549/3445
f 4256/5929/4257 3428/5930/3428 4248/5919/4249
f 3413/4506/3413 4248/5919/4249 3428/5930/3428
f 3427/4521/3427 3413/4524/3413 3428/4522/3428
f 2070/2640/2070 2069/2639/2069 3451/4557/3451
f 3939/5931/3939 4244/5932/4245 4253/5933/4254
f 4254/5934/4255 3419/4512/3419 3418/4511/3418
f 4250/5922/4251 4247/5918/4248 3439/4542/3439
f 4257/5935/4258 3407/5914/3407 3435/4538/3435
f 3430/5936/3430 3407/5914/3407 4258/5937/4259
f 3430/5936/3430 3406/5938/3406 3407/5914/3407
f 4253/5925/4254 4249/5921/4250 4259/5939/4260
f 4260/5940/4261 4110/5941/4110 3939/5931/3939
f 3445/4549/3445 4250/5922/4251 3439/4542/3439
f 3431/4530/3431 3428/4522/3428 4256/5942/4257
f 3436/4539/3436 3435/4538/3435 3422/5920/3422
f 4257/5935/4258 4258/5937/4259 3407/5914/3407
f 2080/2656/2080 2070/2640/2070 3451/4557/3451
f 4252/5924/4253 1887/2413/1887 1886/2412/1886
f 4243/5907/4244 4246/5912/4247 4261/5943/4262
f 4243/5907/4244 4259/5939/4260 4249/5921/4250
f 4262/5944/4263 4253/5925/4254 4259/5939/4260
f 4111/5632/4111 4110/5941/4110 4260/5940/4261
f 3453/4559/3453 4255/5928/4256 4251/5923/4252
f 3453/4559/3453 3440/4543/3440 4255/5928/4256
f 3446/4550/3446 4256/5929/4257 3445/4549/3445
f 3431/4530/3431 4256/5942/4257 3446/4553/3446
f 3443/4565/3443 3430/5945/3430 4258/5937/4259
f 4260/5940/4261 3939/5931/3939 4253/5933/4254
f 3453/4559/3453 4251/5923/4252 4254/5926/4255
f 4115/5627/4115 4257/5935/4258 3435/4538/3435
f 4260/5940/4261 4253/5933/4254 4262/5946/4263
f 3470/4584/3470 3453/4559/3453 4254/5926/4255
f 3458/4567/3458 3416/4509/3416 3424/4517/3424
f 4261/5943/4262 4246/5912/4247 4252/5924/4253
f 4259/5939/4260 4243/5907/4244 4261/5943/4262
f 4117/5630/4117 4111/5632/4111 4260/5940/4261
f 3470/4584/3470 4254/5926/4255 3418/5947/3418
f 3463/4574/3463 3442/4545/3442 3448/4554/3448
f 2081/2657/2081 1479/1896/1479 2073/2643/2073
f 4263/5948/4264 4259/5939/4260 4261/5943/4262
f 4264/5949/4265 4260/5940/4261 4262/5946/4263
f 4117/5630/4117 4260/5940/4261 4265/5950/4266
f 3468/4582/3468 3418/4511/3418 3437/4540/3437
f 3470/5951/3470 3418/4511/3418 3468/4582/3468
f 3464/4576/3464 3453/4559/3453 3470/4584/3470
f 1899/2425/1899 3442/4545/3442 3463/4574/3463
f 4266/5952/4267 4258/5937/4259 4257/5935/4258
f 4267/5953/4268 3450/5954/3450 3443/4565/3443
f 4268/5955/4269 3458/4567/3458 3457/4566/3457
f 4269/5956/4270 1886/2412/1886 1893/2419/1893
f 4121/5957/4121 4257/5935/4258 4115/5627/4115
f 4270/5958/4271 3443/4565/3443 4258/5937/4259
f 4270/5958/4271 4267/5953/4268 3443/4565/3443
f 4267/5959/4268 3457/4566/3457 3450/4556/3450
f 4263/5948/4264 4261/5943/4262 4271/5960/4272
f 4121/5957/4121 4266/5952/4267 4257/5935/4258
f 4271/5960/4272 4261/5943/4262 4252/5924/4253
f 4272/5961/4273 4259/5939/4260 4263/5948/4264
f 4265/5950/4266 4260/5940/4261 4264/5949/4265
f 4117/5630/4117 4118/5650/4118 4114/5631/4114
f 2081/2657/2081 2085/2663/2085 2076/2649/2076
f 4252/5924/4253 1886/2412/1886 4269/5956/4270
f 4262/5962/4263 4259/5939/4260 4272/5961/4273
f 4272/5963/4273 4264/5949/4265 4262/5946/4263
f 4124/5648/4124 4118/5650/4118 4117/5630/4117
f 4270/5958/4271 4258/5937/4259 4273/5964/4274
f 4274/5965/4275 3457/5966/3457 4267/5953/4268
f 4275/5967/4276 3458/4567/3458 4268/5955/4269
f 4275/5967/4276 3477/4595/3477 3458/4567/3458
f 3452/4558/3452 3458/4567/3458 3477/4595/3477
f 2087/2668/2087 2076/2649/2076 2085/2663/2085
f 4269/5956/4270 1893/2419/1893 1904/2430/1904
f 4127/5654/4127 4117/5630/4117 4265/5950/4266
f 4274/5968/4275 4268/5955/4269 3457/4566/3457
f 4276/5969/4277 4268/5970/4269 4274/5965/4275
f 4276/5971/4277 4275/5967/4276 4268/5955/4269
f 1903/2429/1903 2083/2661/2083 2087/2665/2087
f 4271/5960/4272 4252/5924/4253 4269/5956/4270
f 4277/5972/4278 4272/5961/4273 4263/5948/4264
f 3496/4627/3496 4275/5973/4276 4276/5969/4277
f 3496/4627/3496 3477/5974/3477 4275/5973/4276
f 4278/5975/4279 4265/5950/4266 4264/5949/4265
f 3493/5976/3493 4266/5952/4267 4121/5957/4121
f 4266/5952/4267 4273/5964/4274 4258/5937/4259
f 4279/5977/4280 4267/5953/4268 4270/5958/4271
f 4279/5977/4280 4274/5965/4275 4267/5953/4268
f 4274/5965/4275 3496/4627/3496 4276/5969/4277
f 3486/4626/3486 3477/5974/3477 3496/4627/3496
f 4280/5978/4281 4277/5972/4278 4263/5948/4264
f 4278/5975/4279 4264/5949/4265 4272/5963/4273
f 3493/5976/3493 4121/5957/4121 3494/5979/3494
f 4281/5980/4282 4279/5977/4280 4270/5958/4271
f 4282/5981/4283 2085/2663/2085 1912/2438/1912
f 4283/5982/4284 2085/2663/2085 4282/5981/4283
f 2087/2668/2087 2085/2663/2085 4283/5982/4284
f 4271/5960/4272 4269/5956/4270 4284/5983/4285
f 4127/5654/4127 4265/5950/4266 4278/5975/4279
f 4281/5980/4282 4270/5958/4271 4273/5964/4274
f 3491/4632/3491 3476/5984/3476 3486/4626/3486
f 4285/5985/4286 4263/5948/4264 4271/5960/4272
f 4278/5975/4279 4272/5963/4273 4277/5986/4278
f 1904/2430/1904 4284/5983/4285 4269/5956/4270
f 4285/5985/4286 4280/5987/4281 4263/5948/4264
f 3510/4651/3510 4127/5654/4127 4278/5975/4279
f 3960/5363/3960 3958/5357/3958 3965/5372/3965
f 3495/4625/3495 4274/5965/4275 4279/5977/4280
f 2087/2668/2087 4283/5982/4284 2088/2666/2088
f 3511/4652/3511 4277/5986/4278 4280/5988/4281
f 3113/4098/3113 3112/4097/3112 4127/5654/4127
f 4141/5680/4141 3494/4622/3494 3106/4086/3106
f 3495/4625/3495 3496/4627/3496 4274/5965/4275
f 1917/2443/1917 4282/5981/4283 1912/2438/1912
f 4278/5975/4279 4277/5986/4278 3511/4652/3511
f 4281/5980/4282 3495/4625/3495 4279/5977/4280
f 2089/5989/2089 2088/2666/2088 4283/5982/4284
f 4285/5985/4286 4271/5960/4272 4284/5983/4285
f 4286/5990/4287 4280/5991/4281 4285/5992/4286
f 3511/4652/3511 3510/4651/3510 4278/5975/4279
f 3113/4098/3113 4127/5654/4127 3510/4651/3510
f 3533/4682/3533 4281/5980/4282 4273/5964/4274
f 3505/4642/3505 3495/4625/3495 4281/5980/4282
f 1918/2444/1918 1896/2422/1896 1916/2442/1916
f 4287/5993/4288 4285/5985/4286 4284/5983/4285
f 3534/4683/3534 4266/5952/4267 3493/5976/3493
f 4282/5981/4283 4288/5994/4289 4283/5982/4284
f 4288/5994/4289 2089/5989/2089 4283/5982/4284
f 4289/5995/4290 1904/2430/1904 1921/2447/1921
f 4286/5996/4287 4285/5985/4286 4287/5993/4288
f 4286/5990/4287 3511/4652/3511 4280/5988/4281
f 4288/5994/4289 4282/5981/4283 1917/2443/1917
f 3533/4682/3533 4273/5964/4274 4266/5952/4267
f 4284/5983/4285 1904/2430/1904 4289/5995/4290
f 4287/5993/4288 4284/5983/4285 4290/5997/4291
f 4291/5998/4292 3511/4652/3511 4286/5990/4287
f 4292/5999/4293 4141/5680/4141 3109/4093/3109
f 4292/5999/4293 3494/4622/3494 4141/5680/4141
f 4293/6000/4294 3493/5976/3493 3492/6001/3492
f 3533/4682/3533 4266/5952/4267 3534/4683/3534
f 1930/2461/1930 2089/5989/2089 4288/5994/4289
f 1930/2456/1930 1924/2450/1924 2089/2670/2089
f 4293/6000/4294 3492/6001/3492 3526/4672/3526
f 4293/6000/4294 3534/4683/3534 3493/5976/3493
f 3509/4650/3509 3511/4652/3511 4291/5998/4292
f 3113/4098/3113 3510/4651/3510 3517/4660/3517
f 4139/5677/4139 3494/4622/3494 4292/5999/4293
f 3533/4682/3533 3505/4642/3505 4281/5980/4282
f 4288/5994/4289 1917/2443/1917 1925/2451/1925
f 4294/6002/4295 4286/5990/4287 4287/6003/4288
f 4153/5707/4153 3113/4098/3113 3517/4660/3517
f 3979/5686/3979 3971/5688/3971 3972/5387/3972
f 4295/6004/4296 4289/5995/4290 1921/2447/1921
f 4296/6005/4297 4284/5983/4285 4289/5995/4290
f 4297/6006/4298 4284/5983/4285 4296/6005/4297
f 4287/6003/4288 4290/6007/4291 4294/6002/4295
f 1918/2444/1918 1916/2442/1916 1920/2446/1920
f 1920/2446/1920 1931/2457/1931 1918/2444/1918
f 4295/6004/4296 1921/2447/1921 1926/2452/1926
f 4290/5997/4291 4284/5983/4285 4297/6006/4298
f 4291/5998/4292 4286/5990/4287 4294/6002/4295
f 3525/4671/3525 4293/6000/4294 3526/4672/3526
f 1934/2462/1934 1930/2461/1930 4288/5994/4289
f 2094/2675/2094 1920/2446/1920 1924/2450/1924
f 3509/4650/3509 4291/5998/4292 3540/4691/3540
f 3111/4096/3111 3113/4098/3113 4153/5707/4153
f 3982/5401/3982 3972/5387/3972 3973/5388/3973
f 4294/6008/4295 4290/5997/4291 4297/6006/4298
f 3137/4126/3137 3109/4106/3109 3116/4101/3116
f 4292/6009/4293 3109/4106/3109 3137/4126/3137
f 4298/6010/4299 3527/5690/3527 4139/5677/4139
f 1925/2451/1925 1934/2462/1934 4288/5994/4289
f 4299/6011/4300 4296/6005/4297 4295/6004/4296
f 4289/5995/4290 4295/6004/4296 4296/6005/4297
f 4300/6012/4301 3534/4683/3534 4293/6000/4294
f 3520/4663/3520 3505/4642/3505 3533/4682/3533
f 2094/2675/2094 1931/2457/1931 1920/2446/1920
f 4296/6013/4297 4294/6002/4295 4297/6014/4298
f 4301/6015/4302 4291/5998/4292 4294/6002/4295
f 4302/6016/4303 4139/5677/4139 4292/5999/4293
f 4303/6017/4304 3525/4671/3525 3527/4673/3527
f 1943/2473/1943 1931/2457/1931 2094/2675/2094
f 4295/6004/4296 1926/2452/1926 1935/2463/1935
f 3540/4691/3540 4291/5998/4292 4301/6015/4302
f 3509/4650/3509 3540/4691/3540 3517/4660/3517
f 4153/5707/4153 3517/4660/3517 3539/4690/3539
f 4302/6018/4303 4292/6009/4293 3137/4126/3137
f 3532/4681/3532 3534/4683/3534 4300/6012/4301
f 3520/4663/3520 3533/4682/3533 3547/4701/3547
f 4301/6015/4302 4294/6002/4295 4296/6013/4297
f 1932/2458/1932 1928/2454/1928 2093/2674/2093
f 1948/2486/1948 2094/2675/2094 1929/2455/1929
f 4298/6019/4299 4139/6020/4139 4302/6018/4303
f 4298/6010/4299 4303/6021/4304 3527/5690/3527
f 4300/6012/4301 4293/6000/4294 3525/4671/3525
f 4304/6022/4305 4295/6004/4296 1935/2463/1935
f 4304/6022/4305 4299/6011/4300 4295/6004/4296
f 4301/6015/4302 4296/6013/4297 4299/6023/4300
f 3993/6024/3993 3981/5399/3981 3987/5407/3987
f 3546/4700/3546 3520/4663/3520 3547/4701/3547
f 1932/2458/1932 2093/2674/2093 2098/6025/2098
f 1951/6026/1951 1929/2455/1929 1936/2464/1936
f 1948/2486/1948 1929/2455/1929 1951/6026/1951
f 3125/4113/3125 4153/5707/4153 4305/6027/4306
f 3145/4134/3145 4298/6019/4299 4302/6018/4303
f 3528/4674/3528 3520/4663/3520 3546/4700/3546
f 1956/6028/1956 1932/2458/1932 2098/6025/2098
f 4306/6029/4307 4153/5707/4153 3539/4690/3539
f 3145/4134/3145 4302/6018/4303 3137/4126/3137
f 1950/2480/1950 4304/6022/4305 1935/2463/1935
f 4307/6030/4308 3540/4691/3540 4301/6015/4302
f 4305/6027/4306 4153/5707/4153 4306/6029/4307
f 3984/5403/3984 3990/5410/3990 4002/5427/4002
f 3525/4671/3525 4303/6017/4304 4308/6031/4309
f 4307/6030/4308 4301/6015/4302 4299/6023/4300
f 4309/6032/4310 3540/4691/3540 4307/6030/4308
f 3539/4690/3539 3540/4691/3540 4309/6032/4310
f 4305/6027/4306 3995/5416/3995 3125/4113/3125
f 4154/5708/4154 3984/5403/3984 4002/5427/4002
f 4309/6032/4310 4306/6029/4307 3539/4690/3539
f 3141/4130/3141 3132/4121/3132 3538/4688/3538
f 4310/6033/4311 3532/4681/3532 4300/6012/4301
f 3548/4702/3548 3528/4674/3528 3546/4700/3546
f 1956/6034/1956 1940/2469/1940 1932/2458/1932
f 1953/6035/1953 1940/2469/1940 1956/6034/1956
f 1952/6036/1952 1941/2471/1941 1940/2469/1940
f 4311/6037/4312 4304/6038/4305 1950/6039/1950
f 4299/6023/4300 4304/6038/4305 4312/6040/4313
f 4312/6040/4313 4307/6030/4308 4299/6023/4300
f 4313/6041/4314 4303/6017/4304 4298/6019/4299
f 4308/6031/4309 4303/6017/4304 4313/6041/4314
f 4314/6042/4315 4300/6012/4301 3525/4671/3525
f 1949/2479/1949 1936/6043/1936 1941/2487/1941
f 4312/6040/4313 4304/6038/4305 4311/6037/4312
f 4315/6044/4316 4305/6027/4306 4306/6029/4307
f 3995/5416/3995 4305/6027/4306 4315/6044/4316
f 4313/6041/4314 4298/6019/4299 3145/4134/3145
f 4314/6042/4315 4310/6033/4311 4300/6012/4301
f 4316/6045/4317 4306/6029/4307 4309/6032/4310
f 4317/6046/4318 4309/6032/4310 4307/6030/4308
f 4318/6047/4319 4316/6045/4317 4309/6032/4310
f 4315/6044/4316 4306/6029/4307 4316/6045/4317
f 3153/4142/3153 3141/4130/3141 1678/2161/1678
f 4313/6041/4314 3145/4134/3145 4174/5754/4174
f 4319/6048/4320 3525/4671/3525 4308/6031/4309
f 4319/6048/4320 4314/6042/4315 3525/4671/3525
f 4320/6049/4321 4310/6033/4311 4314/6042/4315
f 4311/6037/4312 1950/6039/1950 1954/2488/1954
f 4318/6047/4319 4309/6032/4310 4317/6046/4318
f 4021/5464/4021 3995/5416/3995 4315/6044/4316
f 4321/6050/4322 4308/6031/4309 4313/6041/4314
f 4312/6040/4313 4317/6046/4318 4307/6030/4308
f 4175/6051/4175 4007/6052/4007 4021/5464/4021
f 3554/4709/3554 3532/4681/3532 4310/6033/4311
f 4322/6053/4323 4317/6046/4318 4312/6040/4313
f 4323/6054/4324 4321/6050/4322 4313/6041/4314
f 4319/6048/4320 4308/6031/4309 4321/6050/4322
f 3556/4714/3556 3549/4703/3549 3548/4702/3548
f 4324/6055/4325 1947/2477/1947 1949/2479/1949
f 4203/5804/4203 4316/6045/4317 4318/6047/4319
f 4315/6044/4316 4316/6045/4317 4203/5804/4203
f 4325/6056/4326 391/466/391 380/454/380
f 4322/6053/4323 4312/6040/4313 4311/6037/4312
f 4326/6057/4327 380/454/380 4000/5425/4000
f 4326/6057/4327 4325/6056/4326 380/454/380
f 2117/6058/2117 4325/6056/4326 4326/6057/4327
f 2117/2704/2117 391/2706/391 4325/6059/4326
f 1729/2218/1729 3153/4142/3153 1700/2184/1700
f 1729/2218/1729 1728/2217/1728 3153/4142/3153
f 1963/2507/1963 1949/2479/1949 1952/2482/1952
f 1954/2488/1954 1947/2477/1947 4327/6060/4328
f 4320/6049/4321 3554/4709/3554 4310/6033/4311
f 4324/6055/4325 4327/6060/4328 1947/2477/1947
f 4318/6047/4319 4317/6046/4318 4204/5805/4204
f 4203/5804/4203 4318/6047/4319 4204/5805/4204
f 4022/5465/4022 4315/6044/4316 4203/5804/4203
f 4021/5464/4021 4315/6044/4316 4022/5465/4022
f 4328/6061/4329 4000/5425/4000 4175/5757/4175
f 4326/6057/4327 4000/5425/4000 4328/6061/4329
f 4329/6062/4330 1700/2184/1700 3553/4708/3553
f 1729/2218/1729 1700/2184/1700 4329/6062/4330
f 4313/6041/4314 4174/5754/4174 4323/6054/4324
f 4324/6055/4325 1949/2479/1949 1963/2507/1963
f 4327/6060/4328 4311/6037/4312 1954/2488/1954
f 4020/5463/4020 4175/6051/4175 4021/5464/4021
f 4020/5463/4020 4328/6063/4329 4175/6051/4175
f 4330/6064/4331 4321/6050/4322 4331/6065/4332
f 4332/6066/4333 4327/6060/4328 4324/6055/4325
f 2152/2746/2152 4311/6037/4312 4327/6060/4328
f 4204/5805/4204 4317/6046/4318 4322/6053/4323
f 3558/4720/3558 4329/6067/4330 3553/4710/3553
f 3166/4160/3166 4174/5754/4174 4184/5773/4184
f 4323/6054/4324 4331/6065/4332 4321/6050/4322
f 4333/6068/4334 4319/6048/4320 4321/6050/4322
f 4320/6049/4321 4314/6042/4315 4319/6048/4320
f 2152/2746/2152 4322/6053/4323 4311/6037/4312
f 4334/6069/4335 2117/2704/2117 4326/6070/4327
f 4334/6069/4335 4335/6071/4336 2117/2704/2117
f 2128/2717/2128 2117/2704/2117 4335/6071/4336
f 1727/2238/1727 1729/6072/1729 4329/6067/4330
f 1751/2245/1751 1727/2238/1727 4329/6067/4330
f 3569/4734/3569 4191/5786/4191 1969/2517/1969
f 3567/4732/3567 4191/5786/4191 3569/4734/3569
f 3566/4731/3566 3159/6073/3159 3567/4732/3567
f 3566/6074/3566 3158/4148/3158 3159/4149/3159
f 3559/4721/3559 3561/4723/3561 3550/4705/3550
f 1751/2245/1751 4329/6067/4330 3558/4720/3558
f 1970/2518/1970 3569/4734/3569 1969/2517/1969
f 4323/6054/4324 4174/5754/4174 3166/4160/3166
f 4333/6068/4334 4321/6050/4322 4330/6064/4331
f 4336/6075/4337 4320/6049/4321 4319/6048/4320
f 4324/6055/4325 1963/2507/1963 2146/2740/2146
f 4204/5805/4204 4322/6053/4323 2151/2745/2151
f 3574/4741/3574 3569/4734/3569 1970/2518/1970
f 3166/4160/3166 4184/5773/4184 3167/4161/3167
f 4337/6076/4338 4319/6048/4320 4333/6068/4334
f 3565/6077/3565 4338/6078/4339 3558/4720/3558
f 4338/6078/4339 1751/2245/1751 3558/4720/3558
f 4339/6079/4340 4323/6054/4324 3166/4160/3166
f 4340/6080/4341 4330/6064/4331 4331/6065/4332
f 2166/2765/2166 3555/4713/3555 3554/4709/3554
f 2151/2745/2151 4322/6053/4323 2152/2746/2152
f 4334/6069/4335 4326/6070/4327 4328/6063/4329
f 2153/2748/2153 4335/6071/4336 4334/6069/4335
f 1970/2518/1970 1745/2236/1745 1751/2245/1751
f 4339/6079/4340 4331/6065/4332 4323/6054/4324
f 4039/5490/4039 3554/4709/3554 4320/6049/4321
f 2146/2740/2146 4332/6066/4333 4324/6055/4325
f 2152/2746/2152 4327/6060/4328 4332/6066/4333
f 1976/2524/1976 3565/4729/3565 1967/2515/1967
f 1976/6081/1976 4338/6078/4339 3565/6077/3565
f 4336/6075/4337 4319/6048/4320 4337/6076/4338
f 4341/6082/4342 4320/6049/4321 4336/6075/4337
f 2138/2729/2138 2124/2712/2124 2142/2734/2142
f 4342/6083/4343 1751/2245/1751 4338/6078/4339
f 4343/6084/4344 1970/2518/1970 1751/2245/1751
f 4343/6084/4344 3574/4741/3574 1970/2518/1970
f 3165/4159/3165 4339/6079/4340 3166/4160/3166
f 4039/5490/4039 4320/6049/4321 4341/6082/4342
f 3572/4739/3572 3555/4713/3555 2166/2765/2166
f 2145/2739/2145 4332/6066/4333 2146/2740/2146
f 2155/2751/2155 4328/6063/4329 4020/5463/4020
f 2143/2735/2143 4335/6071/4336 2153/2748/2153
f 2143/2735/2143 2128/2717/2128 4335/6071/4336
f 4342/6083/4343 4338/6078/4339 1976/6081/1976
f 4343/6084/4344 1751/2245/1751 4342/6083/4343
f 4343/6084/4344 4344/6085/4345 3574/4741/3574
f 3179/4173/3179 3167/4161/3167 4197/5795/4197
f 3179/4173/3179 3165/4159/3165 3167/4161/3167
f 4340/6080/4341 4331/6065/4332 4345/6086/4346
f 4346/6087/4347 4330/6064/4331 4340/6080/4341
f 4346/6087/4347 4333/6068/4334 4330/6064/4331
f 4337/6076/4338 4333/6068/4334 4347/6088/4348
f 4348/6089/4349 4341/6082/4342 4336/6075/4337
f 2150/2744/2150 2152/2746/2152 4332/6066/4333
f 4334/6069/4335 4328/6063/4329 2155/2751/2155
f 2155/2751/2155 4349/6090/4350 4334/6069/4335
f 4349/6090/4350 2153/2748/2153 4334/6069/4335
f 3174/4168/3174 4197/5795/4197 4194/5792/4194
f 3179/4173/3179 4197/5795/4197 3174/4168/3174
f 4347/6088/4348 4333/6068/4334 4346/6087/4347
f 4207/5814/4207 4200/5800/4200 4206/5810/4206
f 4350/6091/4351 4348/6089/4349 4336/6075/4337
f 2158/2754/2158 2131/6092/2131 2138/2729/2138
f 2150/2744/2150 4332/6066/4333 2145/2739/2145
f 4351/6093/4352 4342/6094/4343 1976/2524/1976
f 3573/4740/3573 3574/4741/3574 4344/6085/4345
f 4352/6095/4353 4337/6076/4338 4347/6088/4348
f 4336/6075/4337 4337/6076/4338 2173/2772/2173
f 4350/6091/4351 4336/6075/4337 2173/2772/2173
f 2158/2755/2158 2145/2739/2145 2131/2720/2131
f 2155/2751/2155 4020/5463/4020 2156/2752/2156
f 1975/2523/1975 4351/6093/4352 1976/2524/1976
f 4353/6096/4354 4343/6084/4344 4342/6083/4343
f 4344/6085/4345 4343/6084/4344 4353/6096/4354
f 3178/4172/3178 3170/4164/3170 4209/5818/4209
f 4345/6086/4346 4331/6065/4332 4339/6079/4340
f 2164/2763/2164 2166/2765/2166 4039/5490/4039
f 2158/2754/2158 2138/2729/2138 2142/2734/2142
f 2159/2756/2159 4349/6090/4350 2155/2751/2155
f 1989/2537/1989 4351/6093/4352 1975/2523/1975
f 4353/6096/4354 4342/6083/4343 4351/6097/4352
f 4354/6098/4355 4339/6079/4340 3165/4159/3165
f 4355/6099/4356 4346/6087/4347 4340/6080/4341
f 2173/2772/2173 4337/6076/4338 4352/6095/4353
f 4344/6085/4345 4353/6096/4354 1983/6100/1983
f 1983/6101/1983 1982/6102/1982 4344/6085/4345
f 3165/4159/3165 3179/4173/3179 3180/4174/3180
f 4354/6098/4355 4345/6086/4346 4339/6079/4340
f 2170/2769/2170 4346/6087/4347 4355/6099/4356
f 4348/6089/4349 4039/5490/4039 4341/6082/4342
f 1989/2537/1989 1975/2523/1975 1980/2528/1980
f 1984/2532/1984 4353/6103/4354 4351/6093/4352
f 4354/6098/4355 3165/4159/3165 3586/4753/3586
f 4355/6099/4356 4340/6080/4341 4345/6086/4346
f 2172/2771/2172 4350/6091/4351 2173/2772/2173
f 4356/6104/4357 2153/2748/2153 2159/2756/2159
f 1984/2532/1984 1983/2531/1983 4353/6103/4354
f 3579/4746/3579 4344/6085/4345 1982/6102/1982
f 3579/4746/3579 3573/4740/3573 4344/6085/4345
f 3186/4180/3186 3586/4753/3586 3180/4174/3180
f 3586/4753/3586 3165/4159/3165 3180/4174/3180
f 4355/6099/4356 4345/6086/4346 4354/6098/4355
f 2173/2772/2173 4352/6095/4353 2171/2770/2171
f 2153/2748/2153 4349/6090/4350 2159/2756/2159
f 447/2749/447 2153/2748/2153 4356/6104/4357
f 1984/2532/1984 4351/6093/4352 1989/2537/1989
f 2169/2768/2169 4346/6087/4347 2170/2769/2170
f 2182/2781/2182 4347/6088/4348 4346/6087/4347
f 4352/6095/4353 4347/6088/4348 2182/2781/2182
f 2172/2771/2172 4348/6089/4349 4350/6091/4351
f 2169/2768/2169 2182/2781/2182 4346/6087/4347
f 2175/2774/2175 4348/6089/4349 4357/6105/4358
f 4039/5490/4039 4348/6089/4349 2175/2774/2175
f 4356/6104/4357 2159/2756/2159 448/6106/448
f 448/6107/448 447/2749/447 4356/6104/4357
f 3592/4759/3592 3586/4753/3586 3585/4752/3585
f 3592/4759/3592 4354/6098/4355 3586/4753/3586
f 4358/6108/4359 4355/6099/4356 4354/6098/4355
f 2165/2764/2165 2164/2763/2164 4039/5490/4039
f 2170/2769/2170 4355/6099/4356 4358/6108/4359
f 4357/6105/4358 4348/6089/4349 2172/2771/2172
f 2165/2764/2165 4039/5490/4039 2175/2774/2175
f 1787/2284/1787 1982/2530/1982 1788/2285/1788
f 1787/6109/1787 3579/4746/3579 1982/6102/1982
f 1787/5838/1787 3578/4745/3578 3579/4746/3579
f 2171/2770/2171 4352/6095/4353 2182/2781/2182
f 2178/2777/2178 4357/6105/4358 2172/2771/2172
f 3605/4774/3605 2167/2766/2167 1776/2273/1776
f 4354/6098/4355 3592/4759/3592 3595/4764/3595
f 2168/2767/2168 2170/2769/2170 4358/6108/4359
f 3595/4764/3595 4358/6108/4359 4354/6098/4355
f 3593/4761/3593 1996/2547/1996 3584/4751/3584
f 3591/4758/3591 3585/4752/3585 3584/4751/3584
f 2191/2790/2191 2182/2781/2182 2169/2768/2169
f 2178/2777/2178 2174/2773/2174 4357/6105/4358
f 2175/2774/2175 4357/6105/4358 2174/2773/2174
f 3591/4758/3591 3584/4751/3584 1996/2547/1996
f 4359/6110/4360 2168/2767/2168 4358/6108/4359
f 2183/2782/2183 2182/2781/2182 2191/2790/2191
f 1987/2535/1987 2167/2766/2167 3605/4774/3605
f 1997/5849/1997 3593/6111/3593 3590/4757/3590
f 2179/2778/2179 2168/2767/2168 4359/6110/4360
f 2178/2777/2178 2177/2776/2177 2186/2785/2186
f 2001/2554/2001 1988/2536/1988 1987/2535/1987
f 1997/5849/1997 3590/4757/3590 4219/5843/4220
f 1997/2548/1997 1996/2547/1996 3593/4761/3593
f 2000/2552/2000 3591/4758/3591 1996/2547/1996
f 4359/6110/4360 4358/6108/4359 3595/4764/3595
f 3601/4770/3601 2191/2790/2191 2169/2768/2169
f 1987/2535/1987 3605/4774/3605 2002/2555/2002
f 2189/2788/2189 1997/5849/1997 4219/5843/4220
f 2188/2787/2188 1997/5849/1997 2189/2788/2189
f 3606/4775/3606 4359/6110/4360 3595/4764/3595
f 3609/4780/3609 2179/2778/2179 4359/6110/4360
f 2202/2803/2202 3603/4772/3603 2179/2778/2179
f 3614/4788/3614 4359/6110/4360 3606/4775/3606
f 3614/4788/3614 3609/4780/3609 4359/6110/4360
f 3619/4794/3619 3603/4772/3603 2202/2803/2202
f 2185/2784/2185 2178/2777/2178 2186/2785/2186
f 2003/2556/2003 2000/2552/2000 1995/2546/1995
f 2190/2789/2190 2191/2790/2191 3601/4770/3601
f 2003/6112/2003 1995/5851/1995 4221/5853/4222
f 3601/4770/3601 2176/2775/2176 3603/4772/3603
f 2196/2795/2196 2185/2784/2185 2186/2785/2186
f 1994/2544/1994 1988/2536/1988 2001/2554/2001
f 4360/6113/4361 3610/4781/3610 2006/2563/2006
f 2203/2804/2203 3614/4788/3614 3606/4775/3606
f 2195/2794/2195 2183/2782/2183 2190/2789/2190
f 4361/6114/4362 2001/2554/2001 2002/2555/2002
f 4221/5853/4222 2187/5850/2187 2007/2564/2007
f 4360/6115/4361 2006/6116/2006 2009/6117/2009
f 4362/6118/4363 3601/4770/3601 3603/4772/3603
f 2190/2789/2190 3601/4770/3601 4362/6118/4363
f 2010/2567/2010 1994/2544/1994 2001/2554/2001
f 4363/6119/4364 2003/6112/2003 4221/5853/4222
f 2195/2794/2195 2186/2785/2186 2183/2782/2183
f 3621/4797/3621 2002/2555/2002 3605/4774/3605
f 4363/6119/4364 4221/5853/4222 2007/2564/2007
f 2009/6117/2009 2003/6112/2003 4363/6119/4364
f 4364/6120/4365 3610/6121/3610 4360/6115/4361
f 3622/4799/3622 3610/4781/3610 4364/6122/4365
f 2202/2803/2202 3614/4788/3614 2203/2804/2203
f 4222/5857/4223 3624/4801/3624 2196/2795/2196
f 4365/6123/4366 2009/6117/2009 4363/6119/4364
f 4365/6123/4366 4360/6115/4361 2009/6117/2009
f 2223/2831/2223 4360/6115/4361 4365/6123/4366
f 4366/6124/4367 2190/2789/2190 4362/6118/4363
f 4367/6125/4368 4222/5857/4223 2196/2795/2196
f 3632/4819/3632 2002/2555/2002 3621/4797/3621
f 4364/6120/4365 4360/6115/4361 2223/2831/2223
f 3627/4806/3627 4362/6118/4363 3603/4772/3603
f 3632/4819/3632 4361/6114/4362 2002/2555/2002
f 4368/6126/4369 2007/2564/2007 2005/2562/2005
f 4369/6127/4370 3622/6128/3622 4364/6120/4365
f 4370/6129/4371 2203/2804/2203 3622/4799/3622
f 4371/6130/4372 4363/6119/4364 2007/2564/2007
f 4369/6131/4370 4370/6129/4371 3622/6132/3622
f 2206/2808/2206 2203/2804/2203 4370/6129/4371
f 2010/2567/2010 2001/2554/2001 4372/6133/4373
f 4368/6126/4369 2005/2562/2005 1999/2551/1999
f 4373/6134/4374 4366/6124/4367 4362/6118/4363
f 3632/4819/3632 3621/4797/3621 2264/2885/2264
f 4372/6133/4373 2001/2554/2001 4361/6114/4362
f 2224/2832/2224 4365/6123/4366 4363/6119/4364
f 2223/2831/2223 4365/6123/4366 2224/2832/2224
f 4369/6127/4370 4364/6120/4365 2223/2831/2223
f 2036/2597/2036 4361/6114/4362 3632/4819/3632
f 4371/6130/4372 2007/2564/2007 4368/6126/4369
f 2224/2832/2224 4363/6119/4364 4371/6130/4372
f 3629/4814/3629 4362/6135/4363 3627/4815/3627
f 2013/2570/2013 2221/2829/2221 2020/2577/2020
f 4370/6136/4371 4369/6127/4370 2265/2886/2265
f 2214/2819/2214 2020/2847/2020 2221/6137/2221
f 4368/6126/4369 1999/2551/1999 2010/2567/2010
f 2227/2835/2227 4369/6127/4370 2223/2831/2223
f 2036/2597/2036 4372/6133/4373 4361/6114/4362
f 2030/2589/2030 4368/6126/4369 2010/2567/2010
f 2029/2588/2029 2224/2832/2224 4371/6130/4372
f 2227/2835/2227 2243/2861/2243 4369/6127/4370
f 2265/2886/2265 2235/6138/2235 4370/6136/4371
f 2206/2849/2206 4370/6139/4371 2235/2848/2235
f 525/642/525 2832/5541/2832 2833/6140/2833
f 4371/6130/4372 4368/6126/4369 2030/2589/2030
f 2021/6141/2021 2234/2846/2234 2231/2840/2231
f 4374/6142/4375 2831/3668/2831 2828/3665/2828
f 2833/6140/2833 2831/6143/2831 4374/6144/4375
f 2233/2844/2233 2228/2842/2228 4375/6145/4376
f 4376/6146/4377 2226/2834/2226 2233/2850/2233
f 2021/2578/2021 2020/2577/2020 2234/6147/2234
f 4374/6148/4375 2828/3665/2828 2836/3674/2836
f 2010/2567/2010 4372/6133/4373 4377/6149/4378
f 2029/2588/2029 4371/6130/4372 2030/2589/2030
f 2265/2886/2265 4369/6127/4370 2243/2861/2243
f 2256/2875/2256 2226/2834/2226 4376/6146/4377
f 2238/2854/2238 2226/2834/2226 2256/2875/2256
f 2245/2863/2245 2230/2839/2230 2238/2854/2238
f 2245/2863/2245 2236/2851/2236 2230/2839/2230
f 2269/2892/2269 2231/2840/2231 2236/2851/2236
f 2269/2892/2269 2021/6141/2021 2231/2840/2231
f 4064/5543/4064 525/642/525 2833/6140/2833
f 2030/2589/2030 2010/2567/2010 4377/6149/4378
f 2241/2857/2241 2235/2859/2235 2265/2886/2265
f 2251/2869/2251 4376/6150/4377 2233/2844/2233
f 2256/2875/2256 4376/6146/4377 2251/2876/2251
f 2240/2856/2240 2224/2832/2224 2029/2588/2029
f 2269/2892/2269 2236/2851/2236 4378/6151/4379
f 2022/6152/2022 2021/6141/2021 2269/2892/2269
f 2259/2879/2259 2025/6153/2025 2024/2880/2024
f 2844/3684/2844 4374/6144/4375 2836/3682/2836
f 4377/6149/4378 4372/6133/4373 2036/2597/2036
f 2261/2882/2261 2238/2854/2238 2256/2875/2256
f 2286/2911/2286 2269/2892/2269 4378/6151/4379
f 2026/2586/2026 2025/6153/2025 2259/2879/2259
f 4066/5546/4066 2833/6140/2833 4374/6144/4375
f 4064/5543/4064 2833/6140/2833 4066/5546/4066
f 2036/2597/2036 3632/4819/3632 1838/2346/1838
f 4378/6151/4379 2236/2851/2236 2245/2863/2245
f 2258/2878/2258 2022/6152/2022 2269/2892/2269
f 2258/2878/2258 2024/2880/2024 2022/6152/2022
f 2034/2595/2034 2026/2586/2026 2259/2879/2259
f 4066/5546/4066 4374/6144/4375 2844/3684/2844
f 4379/6154/4380 2245/2863/2245 2257/2877/2257
f 4379/6154/4380 4378/6151/4379 2245/2863/2245
f 544/661/544 4064/5543/4064 4066/5546/4066
f 2031/2590/2031 2030/2589/2030 4377/6149/4378
f 2249/2867/2249 2029/2588/2029 2031/2590/2031
f 2279/2903/2279 4379/6154/4380 2257/2877/2257
f 2285/2910/2285 2269/2892/2269 2286/2911/2286
f 2268/2891/2268 2269/2892/2269 2285/2910/2285
f 2270/2893/2270 2259/2879/2259 2258/2878/2258
f 2270/2893/2270 2034/2595/2034 2259/2879/2259
f 3636/6155/3636 2032/2591/2032 2034/2595/2034
f 2266/2887/2266 2265/2886/2265 2243/2861/2243
f 4378/6151/4379 4379/6154/4380 2284/2909/2284
f 3636/6155/3636 2034/2595/2034 2270/2893/2270
f 3639/6156/3639 3636/6155/3636 2270/2893/2270
f 2279/2903/2279 2284/2909/2284 4379/6154/4380
f 2286/2911/2286 4378/6151/4379 2284/2909/2284
f 4380/6157/4381 2270/2893/2270 2268/2891/2268
f 4380/6157/4381 3639/6156/3639 2270/2893/2270
f 2035/2596/2035 4377/6149/4378 2036/2597/2036
f 2284/2909/2284 2287/2912/2287 2286/2911/2286
f 4381/6158/4382 3639/4830/3639 4380/6159/4381
f 4381/6158/4382 3633/4820/3633 3639/4830/3639
f 2031/2590/2031 4377/6149/4378 2035/2596/2035
f 2322/2960/2322 2268/2891/2268 2285/2910/2285
f 4382/6160/4383 4380/6157/4381 2268/2891/2268
f 3642/4833/3642 3640/4831/3640 3633/4820/3633
f 2037/2598/2037 2249/2867/2249 2031/2590/2031
f 2322/2960/2322 2285/2910/2285 2287/2912/2287
f 4382/6160/4383 2268/2891/2268 2322/2960/2322
f 4383/6161/4384 4380/6159/4381 4382/6162/4383
f 4383/6161/4384 4381/6158/4382 4380/6159/4381
f 3642/4833/3642 3633/4820/3633 4381/6158/4382
f 4226/5864/4227 3641/5551/3641 3642/6163/3642
f 2037/2598/2037 2031/2590/2031 2035/2596/2035
f 2324/2962/2324 4383/6164/4384 4382/6160/4383
f 4225/5862/4226 4381/6158/4382 4383/6161/4384
f 4384/6165/4385 3642/4833/3642 4381/6158/4382
f 4384/6165/4385 4226/6166/4227 3642/4833/3642
f 4066/5546/4066 2355/2996/2355 4385/6167/4386
f 2037/2598/2037 2281/2905/2281 2249/2867/2249
f 2322/2960/2322 2287/2912/2287 2304/2934/2304
f 2324/2962/2324 4382/6160/4383 2322/2960/2322
f 4225/5862/4226 4383/6161/4384 2324/6168/2324
f 2341/2982/2341 4226/5864/4227 4384/6169/4385
f 4067/5547/4067 3641/5551/3641 4226/5864/4227
f 2323/5863/2323 4225/5862/4226 2324/6168/2324
f 4384/6165/4385 4381/6158/4382 4225/5862/4226
f 2344/2985/2344 4385/6167/4386 2355/2996/2355
f 2365/6170/2365 2297/2925/2297 2310/2945/2310
f 2039/2601/2039 2281/2905/2281 2037/2598/2037
f 2367/6171/2367 2297/2925/2297 2365/6170/2365
f 2367/6171/2367 2319/2957/2319 2297/2925/2297
f 2368/6172/2368 2319/2957/2319 2367/6171/2367
f 2368/6172/2368 2318/2956/2318 2319/2957/2319
f 2338/5861/2338 4384/6165/4385 4225/5862/4226
f 2341/2982/2341 4384/6169/4385 2338/2978/2338
f 2038/2599/2038 2035/2596/2035 1842/2352/1842
f 2366/6173/2366 2310/6174/2310 2311/2953/2311
f 2366/6173/2366 2365/6175/2365 2310/6174/2310
f 2350/2991/2350 2304/2934/2304 2320/2958/2320
f 2341/2982/2341 2338/2978/2338 2337/2977/2337
f 2354/2995/2354 2344/2985/2344 2355/2996/2355
f 4386/6176/4387 2320/2958/2320 2349/2990/2349
f 2358/3001/2358 2321/2959/2321 2350/2991/2350
f 4387/6177/4388 2320/2958/2320 4386/6176/4387
f 2350/2991/2350 2320/2958/2320 4387/6177/4388
f 4388/6178/4389 2350/6179/2350 4387/6180/4388
f 4389/6181/4390 2350/6182/2350 4388/6178/4389
f 2375/3023/2375 2354/2995/2354 2369/3016/2369
f 4390/6183/4391 4388/6178/4389 4387/6180/4388
f 2358/6184/2358 2350/6182/2350 4389/6181/4390
f 2357/6185/2357 2358/6184/2358 4389/6181/4390
f 2374/3022/2374 2352/2993/2352 2339/2980/2339
f 4391/6186/4392 2352/2993/2352 2374/3022/2374
f 4392/6187/4393 2351/3002/2351 2357/6188/2357
f 2337/2977/2337 2351/3002/2351 4392/6187/4393
f 4393/6189/4394 2352/2993/2352 4391/6186/4392
f 4393/6189/4394 2369/3016/2369 2352/2993/2352
f 2394/3047/2394 1842/2352/1842 1841/2351/1841
f 4394/6190/4395 2038/2599/2038 1842/2352/1842
f 4389/6181/4390 4388/6178/4389 4390/6183/4391
f 4392/6191/4393 2357/6185/2357 4389/6181/4390
f 2374/3022/2374 2337/2977/2337 4392/6187/4393
f 2412/6192/2412 2369/3016/2369 4393/6189/4394
f 2412/3070/2412 2375/3024/2375 2369/6193/2369
f 4394/6190/4395 1842/2352/1842 2394/3047/2394
f 4395/6194/4396 4389/6181/4390 4390/6183/4391
f 4396/6195/4397 4393/6189/4394 4391/6186/4392
f 4396/6196/4397 2412/3070/2412 4393/6197/4394
f 2371/3019/2371 2375/3024/2375 2412/3070/2412
f 2039/2601/2039 2038/2599/2038 4394/6190/4395
f 4392/6191/4393 4389/6181/4390 4395/6194/4396
f 4397/6198/4398 2374/3022/2374 4392/6187/4393
f 4397/6198/4398 4391/6186/4392 2374/3022/2374
f 4398/6199/4399 4396/6196/4397 4391/6200/4392
f 4398/6199/4399 4391/6200/4392 4397/6201/4398
f 2412/3070/2412 4396/6196/4397 4398/6199/4399
f 2040/2602/2040 2039/2601/2039 4394/6190/4395
f 4398/6199/4399 4392/6191/4393 4395/6194/4396
f 4397/6201/4398 4392/6191/4393 4398/6199/4399
f 2380/3032/2380 2371/3019/2371 2386/3039/2386
f 2386/3039/2386 2371/3019/2371 2412/3070/2412
f 2424/3084/2424 4395/6194/4396 4399/6202/4400
f 2424/3084/2424 4398/6199/4399 4395/6194/4396
f 2424/3084/2424 2412/3070/2412 4398/6199/4399
f 2411/3069/2411 2412/3070/2412 2424/3084/2424
f 2046/2609/2046 4394/6190/4395 2394/3047/2394
f 2040/2602/2040 4394/6190/4395 2046/2609/2046
f 2438/3107/2438 2394/3047/2394 2053/2617/2053
f 2438/3107/2438 2046/2609/2046 2394/3047/2394
f 4066/5546/4066 4385/6167/4386 544/661/544
f 544/661/544 4385/6167/4386 2344/2985/2344
f 1936/6043/1936 1949/2479/1949 1951/2481/1951
f 2730/3522/2730 1206/1538/1206 1197/1528/1197
f 2731/3523/2731 1194/1524/1194 1206/1539/1206
f 2731/3523/2731 1204/1536/1204 1194/1524/1194
f 2731/3523/2731 1209/1542/1209 1204/1536/1204
f 4400/6203/4401 2731/3523/2731 1206/1539/1206
f 4400/6204/4401 1206/1538/1206 2730/3522/2730
f 2756/3562/2756 2712/3490/2712 3762/5041/3762
f 2730/3522/2730 2712/3490/2712 2756/3562/2756
f 4400/6204/4401 2730/3522/2730 1242/1592/1242
f 4401/6205/4402 2731/6206/2731 4400/6204/4401
f 1241/1591/1241 4401/6205/4402 4400/6204/4401
f 4402/6207/4403 1237/1581/1237 2731/3523/2731
f 2756/3562/2756 1242/1592/1242 2730/3522/2730
f 4402/6207/4403 2731/3523/2731 4401/6208/4402
f 1241/1591/1241 4400/6204/4401 1242/1592/1242
f 4403/6209/4404 2728/3520/2728 1239/1587/1239
f 1225/1567/1225 788/966/788 787/965/787
f 4404/6210/4405 4401/6205/4402 1241/1591/1241
f 4404/6211/4405 4402/6207/4403 4401/6208/4402
f 4403/6209/4404 1239/1587/1239 1238/1589/1238
f 2735/3527/2735 2728/3520/2728 4403/6209/4404
f 1240/1590/1240 1229/1571/1229 2735/3527/2735
f 1247/1598/1247 4404/6210/4405 1241/1591/1241
f 4405/6212/4406 1237/1581/1237 4402/6207/4403
f 4406/6213/4407 1240/1590/1240 2735/3527/2735
f 188/214/188 2747/3548/2747 1225/1567/1225
f 4405/6214/4406 4402/6215/4403 4404/6210/4405
f 4405/6212/4406 1244/6216/1244 1237/1581/1237
f 4403/6209/4404 4406/6213/4407 2735/3527/2735
f 188/214/188 764/937/764 2747/3548/2747
f 1248/1599/1248 4403/6209/4404 1238/1589/1238
f 1259/1610/1259 1233/1576/1233 1240/1590/1240
f 1247/1598/1247 4405/6214/4406 4404/6210/4405
f 1244/6216/1244 4405/6212/4406 1255/6217/1255
f 1260/1611/1260 1259/1610/1259 1240/1590/1240
f 1259/1610/1259 1232/1575/1232 1233/1576/1233
f 4407/6218/4408 4405/6214/4406 1247/1598/1247
f 1260/1611/1260 1240/1590/1240 4406/6213/4407
f 815/1010/815 1225/1567/1225 787/965/787
f 4407/6218/4408 1247/1598/1247 4408/6219/4409
f 1251/1602/1251 1232/1575/1232 1259/1610/1259
f 815/1010/815 188/214/188 1225/1567/1225
f 1246/1597/1246 4408/6219/4409 1247/1598/1247
f 1255/1606/1255 4405/6214/4406 4407/6218/4408
f 1245/1596/1245 1244/1595/1244 1255/1606/1255
f 1260/1611/1260 4406/6213/4407 4409/6220/4410
f 4410/6221/4411 4408/6219/4409 1246/1597/1246
f 1256/1607/1256 4407/6218/4408 4408/6219/4409
f 4406/6213/4407 4403/6209/4404 1248/1599/1248
f 836/1031/836 188/214/188 815/1010/815
f 836/1031/836 186/212/186 188/214/188
f 4410/6221/4411 1246/1597/1246 1253/1604/1253
f 1256/1607/1256 1255/1606/1255 4407/6218/4408
f 1268/1619/1268 1260/1611/1260 4409/6220/4410
f 1259/1610/1259 1252/1603/1252 1251/1602/1251
f 809/1004/809 187/213/187 186/212/186
f 1271/1622/1271 1253/1604/1253 1243/1593/1243
f 4409/6220/4410 4406/6213/4407 1248/1599/1248
f 4411/6222/4412 4410/6221/4411 1253/1604/1253
f 4409/6220/4410 1248/1599/1248 1257/1608/1257
f 1270/1621/1270 1253/1604/1253 1271/1622/1271
f 1270/1621/1270 4411/6222/4412 1253/1604/1253
f 4412/6223/4413 4409/6220/4410 1257/1608/1257
f 1276/1627/1276 1261/1612/1261 1256/1607/1256
f 1268/1619/1268 4409/6220/4410 4412/6223/4413
f 1258/1609/1258 1260/1611/1260 1268/1619/1268
f 4413/6224/4414 1583/2032/1583 1553/1994/1553
f 1257/1608/1257 1254/1605/1254 1263/1614/1263
f 1591/6225/1591 1553/1994/1553 1582/2031/1582
f 1591/6225/1591 4413/6224/4414 1553/1994/1553
f 4414/6226/4415 186/212/186 836/1031/836
f 819/1014/819 186/212/186 4414/6226/4415
f 809/1004/809 186/212/186 819/1014/819
f 1287/1638/1287 4408/6219/4409 4410/6221/4411
f 1287/1638/1287 1256/1607/1256 4408/6219/4409
f 4412/6223/4413 1257/1608/1257 1263/1614/1263
f 4415/6227/4416 4413/6224/4414 1591/6225/1591
f 1287/1638/1287 4410/6221/4411 4411/6222/4412
f 1276/1627/1276 1256/1607/1256 1287/1638/1287
f 4416/6228/4417 4412/6223/4413 1263/1614/1263
f 1268/1619/1268 4412/6223/4413 4416/6228/4417
f 1603/2067/1603 4415/6229/4416 1591/2050/1591
f 1283/1634/1283 1271/1622/1271 3800/5109/3800
f 1583/2035/1583 4413/6230/4414 4415/6231/4416
f 2788/3615/2788 819/1014/819 4414/6226/4415
f 1285/1636/1285 4411/6222/4412 1270/1621/1270
f 1285/1636/1285 1287/1638/1287 4411/6222/4412
f 1267/1618/1267 1268/1619/1268 4416/6228/4417
f 1273/1624/1273 1258/1609/1258 1267/1618/1267
f 1605/2071/1605 1586/6232/1586 1587/2042/1587
f 1600/2063/1600 1578/2027/1578 1617/2086/1617
f 1612/2078/1612 1583/2035/1583 4415/6231/4416
f 1621/6233/1621 1586/2081/1586 1605/6234/1605
f 4414/6226/4415 836/1031/836 839/1034/839
f 1285/1636/1285 1270/1621/1270 1269/1620/1269
f 1288/1639/1288 1263/1614/1263 1261/1612/1261
f 4417/6235/4418 4415/6229/4416 1603/2067/1603
f 4417/6235/4418 1612/6236/1612 4415/6229/4416
f 1616/2085/1616 1586/2081/1586 1621/6233/1621
f 4416/6228/4417 1263/1614/1263 1288/1639/1288
f 4418/6237/4419 1267/1618/1267 4416/6228/4417
f 1604/2068/1604 1612/2078/1612 4417/6238/4418
f 1618/2087/1618 1604/2079/1604 4417/6235/4418
f 1618/2087/1618 1592/2054/1592 1604/2079/1604
f 839/1034/839 2788/3615/2788 4414/6226/4415
f 4419/6239/4420 825/1020/825 2788/3615/2788
f 1300/1655/1300 1287/1638/1287 1286/1637/1286
f 1300/1655/1300 1276/1627/1276 1287/1638/1287
f 4417/6235/4418 1603/2067/1603 1600/2063/1600
f 840/1035/840 825/1020/825 4419/6239/4420
f 1275/1626/1275 1276/1627/1276 1300/1655/1300
f 4420/6240/4421 4416/6228/4417 1288/1639/1288
f 4420/6240/4421 4418/6237/4419 4416/6228/4417
f 1273/1624/1273 1267/1618/1267 4418/6237/4419
f 1624/2095/1624 1280/1631/1280 1293/1646/1293
f 1559/2002/1559 1593/2055/1593 1635/2108/1635
f 848/1043/848 4419/6239/4420 2788/3615/2788
f 4421/6241/4422 1285/1636/1285 1269/1620/1269
f 1292/1645/1292 1273/1624/1273 4418/6237/4419
f 1628/2100/1628 1600/2063/1600 1617/2086/1617
f 4422/6242/4423 1618/2087/1618 4417/6235/4418
f 4423/6243/4424 1621/6233/1621 1629/2121/1629
f 4423/6243/4424 1616/2085/1616 1621/6233/1621
f 848/1043/848 2788/3615/2788 839/1034/839
f 4424/6244/4425 1269/1620/1269 1283/1634/1283
f 1305/1660/1305 1288/1639/1288 1275/1626/1275
f 1628/2100/1628 1281/1632/1281 1624/2095/1624
f 1628/2100/1628 4417/6235/4418 1600/2063/1600
f 1644/2120/1644 4423/6243/4424 1629/2121/1629
f 1626/2098/1626 1616/2085/1616 4423/6243/4424
f 1677/2159/1677 1559/2002/1559 1635/2108/1635
f 1677/2159/1677 1606/2072/1606 1559/2002/1559
f 4424/6244/4425 4421/6241/4422 1269/1620/1269
f 4425/6245/4426 1275/1626/1275 1300/1655/1300
f 1652/2130/1652 4418/6237/4419 1673/2155/1673
f 1637/2110/1637 1606/2072/1606 1677/2159/1677
f 4426/6246/4427 4424/6244/4425 1283/1634/1283
f 1305/1660/1305 1275/1626/1275 4425/6245/4426
f 1292/1645/1292 4418/6237/4419 1652/2130/1652
f 1645/2122/1645 1618/2087/1618 4422/6242/4423
f 1644/2120/1644 1626/2098/1626 4423/6243/4424
f 1296/1651/1296 1285/1636/1285 4421/6241/4422
f 1288/1639/1288 1305/1660/1305 1304/1659/1304
f 4420/6240/4421 1288/1639/1288 1304/1659/1304
f 1673/2155/1673 4418/6237/4419 4420/6240/4421
f 4422/6242/4423 4417/6235/4418 1628/2100/1628
f 372/444/372 4419/6239/4420 848/1043/848
f 3807/5125/3807 4427/6247/4428 1283/1634/1283
f 1644/2120/1644 1633/2119/1633 1643/2118/1643
f 4422/6242/4423 1628/2100/1628 1624/2095/1624
f 1683/2166/1683 1657/2137/1657 1644/2120/1644
f 1677/2159/1677 1635/2108/1635 1675/2157/1675
f 4428/6248/4429 4421/6241/4422 4424/6244/4425
f 1689/2172/1689 4425/6245/4426 1300/1655/1300
f 1624/2095/1624 1293/1646/1293 1645/2122/1645
f 1645/2122/1645 4422/6242/4423 1624/2095/1624
f 1683/2166/1683 1644/2120/1644 1643/2118/1643
f 371/443/371 4419/6239/4420 372/444/372
f 840/1035/840 4419/6239/4420 371/443/371
f 4426/6246/4427 1283/1634/1283 4427/6247/4428
f 4428/6248/4429 4424/6244/4425 4426/6246/4427
f 1303/1658/1303 4425/6245/4426 1689/2172/1689
f 1673/2155/1673 4420/6240/4421 1304/1659/1304
f 1681/2164/1681 1645/2122/1645 1293/1646/1293
f 1643/2118/1643 1619/2088/1619 1661/2141/1661
f 3807/5125/3807 1290/1643/1290 1306/1661/1306
f 4429/6249/4430 4421/6241/4422 4428/6248/4429
f 4429/6249/4430 1296/1651/1296 4421/6241/4422
f 1689/2172/1689 1300/1655/1300 1299/1654/1299
f 1305/1660/1305 4425/6245/4426 1303/1658/1303
f 1681/2164/1681 1293/1646/1293 1654/2132/1654
f 4430/6250/4431 1657/2137/1657 1683/2166/1683
f 1312/1667/1312 840/1035/840 371/443/371
f 4431/6251/4432 3807/5125/3807 1311/1666/1311
f 4432/6252/4433 4428/6248/4429 4426/6246/4427
f 4432/6252/4433 4426/6246/4427 4427/6247/4428
f 4429/6249/4430 4428/6248/4429 4433/6253/4434
f 1301/1656/1301 850/1045/850 849/1044/849
f 1306/1661/1306 1311/1666/1311 3807/5125/3807
f 4431/6251/4432 4427/6247/4428 3807/5125/3807
f 1701/2185/1701 1296/1651/1296 4429/6249/4430
f 1696/2179/1696 1673/2155/1673 1304/1659/1304
f 4434/6254/4435 1696/2179/1696 1304/1659/1304
f 1697/2180/1697 4430/6250/4431 1683/2166/1683
f 4435/6255/4436 4430/6250/4431 1697/2180/1697
f 1690/2173/1690 1657/2137/1657 4430/6250/4431
f 4436/6256/4437 4431/6251/4432 1311/1666/1311
f 1688/2171/1688 1304/1659/1304 1303/1658/1303
f 4434/6254/4435 1304/1659/1304 1688/2171/1688
f 1705/2189/1705 1664/2144/1664 1684/2167/1684
f 4437/6257/4438 1301/1656/1301 849/1044/849
f 1308/1663/1308 1301/1656/1301 4437/6257/4438
f 4432/6252/4433 4427/6247/4428 4438/6258/4439
f 4433/6253/4434 4428/6248/4429 4432/6252/4433
f 4439/6259/4440 4429/6249/4430 4433/6253/4434
f 1710/2194/1710 4435/6255/4436 1697/2180/1697
f 4440/6260/4441 4432/6252/4433 4438/6258/4439
f 4439/6259/4440 1701/2185/1701 4429/6249/4430
f 4441/6261/4442 1701/2185/1701 4439/6259/4440
f 4442/6262/4443 1696/2179/1696 4434/6254/4435
f 1690/2173/1690 4430/6250/4431 4435/6255/4436
f 4443/6263/4444 1664/2144/1664 1705/2189/1705
f 4444/6264/4445 1309/1664/1309 1310/1665/1310
f 1672/2154/1672 1696/2179/1696 4442/6262/4443
f 4445/6265/4446 1310/1665/1310 1317/1673/1317
f 4446/6266/4447 4433/6253/4434 4432/6252/4433
f 4442/6262/4443 4434/6254/4435 4447/6267/4448
f 1733/2222/1733 1690/2173/1690 4435/6255/4436
f 1702/2186/1702 1664/2144/1664 4443/6263/4444
f 3808/5127/3808 4437/6257/4438 849/1044/849
f 4448/6268/4449 4449/6269/4450 1308/1663/1308
f 4450/6270/4451 4451/6271/4452 4452/6272/4453
f 4445/6273/4446 1317/6274/1317 1314/1669/1314
f 4444/6275/4445 1310/6276/1310 4445/6273/4446
f 3812/5131/3812 4444/6275/4445 4445/6273/4446
f 4447/6267/4448 1688/2171/1688 1709/2193/1709
f 4447/6267/4448 4434/6254/4435 1688/2171/1688
f 1742/2233/1742 4442/6262/4443 4447/6267/4448
f 1719/2205/1719 1680/2163/1680 1672/2154/1672
f 4448/6268/4449 1308/1663/1308 4437/6257/4438
f 4450/6270/4451 4452/6272/4453 4449/6269/4450
f 4453/6277/4454 4451/6278/4452 4450/6279/4451
f 4454/6280/4455 4444/6275/4445 3812/5131/3812
f 4455/6281/4456 4454/6280/4455 3812/5131/3812
f 4456/6282/4457 4446/6266/4447 4457/6283/4458
f 4439/6259/4440 4433/6253/4434 4458/6284/4459
f 1710/2194/1710 1682/2165/1682 1719/2205/1719
f 1734/2223/1734 4435/6255/4436 1710/2194/1710
f 1734/2223/1734 1733/2222/1733 4435/6255/4436
f 4459/6285/4460 4437/6257/4438 3808/5127/3808
f 4450/6270/4451 4449/6269/4450 4460/6286/4461
f 4445/6273/4446 1314/1669/1314 3813/5132/3813
f 3813/5132/3813 3812/5131/3812 4445/6273/4446
f 3811/5130/3811 4455/6281/4456 3812/5131/3812
f 4461/6287/4462 4456/6288/4457 4457/6289/4458
f 4462/6290/4463 4433/6253/4434 4446/6266/4447
f 4462/6290/4463 4458/6284/4459 4433/6253/4434
f 4463/6291/4464 4441/6261/4442 4439/6259/4440
f 1709/2193/1709 1730/2219/1730 4447/6267/4448
f 1742/2233/1742 4447/6267/4448 1730/2219/1730
f 1719/2205/1719 1672/2154/1672 4442/6262/4443
f 4459/6285/4460 3808/5127/3808 3809/5128/3809
f 4464/6292/4465 4449/6269/4450 4448/6268/4449
f 4465/6293/4466 4446/6266/4447 4456/6282/4457
f 4465/6293/4466 4462/6290/4463 4446/6266/4447
f 1726/2215/1726 1307/1662/1307 1701/2185/1701
f 4466/6294/4467 4464/6292/4465 4448/6268/4449
f 4460/6286/4461 4449/6269/4450 4464/6292/4465
f 4465/6295/4466 4456/6288/4457 4467/6296/4468
f 4468/6297/4469 4462/6290/4463 4465/6293/4466
f 4468/6297/4469 4458/6284/4459 4462/6290/4463
f 4463/6291/4464 4439/6259/4440 4458/6284/4459
f 4469/6298/4470 4441/6261/4442 4463/6291/4464
f 1742/2233/1742 1719/2205/1719 4442/6262/4443
f 1748/2241/1748 1710/2194/1710 1719/2205/1719
f 4470/6299/4471 1702/2186/1702 4443/6263/4444
f 4471/6300/4472 4448/6268/4449 4437/6257/4438
f 4466/6301/4467 4448/6268/4449 4471/6300/4472
f 4464/6302/4465 4450/6279/4451 4460/6303/4461
f 4472/6304/4473 4453/6277/4454 4450/6279/4451
f 4467/6296/4468 4468/6305/4469 4465/6295/4466
f 1748/2241/1748 1734/2223/1734 1710/2194/1710
f 4470/6299/4471 1743/2234/1743 1702/2186/1702
f 4473/6306/4474 4437/6257/4438 4459/6285/4460
f 4474/6307/4475 4464/6302/4465 4466/6308/4467
f 4450/6279/4451 4464/6302/4465 4472/6304/4473
f 4475/6309/4476 4453/6277/4454 4472/6304/4473
f 1726/2215/1726 1701/2185/1701 4441/6261/4442
f 4476/6310/4477 1705/2189/1705 1713/2197/1713
f 4477/6311/4478 4459/6285/4460 3809/5128/3809
f 4477/6311/4478 4473/6306/4474 4459/6285/4460
f 4473/6306/4474 4471/6300/4472 4437/6257/4438
f 4478/6312/4479 4471/6300/4472 4473/6306/4474
f 4474/6307/4475 4471/6313/4472 4478/6314/4479
f 4474/6307/4475 4466/6308/4467 4471/6313/4472
f 4472/6304/4473 4464/6302/4465 4474/6307/4475
f 4475/6309/4476 3813/5132/3813 4453/6277/4454
f 4479/6315/4480 3811/5130/3811 3813/5132/3813
f 4480/6316/4481 4441/6261/4442 4469/6298/4470
f 4477/6311/4478 3809/5128/3809 3814/5133/3814
f 4481/6317/4482 3813/5132/3813 4475/6309/4476
f 4482/6318/4483 4480/6316/4481 4469/6298/4470
f 3817/5136/3817 4477/6311/4478 3814/5133/3814
f 3826/5151/3826 4477/6319/4478 3817/5144/3817
f 4478/6314/4479 4473/6320/4474 4477/6319/4478
f 1748/2241/1748 1742/2233/1742 1731/2220/1731
f 4470/6299/4471 1705/2189/1705 4476/6310/4477
f 4470/6299/4471 4443/6263/4444 1705/2189/1705
f 4483/6321/4484 1743/2234/1743 4470/6299/4471
f 3826/5151/3826 4478/6314/4479 4477/6319/4478
f 4474/6307/4475 4478/6314/4479 4484/6322/4485
f 4485/6323/4486 3813/5132/3813 4481/6317/4482
f 4479/6315/4480 3813/5132/3813 4485/6323/4486
f 1736/2225/1736 1704/2188/1704 1755/2252/1755
f 4484/6322/4485 4478/6314/4479 3826/5151/3826
f 4475/6309/4476 4474/6307/4475 4484/6322/4485
f 1723/2210/1723 1726/2215/1726 1747/2240/1747
f 1732/2221/1732 1748/2241/1748 1731/2220/1731
f 4486/6324/4487 4470/6299/4471 4476/6310/4477
f 3827/5152/3827 3811/5130/3811 4479/6315/4480
f 4476/6310/4477 1713/2197/1713 1749/2242/1749
f 4487/6325/4488 1739/2228/1739 1736/2225/1736
f 1756/6326/1756 1743/2234/1743 4483/6321/4484
f 4488/6327/4489 4475/6309/4476 4484/6322/4485
f 4480/6316/4481 1726/2215/1726 4441/6261/4442
f 4489/6328/4490 1726/2215/1726 4480/6316/4481
f 1754/2251/1754 1747/2240/1747 1726/2215/1726
f 1757/2254/1757 1739/2228/1739 4487/6325/4488
f 1769/2266/1769 4476/6310/4477 1749/2242/1749
f 4486/6324/4487 4483/6321/4484 4470/6299/4471
f 1753/2247/1753 1756/2253/1756 1765/6329/1765
f 4490/6330/4491 3831/5157/3831 4491/6331/4492
f 1768/2265/1768 4486/6324/4487 4476/6310/4477
f 3833/5159/3833 3829/5155/3829 3839/5169/3839
f 1754/2251/1754 1726/2215/1726 4489/6328/4490
f 1752/2246/1752 4492/6332/4493 1749/2242/1749
f 1768/2265/1768 4476/6310/4477 1769/2266/1769
f 1756/6333/1756 4483/6321/4484 1765/6334/1765
f 4492/6332/4493 1769/2266/1769 1749/2242/1749
f 1774/2271/1774 4483/6321/4484 4486/6324/4487
f 4487/6325/4488 1736/2225/1736 1755/2252/1755
f 4493/6335/4494 4485/6323/4486 4488/6327/4489
f 4485/6323/4486 4494/6336/4495 4479/6315/4480
f 3823/5147/3823 3827/5152/3827 4495/6337/4496
f 4496/6338/4497 4492/6332/4493 1752/2246/1752
f 4497/6339/4498 4492/6332/4493 4496/6338/4497
f 1765/6334/1765 4483/6321/4484 1774/2271/1774
f 3827/5152/3827 4479/6315/4480 4494/6336/4495
f 4489/6328/4490 1755/2252/1755 1754/2251/1754
f 4498/6340/4499 4487/6325/4488 1755/2252/1755
f 4499/6341/4500 1757/2254/1757 4487/6325/4488
f 4500/6342/4501 1752/2246/1752 1763/2260/1763
f 4496/6338/4497 1752/2246/1752 4500/6342/4501
f 4501/6343/4502 4492/6332/4493 4497/6339/4498
f 1771/2268/1771 1769/2266/1769 4492/6332/4493
f 1764/6344/1764 1765/6334/1765 1774/2271/1774
f 4495/6337/4496 4502/6345/4503 3823/5147/3823
f 4499/6341/4500 4487/6325/4488 4503/6346/4504
f 4504/6347/4505 4496/6338/4497 4500/6342/4501
f 4505/6348/4506 4497/6349/4498 4496/6350/4497
f 4495/6337/4496 3827/5152/3827 4494/6336/4495
f 4498/6340/4499 4489/6328/4490 4480/6316/4481
f 4503/6346/4504 4487/6325/4488 4498/6340/4499
f 4499/6341/4500 1763/2260/1763 1757/2254/1757
f 4504/6351/4505 4500/6342/4501 4506/6352/4507
f 4505/6348/4506 4496/6350/4497 4507/6353/4508
f 1774/2271/1774 4486/6324/4487 1768/2265/1768
f 1773/2286/1773 1764/2261/1764 1774/6354/1774
f 4508/6355/4509 4485/6323/4486 4493/6335/4494
f 4498/6340/4499 1755/2252/1755 4489/6328/4490
f 4509/6356/4510 4500/6342/4501 1763/2260/1763
f 4505/6357/4506 4501/6343/4502 4497/6339/4498
f 1771/2268/1771 4492/6332/4493 4501/6343/4502
f 1772/2269/1772 1774/2271/1774 1768/2265/1768
f 4506/6358/4507 4500/6342/4501 4509/6356/4510
f 4504/6359/4505 4506/6360/4507 4509/6361/4510
f 4510/6362/4511 4499/6341/4500 4503/6346/4504
f 4511/6363/4512 4499/6341/4500 4510/6362/4511
f 4511/6363/4512 1763/2260/1763 4499/6341/4500
f 4512/6364/4513 1763/2260/1763 4511/6363/4512
f 4512/6365/4513 4509/6361/4510 1763/6366/1763
f 4513/6367/4514 4504/6359/4505 4509/6361/4510
f 4514/6368/4515 4515/6369/4516 4502/6345/4503
f 4516/6370/4517 4510/6362/4511 4503/6346/4504
f 4517/6371/4518 4511/6363/4512 4510/6362/4511
f 4512/6364/4513 4511/6363/4512 4517/6372/4518
f 4518/6373/4519 4515/6369/4516 4514/6368/4515
f 4519/6374/4520 4503/6346/4504 4498/6340/4499
f 4520/6375/4521 4510/6362/4511 4516/6370/4517
f 4513/6367/4514 4509/6361/4510 4521/6376/4522
f 4522/6377/4523 4505/6348/4506 4507/6353/4508
f 1772/2269/1772 1768/2265/1768 1992/2540/1992
f 4516/6370/4517 4503/6346/4504 4519/6374/4520
f 4517/6378/4518 4510/6379/4511 4520/6380/4521
f 4521/6376/4522 4517/6378/4518 4520/6380/4521
f 4523/6381/4524 4501/6382/4502 4505/6348/4506
f 4523/6381/4524 1771/6383/1771 4501/6382/4502
f 1770/2267/1770 1771/2268/1771 4523/6384/4524
f 1992/2540/1992 1768/2265/1768 1767/2264/1767
f 4524/6385/4525 4516/6370/4517 4519/6374/4520
f 4525/6386/4526 4516/6387/4517 4524/6388/4525
f 4526/6389/4527 4527/6390/4528 4528/6391/4529
f 1767/2264/1767 1770/6392/1770 1782/2279/1782
f 4502/6345/4503 4495/6337/4496 4529/6393/4530
f 4514/6368/4515 4530/6394/4531 4518/6373/4519
f 4531/6395/4532 4505/6348/4506 4522/6377/4523
f 4523/6381/4524 4505/6348/4506 4531/6395/4532
f 1782/2294/1782 1770/6396/1770 4523/6381/4524
f 1790/2543/1790 1773/2270/1773 1772/2269/1772
f 4532/6397/4533 4519/6374/4520 4498/6340/4499
f 4526/6389/4527 4528/6391/4529 4533/6398/4534
f 4531/6395/4532 1782/2294/1782 4523/6381/4524
f 1993/2542/1993 1772/2269/1772 1992/2540/1992
f 4524/6399/4525 4519/6374/4520 4532/6397/4533
f 4531/6395/4532 1803/2303/1803 1782/2294/1782
f 4514/6368/4515 4502/6345/4503 4529/6393/4530
f 4534/6400/4535 4526/6389/4527 4533/6398/4534
f 4535/6401/4536 1803/2303/1803 4531/6395/4532
f 4536/6402/4537 4533/6398/4534 4528/6391/4529
f 4537/6403/4538 4526/6389/4527 4538/6404/4539
f 4539/6405/4540 4535/6401/4536 4531/6395/4532
f 1803/2303/1803 1794/2292/1794 1782/2294/1782
f 4540/6406/4541 4541/6407/4542 4530/6394/4531
f 4542/6408/4543 4543/6409/4544 4541/6407/4542
f 4534/6400/4535 4538/6404/4539 4526/6389/4527
f 4544/6410/4545 4530/6394/4531 4514/6368/4515
f 4545/6411/4546 4536/6402/4537 4546/6412/4547
f 1802/2302/1802 1794/2292/1794 1803/2303/1803
f 4547/6413/4548 4529/6393/4530 4548/6414/4549
f 4549/6415/4550 4534/6400/4535 4533/6398/4534
f 4549/6415/4550 4550/6416/4551 4534/6400/4535
f 4551/6417/4552 4535/6401/4536 4537/6403/4538
f 1801/2301/1801 1803/2303/1803 4535/6401/4536
f 4544/6410/4545 4514/6368/4515 4529/6393/4530
f 4540/6406/4541 4530/6394/4531 4544/6410/4545
f 4552/6418/4553 4551/6417/4552 4537/6403/4538
f 4553/6419/4554 4550/6416/4551 4549/6415/4550
f 4550/6416/4551 4538/6404/4539 4534/6400/4535
f 4552/6418/4553 4537/6403/4538 4538/6404/4539
f 4554/6420/4555 4542/6408/4543 4541/6407/4542
f 4551/6417/4552 1801/2301/1801 4535/6401/4536
f 4555/6421/4556 4556/6422/4557 4557/6423/4558
f 4554/6420/4555 4545/6411/4546 4542/6408/4543
f 4558/6424/4559 1806/2307/1806 1805/2306/1805
f 1822/2327/1822 1799/2559/1799 1806/2307/1806
f 1822/2327/1822 1804/6425/1804 1799/2559/1799
f 4558/6424/4559 1805/2306/1805 1801/2301/1801
f 4559/6426/4560 4550/6416/4551 4553/6419/4554
f 4559/6426/4560 4538/6404/4539 4550/6416/4551
f 1809/2326/1809 1804/6425/1804 1822/2327/1822
f 1822/2327/1822 1806/2307/1806 4558/6424/4559
f 4560/6427/4561 4555/6421/4556 4557/6423/4558
f 4561/6428/4562 4549/6415/4550 4545/6411/4546
f 4562/6429/4563 4551/6417/4552 4552/6418/4553
f 4563/6430/4564 4551/6417/4552 4562/6429/4563
f 4563/6430/4564 1801/2301/1801 4551/6417/4552
f 1801/2301/1801 4563/6430/4564 4558/6424/4559
f 4561/6428/4562 4545/6411/4546 4554/6420/4555
f 4564/6431/4565 1822/2327/1822 4558/6424/4559
f 4565/6432/4566 4555/6421/4556 4560/6427/4561
f 4566/6433/4567 4552/6418/4553 4538/6404/4539
f 4563/6430/4564 4567/6434/4568 4558/6424/4559
f 4568/6435/4569 4554/6420/4555 4540/6406/4541
f 4566/6433/4567 4562/6429/4563 4552/6418/4553
f 4567/6434/4568 4564/6431/4565 4558/6424/4559
f 4569/6436/4570 4566/6433/4567 4538/6404/4539
f 4570/6437/4571 4567/6434/4568 4563/6430/4564
f 4570/6437/4571 4563/6430/4564 4562/6429/4563
f 4571/6438/4572 4564/6431/4565 4567/6434/4568
f 4564/6431/4565 1821/2325/1821 1822/2327/1822
f 4572/6439/4573 4569/6436/4570 4538/6404/4539
f 4570/6437/4571 4562/6429/4563 4566/6433/4567
f 1826/2332/1826 1821/2325/1821 4564/6431/4565
f 4573/6440/4574 4570/6437/4571 4566/6433/4567
f 4571/6438/4572 4567/6434/4568 4570/6437/4571
f 4572/6439/4573 4538/6404/4539 4559/6426/4560
f 4569/6436/4570 4573/6440/4574 4566/6433/4567
f 4574/6441/4575 4572/6439/4573 4559/6426/4560
f 1826/2332/1826 4564/6431/4565 4571/6438/4572
f 4571/6438/4572 4570/6437/4571 4575/6442/4576
f 4576/6443/4577 1826/2332/1826 4571/6438/4572
f 4577/6444/4578 4570/6437/4571 4573/6440/4574
f 4575/6442/4576 4570/6437/4571 4577/6444/4578
f 1827/2333/1827 1826/2332/1826 4576/6443/4577
f 4578/6445/4579 4579/6446/4580 4580/6447/4581
f 4581/6448/4582 4573/6440/4574 4569/6436/4570
f 4582/6449/4583 4583/6450/4584 4579/6446/4580
f 4584/6451/4585 4579/6446/4580 4578/6445/4579
f 4576/6443/4577 4571/6438/4572 4575/6442/4576
f 4585/6452/4586 4582/6449/4583 4579/6446/4580
f 4586/6453/4587 4587/6454/4588 4588/6455/4589
f 4589/6456/4590 4584/6451/4585 4578/6445/4579
f 4584/6451/4585 4585/6452/4586 4579/6446/4580
f 4590/6457/4591 4583/6450/4584 4582/6449/4583
f 4590/6457/4591 4582/6449/4583 4585/6452/4586
f 4591/6458/4592 4583/6450/4584 4590/6457/4591
f 4592/6459/4593 4591/6458/4592 4590/6457/4591
f 4593/6460/4594 4576/6443/4577 4575/6442/4576
f 4594/6461/4595 4585/6452/4586 4584/6451/4585
f 4590/6457/4591 4585/6452/4586 4595/6462/4596
f 4596/6463/4597 4573/6440/4574 4581/6448/4582
f 4593/6460/4594 4597/6464/4598 4576/6443/4577
f 4598/6465/4599 4599/6466/4600 4600/6467/4601
f 4601/6468/4602 4575/6442/4576 4577/6444/4578
f 4598/6465/4599 4600/6467/4601 4591/6458/4592
f 4593/6460/4594 4575/6442/4576 4601/6468/4602
f 4598/6465/4599 4591/6458/4592 4592/6459/4593
f 4602/6469/4603 4573/6440/4574 4596/6463/4597
f 4603/6470/4604 4577/6444/4578 4602/6469/4603
f 4601/6468/4602 4577/6444/4578 4603/6470/4604
f 4604/6471/4605 4605/6472/4606 4606/6473/4607
f 4607/6474/4608 4606/6473/4607 4608/6475/4609
f 4603/6470/4604 4609/6476/4610 4601/6468/4602
f 4610/6477/4611 4611/6478/4612 4612/6479/4613
f 4604/6471/4605 4606/6473/4607 4613/6480/4614
f 4614/6481/4615 4610/6477/4611 4612/6479/4613
f 4613/6480/4614 4606/6473/4607 4607/6474/4608
f 4612/6479/4613 4604/6471/4605 4613/6480/4614
f 4615/6482/4616 4601/6468/4602 4609/6476/4610
f 4614/6481/4615 4612/6479/4613 4616/6483/4617
f 4617/6484/4618 4613/6480/4614 4607/6474/4608
f 4618/6485/4619 4619/6486/4620 4620/6487/4621
f 4621/6488/4622 4616/6483/4617 4612/6479/4613
f 4622/6489/4623 4614/6481/4615 4616/6483/4617
f 4618/6485/4619 4620/6487/4621 4623/6490/4624
f 4621/6488/4622 4613/6480/4614 4617/6484/4618
f 4624/6491/4625 4614/6481/4615 4622/6489/4623
f 4625/6492/4626 4622/6489/4623 4616/6483/4617
f 4626/6493/4627 4624/6491/4625 4622/6489/4623
f 4626/6493/4627 4627/6494/4628 4624/6491/4625
f 4628/6495/4629 4618/6485/4619 4623/6490/4624
f 4629/6496/4630 4618/6485/4619 4628/6495/4629
f 4630/6497/4631 4627/6494/4628 4626/6493/4627
f 4631/6498/4632 4626/6493/4627 4622/6489/4623
f 4632/6499/4633 4626/6493/4627 4631/6498/4632
f 4633/6500/4634 4627/6494/4628 4630/6497/4631
f 4634/6501/4635 4622/6489/4623 4625/6492/4626
f 4634/6501/4635 4631/6498/4632 4622/6489/4623
f 4630/6497/4631 4626/6493/4627 4632/6499/4633
f 4635/6502/4636 4630/6497/4631 4632/6499/4633
f 4636/6503/4637 4632/6499/4633 4631/6498/4632
f 4636/6503/4637 4637/6504/4638 4632/6499/4633
f 4635/6505/4636 4632/6505/4633 4637/6505/4638
f 4638/6506/4639 4631/6498/4632 4634/6501/4635
f 4638/6506/4639 4636/6503/4637 4631/6498/4632
f 4639/6507/4640 4637/6504/4638 4636/6503/4637
f 4640/6508/4641 4630/6497/4631 4635/6502/4636
f 4640/6508/4641 4633/6500/4634 4630/6497/4631
f 4639/6507/4640 4636/6503/4637 4638/6506/4639
f 4641/6509/4642 4637/6504/4638 4639/6507/4640
f 4641/6505/4642 4642/6505/4643 4637/6505/4638
f 4642/6505/4643 4635/6505/4636 4637/6505/4638
f 4640/6505/4641 4635/6505/4636 4642/6505/4643
f 4643/6510/4644 4644/6511/4645 4645/6512/4646
f 4646/6505/4647 4642/6505/4643 4641/6505/4642
f 4647/6513/4648 4640/6508/4641 4642/6514/4643
f 4633/6500/4634 4640/6508/4641 4647/6513/4648
f 4647/6513/4648 4648/6515/4649 4633/6500/4634
f 4647/6513/4648 4649/6516/4650 4648/6515/4649
f 4650/6517/4651 4649/6516/4650 4647/6513/4648
f 4651/6518/4652 4645/6512/4646 4650/6517/4651
f 4643/6510/4644 4645/6512/4646 4651/6518/4652
f 4652/6519/4653 4653/6520/4654 4654/6521/4655
f 4655/6522/4656 4639/6507/4640 4638/6506/4639
f 4656/6523/4657 4639/6507/4640 4655/6522/4656
f 4646/6524/4647 4641/6525/4642 4639/6507/4640
f 4657/6505/4658 4642/6505/4643 4646/6505/4647
f 4658/6526/4659 4647/6513/4648 4642/6514/4643
f 4659/6527/4660 4647/6513/4648 4658/6526/4659
f 4659/6527/4660 4650/6517/4651 4647/6513/4648
f 4660/6528/4661 4651/6518/4652 4650/6517/4651
f 4661/6529/4662 4662/6530/4663 4643/6510/4644
f 4663/6531/4664 4639/6507/4640 4656/6523/4657
f 4663/6531/4664 4646/6524/4647 4639/6507/4640
f 4664/6532/4665 4646/6524/4647 4663/6531/4664
f 4658/6526/4659 4642/6514/4643 4657/6533/4658
f 4659/6527/4660 4658/6526/4659 4657/6533/4658
f 4646/6505/4647 4659/6505/4660 4657/6505/4658
f 4664/6505/4665 4659/6505/4660 4646/6505/4647
f 4664/6534/4665 4650/6517/4651 4659/6527/4660
f 4660/6528/4661 4650/6517/4651 4664/6534/4665
f 2055/2619/2055 4652/6519/4653 2454/3131/2454
f 4665/6505/4666 4664/6505/4665 4663/6505/4664
f 4660/6528/4661 4664/6534/4665 4665/6535/4666
f 4666/6536/4667 4660/6528/4661 4665/6535/4666
f 4666/6536/4667 4651/6518/4652 4660/6528/4661
f 4667/6537/4668 4643/6510/4644 4651/6518/4652
f 4668/6538/4669 4661/6529/4662 4643/6510/4644
f 2454/3131/2454 4652/6519/4653 4654/6521/4655
f 4666/6536/4667 4663/6531/4664 4656/6523/4657
f 4665/6535/4666 4663/6531/4664 4666/6536/4667
f 4667/6537/4668 4651/6518/4652 4666/6536/4667
f 4669/6539/4670 4656/6523/4657 4655/6522/4656
f 4667/6537/4668 4666/6536/4667 4656/6523/4657
f 4669/6539/4670 4668/6538/4669 4667/6537/4668
f 4667/6537/4668 4656/6523/4657 4669/6539/4670
f 4670/6540/4671 4671/6541/4672 4672/6542/4673
f 4673/6543/4674 4674/6544/4675 4675/6545/4676
f 4676/6546/4677 4677/6547/4678 4678/6548/4679
f 4679/6549/4680 4680/6550/4681 4677/6547/4678
f 4676/6546/4677 4678/6548/4679 4681/6551/4682
f 4602/6469/4603 4577/6444/4578 4573/6440/4574
f 1289/1640/1289 1277/1628/1277 850/1045/850
f 4682/6552/4683 1298/6553/1298 1297/1652/1297
f 1302/1657/1302 1298/5126/1298 4682/6554/4683
f 1315/1674/1315 1302/1657/1302 4682/6554/4683
f 368/440/368 372/444/372 369/441/369
f 1308/1663/1308 4682/6552/4683 1297/1652/1297
f 4683/6555/4684 4682/6552/4683 1308/1663/1308
f 1310/1665/1310 1302/1657/1302 1317/1673/1317
f 1310/1665/1310 1306/1661/1306 1302/1657/1302
f 4438/6258/4439 4427/6247/4428 4431/6251/4432
f 4683/6556/4684 1315/6557/1315 4682/6552/4683
f 3810/5129/3810 373/445/373 368/440/368
f 1297/1652/1297 1289/1640/1289 1308/1663/1308
f 1317/1673/1317 1302/1657/1302 1315/1674/1315
f 4684/6558/4685 4431/6251/4432 4436/6256/4437
f 4685/6559/4686 4438/6258/4439 4431/6251/4432
f 3810/5129/3810 4686/6560/4687 373/445/373
f 1313/1668/1313 373/6561/373 4686/6560/4687
f 1316/6562/1316 1315/1674/1315 4683/6563/4684
f 4687/6564/4688 1311/1666/1311 1309/1664/1309
f 4436/6256/4437 1311/1666/1311 4687/6564/4688
f 4688/6565/4689 4436/6256/4437 4687/6564/4688
f 3810/5129/3810 368/440/368 390/465/390
f 1313/1668/1313 4686/6560/4687 3810/5129/3810
f 1312/1667/1312 1313/1668/1313 3810/5129/3810
f 4689/6566/4690 4683/6555/4684 4452/6272/4453
f 1316/6562/1316 4683/6563/4684 4689/6567/4690
f 4454/6568/4455 4687/6564/4688 1309/1664/1309
f 4454/6280/4455 4688/6569/4689 4687/6570/4688
f 4684/6558/4685 4436/6256/4437 4688/6571/4689
f 4688/6569/4689 4690/6572/4691 4684/6573/4685
f 4685/6559/4686 4431/6251/4432 4684/6558/4685
f 3808/5127/3808 1312/1667/1312 3810/5129/3810
f 4449/6269/4450 4452/6272/4453 4683/6555/4684
f 4454/6568/4455 1309/1664/1309 4444/6264/4445
f 4455/6281/4456 4690/6572/4691 4688/6569/4689
f 4685/6559/4686 4684/6558/4685 4690/6574/4691
f 4683/6555/4684 1308/1663/1308 4449/6269/4450
f 4451/6278/4452 4689/6575/4690 4452/6576/4453
f 1316/1671/1316 4689/6575/4690 4451/6278/4452
f 4453/6277/4454 1316/1671/1316 4451/6278/4452
f 4455/6281/4456 4688/6569/4689 4454/6280/4455
f 4691/6577/4692 4685/6578/4686 4690/6572/4691
f 4692/6579/4693 4438/6258/4439 4685/6559/4686
f 4692/6579/4693 4440/6260/4441 4438/6258/4439
f 370/442/370 402/479/402 408/485/408
f 411/488/411 3810/5129/3810 390/465/390
f 4692/6579/4693 4685/6559/4686 4691/6580/4692
f 4457/6283/4458 4432/6252/4433 4440/6260/4441
f 4457/6283/4458 4446/6266/4447 4432/6252/4433
f 3809/5128/3809 3808/5127/3808 3810/5129/3810
f 3813/5132/3813 1316/1671/1316 4453/6277/4454
f 1314/1669/1314 1316/1671/1316 3813/5132/3813
f 4691/6577/4692 4690/6572/4691 4455/6281/4456
f 4693/6581/4694 4692/6582/4693 4691/6577/4692
f 4440/6583/4441 4692/6582/4693 4693/6581/4694
f 4461/6584/4462 4457/6283/4458 4440/6260/4441
f 4691/6577/4692 4455/6281/4456 3822/5146/3822
f 4461/6287/4462 4440/6583/4441 4693/6581/4694
f 3822/5146/3822 4455/6281/4456 3811/5130/3811
f 4693/6581/4694 4691/6577/4692 3822/5146/3822
f 4467/6296/4468 4461/6287/4462 4693/6581/4694
f 4461/6287/4462 4467/6296/4468 4456/6288/4457
f 3821/5145/3821 4693/6581/4694 3822/5146/3822
f 4694/6585/4695 4458/6284/4459 4468/6297/4469
f 4695/6586/4696 4693/6581/4694 3821/5145/3821
f 4467/6296/4468 4693/6581/4694 4695/6586/4696
f 4694/6587/4695 4468/6305/4469 4467/6296/4468
f 4696/6588/4697 4694/6587/4695 4467/6296/4468
f 4696/6588/4697 4467/6296/4468 4695/6586/4696
f 4697/6589/4698 4694/6587/4695 4696/6588/4697
f 4697/6590/4698 4458/6284/4459 4694/6585/4695
f 4463/6291/4464 4458/6284/4459 4697/6590/4698
f 4698/6591/4699 4696/6588/4697 4695/6586/4696
f 4699/6592/4700 4463/6291/4464 4697/6593/4698
f 4699/6592/4700 4469/6298/4470 4463/6291/4464
f 4475/6309/4476 4472/6304/4473 4474/6307/4475
f 3827/5152/3827 3822/5146/3822 3811/5130/3811
f 4490/6330/4491 4695/6586/4696 3821/5145/3821
f 4700/6594/4701 4697/6589/4698 4696/6588/4697
f 4700/6594/4701 4699/6595/4700 4697/6589/4698
f 4701/6596/4702 4469/6298/4470 4699/6592/4700
f 4701/6596/4702 4482/6318/4483 4469/6298/4470
f 4490/6330/4491 3821/5145/3821 3831/5157/3831
f 4702/6597/4703 4695/6586/4696 4490/6330/4491
f 4701/6598/4702 4699/6595/4700 4700/6594/4701
f 423/501/423 408/485/408 403/480/403
f 4698/6591/4699 4700/6594/4701 4696/6588/4697
f 4703/6599/4704 4701/6600/4702 4700/6594/4701
f 4704/6601/4705 4703/6599/4704 4700/6594/4701
f 4482/6318/4483 4701/6596/4702 4703/6602/4704
f 3837/6603/3837 409/486/409 416/494/416
f 4484/6322/4485 3826/5151/3826 3828/5154/3828
f 4705/6604/4706 4698/6591/4699 4695/6586/4696
f 4704/6601/4705 4700/6594/4701 4698/6591/4699
f 4706/6605/4707 4703/6599/4704 4704/6601/4705
f 3838/5168/3838 423/501/423 403/480/403
f 3818/5137/3818 409/486/409 3837/6603/3837
f 3839/5169/3839 3829/5155/3829 3824/6606/3824
f 4488/6327/4489 4481/6317/4482 4475/6309/4476
f 4702/6597/4703 4705/6604/4706 4695/6586/4696
f 4707/6607/4708 4482/6318/4483 4703/6602/4704
f 4480/6316/4481 4482/6318/4483 4707/6607/4708
f 3833/5159/3833 3828/5154/3828 3820/5141/3820
f 4485/6323/4486 4481/6317/4482 4488/6327/4489
f 4491/6331/4492 3831/5157/3831 4708/6608/4709
f 4709/6609/4710 4705/6604/4706 4702/6597/4703
f 4710/6610/4711 4706/6605/4707 4704/6601/4705
f 4707/6611/4708 4703/6599/4704 4706/6605/4707
f 4488/6327/4489 4484/6322/4485 3828/5154/3828
f 4515/6369/4516 4702/6597/4703 4490/6330/4491
f 4709/6609/4710 4702/6597/4703 4515/6369/4516
f 4711/6612/4712 4707/6607/4708 4706/6613/4707
f 4712/6614/4713 4710/6610/4711 4704/6601/4705
f 4711/6615/4712 4706/6605/4707 4710/6610/4711
f 4713/6616/4714 4488/6327/4489 3828/5154/3828
f 4705/6604/4706 4704/6601/4705 4698/6591/4699
f 3845/5176/3845 423/501/423 3838/5168/3838
f 4714/6617/4715 422/500/422 423/501/423
f 3842/6618/3842 422/500/422 4714/6617/4715
f 4518/6373/4519 4705/6604/4706 4709/6609/4710
f 4543/6409/4544 4712/6614/4713 4704/6601/4705
f 4715/6619/4716 4480/6316/4481 4707/6607/4708
f 3845/5176/3845 4714/6617/4715 423/501/423
f 4715/6619/4716 4707/6607/4708 4711/6612/4712
f 4515/6369/4516 3823/5147/3823 4502/6345/4503
f 4530/6394/4531 4705/6604/4706 4518/6373/4519
f 4543/6409/4544 4704/6601/4705 4705/6604/4706
f 4498/6340/4499 4480/6316/4481 4715/6619/4716
f 3854/6620/3854 4714/6617/4715 3845/5176/3845
f 3842/5172/3842 4714/6621/4715 3854/5197/3854
f 3840/5170/3840 3839/5169/3839 3849/5180/3849
f 4716/6622/4717 4715/6619/4716 4711/6612/4712
f 4507/6353/4508 4496/6623/4497 4504/6359/4505
f 4713/6616/4714 3828/5154/3828 4717/6624/4718
f 4508/6355/4509 4494/6336/4495 4485/6323/4486
f 4541/6407/4542 4705/6604/4706 4530/6394/4531
f 4541/6407/4542 4543/6409/4544 4705/6604/4706
f 4716/6625/4717 4710/6610/4711 4712/6614/4713
f 4716/6625/4717 4711/6615/4712 4710/6610/4711
f 4513/6367/4514 4507/6353/4508 4504/6359/4505
f 3842/5172/3842 3854/5197/3854 3859/5196/3859
f 4712/6614/4713 4543/6409/4544 4718/6626/4719
f 4718/6626/4719 4716/6625/4717 4712/6614/4713
f 4527/6390/4528 4513/6367/4514 4528/6391/4529
f 4527/6390/4528 4507/6353/4508 4513/6367/4514
f 3863/5203/3863 3842/5172/3842 3859/5196/3859
f 3843/5174/3843 3840/5170/3840 4719/6627/4720
f 4717/6624/4718 3828/5154/3828 3833/5159/3833
f 4527/6390/4528 4522/6377/4523 4507/6353/4508
f 3840/5170/3840 3849/5180/3849 4719/6627/4720
f 4532/6397/4533 4715/6619/4716 4716/6622/4717
f 4528/6391/4529 4513/6367/4514 4521/6376/4522
f 4539/6405/4540 4522/6377/4523 4527/6390/4528
f 4493/6335/4494 4488/6327/4489 4713/6616/4714
f 4525/6386/4526 4520/6380/4521 4516/6387/4517
f 4512/6365/4513 4517/6378/4518 4521/6376/4522
f 4509/6361/4510 4512/6365/4513 4521/6376/4522
f 4720/6628/4721 4713/6616/4714 4717/6624/4718
f 4532/6629/4533 4716/6625/4717 4718/6626/4719
f 4546/6412/4547 4520/6380/4521 4525/6386/4526
f 4546/6412/4547 4521/6376/4522 4520/6380/4521
f 4526/6389/4527 4539/6405/4540 4527/6390/4528
f 3849/5180/3849 3863/5203/3863 4719/6627/4720
f 4548/6414/4549 4508/6355/4509 4721/6630/4722
f 4524/6388/4525 4532/6629/4533 4718/6626/4719
f 4498/6340/4499 4715/6619/4716 4532/6397/4533
f 4722/6631/4723 4546/6412/4547 4525/6386/4526
f 4536/6402/4537 4528/6391/4529 4521/6376/4522
f 3880/5225/3880 3843/5174/3843 4719/6627/4720
f 3833/5159/3833 3843/5174/3843 4717/6624/4718
f 4536/6402/4537 4521/6376/4522 4546/6412/4547
f 4531/6395/4532 4522/6377/4523 4539/6405/4540
f 4721/6630/4722 4493/6335/4494 4713/6616/4714
f 4722/6631/4723 4525/6386/4526 4524/6388/4525
f 4723/6632/4724 3843/5174/3843 3880/5225/3880
f 4724/6633/4725 3843/5174/3843 4723/6632/4724
f 4529/6393/4530 4508/6355/4509 4548/6414/4549
f 4722/6631/4723 4524/6388/4525 4718/6626/4719
f 4724/6633/4725 4717/6624/4718 3843/5174/3843
f 4720/6628/4721 4721/6630/4722 4713/6616/4714
f 4537/6403/4538 4539/6405/4540 4526/6389/4527
f 3869/5210/3869 4725/6634/4726 3866/5211/3866
f 4720/6628/4721 4717/6624/4718 4724/6633/4725
f 4542/6408/4543 4718/6626/4719 4543/6409/4544
f 4722/6631/4723 4718/6626/4719 4542/6408/4543
f 4726/6635/4727 4723/6632/4724 3879/5224/3879
f 4724/6633/4725 4723/6632/4724 4726/6635/4727
f 4727/6636/4728 4720/6628/4721 4724/6633/4725
f 4546/6412/4547 4722/6631/4723 4542/6408/4543
f 4535/6401/4536 4539/6405/4540 4537/6403/4538
f 3879/5224/3879 4723/6632/4724 3880/5225/3880
f 4727/6636/4728 4724/6633/4725 4726/6635/4727
f 4721/6630/4722 4720/6628/4721 4728/6637/4729
f 4545/6411/4546 4546/6412/4547 4542/6408/4543
f 4728/6637/4729 4720/6628/4721 4727/6636/4728
f 4729/6638/4730 4721/6630/4722 4728/6637/4729
f 3876/5221/3876 3874/5216/3874 3877/5228/3877
f 4730/6639/4731 4726/6635/4727 3879/5224/3879
f 4731/6640/4732 3870/5212/3870 3876/5221/3876
f 4540/6406/4541 4554/6420/4555 4541/6407/4542
f 3884/5232/3884 3876/5221/3876 3877/5228/3877
f 4732/6641/4733 4731/6640/4732 3876/5221/3876
f 499/6642/499 496/600/496 498/604/498
f 3887/5236/3887 3884/5232/3884 3882/5230/3882
f 505/614/505 486/592/486 499/607/499
f 4732/6641/4733 3876/5221/3876 3884/5232/3884
f 4729/6638/4730 4728/6637/4729 4727/6636/4728
f 4588/6455/4589 4727/6636/4728 4726/6635/4727
f 4733/6643/4734 499/607/499 498/6644/498
f 4732/6641/4733 3884/5232/3884 3887/5236/3887
f 4731/6640/4732 4732/6641/4733 4734/6645/4735
f 505/614/505 499/607/499 4733/6643/4734
f 4732/6641/4733 3887/5236/3887 4735/6646/4736
f 4729/6638/4730 4727/6636/4728 4588/6455/4589
f 4733/6647/4734 498/604/498 504/613/504
f 3889/5243/3889 3887/5236/3887 3886/5235/3886
f 4588/6455/4589 4726/6635/4727 4730/6639/4731
f 4734/6645/4735 4732/6641/4733 4735/6646/4736
f 4736/6648/4737 505/614/505 4733/6643/4734
f 4735/6646/4736 3887/5236/3887 3893/5249/3893
f 4547/6413/4548 4544/6410/4545 4529/6393/4530
f 4733/6647/4734 504/613/504 531/648/531
f 4736/6649/4737 4733/6647/4734 531/648/531
f 4737/6650/4738 4565/6432/4566 4560/6427/4561
f 4587/6454/4588 4548/6414/4549 4729/6638/4730
f 505/614/505 4736/6648/4737 529/646/529
f 4738/6651/4739 4588/6455/4589 4730/6639/4731
f 4739/6652/4740 529/646/529 4736/6648/4737
f 4740/6653/4741 4734/6645/4735 4735/6646/4736
f 4544/6410/4545 4547/6413/4548 4583/6450/4584
f 4741/6654/4742 4736/6649/4737 531/648/531
f 4741/6655/4742 4739/6652/4740 4736/6648/4737
f 4742/6656/4743 529/646/529 4739/6652/4740
f 4742/6656/4743 533/650/533 529/646/529
f 4587/6454/4588 4729/6638/4730 4588/6455/4589
f 4587/6454/4588 4547/6413/4548 4548/6414/4549
f 539/656/539 4741/6654/4742 531/648/531
f 4560/6427/4561 4734/6645/4735 4743/6657/4744
f 3897/5254/3897 4735/6646/4736 3893/5249/3893
f 4744/6658/4745 4565/6432/4566 4737/6650/4738
f 4599/6466/4600 4568/6435/4569 4540/6406/4541
f 4737/6650/4738 4560/6427/4561 4743/6657/4744
f 4540/6406/4541 4544/6410/4545 4600/6467/4601
f 550/6659/550 4739/6652/4740 4741/6655/4742
f 4743/6657/4744 4734/6645/4735 4740/6653/4741
f 4579/6446/4580 4583/6450/4584 4547/6413/4548
f 4599/6466/4600 4540/6406/4541 4600/6467/4601
f 550/6659/550 4741/6655/4742 539/6660/539
f 4745/6661/4746 4742/6656/4743 4739/6652/4740
f 4600/6467/4601 4544/6410/4545 4583/6450/4584
f 541/658/541 538/655/538 546/665/546
f 4605/6472/4606 4580/6447/4581 4587/6454/4588
f 1833/2340/1833 1827/2333/1827 4576/6443/4577
f 4746/6662/4747 4737/6650/4738 4743/6657/4744
f 4743/6657/4744 4740/6653/4741 4747/6663/4748
f 4748/6664/4749 3897/5254/3897 3898/5255/3898
f 4608/6475/4609 4605/6472/4606 4587/6454/4588
f 4591/6458/4592 4600/6467/4601 4583/6450/4584
f 4597/6464/4598 1833/2340/1833 4576/6443/4577
f 4605/6472/4606 4578/6445/4579 4580/6447/4581
f 4749/6665/4750 4740/6653/4741 3897/5254/3897
f 4750/6666/4751 4568/6435/4569 4599/6466/4600
f 4751/6667/4752 4568/6435/4569 4750/6666/4751
f 546/665/546 553/672/553 2346/2987/2346
f 4752/6668/4753 4740/6653/4741 4749/6665/4750
f 4747/6663/4748 4740/6653/4741 4752/6668/4753
f 4753/6669/4754 4743/6657/4744 4747/6663/4748
f 541/658/541 546/665/546 4754/6670/4755
f 4746/6662/4747 4743/6657/4744 4753/6669/4754
f 4611/6478/4612 4584/6451/4585 4589/6456/4590
f 4754/6670/4755 546/665/546 2346/2987/2346
f 4608/6475/4609 4587/6454/4588 4586/6453/4587
f 4755/6671/4756 4578/6445/4579 4605/6472/4606
f 4589/6456/4590 4578/6445/4579 4755/6671/4756
f 4594/6461/4595 4584/6451/4585 4611/6478/4612
f 4595/6462/4596 4585/6452/4586 4594/6461/4595
f 4756/6672/4757 4590/6457/4591 4595/6462/4596
f 4756/6672/4757 4592/6459/4593 4590/6457/4591
f 1829/2335/1829 1833/2340/1833 2044/2607/2044
f 4753/6669/4754 4747/6663/4748 4752/6668/4753
f 2044/2607/2044 1833/2340/1833 4597/6464/4598
f 4754/6670/4755 555/674/555 541/658/541
f 4757/6673/4758 4749/6665/4750 4748/6664/4749
f 4755/6671/4756 4611/6478/4612 4589/6456/4590
f 4758/6674/4759 4595/6462/4596 4594/6461/4595
f 4756/6672/4757 4595/6462/4596 4758/6674/4759
f 4759/6675/4760 4592/6459/4593 4756/6672/4757
f 4574/6441/4575 4559/6426/4560 4751/6667/4752
f 2044/2607/2044 4597/6464/4598 4760/6676/4761
f 2388/6677/2388 556/6678/556 555/674/555
f 4761/6679/4762 4744/6658/4745 4746/6662/4747
f 4604/6471/4605 4755/6671/4756 4605/6472/4606
f 4758/6674/4759 4594/6461/4595 4611/6478/4612
f 4760/6676/4761 4597/6464/4598 4593/6460/4594
f 4762/6680/4763 4759/6675/4760 4756/6672/4757
f 4762/6680/4763 4592/6459/4593 4759/6675/4760
f 4598/6465/4599 4592/6459/4593 4762/6680/4763
f 4763/6681/4764 4599/6466/4600 4598/6465/4599
f 4764/6682/4765 4572/6439/4573 4574/6441/4575
f 2389/3042/2389 2388/6677/2388 555/674/555
f 2402/3057/2402 556/6683/556 2388/3058/2388
f 4610/6477/4611 4758/6674/4759 4611/6478/4612
f 4763/6681/4764 4750/6666/4751 4599/6466/4600
f 4760/6676/4761 4593/6460/4594 4615/6482/4616
f 4765/6684/4766 4756/6672/4757 4758/6674/4759
f 4766/6685/4767 4767/6686/4768 4598/6465/4599
f 4623/6490/4624 4764/6682/4765 4574/6441/4575
f 4768/6687/4769 4760/6676/4761 4615/6482/4616
f 2045/2608/2045 2044/2607/2044 4760/6676/4761
f 2389/3042/2389 555/674/555 4754/6670/4755
f 4769/6688/4770 4758/6674/4759 4610/6477/4611
f 4765/6684/4766 4758/6674/4759 4769/6688/4770
f 4766/6685/4767 4598/6465/4599 4762/6680/4763
f 4615/6482/4616 4593/6460/4594 4601/6468/4602
f 2045/2608/2045 2043/2606/2043 1839/2347/1839
f 2419/3078/2419 4754/6670/4755 2346/2987/2346
f 4765/6684/4766 4762/6680/4763 4756/6672/4757
f 4763/6681/4764 4598/6465/4599 4767/6686/4768
f 2419/3078/2419 2389/3042/2389 4754/6670/4755
f 4770/6689/4771 4762/6680/4763 4765/6684/4766
f 4766/6685/4767 4762/6680/4763 4771/6690/4772
f 2045/2608/2045 4760/6676/4761 4768/6687/4769
f 1839/2347/1839 1829/2335/1829 2045/2608/2045
f 2419/3078/2419 2346/2987/2346 2407/3064/2407
f 2387/3040/2387 2389/3042/2389 2419/3078/2419
f 4770/6689/4771 4771/6690/4772 4762/6680/4763
f 4772/6691/4773 4763/6681/4764 4767/6686/4768
f 4773/6692/4774 4623/6490/4624 4574/6441/4575
f 4768/6687/4769 4615/6482/4616 4653/6520/4654
f 4774/6693/4775 4775/6694/4776 2402/3057/2402
f 4776/6695/4777 4610/6477/4611 4614/6481/4615
f 4767/6686/4768 4766/6685/4767 4777/6696/4778
f 4777/6696/4778 4766/6685/4767 4771/6690/4772
f 4778/6697/4779 4767/6686/4768 4777/6696/4778
f 4750/6666/4751 4763/6681/4764 4772/6691/4773
f 4779/6698/4780 4610/6477/4611 4776/6695/4777
f 4779/6698/4780 4765/6684/4766 4769/6688/4770
f 4780/6699/4781 4765/6684/4766 4779/6698/4780
f 4780/6699/4781 4770/6689/4771 4765/6684/4766
f 4772/6691/4773 4767/6686/4768 4778/6697/4779
f 4781/6700/4782 4761/6679/4762 4746/6662/4747
f 4621/6488/4622 4612/6479/4613 4613/6480/4614
f 4644/6511/4645 4777/6696/4778 4771/6690/4772
f 4773/6692/4774 4574/6441/4575 4751/6667/4752
f 4624/6491/4625 4776/6695/4777 4614/6481/4615
f 4627/6494/4628 4776/6695/4777 4624/6491/4625
f 4782/6701/4783 4779/6698/4780 4776/6695/4777
f 4783/6702/4784 4751/6667/4752 4750/6666/4751
f 2047/2611/2047 1844/2605/1844 2043/2606/2043
f 4781/6700/4782 4753/6669/4754 4784/6703/4785
f 4781/6700/4782 4746/6662/4747 4753/6669/4754
f 4785/6704/4786 4771/6690/4772 4770/6689/4771
f 4644/6511/4645 4771/6690/4772 4785/6704/4786
f 4786/6705/4787 4615/6482/4616 4609/6476/4610
f 4787/6706/4788 4607/6474/4608 4608/6475/4609
f 4780/6699/4781 4779/6698/4780 4788/6707/4789
f 4785/6704/4786 4770/6689/4771 4780/6699/4781
f 4777/6696/4778 4644/6511/4645 4789/6708/4790
f 4778/6697/4779 4777/6696/4778 4790/6709/4791
f 4750/6666/4751 4772/6691/4773 4783/6702/4784
f 4791/6710/4792 4603/6470/4604 4619/6486/4620
f 4792/6711/4793 4609/6476/4610 4603/6470/4604
f 4652/6519/4653 2045/2608/2045 4768/6687/4769
f 4652/6519/4653 2043/2606/2043 2045/2608/2045
f 4621/6488/4622 4625/6492/4626 4616/6483/4617
f 4782/6701/4783 4776/6695/4777 4627/6494/4628
f 4633/6500/4634 4782/6701/4783 4627/6494/4628
f 4788/6707/4789 4779/6698/4780 4782/6701/4783
f 4789/6708/4790 4790/6709/4791 4777/6696/4778
f 4783/6702/4784 4773/6692/4774 4751/6667/4752
f 2047/2611/2047 2043/2606/2043 2055/2619/2055
f 4788/6707/4789 4782/6701/4783 4633/6500/4634
f 4662/6530/4663 4789/6708/4790 4644/6511/4645
f 4772/6691/4773 4778/6697/4779 4790/6709/4791
f 4792/6711/4793 4603/6470/4604 4791/6710/4792
f 4793/6712/4794 4625/6492/4626 4621/6488/4622
f 4648/6515/4649 4788/6707/4789 4633/6500/4634
f 4649/6516/4650 4788/6707/4789 4648/6515/4649
f 4649/6516/4650 4780/6699/4781 4788/6707/4789
f 4794/6713/4795 4780/6699/4781 4649/6516/4650
f 4794/6713/4795 4785/6704/4786 4780/6699/4781
f 4792/6711/4793 4786/6705/4787 4609/6476/4610
f 4652/6519/4653 4768/6687/4769 4653/6520/4654
f 2055/2619/2055 2043/2606/2043 4652/6519/4653
f 4795/6714/4796 4617/6484/4618 4607/6474/4608
f 4793/6712/4794 4621/6488/4622 4617/6484/4618
f 4796/6715/4797 4772/6691/4773 4790/6709/4791
f 4783/6702/4784 4772/6691/4773 4796/6715/4797
f 2049/2613/2049 2047/2611/2047 2055/2619/2055
f 4795/6714/4796 4607/6474/4608 4787/6706/4788
f 4790/6709/4791 4789/6708/4790 4662/6530/4663
f 4797/6716/4798 4792/6711/4793 4791/6710/4792
f 4798/6717/4799 4786/6705/4787 4792/6711/4793
f 4793/6712/4794 4617/6484/4618 4795/6714/4796
f 4799/6718/4800 4625/6492/4626 4793/6712/4794
f 4799/6718/4800 4634/6501/4635 4625/6492/4626
f 4645/6512/4646 4794/6713/4795 4649/6516/4650
f 4644/6511/4645 4794/6713/4795 4645/6512/4646
f 4773/6692/4774 4783/6702/4784 4800/6719/4801
f 4801/6720/4802 4629/6496/4630 4628/6495/4629
f 4799/6718/4800 4638/6506/4639 4634/6501/4635
f 4650/6517/4651 4645/6512/4646 4649/6516/4650
f 4802/6721/4803 4790/6709/4791 4662/6530/4663
f 4803/6722/4804 4793/6712/4794 4795/6714/4796
f 4804/6723/4805 4797/6716/4798 4791/6710/4792
f 4787/6706/4788 4608/6475/4609 4805/6724/4806
f 4799/6718/4800 4793/6712/4794 4803/6722/4804
f 4802/6721/4803 4662/6530/4663 4661/6529/4662
f 4796/6715/4797 4790/6709/4791 4802/6721/4803
f 4806/6725/4807 4783/6702/4784 4796/6715/4797
f 4807/6726/4808 4795/6714/4796 4787/6706/4788
f 4808/6727/4809 4799/6718/4800 4803/6722/4804
f 4806/6725/4807 4796/6715/4797 4802/6721/4803
f 4804/6723/4805 4629/6496/4630 4801/6720/4802
f 4804/6723/4805 4618/6485/4619 4629/6496/4630
f 4798/6717/4799 4792/6711/4793 4797/6716/4798
f 4809/6728/4810 4786/6705/4787 4798/6717/4799
f 4807/6726/4808 4803/6722/4804 4795/6714/4796
f 4810/6729/4811 4638/6506/4639 4799/6718/4800
f 4655/6522/4656 4638/6506/4639 4810/6729/4811
f 4668/6538/4669 4643/6510/4644 4667/6537/4668
f 4811/6730/4812 4802/6721/4803 4661/6529/4662
f 4806/6725/4807 4802/6721/4803 4811/6730/4812
f 4807/6726/4808 4808/6727/4809 4803/6722/4804
f 579/699/579 577/697/577 4812/6731/4813
f 4810/6729/4811 4799/6718/4800 4808/6727/4809
f 4811/6730/4812 4661/6529/4662 4668/6538/4669
f 4773/6692/4774 4800/6719/4801 4813/6732/4814
f 4814/6733/4815 4787/6706/4788 4805/6724/4806
f 4807/6726/4808 4787/6706/4788 4814/6733/4815
f 4669/6539/4670 4655/6522/4656 4810/6729/4811
f 4815/6734/4816 4668/6538/4669 4669/6539/4670
f 4811/6730/4812 4668/6538/4669 4816/6735/4817
f 4817/6736/4818 4798/6717/4799 4797/6716/4798
f 4818/6737/4819 4811/6730/4812 4816/6735/4817
f 4819/6738/4820 4798/6717/4799 4817/6736/4818
f 4812/6731/4813 577/697/577 578/698/578
f 4810/6729/4811 4808/6727/4809 4820/6739/4821
f 4821/6740/4822 4669/6539/4670 4810/6729/4811
f 4822/6741/4823 4815/6734/4816 4669/6539/4670
f 4806/6725/4807 4811/6730/4812 4818/6737/4819
f 4628/6495/4629 4773/6692/4774 4823/6742/4824
f 4824/6743/4825 4804/6723/4805 4801/6720/4802
f 4825/6744/4826 4826/6745/4827 4809/6728/4810
f 4807/6726/4808 4820/6739/4821 4808/6727/4809
f 4816/6735/4817 4668/6538/4669 4815/6734/4816
f 4827/6746/4828 4818/6737/4819 4816/6735/4817
f 4818/6737/4819 4828/6747/4829 4806/6725/4807
f 4823/6742/4824 4773/6692/4774 4813/6732/4814
f 2467/3146/2467 2454/3131/2454 4829/6748/4830
f 2467/3146/2467 2054/2618/2054 2454/3131/2454
f 4830/6749/4831 579/699/579 4812/6731/4813
f 4831/6750/4832 4820/6739/4821 4807/6726/4808
f 4821/6740/4822 4822/6741/4823 4669/6539/4670
f 4822/6741/4823 4816/6735/4817 4815/6734/4816
f 4828/6747/4829 4813/6732/4814 4800/6719/4801
f 4819/6738/4820 4809/6728/4810 4798/6717/4799
f 4826/6745/4827 4832/6751/4833 4654/6521/4655
f 4831/6750/4832 4807/6726/4808 4814/6733/4815
f 4820/6739/4821 4821/6740/4822 4810/6729/4811
f 4804/6723/4805 4824/6743/4825 4797/6716/4798
f 4833/6752/4834 4834/6753/4835 4835/6754/4836
f 4812/6731/4813 578/698/578 4836/6755/4837
f 4827/6746/4828 4816/6735/4817 4822/6741/4823
f 4828/6747/4829 4818/6737/4819 4827/6746/4828
f 4825/6744/4826 4809/6728/4810 4819/6738/4820
f 2471/3150/2471 2463/3142/2463 2459/3136/2459
f 4837/6756/4838 4830/6757/4831 4812/6758/4813
f 4838/6759/4839 4833/6752/4834 4835/6754/4836
f 4839/6760/4840 4820/6739/4821 4831/6750/4832
f 4828/6747/4829 4827/6746/4828 4840/6761/4841
f 2467/3146/2467 4829/6748/4830 4832/6751/4833
f 4841/6762/4842 2463/3142/2463 2471/3150/2471
f 4842/6763/4843 4838/6759/4839 4835/6754/4836
f 4831/6750/4832 4814/6733/4815 4843/6764/4844
f 4821/6740/4822 4820/6739/4821 4839/6760/4840
f 4839/6760/4840 4822/6741/4823 4821/6740/4822
f 4827/6746/4828 4822/6741/4823 4839/6760/4840
f 4844/6765/4845 4817/6736/4818 4824/6743/4825
f 2464/3143/2464 2463/3142/2463 4845/6766/4846
f 4842/6763/4843 4835/6754/4836 4846/6767/4847
f 4847/6768/4848 4832/6751/4833 4825/6744/4826
f 4845/6766/4846 2463/3142/2463 4841/6762/4842
f 2469/3148/2469 2464/3143/2464 4845/6766/4846
f 4840/6761/4841 4827/6746/4828 4839/6760/4840
f 4813/6732/4814 4828/6747/4829 4840/6761/4841
f 4844/6765/4845 4819/6738/4820 4817/6736/4818
f 2471/3150/2471 4848/6769/4849 4841/6762/4842
f 4849/6770/4850 4850/6771/4851 4851/6772/4852
f 4852/6773/4853 4839/6760/4840 4831/6750/4832
f 4852/6773/4853 4840/6761/4841 4839/6760/4840
f 4844/6765/4845 4824/6743/4825 4853/6774/4854
f 4854/6775/4855 2467/3146/2467 4832/6751/4833
f 4854/6775/4855 2468/3147/2468 2467/3146/2467
f 4845/6766/4846 4841/6762/4842 4848/6769/4849
f 4848/6769/4849 2469/3148/2469 4845/6766/4846
f 4852/6773/4853 4831/6750/4832 4843/6764/4844
f 4855/6776/4856 2469/3148/2469 4848/6769/4849
f 4856/6777/4857 2469/3148/2469 4855/6776/4856
f 4854/6775/4855 4832/6751/4833 4847/6768/4848
f 4853/6774/4854 4857/6778/4858 4858/6779/4859
f 2468/3147/2468 4848/6769/4849 2471/3150/2471
f 4855/6776/4856 4848/6769/4849 4854/6775/4855
f 4859/6780/4860 4856/6777/4857 4855/6776/4856
f 4860/6781/4861 4849/6770/4850 4851/6772/4852
f 4825/6744/4826 4819/6738/4820 4861/6782/4862
f 4854/6775/4855 4848/6769/4849 2468/3147/2468
f 4847/6768/4848 4855/6776/4856 4854/6775/4855
f 4861/6782/4862 4819/6738/4820 4844/6765/4845
f 4847/6768/4848 4825/6744/4826 4855/6776/4856
f 4849/6770/4850 4860/6781/4861 4862/6783/4863
f 4861/6782/4862 4844/6765/4845 4863/6784/4864
f 4864/6785/4865 4813/6732/4814 4840/6761/4841
f 4855/6776/4856 4825/6744/4826 4861/6782/4862
f 4678/6548/4679 4859/6780/4860 4861/6782/4862
f 4865/6786/4866 4861/6782/4862 4863/6784/4864
f 4859/6780/4860 4855/6776/4856 4861/6782/4862
f 4681/6551/4682 4678/6548/4679 4861/6782/4862
f 4865/6786/4866 4681/6551/4682 4861/6782/4862
f 4679/6549/4680 4677/6547/4678 4676/6546/4677
f 4866/6787/4867 4867/6788/4868 4868/6789/4869
f 4836/6755/4837 4837/6790/4838 4812/6731/4813
f 4791/6710/4792 4618/6485/4619 4804/6723/4805
f 4619/6486/4620 4618/6485/4619 4791/6710/4792
f 4619/6486/4620 4603/6470/4604 4602/6469/4603
f 4853/6774/4854 4863/6784/4864 4844/6765/4845
f 3889/5243/3889 3893/5249/3893 3887/5236/3887
f 4853/6774/4854 4824/6743/4825 4857/6778/4858
f 4735/6646/4736 3897/5254/3897 4740/6653/4741
f 869/1068/869 868/1067/868 864/1063/864
f 864/1063/864 863/1062/863 869/1068/869
f 3829/5155/3829 3825/5153/3825 3824/6606/3824
f 416/494/416 409/486/409 407/484/407
f 2811/3648/2811 4195/5793/4195 421/499/421
f 871/1070/871 870/1069/870 868/1067/868
f 3824/6606/3824 3818/6791/3818 3837/5164/3837
f 445/530/445 2811/3648/2811 421/499/421
f 871/1070/871 868/1067/868 869/1068/869
f 3824/6606/3824 3837/5164/3837 3839/5169/3839
f 3823/5147/3823 4708/6608/4709 3831/5157/3831
f 2812/3649/2812 2811/3648/2811 445/530/445
f 872/1071/872 869/1068/869 867/1066/867
f 4515/6369/4516 4490/6330/4491 4708/6608/4709
f 2814/3651/2814 2810/3646/2810 2812/3649/2812
f 4515/6369/4516 4708/6608/4709 3823/5147/3823
f 4869/6792/4870 2814/3651/2814 2812/3649/2812
f 4518/6373/4519 4709/6609/4710 4515/6369/4516
f 461/551/461 2812/3649/2812 445/530/445
f 3846/5177/3846 2814/3651/2814 4869/6792/4870
f 3846/5177/3846 3847/5178/3847 2814/3651/2814
f 873/1072/873 870/1069/870 871/1070/871
f 4869/6792/4870 2812/3649/2812 461/551/461
f 874/1073/874 871/1070/871 872/1071/872
f 3844/5175/3844 3846/5177/3846 4869/6792/4870
f 3851/5185/3851 874/1073/874 872/1071/872
f 3863/5203/3863 3849/5180/3849 3842/5172/3842
f 4870/6793/4871 4869/6792/4870 461/551/461
f 4870/6793/4871 3844/5175/3844 4869/6792/4870
f 3858/5195/3858 870/1069/870 873/1072/873
f 3855/5190/3855 3844/5175/3844 4870/6793/4871
f 4721/6630/4722 4508/6355/4509 4493/6335/4494
f 4494/6336/4495 4529/6393/4530 4495/6337/4496
f 4725/6794/4726 873/1072/873 874/1073/874
f 4871/6795/4872 873/1072/873 4725/6794/4726
f 3858/5195/3858 873/1072/873 4871/6795/4872
f 3862/5202/3862 3857/5198/3857 3858/6796/3858
f 4529/6393/4530 4494/6336/4495 4508/6355/4509
f 3866/5207/3866 4725/6794/4726 874/1073/874
f 3875/5218/3875 3858/6796/3858 4871/6797/4872
f 4556/6422/4557 3863/5203/3863 3862/5202/3862
f 470/561/470 471/562/471 466/556/466
f 461/551/461 444/529/444 468/559/468
f 4871/6795/4872 4725/6794/4726 3869/6798/3869
f 3862/5202/3862 3858/6796/3858 3875/5218/3875
f 4872/6799/4873 3855/5190/3855 4870/6793/4871
f 3875/5218/3875 4871/6797/4872 3869/5210/3869
f 4870/6793/4871 461/551/461 4873/6800/4874
f 4873/6800/4874 4872/6799/4873 4870/6793/4871
f 3860/5199/3860 3855/5190/3855 3872/5214/3872
f 4557/6423/4558 3862/5202/3862 3875/5218/3875
f 2207/2809/2207 461/551/461 468/559/468
f 2207/2809/2207 4873/6800/4874 461/551/461
f 4719/6627/4720 3863/5203/3863 4556/6422/4557
f 3872/5214/3872 3855/5190/3855 4872/6799/4873
f 4556/6422/4557 3862/5202/3862 4557/6423/4558
f 3876/5221/3876 3870/5212/3870 3866/5211/3866
f 4533/6398/4534 4536/6402/4537 4545/6411/4546
f 3624/4801/3624 2185/2784/2185 2196/2795/2196
f 2207/2809/2207 468/559/468 472/564/472
f 4557/6423/4558 3875/5218/3875 4731/6640/4732
f 4555/6421/4556 4719/6627/4720 4556/6422/4557
f 492/596/492 2207/2809/2207 472/564/472
f 2208/2810/2208 4873/6800/4874 2207/2809/2207
f 4874/6801/4875 4872/6799/4873 4873/6800/4874
f 4731/6640/4732 3875/5218/3875 3870/5212/3870
f 4555/6421/4556 3880/5225/3880 4719/6627/4720
f 4548/6414/4549 4721/6630/4722 4729/6638/4730
f 3624/4801/3624 2198/2797/2198 2185/2784/2185
f 4875/6802/4876 4874/6801/4875 4873/6800/4874
f 2208/2810/2208 4875/6802/4876 4873/6800/4874
f 3878/5223/3878 3880/5225/3880 4555/6421/4556
f 4549/6415/4550 4533/6398/4534 4545/6411/4546
f 4874/6801/4875 3872/5214/3872 4872/6799/4873
f 4366/6124/4367 2195/2794/2195 2190/2789/2190
f 4874/6801/4875 3883/5231/3883 3872/5214/3872
f 3878/5223/3878 4555/6421/4556 4565/6432/4566
f 4367/6125/4368 2196/2795/2196 2195/2794/2195
f 4224/5859/4225 3623/4800/3623 3624/4801/3624
f 3625/4813/3625 3618/4808/3618 2225/2833/2225
f 4222/5857/4223 4224/5859/4225 3624/4801/3624
f 3626/4804/3626 3623/4800/3623 4224/5859/4225
f 4876/6803/4877 3626/4804/3626 4224/5859/4225
f 4367/6125/4368 2195/2794/2195 4366/6124/4367
f 3878/5223/3878 4730/6639/4731 3879/5224/3879
f 4877/6804/4878 4222/5857/4223 4367/6125/4368
f 4876/6803/4877 4224/5859/4225 2217/6805/2217
f 2216/6806/2216 4876/6803/4877 2217/6805/2217
f 2263/2884/2263 4875/6802/4876 2208/2810/2208
f 3892/5246/3892 3883/5231/3883 4874/6801/4875
f 4557/6423/4558 4731/6640/4732 4734/6645/4735
f 4373/6807/4374 4362/6118/4363 3629/6808/3629
f 4878/6809/4879 4877/6804/4878 4367/6125/4368
f 4223/6810/4224 4222/5857/4223 4877/6804/4878
f 2229/2838/2229 2217/6805/2217 4224/5859/4225
f 2218/2837/2218 2217/6805/2217 2229/2838/2229
f 2220/6811/2220 4876/6812/4877 2216/6813/2216
f 2215/4809/2215 3626/4807/3626 4876/6812/4877
f 2220/6811/2220 2215/4809/2215 4876/6812/4877
f 2263/2884/2263 4874/6801/4875 4875/6802/4876
f 4879/6814/4880 4366/6124/4367 4373/6134/4374
f 4367/6125/4368 4366/6124/4367 4879/6814/4880
f 2219/2826/2219 2220/2827/2220 2216/2823/2216
f 4880/6815/4881 4874/6801/4875 2263/2884/2263
f 4881/6816/4882 4879/6814/4880 4373/6134/4374
f 4882/6817/4883 4367/6125/4368 4879/6814/4880
f 4878/6818/4879 4367/6819/4368 4882/6820/4883
f 4560/6427/4561 4557/6423/4558 4734/6645/4735
f 4568/6435/4569 4549/6415/4550 4561/6428/4562
f 3631/4817/3631 4373/6821/4374 3629/4814/3629
f 4375/6145/4376 4223/6822/4224 4877/6823/4878
f 2232/2841/2232 4223/6822/4224 4375/6145/4376
f 4883/6824/4884 519/635/519 513/6825/513
f 3892/5246/3892 4874/6801/4875 4880/6815/4881
f 4568/6435/4569 4561/6428/4562 4554/6420/4555
f 4568/6435/4569 4553/6419/4554 4549/6415/4550
f 4884/6826/4885 4878/6818/4879 4882/6820/4883
f 4885/6827/4886 4878/6818/4879 4884/6826/4885
f 4877/6823/4878 4878/6818/4879 4885/6827/4886
f 4885/6827/4886 4375/6145/4376 4877/6823/4878
f 520/637/520 519/635/519 4883/6824/4884
f 4568/6435/4569 4559/6426/4560 4553/6419/4554
f 4881/6828/4882 4373/6821/4374 3631/4817/3631
f 4738/6651/4739 4730/6639/4731 3878/5223/3878
f 4884/6826/4885 4879/6829/4880 4881/6828/4882
f 4884/6826/4885 4882/6820/4883 4879/6829/4880
f 4375/6145/4376 2228/2842/2228 2232/2841/2232
f 4886/6830/4887 513/626/513 533/650/533
f 4886/6831/4887 4883/6824/4884 513/6825/513
f 521/638/521 2263/2884/2263 2208/2810/2208
f 4738/6651/4739 3878/5223/3878 4565/6432/4566
f 4751/6667/4752 4559/6426/4560 4568/6435/4569
f 2248/2866/2248 520/637/520 4883/6824/4884
f 2252/2870/2252 4375/6145/4376 4885/6827/4886
f 2233/2844/2233 4375/6145/4376 2252/2870/2252
f 4887/6832/4888 4886/6830/4887 533/650/533
f 2294/2919/2294 4885/6827/4886 4884/6826/4885
f 2251/2869/2251 2233/2844/2233 2252/2870/2252
f 4887/6832/4888 533/650/533 4742/6656/4743
f 2274/2897/2274 4883/6824/4884 4886/6831/4887
f 4880/6815/4881 2263/2884/2263 4888/6833/4889
f 4889/6834/4890 4881/6828/4882 3631/4817/3631
f 4889/6834/4890 4884/6826/4885 4881/6828/4882
f 2252/2870/2252 4885/6827/4886 2294/2919/2294
f 4890/6835/4891 4886/6830/4887 4887/6832/4888
f 4890/6836/4891 2274/2897/2274 4886/6831/4887
f 2248/2866/2248 4883/6824/4884 2274/2897/2274
f 3895/6837/3895 3892/5246/3892 4880/6815/4881
f 4738/6651/4739 4565/6432/4566 4744/6658/4745
f 4580/6447/4581 4547/6413/4548 4587/6454/4588
f 2262/2883/2262 4888/6833/4889 2263/2884/2263
f 4579/6446/4580 4547/6413/4548 4580/6447/4581
f 4889/6834/4890 3631/4817/3631 3630/4816/3630
f 4889/6834/4890 2294/2919/2294 4884/6826/4885
f 4891/6838/4892 2274/6839/2274 4890/6835/4891
f 4892/6840/4893 3895/6837/3895 4880/6815/4881
f 4738/6651/4739 4586/6453/4587 4588/6455/4589
f 2253/2871/2253 2252/2870/2252 2294/2919/2294
f 4893/6841/4894 4890/6835/4891 4887/6832/4888
f 4891/6838/4892 4890/6835/4891 4893/6841/4894
f 2275/6842/2275 2274/6839/2274 4891/6838/4892
f 4880/6815/4881 4888/6833/4889 4894/6843/4895
f 4892/6844/4893 3896/5253/3896 3895/5251/3895
f 4746/6662/4747 4744/6658/4745 4737/6650/4738
f 4893/6841/4894 4887/6832/4888 4742/6656/4743
f 4895/6845/4896 4892/6840/4893 4880/6815/4881
f 4896/6846/4897 4892/6840/4893 4895/6845/4896
f 4897/6847/4898 3896/5253/3896 4892/6844/4893
f 3898/5255/3898 3896/5253/3896 4897/6847/4898
f 4889/6834/4890 3630/4816/3630 2307/2937/2307
f 4745/6661/4746 4739/6652/4740 550/6659/550
f 2305/2935/2305 4888/6833/4889 2262/2883/2262
f 4895/6845/4896 4880/6815/4881 4894/6843/4895
f 4761/6679/4762 4738/6651/4739 4744/6658/4745
f 2307/2937/2307 4898/6848/4899 4889/6834/4890
f 4898/6848/4899 2294/2919/2294 4889/6834/4890
f 4899/6849/4900 4893/6841/4894 4742/6656/4743
f 4900/6850/4901 4891/6838/4892 4893/6841/4894
f 4900/6851/4901 2275/2898/2275 4891/6852/4892
f 2327/2965/2327 2275/2898/2275 4900/6851/4901
f 2327/2965/2327 2280/2904/2280 2275/2898/2275
f 4894/6843/4895 4888/6833/4889 2305/2935/2305
f 4897/6847/4898 4892/6844/4893 4896/6853/4897
f 4745/6661/4746 4899/6849/4900 4742/6656/4743
f 4901/6854/4902 4895/6845/4896 4894/6843/4895
f 4902/6855/4903 4893/6841/4894 4899/6849/4900
f 4902/6855/4903 4900/6850/4901 4893/6841/4894
f 2328/2966/2328 2327/2965/2327 4900/6851/4901
f 4903/6856/4904 4894/6843/4895 2305/2935/2305
f 4901/6857/4902 4896/6853/4897 4895/6858/4896
f 3898/5255/3898 4897/6847/4898 4904/6859/4905
f 4761/6679/4762 4586/6453/4587 4738/6651/4739
f 4581/6448/4582 4569/6436/4570 4572/6439/4573
f 556/6683/556 550/6659/550 549/6860/549
f 556/6683/556 4745/6661/4746 550/6659/550
f 4905/6861/4906 4899/6849/4900 4745/6661/4746
f 4906/6862/4907 4900/6850/4901 4902/6855/4903
f 4906/6862/4907 2328/6863/2328 4900/6850/4901
f 4901/6854/4902 4894/6843/4895 4903/6856/4904
f 4901/6857/4902 4897/6847/4898 4896/6853/4897
f 4748/6664/4749 3898/5255/3898 4904/6859/4905
f 2315/2950/2315 2294/2919/2294 4898/6848/4899
f 4907/6864/4908 4902/6855/4903 4899/6849/4900
f 4904/6859/4905 4897/6847/4898 4901/6857/4902
f 4749/6665/4750 3897/5254/3897 4748/6664/4749
f 4908/6865/4909 2291/2923/2291 2309/6866/2309
f 4905/6861/4906 4745/6661/4746 556/6683/556
f 4907/6864/4908 4899/6849/4900 4905/6861/4906
f 4908/6867/4909 2309/6868/2309 2302/2939/2302
f 2348/2989/2348 2291/2923/2291 4908/6865/4909
f 4909/6869/4910 4906/6862/4907 4902/6855/4903
f 4909/6870/4910 2328/2966/2328 4906/6871/4907
f 2326/2964/2326 2328/2966/2328 4909/6870/4910
f 4581/6448/4582 4572/6439/4573 4764/6682/4765
f 4910/6872/4911 4901/6857/4902 4911/6873/4912
f 4910/6872/4911 4904/6859/4905 4901/6857/4902
f 4898/6848/4899 2307/2937/2307 2306/2936/2306
f 2397/3050/2397 2315/2950/2315 4898/6848/4899
f 2368/3015/2368 2349/6874/2349 2318/6875/2318
f 4912/6876/4913 2349/6874/2349 2368/3015/2368
f 558/678/558 2326/2964/2326 4909/6870/4910
f 4913/6877/4914 4903/6856/4904 2305/2935/2305
f 4901/6857/4902 4903/6878/4904 4914/6879/4915
f 4915/6880/4916 4904/6859/4905 4910/6872/4911
f 4915/6880/4916 4748/6664/4749 4904/6859/4905
f 2397/3050/2397 4898/6848/4899 2306/2936/2306
f 4908/6867/4909 2302/2939/2302 2336/2976/2336
f 2311/2953/2311 2348/2989/2348 4916/6881/4917
f 2402/3057/2402 4905/6861/4906 556/6683/556
f 4907/6864/4908 4905/6861/4906 4775/6694/4776
f 4907/6864/4908 4909/6869/4910 4902/6855/4903
f 559/6882/559 4909/6869/4910 4907/6864/4908
f 559/679/559 558/678/558 4909/6870/4910
f 2382/3034/2382 2305/2935/2305 2298/2926/2298
f 4914/6883/4915 4903/6856/4904 4913/6877/4914
f 4606/6473/4607 4605/6472/4606 4608/6475/4609
f 4916/6881/4917 2366/6173/2366 2311/2953/2311
f 4917/6884/4918 2366/6173/2366 4916/6881/4917
f 2402/3057/2402 4775/6694/4776 4905/6861/4906
f 4911/6873/4912 4901/6857/4902 4914/6879/4915
f 4757/6673/4758 4748/6664/4749 4918/6885/4919
f 2385/3037/2385 2397/3050/2397 2306/2936/2306
f 2363/3009/2363 2336/2976/2336 2316/2951/2316
f 2348/2989/2348 4908/6865/4909 4919/6886/4920
f 2364/3011/2364 2366/3013/2366 4917/6887/4918
f 4920/6888/4921 2349/2990/2349 4912/6889/4913
f 4386/6176/4387 2349/2990/2349 4920/6888/4921
f 557/6890/557 559/6882/559 4907/6864/4908
f 2382/3034/2382 4913/6877/4914 2305/2935/2305
f 4918/6885/4919 4748/6664/4749 4915/6880/4916
f 4620/6487/4621 4602/6469/4603 4596/6463/4597
f 4921/6891/4922 2336/2976/2336 2363/3009/2363
f 4919/6892/4920 4908/6867/4909 2336/2976/2336
f 4922/6893/4923 4916/6881/4917 2348/2989/2348
f 2373/3021/2373 4912/6876/4913 2368/3015/2368
f 4923/6894/4924 4912/6876/4913 2373/3021/2373
f 4924/6895/4925 4907/6864/4908 4775/6694/4776
f 4914/6879/4915 4913/6896/4914 4925/6897/4926
f 4926/6898/4927 4910/6872/4911 4911/6873/4912
f 4612/6479/4613 4611/6478/4612 4755/6671/4756
f 4921/6891/4922 2363/3009/2363 2379/3030/2379
f 4927/6899/4928 4919/6892/4920 2336/2976/2336
f 4927/6900/4928 2348/2989/2348 4919/6901/4920
f 4928/6902/4929 2348/2989/2348 4927/6900/4928
f 4929/6903/4930 2364/3011/2364 4917/6887/4918
f 4930/6904/4931 4912/6905/4913 4923/6906/4924
f 4930/6904/4931 4920/6907/4921 4912/6905/4913
f 4387/6180/4388 4386/6908/4387 4920/6907/4921
f 4390/6183/4391 4387/6180/4388 4920/6907/4921
f 4924/6895/4925 557/6890/557 4907/6864/4908
f 4925/6909/4926 4913/6877/4914 2382/3034/2382
f 4915/6880/4916 4910/6872/4911 4926/6898/4927
f 4623/6490/4624 4581/6448/4582 4764/6682/4765
f 4927/6899/4928 2336/2976/2336 4921/6891/4922
f 4931/6910/4932 4916/6881/4917 4922/6893/4923
f 4929/6911/4930 4917/6912/4918 4916/6881/4917
f 4932/6913/4933 557/6890/557 4924/6895/4925
f 4932/6914/4933 560/680/560 557/677/557
f 4933/6915/4934 4914/6879/4915 4925/6897/4926
f 4911/6873/4912 4914/6879/4915 4933/6915/4934
f 4612/6479/4613 4755/6671/4756 4604/6471/4605
f 4620/6487/4621 4596/6463/4597 4581/6448/4582
f 4922/6893/4923 2348/2989/2348 4928/6902/4929
f 4929/6911/4930 4916/6881/4917 4931/6910/4932
f 2373/3021/2373 2364/3011/2364 4929/6903/4930
f 4934/6916/4935 2373/3021/2373 4929/6903/4930
f 2405/3062/2405 4923/6906/4924 2373/6917/2373
f 2404/3061/2404 4930/6904/4931 4923/6906/4924
f 4390/6183/4391 4920/6907/4921 4930/6904/4931
f 4774/6693/4775 4924/6895/4925 4775/6694/4776
f 565/685/565 560/680/560 4932/6914/4933
f 4620/6487/4621 4581/6448/4582 4623/6490/4624
f 4935/6918/4936 4932/6913/4933 4924/6895/4925
f 571/691/571 558/678/558 560/680/560
f 4933/6915/4934 4925/6897/4926 4936/6919/4937
f 4937/6920/4938 4915/6880/4916 4926/6898/4927
f 4938/6921/4939 4757/6673/4758 4918/6885/4919
f 4608/6475/4609 4586/6453/4587 4761/6679/4762
f 4921/6891/4922 2379/3030/2379 2400/3054/2400
f 4921/6891/4922 4928/6922/4929 4927/6899/4928
f 4931/6910/4932 4922/6893/4923 4939/6923/4940
f 4934/6916/4935 4929/6903/4930 4931/6924/4932
f 2405/6925/2405 2373/3021/2373 4934/6916/4935
f 4399/6202/4400 4390/6183/4391 4930/6904/4931
f 4935/6918/4936 4924/6895/4925 4774/6693/4775
f 565/685/565 4932/6914/4933 4935/6926/4936
f 4940/6927/4941 4757/6673/4758 4938/6921/4939
f 4784/6703/4785 4753/6669/4754 4752/6668/4753
f 4941/6928/4942 4928/6922/4929 4921/6891/4922
f 4942/6929/4943 4934/6916/4935 4931/6924/4932
f 4943/6930/4944 2405/3062/2405 4934/6931/4935
f 2404/3061/2404 4923/6906/4924 2405/3062/2405
f 4395/6194/4396 4390/6183/4391 4399/6202/4400
f 564/684/564 571/691/571 560/680/560
f 4926/6898/4927 4911/6873/4912 4933/6915/4934
f 4940/6927/4941 4749/6665/4750 4757/6673/4758
f 4940/6927/4941 4752/6668/4753 4749/6665/4750
f 4779/6698/4780 4769/6688/4770 4610/6477/4611
f 4619/6486/4620 4602/6469/4603 4620/6487/4621
f 4921/6891/4922 2400/3054/2400 4944/6932/4945
f 4922/6893/4923 4928/6902/4929 4945/6933/4946
f 4946/6934/4947 565/685/565 4935/6926/4936
f 4784/6703/4785 4752/6668/4753 4940/6927/4941
f 4945/6935/4946 4928/6922/4929 4941/6928/4942
f 4947/6936/4948 4939/6923/4940 4922/6893/4923
f 4942/6929/4943 4931/6924/4932 4939/6937/4940
f 4943/6938/4944 4934/6916/4935 4942/6929/4943
f 2410/3068/2410 4930/6904/4931 2404/3061/2404
f 4399/6202/4400 4930/6904/4931 2410/3068/2410
f 4774/6693/4775 2402/3057/2402 2387/3059/2387
f 2423/3082/2423 4935/6918/4936 4774/6693/4775
f 4948/6939/4949 4946/6940/4947 4935/6918/4936
f 4925/6909/4926 2382/3034/2382 2408/3065/2408
f 4936/6941/4937 4925/6909/4926 2408/3065/2408
f 4918/6885/4919 4915/6880/4916 4937/6920/4938
f 2403/3060/2403 2376/3025/2376 2401/3055/2401
f 2430/3093/2430 4943/6930/4944 4942/6942/4943
f 2406/3063/2406 2405/3062/2405 4943/6930/4944
f 4948/6939/4949 4935/6918/4936 2423/3082/2423
f 4949/6943/4950 4922/6893/4923 4945/6933/4946
f 4950/6944/4951 4947/6936/4948 4922/6893/4923
f 4942/6929/4943 4939/6937/4940 2431/6945/2431
f 2406/3063/2406 4943/6930/4944 2430/3093/2430
f 2424/3084/2424 4399/6202/4400 2410/3068/2410
f 2387/3040/2387 2419/3078/2419 4951/6946/4952
f 4774/6693/4775 2387/3059/2387 4952/6947/4953
f 2408/3065/2408 2383/3035/2383 574/694/574
f 2408/6948/2408 4953/6949/4954 4936/6919/4937
f 4954/6950/4955 4926/6898/4927 4933/6915/4934
f 4955/6951/4956 4937/6920/4938 4926/6898/4927
f 4941/6928/4942 4921/6891/4922 4944/6932/4945
f 4949/6943/4950 4945/6933/4946 4941/6952/4942
f 4950/6944/4951 4922/6893/4923 4949/6943/4950
f 2431/6945/2431 4939/6937/4940 4947/6953/4948
f 2430/3093/2430 4942/6942/4943 2431/3094/2431
f 2429/3092/2429 564/684/564 565/685/565
f 4954/6950/4955 4933/6915/4934 4956/6954/4957
f 4955/6951/4956 4926/6898/4927 4954/6950/4955
f 4957/6955/4958 4918/6885/4919 4937/6920/4938
f 4608/6475/4609 4761/6679/4762 4781/6700/4782
f 2423/3082/2423 4944/6932/4945 2400/3054/2400
f 2474/6956/2474 4947/6953/4948 4950/6957/4951
f 2431/6945/2431 4947/6953/4948 2474/6956/2474
f 2432/3095/2432 4951/6946/4952 2419/3078/2419
f 4952/6958/4953 2387/3040/2387 4951/6946/4952
f 2429/3092/2429 565/685/565 4946/6934/4947
f 2439/6959/2439 4953/6949/4954 2408/6948/2408
f 4956/6954/4957 4936/6919/4937 4953/6949/4954
f 4956/6954/4957 4933/6915/4934 4936/6919/4937
f 2433/3096/2433 2362/3007/2362 2421/3080/2421
f 2429/3092/2429 2409/3066/2409 2392/3045/2392
f 4944/6932/4945 2423/3082/2423 4774/6693/4775
f 2436/6960/2436 4948/6939/4949 2423/3082/2423
f 2436/3102/2436 4946/6934/4947 4948/6961/4949
f 2429/3092/2429 4946/6934/4947 2436/3102/2436
f 4957/6955/4958 4938/6921/4939 4918/6885/4919
f 4773/6692/4774 4628/6495/4629 4623/6490/4624
f 4951/6962/4952 4949/6963/4950 4941/6928/4942
f 2418/3077/2418 2431/3094/2431 2474/3153/2474
f 2416/3083/2416 2436/6960/2436 2423/3082/2423
f 4957/6955/4958 4937/6920/4938 4955/6951/4956
f 576/696/576 563/683/563 566/686/566
f 575/695/575 561/681/561 563/683/563
f 4774/6693/4775 4941/6928/4942 4944/6932/4945
f 4950/6944/4951 4949/6943/4950 4951/6946/4952
f 575/695/575 564/684/564 2429/3092/2429
f 575/695/575 571/691/571 564/684/564
f 4672/6542/4673 4940/6927/4941 4938/6921/4939
f 4794/6713/4795 4644/6511/4645 4785/6704/4786
f 4671/6541/4672 4940/6927/4941 4672/6542/4673
f 4784/6703/4785 4940/6927/4941 4671/6541/4672
f 4805/6724/4806 4608/6475/4609 4781/6700/4782
f 4653/6520/4654 4615/6482/4616 4786/6705/4787
f 2450/6964/2450 4953/6949/4954 2439/6959/2439
f 4643/6510/4644 4662/6530/4663 4644/6511/4645
f 2446/3117/2446 566/686/566 2428/3091/2428
f 4957/6955/4958 4955/6951/4956 4958/6965/4959
f 4654/6521/4655 4653/6520/4654 4786/6705/4787
f 575/695/575 563/683/563 572/692/572
f 4959/6966/4960 4954/6950/4955 4956/6954/4957
f 4672/6542/4673 4938/6921/4939 4957/6955/4958
f 2450/3125/2450 2439/3109/2439 574/694/574
f 4960/6967/4961 4953/6949/4954 2450/6964/2450
f 4960/6967/4961 4956/6954/4957 4953/6949/4954
f 4961/6968/4962 2443/3114/2443 2433/3096/2433
f 4959/6966/4960 4956/6954/4957 4960/6967/4961
f 2446/3117/2446 4834/6969/4835 576/696/576
f 4959/6966/4960 4955/6951/4956 4954/6950/4955
f 4962/6970/4963 4955/6951/4956 4959/6966/4960
f 4962/6970/4963 4958/6965/4959 4955/6951/4956
f 4672/6542/4673 4957/6955/4958 4958/6965/4959
f 4809/6728/4810 4654/6521/4655 4786/6705/4787
f 2453/3130/2453 2433/6971/2433 2442/3124/2442
f 4834/6969/4835 2446/3117/2446 2428/3091/2428
f 4800/6719/4801 4783/6702/4784 4806/6725/4807
f 2453/3130/2453 4961/6972/4962 2433/6973/2433
f 4963/6974/4964 2443/3114/2443 4961/6968/4962
f 4964/6975/4965 576/696/576 4834/6969/4835
f 4964/6975/4965 578/698/578 576/696/576
f 4960/6967/4961 2450/6964/2450 579/6976/579
f 4830/6757/4831 4960/6967/4961 579/6976/579
f 4965/6977/4966 4960/6967/4961 4830/6757/4831
f 4671/6541/4672 4805/6724/4806 4784/6703/4785
f 4805/6724/4806 4781/6700/4782 4784/6703/4785
f 4826/6745/4827 4654/6521/4655 4809/6728/4810
f 4963/6978/4964 4961/6972/4962 2453/3130/2453
f 4963/6979/4964 4966/6980/4967 2443/3114/2443
f 2461/6981/2461 4966/6980/4967 4963/6979/4964
f 2428/3091/2428 2443/3114/2443 4967/6982/4968
f 4965/6977/4966 4959/6966/4960 4960/6967/4961
f 4958/6965/4959 4962/6970/4963 4850/6771/4851
f 4968/6983/4969 4672/6542/4673 4958/6965/4959
f 4967/6982/4968 2443/3114/2443 4966/6980/4967
f 4670/6540/4671 4672/6542/4673 4968/6983/4969
f 4800/6719/4801 4806/6725/4807 4828/6747/4829
f 2461/3138/2461 4963/6978/4964 2453/3130/2453
f 4967/6982/4968 4834/6969/4835 2428/3091/2428
f 4965/6977/4966 4962/6970/4963 4959/6966/4960
f 4968/6983/4969 4958/6965/4959 4850/6771/4851
f 4674/6544/4675 4671/6541/4672 4670/6540/4671
f 4801/6720/4802 4628/6495/4629 4857/6778/4858
f 4829/6748/4830 2454/3131/2454 4654/6521/4655
f 4836/6755/4837 578/698/578 4964/6975/4965
f 4824/6743/4825 4817/6736/4818 4797/6716/4798
f 4832/6751/4833 4829/6748/4830 4654/6521/4655
f 4846/6767/4847 4967/6984/4968 4966/6985/4967
f 4851/6772/4852 4962/6970/4963 4965/6977/4966
f 4969/6986/4970 4670/6540/4671 4968/6983/4969
f 4970/6987/4971 2461/3138/2461 2457/3134/2457
f 4846/6767/4847 4966/6985/4967 2461/3138/2461
f 4835/6754/4836 4967/6984/4968 4846/6767/4847
f 4835/6988/4836 4834/6969/4835 4967/6982/4968
f 4964/6989/4965 4834/6753/4835 4833/6752/4834
f 4836/6755/4837 4964/6975/4965 4833/6990/4834
f 4824/6743/4825 4801/6720/4802 4857/6778/4858
f 4846/6767/4847 2461/3138/2461 4970/6987/4971
f 4965/6977/4966 4830/6757/4831 4971/6991/4972
f 4972/6992/4973 4805/6724/4806 4671/6541/4672
f 4837/6993/4838 4836/6755/4837 4833/6990/4834
f 4823/6742/4824 4857/6778/4858 4628/6495/4629
f 2472/3151/2472 4970/6987/4971 2457/3134/2457
f 4971/6991/4972 4851/6772/4852 4965/6977/4966
f 4972/6992/4973 4671/6541/4672 4674/6544/4675
f 4832/6751/4833 4826/6745/4827 4825/6744/4826
f 4837/6756/4838 4833/6752/4834 4838/6759/4839
f 4971/6991/4972 4830/6757/4831 4837/6756/4838
f 4850/6771/4851 4962/6970/4963 4851/6772/4852
f 4849/6770/4850 4968/6983/4969 4850/6771/4851
f 4849/6770/4850 4969/6986/4970 4968/6983/4969
f 4969/6986/4970 4674/6544/4675 4670/6540/4671
f 4973/6994/4974 2462/3141/2462 2470/3149/2470
f 4805/6724/4806 4972/6992/4973 4843/6764/4844
f 4974/6995/4975 2466/3145/2466 2469/3148/2469
f 4974/6995/4975 2470/3149/2470 2466/3145/2466
f 4974/6995/4975 4973/6994/4974 2470/3149/2470
f 4975/6996/4976 4846/6767/4847 4970/6987/4971
f 4856/6777/4857 4974/6995/4975 2469/3148/2469
f 2472/3151/2472 4975/6996/4976 4970/6987/4971
f 4976/6997/4977 4846/6767/4847 4975/6996/4976
f 4976/6997/4977 4842/6763/4843 4846/6767/4847
f 4973/6994/4974 2473/3152/2473 2462/3141/2462
f 4977/6998/4978 4842/6763/4843 4976/6997/4977
f 4978/6999/4979 4972/6992/4973 4674/6544/4675
f 4979/7000/4980 4980/7001/4981 4974/6995/4975
f 4981/7002/4982 4974/6995/4975 4980/7001/4981
f 4981/7002/4982 4973/6994/4974 4974/6995/4975
f 4981/7002/4982 2473/3152/2473 4973/6994/4974
f 4975/6996/4976 2472/3151/2472 2473/3152/2473
f 4977/6998/4978 4838/6759/4839 4842/6763/4843
f 4674/6544/4675 4969/6986/4970 4982/7003/4983
f 4843/6764/4844 4972/6992/4973 4978/6999/4979
f 4974/6995/4975 4856/6777/4857 4979/7000/4980
f 4862/6783/4863 4977/6998/4978 4976/6997/4977
f 4971/6991/4972 4838/6759/4839 4977/6998/4978
f 4977/6998/4978 4851/6772/4852 4971/6991/4972
f 4982/7003/4983 4969/6986/4970 4849/6770/4850
f 4858/6779/4859 4857/6778/4858 4823/6742/4824
f 4859/6780/4860 4979/7000/4980 4856/6777/4857
f 4983/7004/4984 2473/3152/2473 4981/7002/4982
f 4984/7005/4985 4975/6996/4976 2473/3152/2473
f 4984/7005/4985 4976/6997/4977 4975/6996/4976
f 4862/6783/4863 4976/6997/4977 4984/7005/4985
f 4860/6781/4861 4977/6998/4978 4862/6783/4863
f 4851/6772/4852 4977/6998/4978 4860/6781/4861
f 4983/7004/4984 4984/7005/4985 2473/3152/2473
f 4983/7004/4984 4981/7002/4982 4980/7001/4981
f 4864/6785/4865 4823/6742/4824 4813/6732/4814
f 4678/6548/4679 4979/7000/4980 4859/6780/4860
f 4677/6547/4678 4980/7001/4981 4979/7000/4980
f 4673/6543/4674 4978/6999/4979 4674/6544/4675
f 4853/6774/4854 4858/6779/4859 4863/6784/4864
f 4680/6550/4681 4983/7004/4984 4980/7001/4981
f 4680/6550/4681 4984/7005/4985 4983/7004/4984
f 4852/6773/4853 4843/6764/4844 4978/6999/4979
f 4677/6547/4678 4979/7000/4980 4678/6548/4679
f 4862/6783/4863 4984/7005/4985 4680/6550/4681
f 4982/7003/4983 4849/6770/4850 4985/7006/4986
f 4675/6545/4676 4674/6544/4675 4982/7003/4983
f 4985/7006/4986 4862/6783/4863 4680/6550/4681
f 4849/6770/4850 4862/6783/4863 4985/7006/4986
f 4677/6547/4678 4680/6550/4681 4980/7001/4981
f 4858/6779/4859 4823/6742/4824 4864/6785/4865
f 4868/6789/4869 4852/6773/4853 4978/6999/4979
f 4863/6784/4864 4858/6779/4859 4865/6786/4866
f 4675/6545/4676 4982/7003/4983 4985/7006/4986
f 4679/6549/4680 4985/7006/4986 4680/6550/4681
f 4868/6789/4869 4978/6999/4979 4673/6543/4674
f 4867/6788/4868 4865/6786/4866 4858/6779/4859
f 4868/6789/4869 4840/6761/4841 4852/6773/4853
f 4867/6788/4868 4676/6546/4677 4681/6551/4682
f 4866/6787/4867 4676/6546/4677 4867/6788/4868
f 4675/6545/4676 4985/7006/4986 4679/6549/4680
f 4868/6789/4869 4864/6785/4865 4840/6761/4841
f 4867/6788/4868 4858/6779/4859 4864/6785/4865
f 4675/6545/4676 4679/6549/4680 4676/6546/4677
f 4867/6788/4868 4681/6551/4682 4865/6786/4866
f 4866/6787/4867 4673/6543/4674 4675/6545/4676
f 4866/6787/4867 4675/6545/4676 4676/6546/4677
f 4868/6789/4869 4673/6543/4674 4866/6787/4867
f 4814/6733/4815 4805/6724/4806 4843/6764/4844
f 4867/6788/4868 4864/6785/4865 4868/6789/4869
f 4941/6928/4942 4774/6693/4775 4952/6947/4953
f 4951/6962/4952 4941/6928/4942 4952/6947/4953
f 2432/3095/2432 4950/6944/4951 4951/6946/4952
f 4950/6944/4951 2432/3095/2432 2474/3153/2474
f 4838/6759/4839 4971/6991/4972 4837/6756/4838
f 4708/7007/4987 4490/7008/4987 4491/7009/4987
f 4070/7010/4988 4067/7008/4988 2340/7011/4988
f 2813/7007/2813 2814/7008/2814 3847/7012/3847
f 166/7007/166 167/7013/167 804/7014/804

