solid 
facet normal 0.27163693 0.066263825 0.9601159
 outer loop
  vertex 1.3126816 0.699486 -0.5016006
  vertex 1.2316225 0.71636415 -0.47983217
  vertex 1.2364461 0.5797698 -0.47176963
 endloop
endfacet
facet normal 0.25827986 0.07551672 0.9631141
 outer loop
  vertex 1.3126816 0.699486 -0.5016006
  vertex 1.2364461 0.5797698 -0.47176963
  vertex 1.3241224 0.5733936 -0.49478197
 endloop
endfacet
facet normal 0.22935545 0.066571295 0.9710635
 outer loop
  vertex 1.2316225 0.71636415 -0.47983217
  vertex 1.1374947 0.7295724 -0.45850563
  vertex 1.1381272 0.5862384 -0.44882876
 endloop
endfacet
facet normal 0.2308223 0.065452665 0.97079194
 outer loop
  vertex 1.2316225 0.71636415 -0.47983217
  vertex 1.1381272 0.5862384 -0.44882876
  vertex 1.2364461 0.5797698 -0.47176963
 endloop
endfacet
facet normal 0.26182505 0.17435314 0.94923586
 outer loop
  vertex 1.3241224 0.5733936 -0.49478197
  vertex 1.2364461 0.5797698 -0.47176963
  vertex 1.240067 0.42436472 -0.44422397
 endloop
endfacet
facet normal 0.2892197 0.15721539 0.9442644
 outer loop
  vertex 1.3241224 0.5733936 -0.49478197
  vertex 1.240067 0.42436472 -0.44422397
  vertex 1.3321328 0.42487484 -0.47250783
 endloop
endfacet
facet normal 0.23484176 0.185494 0.9541705
 outer loop
  vertex 1.2364461 0.5797698 -0.47176963
  vertex 1.1381272 0.5862384 -0.44882876
  vertex 1.1383724 0.42538238 -0.41761816
 endloop
endfacet
facet normal 0.25085244 0.17461342 0.9521467
 outer loop
  vertex 1.2364461 0.5797698 -0.47176963
  vertex 1.1383724 0.42538238 -0.41761816
  vertex 1.240067 0.42436472 -0.44422397
 endloop
endfacet
facet normal 0.38316178 0.08038614 0.9201766
 outer loop
  vertex 1.3566328 0.76928777 -0.5259998
  vertex 1.306674 0.7989853 -0.5077913
  vertex 1.3126816 0.699486 -0.5016006
 endloop
endfacet
facet normal 0.37307668 0.087941065 0.9236234
 outer loop
  vertex 1.3566328 0.76928777 -0.5259998
  vertex 1.3126816 0.699486 -0.5016006
  vertex 1.3769413 0.69261426 -0.5269026
 endloop
endfacet
facet normal 0.2955035 0.054335624 0.95379525
 outer loop
  vertex 1.306674 0.7989853 -0.5077913
  vertex 1.2299746 0.8299796 -0.48579407
  vertex 1.2316225 0.71636415 -0.47983217
 endloop
endfacet
facet normal 0.27336922 0.07616572 0.95888895
 outer loop
  vertex 1.306674 0.7989853 -0.5077913
  vertex 1.2316225 0.71636415 -0.47983217
  vertex 1.3126816 0.699486 -0.5016006
 endloop
endfacet
facet normal 0.23248082 0.04985747 0.97132224
 outer loop
  vertex 1.2299746 0.8299796 -0.48579407
  vertex 1.1380244 0.850493 -0.46483922
  vertex 1.1374947 0.7295724 -0.45850563
 endloop
endfacet
facet normal 0.22788718 0.054319207 0.97217125
 outer loop
  vertex 1.2299746 0.8299796 -0.48579407
  vertex 1.1374947 0.7295724 -0.45850563
  vertex 1.2316225 0.71636415 -0.47983217
 endloop
endfacet
facet normal 0.1859393 0.07399375 0.9797712
 outer loop
  vertex 1.1380244 0.850493 -0.46483922
  vertex 1.0381857 0.857676 -0.44643447
  vertex 1.0363127 0.7344298 -0.43677127
 endloop
endfacet
facet normal 0.21205203 0.05019035 0.9759687
 outer loop
  vertex 1.1380244 0.850493 -0.46483922
  vertex 1.0363127 0.7344298 -0.43677127
  vertex 1.1374947 0.7295724 -0.45850563
 endloop
endfacet
facet normal 0.21312092 0.08385928 0.9734203
 outer loop
  vertex 1.1374947 0.7295724 -0.45850563
  vertex 1.0363127 0.7344298 -0.43677127
  vertex 1.0341012 0.5889169 -0.4237513
 endloop
endfacet
facet normal 0.23545484 0.066499926 0.96960753
 outer loop
  vertex 1.1374947 0.7295724 -0.45850563
  vertex 1.0341012 0.5889169 -0.4237513
  vertex 1.1381272 0.5862384 -0.44882876
 endloop
endfacet
facet normal 0.23476443 0.18725291 0.9538459
 outer loop
  vertex 1.1381272 0.5862384 -0.44882876
  vertex 1.0341012 0.5889169 -0.4237513
  vertex 1.0316201 0.42567468 -0.39109397
 endloop
endfacet
facet normal 0.2374317 0.18537791 0.9535519
 outer loop
  vertex 1.1381272 0.5862384 -0.44882876
  vertex 1.0316201 0.42567468 -0.39109397
  vertex 1.1383724 0.42538238 -0.41761816
 endloop
endfacet
facet normal 0.23350777 0.26004738 0.93693626
 outer loop
  vertex 1.1383724 0.42538238 -0.41761816
  vertex 1.0316201 0.42567468 -0.39109397
  vertex 1.0289687 0.25120717 -0.34200957
 endloop
endfacet
facet normal 0.18612282 0.2905289 0.93859005
 outer loop
  vertex 1.1383724 0.42538238 -0.41761816
  vertex 1.0289687 0.25120717 -0.34200957
  vertex 1.1368985 0.2506116 -0.36322775
 endloop
endfacet
facet normal 0.24519822 0.28619555 0.9262667
 outer loop
  vertex 1.240067 0.42436472 -0.44422397
  vertex 1.1383724 0.42538238 -0.41761816
  vertex 1.1368985 0.2506116 -0.36322775
 endloop
endfacet
facet normal 0.24442005 0.2866831 0.9263215
 outer loop
  vertex 1.240067 0.42436472 -0.44422397
  vertex 1.1368985 0.2506116 -0.36322775
  vertex 1.2399098 0.25285742 -0.39110345
 endloop
endfacet
facet normal 0.28015786 0.28377882 0.91705024
 outer loop
  vertex 1.3321328 0.42487484 -0.47250783
  vertex 1.240067 0.42436472 -0.44422397
  vertex 1.2399098 0.25285742 -0.39110345
 endloop
endfacet
facet normal 0.32660684 0.25552323 0.9099648
 outer loop
  vertex 1.3321328 0.42487484 -0.47250783
  vertex 1.2399098 0.25285742 -0.39110345
  vertex 1.3334582 0.2580774 -0.42614588
 endloop
endfacet
facet normal 0.38465428 0.25003275 0.888552
 outer loop
  vertex 1.4106568 0.42966753 -0.5078495
  vertex 1.3321328 0.42487484 -0.47250783
  vertex 1.3334582 0.2580774 -0.42614588
 endloop
endfacet
facet normal 0.46298352 0.20258094 0.8629063
 outer loop
  vertex 1.4106568 0.42966753 -0.5078495
  vertex 1.3334582 0.2580774 -0.42614588
  vertex 1.4135431 0.26628888 -0.4710424
 endloop
endfacet
facet normal 0.36116233 0.15732692 0.91913545
 outer loop
  vertex 1.3976592 0.57406497 -0.5237922
  vertex 1.3241224 0.5733936 -0.49478197
  vertex 1.3321328 0.42487484 -0.47250783
 endloop
endfacet
facet normal 0.3996872 0.13606194 0.9064973
 outer loop
  vertex 1.3976592 0.57406497 -0.5237922
  vertex 1.3321328 0.42487484 -0.47250783
  vertex 1.4106568 0.42966753 -0.5078495
 endloop
endfacet
facet normal 0.3728254 0.083800666 0.9241097
 outer loop
  vertex 1.3769413 0.69261426 -0.5269026
  vertex 1.3126816 0.699486 -0.5016006
  vertex 1.3241224 0.5733936 -0.49478197
 endloop
endfacet
facet normal 0.36485344 0.088081405 0.9268892
 outer loop
  vertex 1.3769413 0.69261426 -0.5269026
  vertex 1.3241224 0.5733936 -0.49478197
  vertex 1.3976592 0.57406497 -0.5237922
 endloop
endfacet
facet normal 0.0929935 0.14129494 0.98559016
 outer loop
  vertex 0.93497705 0.7291845 -0.41785502
  vertex 0.8404442 0.715756 -0.40701044
  vertex 0.8314589 0.5785257 -0.3864892
 endloop
endfacet
facet normal 0.13129206 0.11478944 0.98467547
 outer loop
  vertex 0.93497705 0.7291845 -0.41785502
  vertex 0.8314589 0.5785257 -0.3864892
  vertex 0.9299842 0.5856237 -0.40045357
 endloop
endfacet
facet normal -0.064911254 0.1613657 0.98475766
 outer loop
  vertex 0.8404442 0.715756 -0.40701044
  vertex 0.75887716 0.69919395 -0.4096731
  vertex 0.74358785 0.57207227 -0.38985032
 endloop
endfacet
facet normal -0.048844967 0.1508451 0.9873499
 outer loop
  vertex 0.8404442 0.715756 -0.40701044
  vertex 0.74358785 0.57207227 -0.38985032
  vertex 0.8314589 0.5785257 -0.3864892
 endloop
endfacet
facet normal 0.12674572 0.1649932 0.978117
 outer loop
  vertex 0.9299842 0.5856237 -0.40045357
  vertex 0.8314589 0.5785257 -0.3864892
  vertex 0.8230994 0.42212453 -0.3590235
 endloop
endfacet
facet normal 0.092347085 0.18743254 0.9779269
 outer loop
  vertex 0.9299842 0.5856237 -0.40045357
  vertex 0.8230994 0.42212453 -0.3590235
  vertex 0.92483735 0.42395633 -0.36898187
 endloop
endfacet
facet normal -0.048634153 0.14772342 0.98783225
 outer loop
  vertex 0.8314589 0.5785257 -0.3864892
  vertex 0.74358785 0.57207227 -0.38985032
  vertex 0.73105705 0.4231512 -0.36819714
 endloop
endfacet
facet normal -0.09565148 0.1771281 0.97952867
 outer loop
  vertex 0.8314589 0.5785257 -0.3864892
  vertex 0.73105705 0.4231512 -0.36819714
  vertex 0.8230994 0.42212453 -0.3590235
 endloop
endfacet
facet normal 0.12190414 0.12119454 0.9851149
 outer loop
  vertex 1.0381857 0.857676 -0.44643447
  vertex 0.93812895 0.8505237 -0.4331729
  vertex 0.93497705 0.7291845 -0.41785502
 endloop
endfacet
facet normal 0.17928162 0.07419098 0.9809964
 outer loop
  vertex 1.0381857 0.857676 -0.44643447
  vertex 0.93497705 0.7291845 -0.41785502
  vertex 1.0363127 0.7344298 -0.43677127
 endloop
endfacet
facet normal 0.018815108 0.17737891 0.9839627
 outer loop
  vertex 0.93812895 0.8505237 -0.4331729
  vertex 0.8455567 0.8301007 -0.4277211
  vertex 0.8404442 0.715756 -0.40701044
 endloop
endfacet
facet normal 0.09596359 0.1222141 0.9878536
 outer loop
  vertex 0.93812895 0.8505237 -0.4331729
  vertex 0.8404442 0.715756 -0.40701044
  vertex 0.93497705 0.7291845 -0.41785502
 endloop
endfacet
facet normal -0.14268896 0.22729273 0.96331614
 outer loop
  vertex 0.8455567 0.8301007 -0.4277211
  vertex 0.7679241 0.7996911 -0.43204516
  vertex 0.75887716 0.69919395 -0.4096731
 endloop
endfacet
facet normal -0.06873417 0.18077828 0.98111916
 outer loop
  vertex 0.8455567 0.8301007 -0.4277211
  vertex 0.75887716 0.69919395 -0.4096731
  vertex 0.8404442 0.715756 -0.40701044
 endloop
endfacet
facet normal -0.31130302 0.23341228 0.9211998
 outer loop
  vertex 0.7679241 0.7996911 -0.43204516
  vertex 0.71707153 0.7705762 -0.44185278
  vertex 0.69442207 0.69322425 -0.42990744
 endloop
endfacet
facet normal -0.31085348 0.23310652 0.92142904
 outer loop
  vertex 0.7679241 0.7996911 -0.43204516
  vertex 0.69442207 0.69322425 -0.42990744
  vertex 0.75887716 0.69919395 -0.4096731
 endloop
endfacet
facet normal -0.3096896 0.17753705 0.9341162
 outer loop
  vertex 0.75887716 0.69919395 -0.4096731
  vertex 0.69442207 0.69322425 -0.42990744
  vertex 0.67008364 0.57353586 -0.41522858
 endloop
endfacet
facet normal -0.317568 0.18327035 0.9303562
 outer loop
  vertex 0.75887716 0.69919395 -0.4096731
  vertex 0.67008364 0.57353586 -0.41522858
  vertex 0.74358785 0.57207227 -0.38985032
 endloop
endfacet
facet normal -0.32103404 0.13393253 0.9375496
 outer loop
  vertex 0.74358785 0.57207227 -0.38985032
  vertex 0.67008364 0.57353586 -0.41522858
  vertex 0.6527041 0.4295978 -0.40061754
 endloop
endfacet
facet normal -0.36561143 0.16398105 0.9162087
 outer loop
  vertex 0.74358785 0.57207227 -0.38985032
  vertex 0.6527041 0.4295978 -0.40061754
  vertex 0.73105705 0.4231512 -0.36819714
 endloop
endfacet
facet normal -0.37604734 0.07436939 0.9236111
 outer loop
  vertex 0.73105705 0.4231512 -0.36819714
  vertex 0.6527041 0.4295978 -0.40061754
  vertex 0.6450306 0.27800775 -0.39153573
 endloop
endfacet
facet normal -0.44624615 0.12193316 0.88656455
 outer loop
  vertex 0.73105705 0.4231512 -0.36819714
  vertex 0.6450306 0.27800775 -0.39153573
  vertex 0.72483253 0.26758233 -0.34993413
 endloop
endfacet
facet normal -0.09713693 0.11987585 0.98802537
 outer loop
  vertex 0.8230994 0.42212453 -0.3590235
  vertex 0.73105705 0.4231512 -0.36819714
  vertex 0.72483253 0.26758233 -0.34993413
 endloop
endfacet
facet normal -0.18392882 0.17385256 0.9674428
 outer loop
  vertex 0.8230994 0.42212453 -0.3590235
  vertex 0.72483253 0.26758233 -0.34993413
  vertex 0.81818444 0.25988123 -0.3308023
 endloop
endfacet
facet normal 0.09303941 0.16789088 0.9814052
 outer loop
  vertex 0.92483735 0.42395633 -0.36898187
  vertex 0.8230994 0.42212453 -0.3590235
  vertex 0.81818444 0.25988123 -0.3308023
 endloop
endfacet
facet normal 0.0022939458 0.22522524 0.97430396
 outer loop
  vertex 0.92483735 0.42395633 -0.36898187
  vertex 0.81818444 0.25988123 -0.3308023
  vertex 0.92107815 0.2544018 -0.3297779
 endloop
endfacet
facet normal 0.19460015 0.2168699 0.95660764
 outer loop
  vertex 1.0316201 0.42567468 -0.39109397
  vertex 0.92483735 0.42395633 -0.36898187
  vertex 0.92107815 0.2544018 -0.3297779
 endloop
endfacet
facet normal 0.1163612 0.26734555 0.95654917
 outer loop
  vertex 1.0316201 0.42567468 -0.39109397
  vertex 0.92107815 0.2544018 -0.3297779
  vertex 1.0289687 0.25120717 -0.34200957
 endloop
endfacet
facet normal 0.20934305 0.18042302 0.961053
 outer loop
  vertex 1.0341012 0.5889169 -0.4237513
  vertex 0.9299842 0.5856237 -0.40045357
  vertex 0.92483735 0.42395633 -0.36898187
 endloop
endfacet
facet normal 0.19617525 0.18948793 0.96208614
 outer loop
  vertex 1.0341012 0.5889169 -0.4237513
  vertex 0.92483735 0.42395633 -0.36898187
  vertex 1.0316201 0.42567468 -0.39109397
 endloop
endfacet
facet normal 0.17671311 0.11237949 0.9778258
 outer loop
  vertex 1.0363127 0.7344298 -0.43677127
  vertex 0.93497705 0.7291845 -0.41785502
  vertex 0.9299842 0.5856237 -0.40045357
 endloop
endfacet
facet normal 0.21507213 0.08379174 0.9729969
 outer loop
  vertex 1.0363127 0.7344298 -0.43677127
  vertex 0.9299842 0.5856237 -0.40045357
  vertex 1.0341012 0.5889169 -0.4237513
 endloop
endfacet
facet normal -0.1704994 -0.020730503 0.98513967
 outer loop
  vertex 0.91971004 0.08658725 -0.29308686
  vertex 0.81821877 0.1009808 -0.3103492
  vertex 0.82192236 -0.048966736 -0.3128636
 endloop
endfacet
facet normal -0.26556548 0.051118 0.96273667
 outer loop
  vertex 0.91971004 0.08658725 -0.29308686
  vertex 0.82192236 -0.048966736 -0.3128636
  vertex 0.92001784 -0.07014784 -0.28467986
 endloop
endfacet
facet normal -0.35836354 -0.097379945 0.9284895
 outer loop
  vertex 0.81821877 0.1009808 -0.3103492
  vertex 0.7264015 0.116824284 -0.3441257
  vertex 0.7345047 -0.025594056 -0.35593498
 endloop
endfacet
facet normal -0.44741705 -0.026041001 0.89394623
 outer loop
  vertex 0.81821877 0.1009808 -0.3103492
  vertex 0.7345047 -0.025594056 -0.35593498
  vertex 0.82192236 -0.048966736 -0.3128636
 endloop
endfacet
facet normal -0.31929803 -0.27010465 0.9083459
 outer loop
  vertex 0.92001784 -0.07014784 -0.28467986
  vertex 0.82192236 -0.048966736 -0.3128636
  vertex 0.82677966 -0.18335319 -0.35111716
 endloop
endfacet
facet normal -0.36433002 -0.22959822 0.9025233
 outer loop
  vertex 0.92001784 -0.07014784 -0.28467986
  vertex 0.82677966 -0.18335319 -0.35111716
  vertex 0.9206684 -0.21230549 -0.32058156
 endloop
endfacet
facet normal -0.48384085 -0.28448707 0.8276262
 outer loop
  vertex 0.82192236 -0.048966736 -0.3128636
  vertex 0.7345047 -0.025594056 -0.35593498
  vertex 0.7459767 -0.14963883 -0.39186728
 endloop
endfacet
facet normal -0.51743644 -0.25152633 0.81792057
 outer loop
  vertex 0.82192236 -0.048966736 -0.3128636
  vertex 0.7459767 -0.14963883 -0.39186728
  vertex 0.82677966 -0.18335319 -0.35111716
 endloop
endfacet
facet normal 0.116280735 0.21124095 0.9704927
 outer loop
  vertex 1.0289687 0.25120717 -0.34200957
  vertex 0.92107815 0.2544018 -0.3297779
  vertex 0.91971004 0.08658725 -0.29308686
 endloop
endfacet
facet normal 0.008798691 0.27949083 0.960108
 outer loop
  vertex 1.0289687 0.25120717 -0.34200957
  vertex 0.91971004 0.08658725 -0.29308686
  vertex 1.0263243 0.077213496 -0.29133517
 endloop
endfacet
facet normal -0.0030759347 0.12766197 0.991813
 outer loop
  vertex 0.92107815 0.2544018 -0.3297779
  vertex 0.81818444 0.25988123 -0.3308023
  vertex 0.81821877 0.1009808 -0.3103492
 endloop
endfacet
facet normal -0.13444866 0.21270134 0.96782327
 outer loop
  vertex 0.92107815 0.2544018 -0.3297779
  vertex 0.81821877 0.1009808 -0.3103492
  vertex 0.91971004 0.08658725 -0.29308686
 endloop
endfacet
facet normal -0.1978165 0.03568314 0.9795894
 outer loop
  vertex 0.81818444 0.25988123 -0.3308023
  vertex 0.72483253 0.26758233 -0.34993413
  vertex 0.7264015 0.116824284 -0.3441257
 endloop
endfacet
facet normal -0.32431287 0.12069408 0.9382186
 outer loop
  vertex 0.81818444 0.25988123 -0.3308023
  vertex 0.7264015 0.116824284 -0.3441257
  vertex 0.81821877 0.1009808 -0.3103492
 endloop
endfacet
facet normal -0.46588007 -0.038560927 0.8840072
 outer loop
  vertex 0.72483253 0.26758233 -0.34993413
  vertex 0.6450306 0.27800775 -0.39153573
  vertex 0.6481637 0.13084666 -0.39630383
 endloop
endfacet
facet normal -0.55137336 0.026388174 0.8338411
 outer loop
  vertex 0.72483253 0.26758233 -0.34993413
  vertex 0.6481637 0.13084666 -0.39630383
  vertex 0.7264015 0.116824284 -0.3441257
 endloop
endfacet
facet normal -0.56750447 -0.16387136 0.8068983
 outer loop
  vertex 0.7264015 0.116824284 -0.3441257
  vertex 0.6481637 0.13084666 -0.39630383
  vertex 0.66125274 -0.0075202286 -0.41519874
 endloop
endfacet
facet normal -0.64057946 -0.09958281 0.7614074
 outer loop
  vertex 0.7264015 0.116824284 -0.3441257
  vertex 0.66125274 -0.0075202286 -0.41519874
  vertex 0.7345047 -0.025594056 -0.35593498
 endloop
endfacet
facet normal -0.644343 -0.28636798 0.70909476
 outer loop
  vertex 0.7345047 -0.025594056 -0.35593498
  vertex 0.66125274 -0.0075202286 -0.41519874
  vertex 0.68197745 -0.12562361 -0.4440626
 endloop
endfacet
facet normal -0.6671396 -0.26353103 0.6967612
 outer loop
  vertex 0.7345047 -0.025594056 -0.35593498
  vertex 0.68197745 -0.12562361 -0.4440626
  vertex 0.7459767 -0.14963883 -0.39186728
 endloop
endfacet
facet normal -0.6659241 -0.3822519 0.64064705
 outer loop
  vertex 0.7459767 -0.14963883 -0.39186728
  vertex 0.68197745 -0.12562361 -0.4440626
  vertex 0.7022778 -0.20282793 -0.46902645
 endloop
endfacet
facet normal -0.6558976 -0.39461312 0.6434896
 outer loop
  vertex 0.7459767 -0.14963883 -0.39186728
  vertex 0.7022778 -0.20282793 -0.46902645
  vertex 0.7520541 -0.2445274 -0.44386208
 endloop
endfacet
facet normal -0.5431198 -0.42997634 0.7212082
 outer loop
  vertex 0.82677966 -0.18335319 -0.35111716
  vertex 0.7459767 -0.14963883 -0.39186728
  vertex 0.7520541 -0.2445274 -0.44386208
 endloop
endfacet
facet normal -0.54783237 -0.42409524 0.7211261
 outer loop
  vertex 0.82677966 -0.18335319 -0.35111716
  vertex 0.7520541 -0.2445274 -0.44386208
  vertex 0.8285079 -0.29167986 -0.4135113
 endloop
endfacet
facet normal -0.39994192 -0.46223742 0.79144365
 outer loop
  vertex 0.9206684 -0.21230549 -0.32058156
  vertex 0.82677966 -0.18335319 -0.35111716
  vertex 0.8285079 -0.29167986 -0.4135113
 endloop
endfacet
facet normal -0.40903968 -0.45269042 0.7923117
 outer loop
  vertex 0.9206684 -0.21230549 -0.32058156
  vertex 0.8285079 -0.29167986 -0.4135113
  vertex 0.9202093 -0.32856548 -0.3872442
 endloop
endfacet
facet normal -0.22974358 -0.4834345 0.8446946
 outer loop
  vertex 1.0216641 -0.2294206 -0.30290762
  vertex 0.9206684 -0.21230549 -0.32058156
  vertex 0.9202093 -0.32856548 -0.3872442
 endloop
endfacet
facet normal -0.2453034 -0.47015953 0.84780675
 outer loop
  vertex 1.0216641 -0.2294206 -0.30290762
  vertex 0.9202093 -0.32856548 -0.3872442
  vertex 1.0198473 -0.34896958 -0.36973035
 endloop
endfacet
facet normal -0.14476885 -0.24290375 0.95918703
 outer loop
  vertex 1.0238802 -0.08360273 -0.27241135
  vertex 0.92001784 -0.07014784 -0.28467986
  vertex 0.9206684 -0.21230549 -0.32058156
 endloop
endfacet
facet normal -0.20137183 -0.19758382 0.95938003
 outer loop
  vertex 1.0238802 -0.08360273 -0.27241135
  vertex 0.9206684 -0.21230549 -0.32058156
  vertex 1.0216641 -0.2294206 -0.30290762
 endloop
endfacet
facet normal -0.011698608 0.053534683 0.9984974
 outer loop
  vertex 1.0263243 0.077213496 -0.29133517
  vertex 0.91971004 0.08658725 -0.29308686
  vertex 0.92001784 -0.07014784 -0.28467986
 endloop
endfacet
facet normal -0.10142859 0.11778481 0.98784566
 outer loop
  vertex 1.0263243 0.077213496 -0.29133517
  vertex 0.92001784 -0.07014784 -0.28467986
  vertex 1.0238802 -0.08360273 -0.27241135
 endloop
endfacet
facet normal 0.38180727 0.15666567 0.9108673
 outer loop
  vertex 1.3270366 0.089551985 -0.37208295
  vertex 1.2348362 0.08018696 -0.33182466
  vertex 1.2264619 -0.07718274 -0.30124742
 endloop
endfacet
facet normal 0.38944334 0.15108538 0.9085742
 outer loop
  vertex 1.3270366 0.089551985 -0.37208295
  vertex 1.2264619 -0.07718274 -0.30124742
  vertex 1.3144573 -0.0625433 -0.34139937
 endloop
endfacet
facet normal 0.24901013 0.15115719 0.9566323
 outer loop
  vertex 1.2348362 0.08018696 -0.33182466
  vertex 1.1330522 0.075318575 -0.30456117
  vertex 1.1279172 -0.08556947 -0.27780265
 endloop
endfacet
facet normal 0.2137144 0.17535709 0.96102864
 outer loop
  vertex 1.2348362 0.08018696 -0.33182466
  vertex 1.1279172 -0.08556947 -0.27780265
  vertex 1.2264619 -0.07718274 -0.30124742
 endloop
endfacet
facet normal 0.42959353 -0.13213865 0.8933021
 outer loop
  vertex 1.3144573 -0.0625433 -0.34139937
  vertex 1.2264619 -0.07718274 -0.30124742
  vertex 1.2174495 -0.21619838 -0.31747675
 endloop
endfacet
facet normal 0.3986382 -0.10991834 0.9104975
 outer loop
  vertex 1.3144573 -0.0625433 -0.34139937
  vertex 1.2174495 -0.21619838 -0.31747675
  vertex 1.2991331 -0.19197875 -0.35031593
 endloop
endfacet
facet normal 0.24149254 -0.16372015 0.956492
 outer loop
  vertex 1.2264619 -0.07718274 -0.30124742
  vertex 1.1279172 -0.08556947 -0.27780265
  vertex 1.1229037 -0.23048323 -0.30134135
 endloop
endfacet
facet normal 0.1853318 -0.12579331 0.97459126
 outer loop
  vertex 1.2264619 -0.07718274 -0.30124742
  vertex 1.1229037 -0.23048323 -0.30134135
  vertex 1.2174495 -0.21619838 -0.31747675
 endloop
endfacet
facet normal 0.45245633 0.2567329 0.85403246
 outer loop
  vertex 1.4135431 0.26628888 -0.4710424
  vertex 1.3334582 0.2580774 -0.42614588
  vertex 1.3270366 0.089551985 -0.37208295
 endloop
endfacet
facet normal 0.52780753 0.20339923 0.82465017
 outer loop
  vertex 1.4135431 0.26628888 -0.4710424
  vertex 1.3270366 0.089551985 -0.37208295
  vertex 1.4056518 0.100357965 -0.42506495
 endloop
endfacet
facet normal 0.32003242 0.2992012 0.89892036
 outer loop
  vertex 1.3334582 0.2580774 -0.42614588
  vertex 1.2399098 0.25285742 -0.39110345
  vertex 1.2348362 0.08018696 -0.33182466
 endloop
endfacet
facet normal 0.36167976 0.27226335 0.8916616
 outer loop
  vertex 1.3334582 0.2580774 -0.42614588
  vertex 1.2348362 0.08018696 -0.33182466
  vertex 1.3270366 0.089551985 -0.37208295
 endloop
endfacet
facet normal 0.2427639 0.303086 0.9215229
 outer loop
  vertex 1.2399098 0.25285742 -0.39110345
  vertex 1.1368985 0.2506116 -0.36322775
  vertex 1.1330522 0.075318575 -0.30456117
 endloop
endfacet
facet normal 0.23216219 0.3097229 0.922048
 outer loop
  vertex 1.2399098 0.25285742 -0.39110345
  vertex 1.1330522 0.075318575 -0.30456117
  vertex 1.2348362 0.08018696 -0.33182466
 endloop
endfacet
facet normal 0.18706876 0.27206677 0.94391996
 outer loop
  vertex 1.1368985 0.2506116 -0.36322775
  vertex 1.0289687 0.25120717 -0.34200957
  vertex 1.0263243 0.077213496 -0.29133517
 endloop
endfacet
facet normal 0.1222833 0.3125788 0.941988
 outer loop
  vertex 1.1368985 0.2506116 -0.36322775
  vertex 1.0263243 0.077213496 -0.29133517
  vertex 1.1330522 0.075318575 -0.30456117
 endloop
endfacet
facet normal 0.12417362 0.11410114 0.9856784
 outer loop
  vertex 1.1330522 0.075318575 -0.30456117
  vertex 1.0263243 0.077213496 -0.29133517
  vertex 1.0238802 -0.08360273 -0.27241135
 endloop
endfacet
facet normal 0.054123502 0.16214232 0.9852819
 outer loop
  vertex 1.1330522 0.075318575 -0.30456117
  vertex 1.0238802 -0.08360273 -0.27241135
  vertex 1.1279172 -0.08556947 -0.27780265
 endloop
endfacet
facet normal 0.046782106 -0.20516741 0.9776082
 outer loop
  vertex 1.1279172 -0.08556947 -0.27780265
  vertex 1.0238802 -0.08360273 -0.27241135
  vertex 1.0216641 -0.2294206 -0.30290762
 endloop
endfacet
facet normal -0.016946571 -0.15973692 0.9870142
 outer loop
  vertex 1.1279172 -0.08556947 -0.27780265
  vertex 1.0216641 -0.2294206 -0.30290762
  vertex 1.1229037 -0.23048323 -0.30134135
 endloop
endfacet
facet normal -0.01862198 -0.48760986 0.872863
 outer loop
  vertex 1.1229037 -0.23048323 -0.30134135
  vertex 1.0216641 -0.2294206 -0.30290762
  vertex 1.0198473 -0.34896958 -0.36973035
 endloop
endfacet
facet normal -0.044610407 -0.47001004 0.881533
 outer loop
  vertex 1.1229037 -0.23048323 -0.30134135
  vertex 1.0198473 -0.34896958 -0.36973035
  vertex 1.1197948 -0.34899276 -0.36468482
 endloop
endfacet
facet normal 0.21672496 -0.4646021 0.8585891
 outer loop
  vertex 1.2174495 -0.21619838 -0.31747675
  vertex 1.1229037 -0.23048323 -0.30134135
  vertex 1.1197948 -0.34899276 -0.36468482
 endloop
endfacet
facet normal 0.18447338 -0.4468541 0.87538046
 outer loop
  vertex 1.2174495 -0.21619838 -0.31747675
  vertex 1.1197948 -0.34899276 -0.36468482
  vertex 1.2123716 -0.32827312 -0.37361726
 endloop
endfacet
facet normal 0.44279906 -0.41752917 0.7934724
 outer loop
  vertex 1.2991331 -0.19197875 -0.35031593
  vertex 1.2174495 -0.21619838 -0.31747675
  vertex 1.2123716 -0.32827312 -0.37361726
 endloop
endfacet
facet normal 0.4127715 -0.40245363 0.817099
 outer loop
  vertex 1.2991331 -0.19197875 -0.35031593
  vertex 1.2123716 -0.32827312 -0.37361726
  vertex 1.2901115 -0.29081196 -0.39443782
 endloop
endfacet
facet normal 0.6214689 -0.3659711 0.692706
 outer loop
  vertex 1.3637819 -0.17325723 -0.3984254
  vertex 1.2991331 -0.19197875 -0.35031593
  vertex 1.2901115 -0.29081196 -0.39443782
 endloop
endfacet
facet normal 0.5752839 -0.33521593 0.74610907
 outer loop
  vertex 1.3637819 -0.17325723 -0.3984254
  vertex 1.2901115 -0.29081196 -0.39443782
  vertex 1.3410981 -0.25287616 -0.41670674
 endloop
endfacet
facet normal 0.60821676 -0.1259966 0.7837073
 outer loop
  vertex 1.3881854 -0.049294084 -0.39648792
  vertex 1.3144573 -0.0625433 -0.34139937
  vertex 1.2991331 -0.19197875 -0.35031593
 endloop
endfacet
facet normal 0.61624223 -0.13344488 0.77616876
 outer loop
  vertex 1.3881854 -0.049294084 -0.39648792
  vertex 1.2991331 -0.19197875 -0.35031593
  vertex 1.3637819 -0.17325723 -0.3984254
 endloop
endfacet
facet normal 0.54299676 0.1226802 0.830725
 outer loop
  vertex 1.4056518 0.100357965 -0.42506495
  vertex 1.3270366 0.089551985 -0.37208295
  vertex 1.3144573 -0.0625433 -0.34139937
 endloop
endfacet
facet normal 0.5864829 0.085355684 0.8054516
 outer loop
  vertex 1.4056518 0.100357965 -0.42506495
  vertex 1.3144573 -0.0625433 -0.34139937
  vertex 1.3881854 -0.049294084 -0.39648792
 endloop
endfacet
facet normal 0.5070982 -0.6221872 -0.5964348
 outer loop
  vertex 1.298543 -0.23081386 -1.0751584
  vertex 1.3108399 -0.30055988 -0.99194586
  vertex 1.2221911 -0.35819405 -1.0071938
 endloop
endfacet
facet normal 0.500776 -0.6215734 -0.60238683
 outer loop
  vertex 1.298543 -0.23081386 -1.0751584
  vertex 1.2221911 -0.35819405 -1.0071938
  vertex 1.2165349 -0.27638173 -1.0963141
 endloop
endfacet
facet normal 0.55187386 -0.7194218 -0.42174342
 outer loop
  vertex 1.3108399 -0.30055988 -0.99194586
  vertex 1.320296 -0.35396188 -0.8884773
  vertex 1.2272577 -0.41846412 -0.9001932
 endloop
endfacet
facet normal 0.54270303 -0.72056884 -0.43157157
 outer loop
  vertex 1.3108399 -0.30055988 -0.99194586
  vertex 1.2272577 -0.41846412 -0.9001932
  vertex 1.2221911 -0.35819405 -1.0071938
 endloop
endfacet
facet normal 0.31257892 -0.68978614 -0.6530616
 outer loop
  vertex 1.2165349 -0.27638173 -1.0963141
  vertex 1.2221911 -0.35819405 -1.0071938
  vertex 1.123292 -0.38990098 -1.0210406
 endloop
endfacet
facet normal 0.30420437 -0.6872681 -0.659638
 outer loop
  vertex 1.2165349 -0.27638173 -1.0963141
  vertex 1.123292 -0.38990098 -1.0210406
  vertex 1.1218162 -0.30205035 -1.1132516
 endloop
endfacet
facet normal 0.33683822 -0.81346375 -0.4741484
 outer loop
  vertex 1.2221911 -0.35819405 -1.0071938
  vertex 1.2272577 -0.41846412 -0.9001932
  vertex 1.12501 -0.45383984 -0.912139
 endloop
endfacet
facet normal 0.3279562 -0.81239 -0.48214856
 outer loop
  vertex 1.2221911 -0.35819405 -1.0071938
  vertex 1.12501 -0.45383984 -0.912139
  vertex 1.123292 -0.38990098 -1.0210406
 endloop
endfacet
facet normal 0.6152067 -0.4237404 -0.6648043
 outer loop
  vertex 1.3431778 -0.11601317 -1.1070265
  vertex 1.3639643 -0.16125289 -1.0589553
  vertex 1.298543 -0.23081386 -1.0751584
 endloop
endfacet
facet normal 0.5863173 -0.4202153 -0.6925685
 outer loop
  vertex 1.3431778 -0.11601317 -1.1070265
  vertex 1.298543 -0.23081386 -1.0751584
  vertex 1.292345 -0.14384991 -1.1331707
 endloop
endfacet
facet normal 0.67379373 -0.5128402 -0.5319745
 outer loop
  vertex 1.3639643 -0.16125289 -1.0589553
  vertex 1.385673 -0.21460229 -0.98002875
  vertex 1.3108399 -0.30055988 -0.99194586
 endloop
endfacet
facet normal 0.6760453 -0.5124861 -0.52945334
 outer loop
  vertex 1.3639643 -0.16125289 -1.0589553
  vertex 1.3108399 -0.30055988 -0.99194586
  vertex 1.298543 -0.23081386 -1.0751584
 endloop
endfacet
facet normal 0.725845 -0.5816933 -0.36712676
 outer loop
  vertex 1.385673 -0.21460229 -0.98002875
  vertex 1.4001772 -0.2598564 -0.87964976
  vertex 1.320296 -0.35396188 -0.8884773
 endloop
endfacet
facet normal 0.7263124 -0.5815029 -0.36650318
 outer loop
  vertex 1.385673 -0.21460229 -0.98002875
  vertex 1.320296 -0.35396188 -0.8884773
  vertex 1.3108399 -0.30055988 -0.99194586
 endloop
endfacet
facet normal 0.7573644 -0.61880744 -0.20851053
 outer loop
  vertex 1.4001772 -0.2598564 -0.87964976
  vertex 1.4050653 -0.29154062 -0.76786417
  vertex 1.3236241 -0.3889848 -0.7744895
 endloop
endfacet
facet normal 0.7546776 -0.62065095 -0.21273008
 outer loop
  vertex 1.4001772 -0.2598564 -0.87964976
  vertex 1.3236241 -0.3889848 -0.7744895
  vertex 1.320296 -0.35396188 -0.8884773
 endloop
endfacet
facet normal 0.5751519 -0.77710354 -0.2555588
 outer loop
  vertex 1.320296 -0.35396188 -0.8884773
  vertex 1.3236241 -0.3889848 -0.7744895
  vertex 1.2291372 -0.45597082 -0.78344744
 endloop
endfacet
facet normal 0.5721137 -0.7781391 -0.25920162
 outer loop
  vertex 1.320296 -0.35396188 -0.8884773
  vertex 1.2291372 -0.45597082 -0.78344744
  vertex 1.2272577 -0.41846412 -0.9001932
 endloop
endfacet
facet normal 0.34313837 -0.89264506 -0.29230252
 outer loop
  vertex 1.2272577 -0.41846412 -0.9001932
  vertex 1.2291372 -0.45597082 -0.78344744
  vertex 1.125606 -0.4924298 -0.7936445
 endloop
endfacet
facet normal 0.3430061 -0.89265287 -0.29243413
 outer loop
  vertex 1.2272577 -0.41846412 -0.9001932
  vertex 1.125606 -0.4924298 -0.7936445
  vertex 1.12501 -0.45383984 -0.912139
 endloop
endfacet
facet normal 0.08268784 -0.9474683 -0.30897662
 outer loop
  vertex 1.12501 -0.45383984 -0.912139
  vertex 1.125606 -0.4924298 -0.7936445
  vertex 1.0175723 -0.49865592 -0.80346406
 endloop
endfacet
facet normal 0.087116376 -0.94836915 -0.30497003
 outer loop
  vertex 1.12501 -0.45383984 -0.912139
  vertex 1.0175723 -0.49865592 -0.80346406
  vertex 1.0181501 -0.46063983 -0.9215181
 endloop
endfacet
facet normal 0.09888583 -0.8574438 -0.50498694
 outer loop
  vertex 1.123292 -0.38990098 -1.0210406
  vertex 1.12501 -0.45383984 -0.912139
  vertex 1.0181501 -0.46063983 -0.9215181
 endloop
endfacet
facet normal 0.09722738 -0.8568492 -0.50631636
 outer loop
  vertex 1.123292 -0.38990098 -1.0210406
  vertex 1.0181501 -0.46063983 -0.9215181
  vertex 1.0191251 -0.3964861 -1.0298995
 endloop
endfacet
facet normal 0.10388949 -0.71926916 -0.6869198
 outer loop
  vertex 1.1218162 -0.30205035 -1.1132516
  vertex 1.123292 -0.38990098 -1.0210406
  vertex 1.0191251 -0.3964861 -1.0298995
 endloop
endfacet
facet normal 0.100439325 -0.717552 -0.689225
 outer loop
  vertex 1.1218162 -0.30205035 -1.1132516
  vertex 1.0191251 -0.3964861 -1.0298995
  vertex 1.0204724 -0.3078329 -1.122
 endloop
endfacet
facet normal 0.10285813 -0.5174407 -0.84951484
 outer loop
  vertex 1.1222069 -0.19028258 -1.1812822
  vertex 1.1218162 -0.30205035 -1.1132516
  vertex 1.0204724 -0.3078329 -1.122
 endloop
endfacet
facet normal 0.09858439 -0.51480407 -0.8516208
 outer loop
  vertex 1.1222069 -0.19028258 -1.1812822
  vertex 1.0204724 -0.3078329 -1.122
  vertex 1.0221894 -0.19485402 -1.1900969
 endloop
endfacet
facet normal 0.28256223 -0.5041952 -0.81605506
 outer loop
  vertex 1.2147424 -0.17227682 -1.1612554
  vertex 1.2165349 -0.27638173 -1.0963141
  vertex 1.1218162 -0.30205035 -1.1132516
 endloop
endfacet
facet normal 0.27505118 -0.5005834 -0.82083076
 outer loop
  vertex 1.2147424 -0.17227682 -1.1612554
  vertex 1.1218162 -0.30205035 -1.1132516
  vertex 1.1222069 -0.19028258 -1.1812822
 endloop
endfacet
facet normal 0.45644996 -0.47101703 -0.75484854
 outer loop
  vertex 1.292345 -0.14384991 -1.1331707
  vertex 1.298543 -0.23081386 -1.0751584
  vertex 1.2165349 -0.27638173 -1.0963141
 endloop
endfacet
facet normal 0.44725114 -0.46782783 -0.7623015
 outer loop
  vertex 1.292345 -0.14384991 -1.1331707
  vertex 1.2165349 -0.27638173 -1.0963141
  vertex 1.2147424 -0.17227682 -1.1612554
 endloop
endfacet
facet normal 0.5629287 -0.81525546 0.13590373
 outer loop
  vertex 1.3195623 -0.4022305 -0.6593295
  vertex 1.3094591 -0.3914188 -0.5526239
  vertex 1.2207574 -0.45252937 -0.5517996
 endloop
endfacet
facet normal 0.5668129 -0.81166446 0.14115255
 outer loop
  vertex 1.3195623 -0.4022305 -0.6593295
  vertex 1.2207574 -0.45252937 -0.5517996
  vertex 1.2265028 -0.4681344 -0.66460395
 endloop
endfacet
facet normal 0.5247458 -0.7612341 0.3810044
 outer loop
  vertex 1.3094591 -0.3914188 -0.5526239
  vertex 1.2966516 -0.3552602 -0.46274084
  vertex 1.2145513 -0.4068944 -0.45283002
 endloop
endfacet
facet normal 0.5264865 -0.7590266 0.38300216
 outer loop
  vertex 1.3094591 -0.3914188 -0.5526239
  vertex 1.2145513 -0.4068944 -0.45283002
  vertex 1.2207574 -0.45252937 -0.5517996
 endloop
endfacet
facet normal 0.29934818 -0.94295514 0.14569227
 outer loop
  vertex 1.2265028 -0.4681344 -0.66460395
  vertex 1.2207574 -0.45252937 -0.5517996
  vertex 1.1218543 -0.48449433 -0.5554722
 endloop
endfacet
facet normal 0.31109998 -0.93718064 0.15782695
 outer loop
  vertex 1.2265028 -0.4681344 -0.66460395
  vertex 1.1218543 -0.48449433 -0.5554722
  vertex 1.1242572 -0.503372 -0.67230487
 endloop
endfacet
facet normal 0.25621325 -0.8715887 0.41795677
 outer loop
  vertex 1.2207574 -0.45252937 -0.5517996
  vertex 1.2145513 -0.4068944 -0.45283002
  vertex 1.119815 -0.4337173 -0.4506907
 endloop
endfacet
facet normal 0.26409006 -0.86592686 0.42476723
 outer loop
  vertex 1.2207574 -0.45252937 -0.5517996
  vertex 1.119815 -0.4337173 -0.4506907
  vertex 1.1218543 -0.48449433 -0.5554722
 endloop
endfacet
facet normal 0.77001256 -0.6366028 -0.04263259
 outer loop
  vertex 1.4050653 -0.29154062 -0.76786417
  vertex 1.399479 -0.30581224 -0.65565294
  vertex 1.3195623 -0.4022305 -0.6593295
 endloop
endfacet
facet normal 0.7680238 -0.63873976 -0.046378795
 outer loop
  vertex 1.4050653 -0.29154062 -0.76786417
  vertex 1.3195623 -0.4022305 -0.6593295
  vertex 1.3236241 -0.3889848 -0.7744895
 endloop
endfacet
facet normal 0.76233333 -0.6315697 0.14130662
 outer loop
  vertex 1.399479 -0.30581224 -0.65565294
  vertex 1.3843577 -0.30115652 -0.5532663
  vertex 1.3094591 -0.3914188 -0.5526239
 endloop
endfacet
facet normal 0.76016444 -0.6352645 0.1363415
 outer loop
  vertex 1.399479 -0.30581224 -0.65565294
  vertex 1.3094591 -0.3914188 -0.5526239
  vertex 1.3195623 -0.4022305 -0.6593295
 endloop
endfacet
facet normal 0.72508407 -0.5948629 0.34697452
 outer loop
  vertex 1.3843577 -0.30115652 -0.5532663
  vertex 1.3621678 -0.27945834 -0.46969545
  vertex 1.2966516 -0.3552602 -0.46274084
 endloop
endfacet
facet normal 0.7238549 -0.5981998 0.34378928
 outer loop
  vertex 1.3843577 -0.30115652 -0.5532663
  vertex 1.2966516 -0.3552602 -0.46274084
  vertex 1.3094591 -0.3914188 -0.5526239
 endloop
endfacet
facet normal 0.64259624 -0.55131936 0.5320874
 outer loop
  vertex 1.3621678 -0.27945834 -0.46969545
  vertex 1.3410981 -0.25287616 -0.41670674
  vertex 1.2901115 -0.29081196 -0.39443782
 endloop
endfacet
facet normal 0.65606284 -0.5165595 0.55022526
 outer loop
  vertex 1.3621678 -0.27945834 -0.46969545
  vertex 1.2901115 -0.29081196 -0.39443782
  vertex 1.2966516 -0.3552602 -0.46274084
 endloop
endfacet
facet normal 0.46754795 -0.62015617 0.6299248
 outer loop
  vertex 1.2966516 -0.3552602 -0.46274084
  vertex 1.2901115 -0.29081196 -0.39443782
  vertex 1.2123716 -0.32827312 -0.37361726
 endloop
endfacet
facet normal 0.46670595 -0.62125885 0.6294625
 outer loop
  vertex 1.2966516 -0.3552602 -0.46274084
  vertex 1.2123716 -0.32827312 -0.37361726
  vertex 1.2145513 -0.4068944 -0.45283002
 endloop
endfacet
facet normal 0.22083358 -0.6891839 0.69011456
 outer loop
  vertex 1.2145513 -0.4068944 -0.45283002
  vertex 1.2123716 -0.32827312 -0.37361726
  vertex 1.1197948 -0.34899276 -0.36468482
 endloop
endfacet
facet normal 0.21257079 -0.6960873 0.6857667
 outer loop
  vertex 1.2145513 -0.4068944 -0.45283002
  vertex 1.1197948 -0.34899276 -0.36468482
  vertex 1.119815 -0.4337173 -0.4506907
 endloop
endfacet
facet normal -0.035569657 -0.7119469 0.7013319
 outer loop
  vertex 1.119815 -0.4337173 -0.4506907
  vertex 1.1197948 -0.34899276 -0.36468482
  vertex 1.0198473 -0.34896958 -0.36973035
 endloop
endfacet
facet normal -0.042911164 -0.7161305 0.69664615
 outer loop
  vertex 1.119815 -0.4337173 -0.4506907
  vertex 1.0198473 -0.34896958 -0.36973035
  vertex 1.0185381 -0.43510514 -0.45835567
 endloop
endfacet
facet normal -0.020642022 -0.8998681 0.43567348
 outer loop
  vertex 1.1218543 -0.48449433 -0.5554722
  vertex 1.119815 -0.4337173 -0.4506907
  vertex 1.0185381 -0.43510514 -0.45835567
 endloop
endfacet
facet normal -0.011624544 -0.89623827 0.44342065
 outer loop
  vertex 1.1218543 -0.48449433 -0.5554722
  vertex 1.0185381 -0.43510514 -0.45835567
  vertex 1.0177388 -0.4877019 -0.56468475
 endloop
endfacet
facet normal 0.016266588 -0.9870129 0.15981494
 outer loop
  vertex 1.1242572 -0.503372 -0.67230487
  vertex 1.1218543 -0.48449433 -0.5554722
  vertex 1.0177388 -0.4877019 -0.56468475
 endloop
endfacet
facet normal 0.029639302 -0.9845303 0.17268924
 outer loop
  vertex 1.1242572 -0.503372 -0.67230487
  vertex 1.0177388 -0.4877019 -0.56468475
  vertex 1.0174255 -0.50831485 -0.6821489
 endloop
endfacet
facet normal 0.054223854 -0.99454707 -0.089084014
 outer loop
  vertex 1.125606 -0.4924298 -0.7936445
  vertex 1.1242572 -0.503372 -0.67230487
  vertex 1.0174255 -0.50831485 -0.6821489
 endloop
endfacet
facet normal 0.06452207 -0.9947744 -0.0791244
 outer loop
  vertex 1.125606 -0.4924298 -0.7936445
  vertex 1.0174255 -0.50831485 -0.6821489
  vertex 1.0175723 -0.49865592 -0.80346406
 endloop
endfacet
facet normal 0.3305157 -0.9396097 -0.088842094
 outer loop
  vertex 1.2291372 -0.45597082 -0.78344744
  vertex 1.2265028 -0.4681344 -0.66460395
  vertex 1.1242572 -0.503372 -0.67230487
 endloop
endfacet
facet normal 0.33814442 -0.9376196 -0.080794506
 outer loop
  vertex 1.2291372 -0.45597082 -0.78344744
  vertex 1.1242572 -0.503372 -0.67230487
  vertex 1.125606 -0.4924298 -0.7936445
 endloop
endfacet
facet normal 0.57915026 -0.81194913 -0.07296309
 outer loop
  vertex 1.3236241 -0.3889848 -0.7744895
  vertex 1.3195623 -0.4022305 -0.6593295
  vertex 1.2265028 -0.4681344 -0.66460395
 endloop
endfacet
facet normal 0.5813407 -0.8106365 -0.0700817
 outer loop
  vertex 1.3236241 -0.3889848 -0.7744895
  vertex 1.2265028 -0.4681344 -0.66460395
  vertex 1.2291372 -0.45597082 -0.78344744
 endloop
endfacet
facet normal -0.46534136 -0.8690333 0.16804345
 outer loop
  vertex 0.91103727 -0.4840672 -0.6931394
  vertex 0.9140393 -0.4635219 -0.57857656
  vertex 0.81637263 -0.41413438 -0.59362596
 endloop
endfacet
facet normal -0.46174818 -0.8701292 0.17223172
 outer loop
  vertex 0.91103727 -0.4840672 -0.6931394
  vertex 0.81637263 -0.41413438 -0.59362596
  vertex 0.81011236 -0.4324085 -0.702732
 endloop
endfacet
facet normal -0.46199626 -0.7889762 0.40506303
 outer loop
  vertex 0.9140393 -0.4635219 -0.57857656
  vertex 0.91763 -0.41222954 -0.47457463
  vertex 0.82397187 -0.36810154 -0.4954449
 endloop
endfacet
facet normal -0.46147424 -0.7889856 0.40563932
 outer loop
  vertex 0.9140393 -0.4635219 -0.57857656
  vertex 0.82397187 -0.36810154 -0.4954449
  vertex 0.81637263 -0.41413438 -0.59362596
 endloop
endfacet
facet normal -0.6454052 -0.74645185 0.1620549
 outer loop
  vertex 0.81011236 -0.4324085 -0.702732
  vertex 0.81637263 -0.41413438 -0.59362596
  vertex 0.7296991 -0.34178644 -0.60556823
 endloop
endfacet
facet normal -0.64380556 -0.74735856 0.16422427
 outer loop
  vertex 0.81011236 -0.4324085 -0.702732
  vertex 0.7296991 -0.34178644 -0.60556823
  vertex 0.71922565 -0.35534078 -0.70831066
 endloop
endfacet
facet normal -0.6238086 -0.68799096 0.37085202
 outer loop
  vertex 0.81637263 -0.41413438 -0.59362596
  vertex 0.82397187 -0.36810154 -0.4954449
  vertex 0.7435988 -0.3060943 -0.5156065
 endloop
endfacet
facet normal -0.624955 -0.6877243 0.36941358
 outer loop
  vertex 0.81637263 -0.41413438 -0.59362596
  vertex 0.7435988 -0.3060943 -0.5156065
  vertex 0.7296991 -0.34178644 -0.60556823
 endloop
endfacet
facet normal -0.21389867 -0.97375375 -0.07778755
 outer loop
  vertex 1.0175723 -0.49865592 -0.80346406
  vertex 1.0174255 -0.50831485 -0.6821489
  vertex 0.91103727 -0.4840672 -0.6931394
 endloop
endfacet
facet normal -0.20484664 -0.9763802 -0.0686991
 outer loop
  vertex 1.0175723 -0.49865592 -0.80346406
  vertex 0.91103727 -0.4840672 -0.6931394
  vertex 0.9099847 -0.4755317 -0.811311
 endloop
endfacet
facet normal -0.24516207 -0.9547795 0.1682014
 outer loop
  vertex 1.0174255 -0.50831485 -0.6821489
  vertex 1.0177388 -0.4877019 -0.56468475
  vertex 0.9140393 -0.4635219 -0.57857656
 endloop
endfacet
facet normal -0.2360857 -0.9553795 0.177521
 outer loop
  vertex 1.0174255 -0.50831485 -0.6821489
  vertex 0.9140393 -0.4635219 -0.57857656
  vertex 0.91103727 -0.4840672 -0.6931394
 endloop
endfacet
facet normal -0.26474512 -0.8635586 0.4291581
 outer loop
  vertex 1.0177388 -0.4877019 -0.56468475
  vertex 1.0185381 -0.43510514 -0.45835567
  vertex 0.91763 -0.41222954 -0.47457463
 endloop
endfacet
facet normal -0.2593242 -0.86259526 0.43437362
 outer loop
  vertex 1.0177388 -0.4877019 -0.56468475
  vertex 0.91763 -0.41222954 -0.47457463
  vertex 0.9140393 -0.4635219 -0.57857656
 endloop
endfacet
facet normal -0.26004547 -0.6905141 0.6749568
 outer loop
  vertex 1.0185381 -0.43510514 -0.45835567
  vertex 1.0198473 -0.34896958 -0.36973035
  vertex 0.9202093 -0.32856548 -0.3872442
 endloop
endfacet
facet normal -0.26483914 -0.6923985 0.6711517
 outer loop
  vertex 1.0185381 -0.43510514 -0.45835567
  vertex 0.9202093 -0.32856548 -0.3872442
  vertex 0.91763 -0.41222954 -0.47457463
 endloop
endfacet
facet normal -0.43845105 -0.6424891 0.6284651
 outer loop
  vertex 0.91763 -0.41222954 -0.47457463
  vertex 0.9202093 -0.32856548 -0.3872442
  vertex 0.8285079 -0.29167986 -0.4135113
 endloop
endfacet
facet normal -0.44238362 -0.6434808 0.6246833
 outer loop
  vertex 0.91763 -0.41222954 -0.47457463
  vertex 0.8285079 -0.29167986 -0.4135113
  vertex 0.82397187 -0.36810154 -0.4954449
 endloop
endfacet
facet normal -0.5830691 -0.5777536 0.5711666
 outer loop
  vertex 0.82397187 -0.36810154 -0.4954449
  vertex 0.8285079 -0.29167986 -0.4135113
  vertex 0.7520541 -0.2445274 -0.44386208
 endloop
endfacet
facet normal -0.58800644 -0.5782802 0.5655445
 outer loop
  vertex 0.82397187 -0.36810154 -0.4954449
  vertex 0.7520541 -0.2445274 -0.44386208
  vertex 0.7435988 -0.3060943 -0.5156065
 endloop
endfacet
facet normal -0.6878999 -0.50875276 0.5176527
 outer loop
  vertex 0.7435988 -0.3060943 -0.5156065
  vertex 0.7520541 -0.2445274 -0.44386208
  vertex 0.7022778 -0.20282793 -0.46902645
 endloop
endfacet
facet normal -0.70891106 -0.5055141 0.49183384
 outer loop
  vertex 0.7435988 -0.3060943 -0.5156065
  vertex 0.7022778 -0.20282793 -0.46902645
  vertex 0.6804435 -0.22654963 -0.52487904
 endloop
endfacet
facet normal -0.75562155 -0.5604058 0.3390891
 outer loop
  vertex 0.7296991 -0.34178644 -0.60556823
  vertex 0.7435988 -0.3060943 -0.5156065
  vertex 0.6804435 -0.22654963 -0.52487904
 endloop
endfacet
facet normal -0.75282615 -0.56186223 0.34287554
 outer loop
  vertex 0.7296991 -0.34178644 -0.60556823
  vertex 0.6804435 -0.22654963 -0.52487904
  vertex 0.6576098 -0.24722356 -0.6088912
 endloop
endfacet
facet normal -0.78785396 -0.5950334 0.15881279
 outer loop
  vertex 0.71922565 -0.35534078 -0.70831066
  vertex 0.7296991 -0.34178644 -0.60556823
  vertex 0.6576098 -0.24722356 -0.6088912
 endloop
endfacet
facet normal -0.78364944 -0.59875953 0.1654707
 outer loop
  vertex 0.71922565 -0.35534078 -0.70831066
  vertex 0.6576098 -0.24722356 -0.6088912
  vertex 0.6423085 -0.25441712 -0.7073866
 endloop
endfacet
facet normal -0.79530835 -0.60597825 -0.01658052
 outer loop
  vertex 0.71548504 -0.34747565 -0.8163387
  vertex 0.71922565 -0.35534078 -0.70831066
  vertex 0.6423085 -0.25441712 -0.7073866
 endloop
endfacet
facet normal -0.79155564 -0.61101925 -0.009754499
 outer loop
  vertex 0.71548504 -0.34747565 -0.8163387
  vertex 0.6423085 -0.25441712 -0.7073866
  vertex 0.6370674 -0.24595988 -0.8118429
 endloop
endfacet
facet normal -0.6448065 -0.76330835 -0.039812397
 outer loop
  vertex 0.80778265 -0.42453736 -0.81591046
  vertex 0.81011236 -0.4324085 -0.702732
  vertex 0.71922565 -0.35534078 -0.70831066
 endloop
endfacet
facet normal -0.64045 -0.7672608 -0.033685084
 outer loop
  vertex 0.80778265 -0.42453736 -0.81591046
  vertex 0.71922565 -0.35534078 -0.70831066
  vertex 0.71548504 -0.34747565 -0.8163387
 endloop
endfacet
facet normal -0.4502541 -0.8908596 -0.06033611
 outer loop
  vertex 0.9099847 -0.4755317 -0.811311
  vertex 0.91103727 -0.4840672 -0.6931394
  vertex 0.81011236 -0.4324085 -0.702732
 endloop
endfacet
facet normal -0.44392365 -0.8944916 -0.05307077
 outer loop
  vertex 0.9099847 -0.4755317 -0.811311
  vertex 0.81011236 -0.4324085 -0.702732
  vertex 0.80778265 -0.42453736 -0.81591046
 endloop
endfacet
facet normal -0.32226306 -0.67823637 -0.66041046
 outer loop
  vertex 0.9194276 -0.29395425 -1.1204739
  vertex 0.91532683 -0.37880695 -1.0313298
  vertex 0.81753594 -0.33759302 -1.0259367
 endloop
endfacet
facet normal -0.3145773 -0.6862472 -0.6558246
 outer loop
  vertex 0.9194276 -0.29395425 -1.1204739
  vertex 0.81753594 -0.33759302 -1.0259367
  vertex 0.8255924 -0.26148063 -1.1094443
 endloop
endfacet
facet normal -0.3754794 -0.79612225 -0.47455734
 outer loop
  vertex 0.91532683 -0.37880695 -1.0313298
  vertex 0.9117101 -0.4398054 -0.9261365
  vertex 0.8107215 -0.39232743 -0.9258818
 endloop
endfacet
facet normal -0.36535698 -0.80595666 -0.46577677
 outer loop
  vertex 0.91532683 -0.37880695 -1.0313298
  vertex 0.8107215 -0.39232743 -0.9258818
  vertex 0.81753594 -0.33759302 -1.0259367
 endloop
endfacet
facet normal -0.5182912 -0.60657465 -0.60286105
 outer loop
  vertex 0.8255924 -0.26148063 -1.1094443
  vertex 0.81753594 -0.33759302 -1.0259367
  vertex 0.73073596 -0.2735743 -1.0157262
 endloop
endfacet
facet normal -0.5126724 -0.6157402 -0.59835684
 outer loop
  vertex 0.8255924 -0.26148063 -1.1094443
  vertex 0.73073596 -0.2735743 -1.0157262
  vertex 0.7450365 -0.21150553 -1.0918509
 endloop
endfacet
facet normal -0.5797013 -0.697587 -0.42109215
 outer loop
  vertex 0.81753594 -0.33759302 -1.0259367
  vertex 0.8107215 -0.39232743 -0.9258818
  vertex 0.719771 -0.3194564 -0.9213929
 endloop
endfacet
facet normal -0.5718136 -0.7096442 -0.41162416
 outer loop
  vertex 0.81753594 -0.33759302 -1.0259367
  vertex 0.719771 -0.3194564 -0.9213929
  vertex 0.73073596 -0.2735743 -1.0157262
 endloop
endfacet
facet normal -0.08342732 -0.51349026 -0.85403025
 outer loop
  vertex 1.0221894 -0.19485402 -1.1900969
  vertex 1.0204724 -0.3078329 -1.122
  vertex 0.9194276 -0.29395425 -1.1204739
 endloop
endfacet
facet normal -0.08355795 -0.51338863 -0.85407853
 outer loop
  vertex 1.0221894 -0.19485402 -1.1900969
  vertex 0.9194276 -0.29395425 -1.1204739
  vertex 0.9223885 -0.1851837 -1.1861458
 endloop
endfacet
facet normal -0.112287484 -0.7150839 -0.6899612
 outer loop
  vertex 1.0204724 -0.3078329 -1.122
  vertex 1.0191251 -0.3964861 -1.0298995
  vertex 0.91532683 -0.37880695 -1.0313298
 endloop
endfacet
facet normal -0.10894145 -0.7175079 -0.6879783
 outer loop
  vertex 1.0204724 -0.3078329 -1.122
  vertex 0.91532683 -0.37880695 -1.0313298
  vertex 0.9194276 -0.29395425 -1.1204739
 endloop
endfacet
facet normal -0.1446474 -0.85092205 -0.5049839
 outer loop
  vertex 1.0191251 -0.3964861 -1.0298995
  vertex 1.0181501 -0.46063983 -0.9215181
  vertex 0.9117101 -0.4398054 -0.9261365
 endloop
endfacet
facet normal -0.13867062 -0.85464555 -0.50035125
 outer loop
  vertex 1.0191251 -0.3964861 -1.0298995
  vertex 0.9117101 -0.4398054 -0.9261365
  vertex 0.91532683 -0.37880695 -1.0313298
 endloop
endfacet
facet normal -0.17916963 -0.93620455 -0.3023561
 outer loop
  vertex 1.0181501 -0.46063983 -0.9215181
  vertex 1.0175723 -0.49865592 -0.80346406
  vertex 0.9099847 -0.4755317 -0.811311
 endloop
endfacet
facet normal -0.17119664 -0.9400209 -0.29504648
 outer loop
  vertex 1.0181501 -0.46063983 -0.9215181
  vertex 0.9099847 -0.4755317 -0.811311
  vertex 0.9117101 -0.4398054 -0.9261365
 endloop
endfacet
facet normal -0.41923985 -0.8650789 -0.2754565
 outer loop
  vertex 0.9117101 -0.4398054 -0.9261365
  vertex 0.9099847 -0.4755317 -0.811311
  vertex 0.80778265 -0.42453736 -0.81591046
 endloop
endfacet
facet normal -0.41063613 -0.8720195 -0.266383
 outer loop
  vertex 0.9117101 -0.4398054 -0.9261365
  vertex 0.80778265 -0.42453736 -0.81591046
  vertex 0.8107215 -0.39232743 -0.9258818
 endloop
endfacet
facet normal -0.62226665 -0.7466029 -0.23530483
 outer loop
  vertex 0.8107215 -0.39232743 -0.9258818
  vertex 0.80778265 -0.42453736 -0.81591046
  vertex 0.71548504 -0.34747565 -0.8163387
 endloop
endfacet
facet normal -0.615819 -0.75465864 -0.22640088
 outer loop
  vertex 0.8107215 -0.39232743 -0.9258818
  vertex 0.71548504 -0.34747565 -0.8163387
  vertex 0.719771 -0.3194564 -0.9213929
 endloop
endfacet
facet normal -0.7809543 -0.594825 -0.19050847
 outer loop
  vertex 0.719771 -0.3194564 -0.9213929
  vertex 0.71548504 -0.34747565 -0.8163387
  vertex 0.6370674 -0.24595988 -0.8118429
 endloop
endfacet
facet normal -0.7778945 -0.6007933 -0.18419439
 outer loop
  vertex 0.719771 -0.3194564 -0.9213929
  vertex 0.6370674 -0.24595988 -0.8118429
  vertex 0.64279824 -0.22219175 -0.913571
 endloop
endfacet
facet normal -0.7455655 -0.5611052 -0.3595736
 outer loop
  vertex 0.73073596 -0.2735743 -1.0157262
  vertex 0.719771 -0.3194564 -0.9213929
  vertex 0.64279824 -0.22219175 -0.913571
 endloop
endfacet
facet normal -0.7436364 -0.5663916 -0.355254
 outer loop
  vertex 0.73073596 -0.2735743 -1.0157262
  vertex 0.64279824 -0.22219175 -0.913571
  vertex 0.65854126 -0.18593067 -1.0043372
 endloop
endfacet
facet normal -0.68578184 -0.4956434 -0.5329548
 outer loop
  vertex 0.7450365 -0.21150553 -1.0918509
  vertex 0.73073596 -0.2735743 -1.0157262
  vertex 0.65854126 -0.18593067 -1.0043372
 endloop
endfacet
facet normal -0.68564314 -0.4961376 -0.5326733
 outer loop
  vertex 0.7450365 -0.21150553 -1.0918509
  vertex 0.65854126 -0.18593067 -1.0043372
  vertex 0.6817403 -0.14122778 -1.0758351
 endloop
endfacet
facet normal -0.60684973 -0.38855007 -0.69337016
 outer loop
  vertex 0.7537739 -0.13136578 -1.1444067
  vertex 0.7450365 -0.21150553 -1.0918509
  vertex 0.6817403 -0.14122778 -1.0758351
 endloop
endfacet
facet normal -0.5930594 -0.42464408 -0.6840746
 outer loop
  vertex 0.7537739 -0.13136578 -1.1444067
  vertex 0.6817403 -0.14122778 -1.0758351
  vertex 0.7038134 -0.101790905 -1.1194521
 endloop
endfacet
facet normal -0.44860893 -0.4516169 -0.77122766
 outer loop
  vertex 0.8304658 -0.16285768 -1.1700308
  vertex 0.8255924 -0.26148063 -1.1094443
  vertex 0.7450365 -0.21150553 -1.0918509
 endloop
endfacet
facet normal -0.44492754 -0.4566988 -0.77036715
 outer loop
  vertex 0.8304658 -0.16285768 -1.1700308
  vertex 0.7450365 -0.21150553 -1.0918509
  vertex 0.7537739 -0.13136578 -1.1444067
 endloop
endfacet
facet normal -0.26781076 -0.4926307 -0.828005
 outer loop
  vertex 0.9223885 -0.1851837 -1.1861458
  vertex 0.9194276 -0.29395425 -1.1204739
  vertex 0.8255924 -0.26148063 -1.1094443
 endloop
endfacet
facet normal -0.26529494 -0.4951348 -0.82732105
 outer loop
  vertex 0.9223885 -0.1851837 -1.1861458
  vertex 0.8255924 -0.26148063 -1.1094443
  vertex 0.8304658 -0.16285768 -1.1700308
 endloop
endfacet
facet normal -0.8605233 -0.20874627 -0.46467692
 outer loop
  vertex 0.6366863 -0.043021828 -1.0692743
  vertex 0.6034039 -0.07430896 -0.9935844
  vertex 0.5649855 0.058365107 -0.98203933
 endloop
endfacet
facet normal -0.85625666 -0.19343548 -0.4789647
 outer loop
  vertex 0.6366863 -0.043021828 -1.0692743
  vertex 0.5649855 0.058365107 -0.98203933
  vertex 0.60577077 0.08143212 -1.064268
 endloop
endfacet
facet normal -0.92377585 -0.25330546 -0.28718382
 outer loop
  vertex 0.6034039 -0.07430896 -0.9935844
  vertex 0.582749 -0.102122396 -0.902612
  vertex 0.54015577 0.035990477 -0.8874236
 endloop
endfacet
facet normal -0.92314684 -0.24126974 -0.29931402
 outer loop
  vertex 0.6034039 -0.07430896 -0.9935844
  vertex 0.54015577 0.035990477 -0.8874236
  vertex 0.5649855 0.058365107 -0.98203933
 endloop
endfacet
facet normal -0.88255626 -0.08686422 -0.46211356
 outer loop
  vertex 0.60577077 0.08143212 -1.064268
  vertex 0.5649855 0.058365107 -0.98203933
  vertex 0.54274786 0.2065441 -0.9674227
 endloop
endfacet
facet normal -0.87769216 -0.07584384 -0.47318515
 outer loop
  vertex 0.60577077 0.08143212 -1.064268
  vertex 0.54274786 0.2065441 -0.9674227
  vertex 0.58771443 0.22459379 -1.0537225
 endloop
endfacet
facet normal -0.95238346 -0.12296218 -0.27900925
 outer loop
  vertex 0.5649855 0.058365107 -0.98203933
  vertex 0.54015577 0.035990477 -0.8874236
  vertex 0.51532745 0.18818384 -0.86974657
 endloop
endfacet
facet normal -0.9506856 -0.11422836 -0.28835535
 outer loop
  vertex 0.5649855 0.058365107 -0.98203933
  vertex 0.51532745 0.18818384 -0.86974657
  vertex 0.54274786 0.2065441 -0.9674227
 endloop
endfacet
facet normal -0.7226773 -0.28961614 -0.6275826
 outer loop
  vertex 0.7038134 -0.101790905 -1.1194521
  vertex 0.6817403 -0.14122778 -1.0758351
  vertex 0.6366863 -0.043021828 -1.0692743
 endloop
endfacet
facet normal -0.7123588 -0.2556039 -0.6536143
 outer loop
  vertex 0.7038134 -0.101790905 -1.1194521
  vertex 0.6366863 -0.043021828 -1.0692743
  vertex 0.68354726 -0.022329122 -1.1284391
 endloop
endfacet
facet normal -0.8039257 -0.35085174 -0.4802151
 outer loop
  vertex 0.6817403 -0.14122778 -1.0758351
  vertex 0.65854126 -0.18593067 -1.0043372
  vertex 0.6034039 -0.07430896 -0.9935844
 endloop
endfacet
facet normal -0.8032994 -0.33566254 -0.4919764
 outer loop
  vertex 0.6817403 -0.14122778 -1.0758351
  vertex 0.6034039 -0.07430896 -0.9935844
  vertex 0.6366863 -0.043021828 -1.0692743
 endloop
endfacet
facet normal -0.86129904 -0.40244442 -0.3101652
 outer loop
  vertex 0.65854126 -0.18593067 -1.0043372
  vertex 0.64279824 -0.22219175 -0.913571
  vertex 0.582749 -0.102122396 -0.902612
 endloop
endfacet
facet normal -0.86220455 -0.39539644 -0.3166465
 outer loop
  vertex 0.65854126 -0.18593067 -1.0043372
  vertex 0.582749 -0.102122396 -0.902612
  vertex 0.6034039 -0.07430896 -0.9935844
 endloop
endfacet
facet normal -0.8904712 -0.42943114 -0.15049872
 outer loop
  vertex 0.64279824 -0.22219175 -0.913571
  vertex 0.6370674 -0.24595988 -0.8118429
  vertex 0.5755544 -0.1219787 -0.8016489
 endloop
endfacet
facet normal -0.8898456 -0.43149745 -0.14827266
 outer loop
  vertex 0.64279824 -0.22219175 -0.913571
  vertex 0.5755544 -0.1219787 -0.8016489
  vertex 0.582749 -0.102122396 -0.902612
 endloop
endfacet
facet normal -0.9515068 -0.2818638 -0.123238355
 outer loop
  vertex 0.582749 -0.102122396 -0.902612
  vertex 0.5755544 -0.1219787 -0.8016489
  vertex 0.5316817 0.018809766 -0.7849175
 endloop
endfacet
facet normal -0.9518313 -0.27973026 -0.12557139
 outer loop
  vertex 0.582749 -0.102122396 -0.902612
  vertex 0.5316817 0.018809766 -0.7849175
  vertex 0.54015577 0.035990477 -0.8874236
 endloop
endfacet
facet normal -0.98283637 -0.15063505 -0.106497295
 outer loop
  vertex 0.54015577 0.035990477 -0.8874236
  vertex 0.5316817 0.018809766 -0.7849175
  vertex 0.50598055 0.1722759 -0.7647981
 endloop
endfacet
facet normal -0.9829232 -0.14758472 -0.10991163
 outer loop
  vertex 0.54015577 0.035990477 -0.8874236
  vertex 0.50598055 0.1722759 -0.7647981
  vertex 0.51532745 0.18818384 -0.86974657
 endloop
endfacet
facet normal -0.99514693 -0.031127097 -0.09334781
 outer loop
  vertex 0.51532745 0.18818384 -0.86974657
  vertex 0.50598055 0.1722759 -0.7647981
  vertex 0.4989913 0.33291963 -0.7438555
 endloop
endfacet
facet normal -0.9950588 -0.029981548 -0.09465339
 outer loop
  vertex 0.51532745 0.18818384 -0.86974657
  vertex 0.4989913 0.33291963 -0.7438555
  vertex 0.5086401 0.34726533 -0.849834
 endloop
endfacet
facet normal -0.9624437 -0.006486307 -0.27140382
 outer loop
  vertex 0.54274786 0.2065441 -0.9674227
  vertex 0.51532745 0.18818384 -0.86974657
  vertex 0.5086401 0.34726533 -0.849834
 endloop
endfacet
facet normal -0.9615579 -0.0036190473 -0.2745782
 outer loop
  vertex 0.54274786 0.2065441 -0.9674227
  vertex 0.5086401 0.34726533 -0.849834
  vertex 0.5368968 0.36195922 -0.94898117
 endloop
endfacet
facet normal -0.88843006 0.020962134 -0.45853308
 outer loop
  vertex 0.58771443 0.22459379 -1.0537225
  vertex 0.54274786 0.2065441 -0.9674227
  vertex 0.5368968 0.36195922 -0.94898117
 endloop
endfacet
facet normal -0.8863825 0.024591895 -0.46229994
 outer loop
  vertex 0.58771443 0.22459379 -1.0537225
  vertex 0.5368968 0.36195922 -0.94898117
  vertex 0.5831259 0.37620872 -1.0368596
 endloop
endfacet
facet normal -0.7598158 0.049107492 -0.64828104
 outer loop
  vertex 0.64981043 0.23920426 -1.1253952
  vertex 0.58771443 0.22459379 -1.0537225
  vertex 0.5831259 0.37620872 -1.0368596
 endloop
endfacet
facet normal -0.7574038 0.051958606 -0.6508762
 outer loop
  vertex 0.64981043 0.23920426 -1.1253952
  vertex 0.5831259 0.37620872 -1.0368596
  vertex 0.64672244 0.38931867 -1.1098183
 endloop
endfacet
facet normal -0.75753176 -0.047585927 -0.65106153
 outer loop
  vertex 0.66285396 0.097836494 -1.1318852
  vertex 0.60577077 0.08143212 -1.064268
  vertex 0.58771443 0.22459379 -1.0537225
 endloop
endfacet
facet normal -0.7512628 -0.03906982 -0.6588458
 outer loop
  vertex 0.66285396 0.097836494 -1.1318852
  vertex 0.58771443 0.22459379 -1.0537225
  vertex 0.64981043 0.23920426 -1.1253952
 endloop
endfacet
facet normal -0.74601567 -0.1593075 -0.6465925
 outer loop
  vertex 0.68354726 -0.022329122 -1.1284391
  vertex 0.6366863 -0.043021828 -1.0692743
  vertex 0.60577077 0.08143212 -1.064268
 endloop
endfacet
facet normal -0.73818576 -0.1460079 -0.6586073
 outer loop
  vertex 0.68354726 -0.022329122 -1.1284391
  vertex 0.60577077 0.08143212 -1.064268
  vertex 0.66285396 0.097836494 -1.1318852
 endloop
endfacet
facet normal -0.9359786 -0.29364458 0.1942084
 outer loop
  vertex 0.5823053 -0.13131753 -0.6982079
  vertex 0.60254514 -0.13080972 -0.5998952
  vertex 0.5641546 0.0036956072 -0.58154345
 endloop
endfacet
facet normal -0.92758024 -0.30775833 0.21184853
 outer loop
  vertex 0.5823053 -0.13131753 -0.6982079
  vertex 0.5641546 0.0036956072 -0.58154345
  vertex 0.5397409 0.008693576 -0.68117833
 endloop
endfacet
facet normal -0.8887471 -0.2839742 0.35984325
 outer loop
  vertex 0.60254514 -0.13080972 -0.5998952
  vertex 0.6354492 -0.12442759 -0.5135917
  vertex 0.6045406 0.00048837066 -0.4913515
 endloop
endfacet
facet normal -0.87417495 -0.3014515 0.3807165
 outer loop
  vertex 0.60254514 -0.13080972 -0.5998952
  vertex 0.6045406 0.00048837066 -0.4913515
  vertex 0.5641546 0.0036956072 -0.58154345
 endloop
endfacet
facet normal -0.9571367 -0.18188423 0.22540501
 outer loop
  vertex 0.5397409 0.008693576 -0.68117833
  vertex 0.5641546 0.0036956072 -0.58154345
  vertex 0.54189205 0.15023345 -0.55783236
 endloop
endfacet
facet normal -0.95261604 -0.191483 0.23634078
 outer loop
  vertex 0.5397409 0.008693576 -0.68117833
  vertex 0.54189205 0.15023345 -0.55783236
  vertex 0.51489884 0.15998457 -0.65873325
 endloop
endfacet
facet normal -0.900173 -0.17980742 0.39668354
 outer loop
  vertex 0.5641546 0.0036956072 -0.58154345
  vertex 0.6045406 0.00048837066 -0.4913515
  vertex 0.58644795 0.14126858 -0.46859574
 endloop
endfacet
facet normal -0.88412696 -0.2024584 0.42110586
 outer loop
  vertex 0.5641546 0.0036956072 -0.58154345
  vertex 0.58644795 0.14126858 -0.46859574
  vertex 0.54189205 0.15023345 -0.55783236
 endloop
endfacet
facet normal -0.8985769 -0.43871194 0.009566053
 outer loop
  vertex 0.6370674 -0.24595988 -0.8118429
  vertex 0.6423085 -0.25441712 -0.7073866
  vertex 0.5823053 -0.13131753 -0.6982079
 endloop
endfacet
facet normal -0.8950589 -0.44557706 0.018187407
 outer loop
  vertex 0.6370674 -0.24595988 -0.8118429
  vertex 0.5823053 -0.13131753 -0.6982079
  vertex 0.5755544 -0.1219787 -0.8016489
 endloop
endfacet
facet normal -0.88582796 -0.43207657 0.16917062
 outer loop
  vertex 0.6423085 -0.25441712 -0.7073866
  vertex 0.6576098 -0.24722356 -0.6088912
  vertex 0.60254514 -0.13080972 -0.5998952
 endloop
endfacet
facet normal -0.87825847 -0.4417465 0.18309045
 outer loop
  vertex 0.6423085 -0.25441712 -0.7073866
  vertex 0.60254514 -0.13080972 -0.5998952
  vertex 0.5823053 -0.13131753 -0.6982079
 endloop
endfacet
facet normal -0.8491626 -0.41081893 0.3318897
 outer loop
  vertex 0.6576098 -0.24722356 -0.6088912
  vertex 0.6804435 -0.22654963 -0.52487904
  vertex 0.6354492 -0.12442759 -0.5135917
 endloop
endfacet
facet normal -0.8360554 -0.4225074 0.34999853
 outer loop
  vertex 0.6576098 -0.24722356 -0.6088912
  vertex 0.6354492 -0.12442759 -0.5135917
  vertex 0.60254514 -0.13080972 -0.5998952
 endloop
endfacet
facet normal -0.8050028 -0.3633222 0.46900693
 outer loop
  vertex 0.6804435 -0.22654963 -0.52487904
  vertex 0.7022778 -0.20282793 -0.46902645
  vertex 0.68197745 -0.12562361 -0.4440626
 endloop
endfacet
facet normal -0.76700175 -0.39391813 0.5064948
 outer loop
  vertex 0.6804435 -0.22654963 -0.52487904
  vertex 0.68197745 -0.12562361 -0.4440626
  vertex 0.6354492 -0.12442759 -0.5135917
 endloop
endfacet
facet normal -0.8021703 -0.27081826 0.5321468
 outer loop
  vertex 0.6354492 -0.12442759 -0.5135917
  vertex 0.68197745 -0.12562361 -0.4440626
  vertex 0.66125274 -0.0075202286 -0.41519874
 endloop
endfacet
facet normal -0.7816155 -0.2915743 0.55141795
 outer loop
  vertex 0.6354492 -0.12442759 -0.5135917
  vertex 0.66125274 -0.0075202286 -0.41519874
  vertex 0.6045406 0.00048837066 -0.4913515
 endloop
endfacet
facet normal -0.8000891 -0.1548281 0.57955647
 outer loop
  vertex 0.6045406 0.00048837066 -0.4913515
  vertex 0.66125274 -0.0075202286 -0.41519874
  vertex 0.6481637 0.13084666 -0.39630383
 endloop
endfacet
facet normal -0.7594219 -0.19778411 0.6198063
 outer loop
  vertex 0.6045406 0.00048837066 -0.4913515
  vertex 0.6481637 0.13084666 -0.39630383
  vertex 0.58644795 0.14126858 -0.46859574
 endloop
endfacet
facet normal -0.76266205 -0.037159055 0.6457289
 outer loop
  vertex 0.58644795 0.14126858 -0.46859574
  vertex 0.6481637 0.13084666 -0.39630383
  vertex 0.6450306 0.27800775 -0.39153573
 endloop
endfacet
facet normal -0.72089183 -0.0791648 0.6885114
 outer loop
  vertex 0.58644795 0.14126858 -0.46859574
  vertex 0.6450306 0.27800775 -0.39153573
  vertex 0.5818255 0.29065293 -0.45625943
 endloop
endfacet
facet normal -0.8953963 -0.06409452 0.4406329
 outer loop
  vertex 0.54189205 0.15023345 -0.55783236
  vertex 0.58644795 0.14126858 -0.46859574
  vertex 0.5818255 0.29065293 -0.45625943
 endloop
endfacet
facet normal -0.8816761 -0.08499781 0.46413657
 outer loop
  vertex 0.54189205 0.15023345 -0.55783236
  vertex 0.5818255 0.29065293 -0.45625943
  vertex 0.536022 0.30439708 -0.540751
 endloop
endfacet
facet normal -0.9655485 -0.06469254 0.25205362
 outer loop
  vertex 0.51489884 0.15998457 -0.65873325
  vertex 0.54189205 0.15023345 -0.55783236
  vertex 0.536022 0.30439708 -0.540751
 endloop
endfacet
facet normal -0.9620018 -0.07400884 0.2628219
 outer loop
  vertex 0.51489884 0.15998457 -0.65873325
  vertex 0.536022 0.30439708 -0.540751
  vertex 0.50820553 0.31867233 -0.63854724
 endloop
endfacet
facet normal -0.9956258 -0.051878918 0.077703536
 outer loop
  vertex 0.50598055 0.1722759 -0.7647981
  vertex 0.51489884 0.15998457 -0.65873325
  vertex 0.50820553 0.31867233 -0.63854724
 endloop
endfacet
facet normal -0.9953607 -0.053712387 0.07982489
 outer loop
  vertex 0.50598055 0.1722759 -0.7647981
  vertex 0.50820553 0.31867233 -0.63854724
  vertex 0.4989913 0.33291963 -0.7438555
 endloop
endfacet
facet normal -0.9835637 -0.17037301 0.059796274
 outer loop
  vertex 0.5316817 0.018809766 -0.7849175
  vertex 0.5397409 0.008693576 -0.68117833
  vertex 0.51489884 0.15998457 -0.65873325
 endloop
endfacet
facet normal -0.98295933 -0.1728272 0.0626224
 outer loop
  vertex 0.5316817 0.018809766 -0.7849175
  vertex 0.51489884 0.15998457 -0.65873325
  vertex 0.50598055 0.1722759 -0.7647981
 endloop
endfacet
facet normal -0.9549366 -0.29465243 0.035720974
 outer loop
  vertex 0.5755544 -0.1219787 -0.8016489
  vertex 0.5823053 -0.13131753 -0.6982079
  vertex 0.5397409 0.008693576 -0.68117833
 endloop
endfacet
facet normal -0.9522566 -0.30203462 0.04452505
 outer loop
  vertex 0.5755544 -0.1219787 -0.8016489
  vertex 0.5397409 0.008693576 -0.68117833
  vertex 0.5316817 0.018809766 -0.7849175
 endloop
endfacet
facet normal -0.93774825 0.16473824 0.30576068
 outer loop
  vertex 0.5197317 0.47798193 -0.6255364
  vertex 0.5465988 0.45992595 -0.5334085
  vertex 0.57336485 0.6097175 -0.53202367
 endloop
endfacet
facet normal -0.9371297 0.1621826 0.30900615
 outer loop
  vertex 0.5197317 0.47798193 -0.6255364
  vertex 0.57336485 0.6097175 -0.53202367
  vertex 0.54920286 0.63127255 -0.6166135
 endloop
endfacet
facet normal -0.83898777 0.15399663 0.52190465
 outer loop
  vertex 0.5465988 0.45992595 -0.5334085
  vertex 0.5910292 0.4427082 -0.456904
  vertex 0.61346877 0.5879463 -0.46368623
 endloop
endfacet
facet normal -0.8327945 0.14386886 0.53456074
 outer loop
  vertex 0.5465988 0.45992595 -0.5334085
  vertex 0.61346877 0.5879463 -0.46368623
  vertex 0.57336485 0.6097175 -0.53202367
 endloop
endfacet
facet normal -0.89970815 0.2858867 0.32983926
 outer loop
  vertex 0.54920286 0.63127255 -0.6166135
  vertex 0.57336485 0.6097175 -0.53202367
  vertex 0.6158055 0.7416978 -0.5306509
 endloop
endfacet
facet normal -0.8999679 0.28810793 0.32718724
 outer loop
  vertex 0.54920286 0.63127255 -0.6166135
  vertex 0.6158055 0.7416978 -0.5306509
  vertex 0.5959719 0.76793164 -0.60830617
 endloop
endfacet
facet normal -0.7971919 0.25264356 0.5483212
 outer loop
  vertex 0.57336485 0.6097175 -0.53202367
  vertex 0.61346877 0.5879463 -0.46368623
  vertex 0.64816284 0.71212465 -0.4704615
 endloop
endfacet
facet normal -0.7961205 0.25027633 0.5509572
 outer loop
  vertex 0.57336485 0.6097175 -0.53202367
  vertex 0.64816284 0.71212465 -0.4704615
  vertex 0.6158055 0.7416978 -0.5306509
 endloop
endfacet
facet normal -0.99335766 0.06406382 0.09558374
 outer loop
  vertex 0.4989913 0.33291963 -0.7438555
  vertex 0.50820553 0.31867233 -0.63854724
  vertex 0.5197317 0.47798193 -0.6255364
 endloop
endfacet
facet normal -0.9932714 0.062482078 0.09750787
 outer loop
  vertex 0.4989913 0.33291963 -0.7438555
  vertex 0.5197317 0.47798193 -0.6255364
  vertex 0.5108695 0.4939578 -0.726049
 endloop
endfacet
facet normal -0.95852846 0.05195587 0.280221
 outer loop
  vertex 0.50820553 0.31867233 -0.63854724
  vertex 0.536022 0.30439708 -0.540751
  vertex 0.5465988 0.45992595 -0.5334085
 endloop
endfacet
facet normal -0.95656466 0.045693915 0.2879168
 outer loop
  vertex 0.50820553 0.31867233 -0.63854724
  vertex 0.5465988 0.45992595 -0.5334085
  vertex 0.5197317 0.47798193 -0.6255364
 endloop
endfacet
facet normal -0.8740291 0.054950397 0.48275626
 outer loop
  vertex 0.536022 0.30439708 -0.540751
  vertex 0.5818255 0.29065293 -0.45625943
  vertex 0.5910292 0.4427082 -0.456904
 endloop
endfacet
facet normal -0.8608319 0.03457214 0.5077136
 outer loop
  vertex 0.536022 0.30439708 -0.540751
  vertex 0.5910292 0.4427082 -0.456904
  vertex 0.5465988 0.45992595 -0.5334085
 endloop
endfacet
facet normal -0.7056238 0.077913 0.70429015
 outer loop
  vertex 0.5818255 0.29065293 -0.45625943
  vertex 0.6450306 0.27800775 -0.39153573
  vertex 0.6527041 0.4295978 -0.40061754
 endloop
endfacet
facet normal -0.6683893 0.043604456 0.7425324
 outer loop
  vertex 0.5818255 0.29065293 -0.45625943
  vertex 0.6527041 0.4295978 -0.40061754
  vertex 0.5910292 0.4427082 -0.456904
 endloop
endfacet
facet normal -0.64801115 0.1539593 0.7459075
 outer loop
  vertex 0.5910292 0.4427082 -0.456904
  vertex 0.6527041 0.4295978 -0.40061754
  vertex 0.67008364 0.57353586 -0.41522858
 endloop
endfacet
facet normal -0.6248474 0.1324702 0.7694267
 outer loop
  vertex 0.5910292 0.4427082 -0.456904
  vertex 0.67008364 0.57353586 -0.41522858
  vertex 0.61346877 0.5879463 -0.46368623
 endloop
endfacet
facet normal -0.60237986 0.21671025 0.76822853
 outer loop
  vertex 0.61346877 0.5879463 -0.46368623
  vertex 0.67008364 0.57353586 -0.41522858
  vertex 0.69442207 0.69322425 -0.42990744
 endloop
endfacet
facet normal -0.59512985 0.20861623 0.7760798
 outer loop
  vertex 0.61346877 0.5879463 -0.46368623
  vertex 0.69442207 0.69322425 -0.42990744
  vertex 0.64816284 0.71212465 -0.4704615
 endloop
endfacet
facet normal -0.5635012 0.28475636 0.775487
 outer loop
  vertex 0.64816284 0.71212465 -0.4704615
  vertex 0.69442207 0.69322425 -0.42990744
  vertex 0.71707153 0.7705762 -0.44185278
 endloop
endfacet
facet normal -0.57250637 0.30181265 0.7623291
 outer loop
  vertex 0.64816284 0.71212465 -0.4704615
  vertex 0.71707153 0.7705762 -0.44185278
  vertex 0.69616413 0.80784446 -0.472309
 endloop
endfacet
facet normal -0.726722 0.37553632 0.57519364
 outer loop
  vertex 0.6158055 0.7416978 -0.5306509
  vertex 0.64816284 0.71212465 -0.4704615
  vertex 0.69616413 0.80784446 -0.472309
 endloop
endfacet
facet normal -0.7256341 0.36967462 0.5803411
 outer loop
  vertex 0.6158055 0.7416978 -0.5306509
  vertex 0.69616413 0.80784446 -0.472309
  vertex 0.6742747 0.8493011 -0.52608633
 endloop
endfacet
facet normal -0.8267754 0.43407258 0.35780382
 outer loop
  vertex 0.5959719 0.76793164 -0.60830617
  vertex 0.6158055 0.7416978 -0.5306509
  vertex 0.6742747 0.8493011 -0.52608633
 endloop
endfacet
facet normal -0.82685196 0.43293685 0.35900083
 outer loop
  vertex 0.5959719 0.76793164 -0.60830617
  vertex 0.6742747 0.8493011 -0.52608633
  vertex 0.65956897 0.88130575 -0.5985526
 endloop
endfacet
facet normal -0.8672038 0.4730893 0.15538378
 outer loop
  vertex 0.5893419 0.7852118 -0.69792056
  vertex 0.5959719 0.76793164 -0.60830617
  vertex 0.65956897 0.88130575 -0.5985526
 endloop
endfacet
facet normal -0.86646694 0.4752999 0.15272528
 outer loop
  vertex 0.5893419 0.7852118 -0.69792056
  vertex 0.65956897 0.88130575 -0.5985526
  vertex 0.6544775 0.8995939 -0.6843534
 endloop
endfacet
facet normal -0.94007283 0.31358287 0.13389826
 outer loop
  vertex 0.541243 0.647932 -0.7115135
  vertex 0.54920286 0.63127255 -0.6166135
  vertex 0.5959719 0.76793164 -0.60830617
 endloop
endfacet
facet normal -0.9396392 0.31629977 0.13050942
 outer loop
  vertex 0.541243 0.647932 -0.7115135
  vertex 0.5959719 0.76793164 -0.60830617
  vertex 0.5893419 0.7852118 -0.69792056
 endloop
endfacet
facet normal -0.9767303 0.18109466 0.11490219
 outer loop
  vertex 0.5108695 0.4939578 -0.726049
  vertex 0.5197317 0.47798193 -0.6255364
  vertex 0.54920286 0.63127255 -0.6166135
 endloop
endfacet
facet normal -0.97669953 0.18191898 0.11385713
 outer loop
  vertex 0.5108695 0.4939578 -0.726049
  vertex 0.54920286 0.63127255 -0.6166135
  vertex 0.541243 0.647932 -0.7115135
 endloop
endfacet
facet normal -0.8750478 0.22901191 -0.4264327
 outer loop
  vertex 0.59228694 0.52546155 -1.0141513
  vertex 0.547451 0.5160054 -0.92722553
  vertex 0.574144 0.6609857 -0.90413964
 endloop
endfacet
facet normal -0.877227 0.22626673 -0.4234102
 outer loop
  vertex 0.59228694 0.52546155 -1.0141513
  vertex 0.574144 0.6609857 -0.90413964
  vertex 0.6146079 0.66289544 -0.98695266
 endloop
endfacet
facet normal -0.9462825 0.215139 -0.24138042
 outer loop
  vertex 0.547451 0.5160054 -0.92722553
  vertex 0.52015835 0.5060683 -0.829087
  vertex 0.5495958 0.6571268 -0.8098541
 endloop
endfacet
facet normal -0.947741 0.2124005 -0.23806117
 outer loop
  vertex 0.547451 0.5160054 -0.92722553
  vertex 0.5495958 0.6571268 -0.8098541
  vertex 0.574144 0.6609857 -0.90413964
 endloop
endfacet
facet normal -0.84223825 0.35776913 -0.40328163
 outer loop
  vertex 0.6146079 0.66289544 -0.98695266
  vertex 0.574144 0.6609857 -0.90413964
  vertex 0.6164949 0.7870581 -0.8807434
 endloop
endfacet
facet normal -0.8467547 0.35317776 -0.39783388
 outer loop
  vertex 0.6146079 0.66289544 -0.98695266
  vertex 0.6164949 0.7870581 -0.8807434
  vertex 0.6491631 0.7779291 -0.95837915
 endloop
endfacet
facet normal -0.910388 0.34867215 -0.22275859
 outer loop
  vertex 0.574144 0.6609857 -0.90413964
  vertex 0.5495958 0.6571268 -0.8098541
  vertex 0.5963234 0.791051 -0.79119986
 endloop
endfacet
facet normal -0.91144466 0.34715304 -0.22080165
 outer loop
  vertex 0.574144 0.6609857 -0.90413964
  vertex 0.5963234 0.791051 -0.79119986
  vertex 0.6164949 0.7870581 -0.8807434
 endloop
endfacet
facet normal -0.75864786 0.14326273 -0.63555425
 outer loop
  vertex 0.64672244 0.38931867 -1.1098183
  vertex 0.5831259 0.37620872 -1.0368596
  vertex 0.59228694 0.52546155 -1.0141513
 endloop
endfacet
facet normal -0.7558874 0.1462034 -0.6381683
 outer loop
  vertex 0.64672244 0.38931867 -1.1098183
  vertex 0.59228694 0.52546155 -1.0141513
  vertex 0.65432215 0.536064 -1.0852008
 endloop
endfacet
facet normal -0.8863376 0.12374164 -0.4461992
 outer loop
  vertex 0.5831259 0.37620872 -1.0368596
  vertex 0.5368968 0.36195922 -0.94898117
  vertex 0.547451 0.5160054 -0.92722553
 endloop
endfacet
facet normal -0.8874412 0.122093104 -0.44445625
 outer loop
  vertex 0.5831259 0.37620872 -1.0368596
  vertex 0.547451 0.5160054 -0.92722553
  vertex 0.59228694 0.52546155 -1.0141513
 endloop
endfacet
facet normal -0.96048355 0.10342545 -0.25840774
 outer loop
  vertex 0.5368968 0.36195922 -0.94898117
  vertex 0.5086401 0.34726533 -0.849834
  vertex 0.52015835 0.5060683 -0.829087
 endloop
endfacet
facet normal -0.96102077 0.10212722 -0.25692227
 outer loop
  vertex 0.5368968 0.36195922 -0.94898117
  vertex 0.52015835 0.5060683 -0.829087
  vertex 0.547451 0.5160054 -0.92722553
 endloop
endfacet
facet normal -0.9934647 0.08205126 -0.07934303
 outer loop
  vertex 0.5086401 0.34726533 -0.849834
  vertex 0.4989913 0.33291963 -0.7438555
  vertex 0.5108695 0.4939578 -0.726049
 endloop
endfacet
facet normal -0.9933875 0.08248528 -0.07985876
 outer loop
  vertex 0.5086401 0.34726533 -0.849834
  vertex 0.5108695 0.4939578 -0.726049
  vertex 0.52015835 0.5060683 -0.829087
 endloop
endfacet
facet normal -0.9778554 0.19900909 -0.06476299
 outer loop
  vertex 0.52015835 0.5060683 -0.829087
  vertex 0.5108695 0.4939578 -0.726049
  vertex 0.541243 0.647932 -0.7115135
 endloop
endfacet
facet normal -0.9779208 0.19878078 -0.0644758
 outer loop
  vertex 0.52015835 0.5060683 -0.829087
  vertex 0.541243 0.647932 -0.7115135
  vertex 0.5495958 0.6571268 -0.8098541
 endloop
endfacet
facet normal -0.94111824 0.33455813 -0.048654784
 outer loop
  vertex 0.5495958 0.6571268 -0.8098541
  vertex 0.541243 0.647932 -0.7115135
  vertex 0.5893419 0.7852118 -0.69792056
 endloop
endfacet
facet normal -0.9408621 0.33516318 -0.04943805
 outer loop
  vertex 0.5495958 0.6571268 -0.8098541
  vertex 0.5893419 0.7852118 -0.69792056
  vertex 0.5963234 0.791051 -0.79119986
 endloop
endfacet
facet normal -0.8667608 0.49758255 -0.033724688
 outer loop
  vertex 0.5963234 0.791051 -0.79119986
  vertex 0.5893419 0.7852118 -0.69792056
  vertex 0.6544775 0.8995939 -0.6843534
 endloop
endfacet
facet normal -0.8655921 0.49943635 -0.036244
 outer loop
  vertex 0.5963234 0.791051 -0.79119986
  vertex 0.6544775 0.8995939 -0.6843534
  vertex 0.6598898 0.90241367 -0.7747568
 endloop
endfacet
facet normal -0.8352355 0.5078825 -0.21080111
 outer loop
  vertex 0.6164949 0.7870581 -0.8807434
  vertex 0.5963234 0.791051 -0.79119986
  vertex 0.6598898 0.90241367 -0.7747568
 endloop
endfacet
facet normal -0.8339785 0.50915474 -0.21270044
 outer loop
  vertex 0.6164949 0.7870581 -0.8807434
  vertex 0.6598898 0.90241367 -0.7747568
  vertex 0.67490095 0.8905104 -0.8621077
 endloop
endfacet
facet normal -0.77249753 0.50538945 -0.38448545
 outer loop
  vertex 0.6491631 0.7779291 -0.95837915
  vertex 0.6164949 0.7870581 -0.8807434
  vertex 0.67490095 0.8905104 -0.8621077
 endloop
endfacet
facet normal -0.77371705 0.5045322 -0.38315696
 outer loop
  vertex 0.6491631 0.7779291 -0.95837915
  vertex 0.67490095 0.8905104 -0.8621077
  vertex 0.69706833 0.86733997 -0.937381
 endloop
endfacet
facet normal -0.67417294 0.49082455 -0.55188966
 outer loop
  vertex 0.6956742 0.77560556 -1.0172622
  vertex 0.6491631 0.7779291 -0.95837915
  vertex 0.69706833 0.86733997 -0.937381
 endloop
endfacet
facet normal -0.70641774 0.4708871 -0.52843094
 outer loop
  vertex 0.6956742 0.77560556 -1.0172622
  vertex 0.69706833 0.86733997 -0.937381
  vertex 0.71817636 0.8432712 -0.9870465
 endloop
endfacet
facet normal -0.72261477 0.36316422 -0.5881663
 outer loop
  vertex 0.67153066 0.6687467 -1.0532745
  vertex 0.6146079 0.66289544 -0.98695266
  vertex 0.6491631 0.7779291 -0.95837915
 endloop
endfacet
facet normal -0.7246804 0.36144888 -0.5866797
 outer loop
  vertex 0.67153066 0.6687467 -1.0532745
  vertex 0.6491631 0.7779291 -0.95837915
  vertex 0.6956742 0.77560556 -1.0172622
 endloop
endfacet
facet normal -0.7482975 0.24363942 -0.61700135
 outer loop
  vertex 0.65432215 0.536064 -1.0852008
  vertex 0.59228694 0.52546155 -1.0141513
  vertex 0.6146079 0.66289544 -0.98695266
 endloop
endfacet
facet normal -0.7461811 0.24566391 -0.6187593
 outer loop
  vertex 0.65432215 0.536064 -1.0852008
  vertex 0.6146079 0.66289544 -0.98695266
  vertex 0.67153066 0.6687467 -1.0532745
 endloop
endfacet
facet normal -0.33490565 0.4110835 -0.84784937
 outer loop
  vertex 0.76028955 0.7921226 -1.0545734
  vertex 0.8419442 0.81444305 -1.0760053
  vertex 0.83328366 0.69858277 -1.1287597
 endloop
endfacet
facet normal -0.34929797 0.39960068 -0.84753186
 outer loop
  vertex 0.76028955 0.7921226 -1.0545734
  vertex 0.83328366 0.69858277 -1.1287597
  vertex 0.7452648 0.68240464 -1.1001118
 endloop
endfacet
facet normal -0.15754984 0.42644185 -0.8906882
 outer loop
  vertex 0.8419442 0.81444305 -1.0760053
  vertex 0.93651235 0.8302055 -1.0851864
  vertex 0.93188167 0.71047306 -1.1416925
 endloop
endfacet
facet normal -0.16757345 0.41888103 -0.89244485
 outer loop
  vertex 0.8419442 0.81444305 -1.0760053
  vertex 0.93188167 0.71047306 -1.1416925
  vertex 0.83328366 0.69858277 -1.1287597
 endloop
endfacet
facet normal -0.34398875 0.29018733 -0.8930079
 outer loop
  vertex 0.7452648 0.68240464 -1.1001118
  vertex 0.83328366 0.69858277 -1.1287597
  vertex 0.82521194 0.5611234 -1.1703186
 endloop
endfacet
facet normal -0.35802183 0.27968264 -0.8908412
 outer loop
  vertex 0.7452648 0.68240464 -1.1001118
  vertex 0.82521194 0.5611234 -1.1703186
  vertex 0.7329647 0.54866743 -1.1371558
 endloop
endfacet
facet normal -0.15984483 0.30396137 -0.93917894
 outer loop
  vertex 0.83328366 0.69858277 -1.1287597
  vertex 0.93188167 0.71047306 -1.1416925
  vertex 0.92706335 0.5704142 -1.1862019
 endloop
endfacet
facet normal -0.17341281 0.2943298 -0.93983936
 outer loop
  vertex 0.83328366 0.69858277 -1.1287597
  vertex 0.92706335 0.5704142 -1.1862019
  vertex 0.82521194 0.5611234 -1.1703186
 endloop
endfacet
facet normal -0.49848288 0.5125737 -0.6991303
 outer loop
  vertex 0.71817636 0.8432712 -0.9870465
  vertex 0.76907104 0.8751647 -0.9999516
  vertex 0.76028955 0.7921226 -1.0545734
 endloop
endfacet
facet normal -0.52682537 0.48644337 -0.69701356
 outer loop
  vertex 0.71817636 0.8432712 -0.9870465
  vertex 0.76028955 0.7921226 -1.0545734
  vertex 0.6956742 0.77560556 -1.0172622
 endloop
endfacet
facet normal -0.34227562 0.54652005 -0.7643057
 outer loop
  vertex 0.76907104 0.8751647 -0.9999516
  vertex 0.8467359 0.9076946 -1.0114713
  vertex 0.8419442 0.81444305 -1.0760053
 endloop
endfacet
facet normal -0.34871396 0.54050446 -0.76567185
 outer loop
  vertex 0.76907104 0.8751647 -0.9999516
  vertex 0.8419442 0.81444305 -1.0760053
  vertex 0.76028955 0.7921226 -1.0545734
 endloop
endfacet
facet normal -0.1701651 0.56852585 -0.804874
 outer loop
  vertex 0.8467359 0.9076946 -1.0114713
  vertex 0.93931496 0.92854685 -1.0163151
  vertex 0.93651235 0.8302055 -1.0851864
 endloop
endfacet
facet normal -0.17265064 0.56650054 -0.8057722
 outer loop
  vertex 0.8467359 0.9076946 -1.0114713
  vertex 0.93651235 0.8302055 -1.0851864
  vertex 0.8419442 0.81444305 -1.0760053
 endloop
endfacet
facet normal -0.01467716 0.57361376 -0.81899446
 outer loop
  vertex 0.93931496 0.92854685 -1.0163151
  vertex 1.0393543 0.9345699 -1.0138894
  vertex 1.0378405 0.83496076 -1.0836273
 endloop
endfacet
facet normal -0.014332376 0.5738581 -0.8188293
 outer loop
  vertex 0.93931496 0.92854685 -1.0163151
  vertex 1.0378405 0.83496076 -1.0836273
  vertex 0.93651235 0.8302055 -1.0851864
 endloop
endfacet
facet normal -0.0062827347 0.42988175 -0.9028633
 outer loop
  vertex 0.93651235 0.8302055 -1.0851864
  vertex 1.0378405 0.83496076 -1.0836273
  vertex 1.0360057 0.71423435 -1.1410962
 endloop
endfacet
facet normal -0.010250337 0.42709702 -0.9041476
 outer loop
  vertex 0.93651235 0.8302055 -1.0851864
  vertex 1.0360057 0.71423435 -1.1410962
  vertex 0.93188167 0.71047306 -1.1416925
 endloop
endfacet
facet normal -0.005737686 0.3095779 -0.95085675
 outer loop
  vertex 0.93188167 0.71047306 -1.1416925
  vertex 1.0360057 0.71423435 -1.1410962
  vertex 1.0338712 0.57378554 -1.1868104
 endloop
endfacet
facet normal -0.015001183 0.30329978 -0.9527771
 outer loop
  vertex 0.93188167 0.71047306 -1.1416925
  vertex 1.0338712 0.57378554 -1.1868104
  vertex 0.92706335 0.5704142 -1.1862019
 endloop
endfacet
facet normal -0.012361399 0.21539684 -0.97644836
 outer loop
  vertex 0.92706335 0.5704142 -1.1862019
  vertex 1.0338712 0.57378554 -1.1868104
  vertex 1.0314997 0.4177521 -1.2212001
 endloop
endfacet
facet normal -0.022985324 0.20843126 -0.97776693
 outer loop
  vertex 0.92706335 0.5704142 -1.1862019
  vertex 1.0314997 0.4177521 -1.2212001
  vertex 0.92352855 0.41563833 -1.2191125
 endloop
endfacet
facet normal -0.16924727 0.20868015 -0.9632279
 outer loop
  vertex 0.82521194 0.5611234 -1.1703186
  vertex 0.92706335 0.5704142 -1.1862019
  vertex 0.92352855 0.41563833 -1.2191125
 endloop
endfacet
facet normal -0.18289913 0.19928475 -0.96272194
 outer loop
  vertex 0.82521194 0.5611234 -1.1703186
  vertex 0.92352855 0.41563833 -1.2191125
  vertex 0.8204606 0.40965134 -1.2007709
 endloop
endfacet
facet normal -0.35501656 0.19495025 -0.9143072
 outer loop
  vertex 0.7329647 0.54866743 -1.1371558
  vertex 0.82521194 0.5611234 -1.1703186
  vertex 0.8204606 0.40965134 -1.2007709
 endloop
endfacet
facet normal -0.36926827 0.18439613 -0.9108452
 outer loop
  vertex 0.7329647 0.54866743 -1.1371558
  vertex 0.8204606 0.40965134 -1.2007709
  vertex 0.72685486 0.40064374 -1.1646454
 endloop
endfacet
facet normal -0.5620634 0.1733874 -0.80871594
 outer loop
  vertex 0.65432215 0.536064 -1.0852008
  vertex 0.7329647 0.54866743 -1.1371558
  vertex 0.72685486 0.40064374 -1.1646454
 endloop
endfacet
facet normal -0.57271874 0.16438589 -0.80310047
 outer loop
  vertex 0.65432215 0.536064 -1.0852008
  vertex 0.72685486 0.40064374 -1.1646454
  vertex 0.64672244 0.38931867 -1.1098183
 endloop
endfacet
facet normal -0.55142444 0.26940694 -0.78952575
 outer loop
  vertex 0.67153066 0.6687467 -1.0532745
  vertex 0.7452648 0.68240464 -1.1001118
  vertex 0.7329647 0.54866743 -1.1371558
 endloop
endfacet
facet normal -0.56085396 0.26173764 -0.7854529
 outer loop
  vertex 0.67153066 0.6687467 -1.0532745
  vertex 0.7329647 0.54866743 -1.1371558
  vertex 0.65432215 0.536064 -1.0852008
 endloop
endfacet
facet normal -0.53332716 0.38554156 -0.7529409
 outer loop
  vertex 0.6956742 0.77560556 -1.0172622
  vertex 0.76028955 0.7921226 -1.0545734
  vertex 0.7452648 0.68240464 -1.1001118
 endloop
endfacet
facet normal -0.5454897 0.37572667 -0.7491798
 outer loop
  vertex 0.6956742 0.77560556 -1.0172622
  vertex 0.7452648 0.68240464 -1.1001118
  vertex 0.67153066 0.6687467 -1.0532745
 endloop
endfacet
facet normal 0.25496536 0.41119483 -0.8751637
 outer loop
  vertex 1.1389772 0.8271213 -1.0728267
  vertex 1.2330264 0.8087374 -1.0540646
  vertex 1.238184 0.69411165 -1.1064188
 endloop
endfacet
facet normal 0.26000088 0.4142155 -0.8722528
 outer loop
  vertex 1.1389772 0.8271213 -1.0728267
  vertex 1.238184 0.69411165 -1.1064188
  vertex 1.139979 0.708084 -1.1290566
 endloop
endfacet
facet normal 0.39185575 0.39067453 -0.83296007
 outer loop
  vertex 1.2330264 0.8087374 -1.0540646
  vertex 1.3139751 0.784595 -1.0273066
  vertex 1.3256881 0.6764207 -1.0725322
 endloop
endfacet
facet normal 0.40011898 0.3955861 -0.82669
 outer loop
  vertex 1.2330264 0.8087374 -1.0540646
  vertex 1.3256881 0.6764207 -1.0725322
  vertex 1.238184 0.69411165 -1.1064188
 endloop
endfacet
facet normal 0.25456157 0.29933137 -0.91956466
 outer loop
  vertex 1.139979 0.708084 -1.1290566
  vertex 1.238184 0.69411165 -1.1064188
  vertex 1.2421097 0.5587726 -1.1493869
 endloop
endfacet
facet normal 0.2566812 0.30064267 -0.9185471
 outer loop
  vertex 1.139979 0.708084 -1.1290566
  vertex 1.2421097 0.5587726 -1.1493869
  vertex 1.1405622 0.5694704 -1.1742622
 endloop
endfacet
facet normal 0.39564747 0.28405097 -0.8733717
 outer loop
  vertex 1.238184 0.69411165 -1.1064188
  vertex 1.3256881 0.6764207 -1.0725322
  vertex 1.3339537 0.54469776 -1.1116287
 endloop
endfacet
facet normal 0.40154234 0.28769374 -0.8694804
 outer loop
  vertex 1.238184 0.69411165 -1.1064188
  vertex 1.3339537 0.54469776 -1.1116287
  vertex 1.2421097 0.5587726 -1.1493869
 endloop
endfacet
facet normal 0.12813984 0.565646 -0.8146317
 outer loop
  vertex 1.0393543 0.9345699 -1.0138894
  vertex 1.139155 0.9248921 -1.0049108
  vertex 1.1389772 0.8271213 -1.0728267
 endloop
endfacet
facet normal 0.13080126 0.5672637 -0.8130823
 outer loop
  vertex 1.0393543 0.9345699 -1.0138894
  vertex 1.1389772 0.8271213 -1.0728267
  vertex 1.0378405 0.83496076 -1.0836273
 endloop
endfacet
facet normal 0.2612276 0.5475247 -0.79496974
 outer loop
  vertex 1.139155 0.9248921 -1.0049108
  vertex 1.2310553 0.90107954 -0.99111295
  vertex 1.2330264 0.8087374 -1.0540646
 endloop
endfacet
facet normal 0.26546142 0.54971176 -0.79205257
 outer loop
  vertex 1.139155 0.9248921 -1.0049108
  vertex 1.2330264 0.8087374 -1.0540646
  vertex 1.1389772 0.8271213 -1.0728267
 endloop
endfacet
facet normal 0.39494362 0.51708925 -0.75936705
 outer loop
  vertex 1.2310553 0.90107954 -0.99111295
  vertex 1.3077035 0.86672133 -0.97464466
  vertex 1.3139751 0.784595 -1.0273066
 endloop
endfacet
facet normal 0.40394711 0.52115214 -0.75181586
 outer loop
  vertex 1.2310553 0.90107954 -0.99111295
  vertex 1.3139751 0.784595 -1.0273066
  vertex 1.2330264 0.8087374 -1.0540646
 endloop
endfacet
facet normal 0.5103546 0.46312985 -0.72460264
 outer loop
  vertex 1.3077035 0.86672133 -0.97464466
  vertex 1.3576185 0.8341419 -0.96031153
  vertex 1.3780729 0.7670681 -0.98877525
 endloop
endfacet
facet normal 0.54447526 0.48183167 -0.6865748
 outer loop
  vertex 1.3077035 0.86672133 -0.97464466
  vertex 1.3780729 0.7670681 -0.98877525
  vertex 1.3139751 0.784595 -1.0273066
 endloop
endfacet
facet normal 0.5509386 0.36574212 -0.75013286
 outer loop
  vertex 1.3139751 0.784595 -1.0273066
  vertex 1.3780729 0.7670681 -0.98877525
  vertex 1.3989929 0.66182137 -1.0247256
 endloop
endfacet
facet normal 0.55800503 0.3707983 -0.7423873
 outer loop
  vertex 1.3139751 0.784595 -1.0273066
  vertex 1.3989929 0.66182137 -1.0247256
  vertex 1.3256881 0.6764207 -1.0725322
 endloop
endfacet
facet normal 0.563223 0.26380992 -0.7830607
 outer loop
  vertex 1.3256881 0.6764207 -1.0725322
  vertex 1.3989929 0.66182137 -1.0247256
  vertex 1.4121921 0.5307021 -1.0594054
 endloop
endfacet
facet normal 0.5676119 0.2667928 -0.7788699
 outer loop
  vertex 1.3256881 0.6764207 -1.0725322
  vertex 1.4121921 0.5307021 -1.0594054
  vertex 1.3339537 0.54469776 -1.1116287
 endloop
endfacet
facet normal 0.568185 0.1803597 -0.80289245
 outer loop
  vertex 1.3339537 0.54469776 -1.1116287
  vertex 1.4121921 0.5307021 -1.0594054
  vertex 1.4153233 0.38341683 -1.0902754
 endloop
endfacet
facet normal 0.5743816 0.18418714 -0.797597
 outer loop
  vertex 1.3339537 0.54469776 -1.1116287
  vertex 1.4153233 0.38341683 -1.0902754
  vertex 1.3355703 0.39706737 -1.1445564
 endloop
endfacet
facet normal 0.39880744 0.20378967 -0.8941042
 outer loop
  vertex 1.2421097 0.5587726 -1.1493869
  vertex 1.3339537 0.54469776 -1.1116287
  vertex 1.3355703 0.39706737 -1.1445564
 endloop
endfacet
facet normal 0.39956146 0.2042386 -0.8936651
 outer loop
  vertex 1.2421097 0.5587726 -1.1493869
  vertex 1.3355703 0.39706737 -1.1445564
  vertex 1.2422673 0.40798098 -1.1837784
 endloop
endfacet
facet normal 0.25368774 0.21534073 -0.9430116
 outer loop
  vertex 1.1405622 0.5694704 -1.1742622
  vertex 1.2421097 0.5587726 -1.1493869
  vertex 1.2422673 0.40798098 -1.1837784
 endloop
endfacet
facet normal 0.24733406 0.21148984 -0.94556755
 outer loop
  vertex 1.1405622 0.5694704 -1.1742622
  vertex 1.2422673 0.40798098 -1.1837784
  vertex 1.1394 0.4152034 -1.2090702
 endloop
endfacet
facet normal 0.12268424 0.2175595 -0.96830595
 outer loop
  vertex 1.0338712 0.57378554 -1.1868104
  vertex 1.1405622 0.5694704 -1.1742622
  vertex 1.1394 0.4152034 -1.2090702
 endloop
endfacet
facet normal 0.11411829 0.21217367 -0.97054595
 outer loop
  vertex 1.0338712 0.57378554 -1.1868104
  vertex 1.1394 0.4152034 -1.2090702
  vertex 1.0314997 0.4177521 -1.2212001
 endloop
endfacet
facet normal 0.12739387 0.30801293 -0.94281435
 outer loop
  vertex 1.0360057 0.71423435 -1.1410962
  vertex 1.139979 0.708084 -1.1290566
  vertex 1.1405622 0.5694704 -1.1742622
 endloop
endfacet
facet normal 0.12340124 0.30544224 -0.94418067
 outer loop
  vertex 1.0360057 0.71423435 -1.1410962
  vertex 1.1405622 0.5694704 -1.1742622
  vertex 1.0338712 0.57378554 -1.1868104
 endloop
endfacet
facet normal 0.12861523 0.424454 -0.89626837
 outer loop
  vertex 1.0378405 0.83496076 -1.0836273
  vertex 1.1389772 0.8271213 -1.0728267
  vertex 1.139979 0.708084 -1.1290566
 endloop
endfacet
facet normal 0.12888813 0.42462978 -0.8961458
 outer loop
  vertex 1.0378405 0.83496076 -1.0836273
  vertex 1.139979 0.708084 -1.1290566
  vertex 1.0360057 0.71423435 -1.1410962
 endloop
endfacet
facet normal 0.24102768 0.026799848 -0.97014815
 outer loop
  vertex 1.1357574 0.25331935 -1.2326735
  vertex 1.2374262 0.25060982 -1.2074894
  vertex 1.2290968 0.096190676 -1.2138245
 endloop
endfacet
facet normal 0.23463033 0.022799388 -0.9718173
 outer loop
  vertex 1.1357574 0.25331935 -1.2326735
  vertex 1.2290968 0.096190676 -1.2138245
  vertex 1.1306297 0.09291056 -1.2376748
 endloop
endfacet
facet normal 0.39583072 0.016176043 -0.918181
 outer loop
  vertex 1.2374262 0.25060982 -1.2074894
  vertex 1.3293912 0.24449015 -1.1679507
  vertex 1.316894 0.097786784 -1.1759229
 endloop
endfacet
facet normal 0.39603812 0.01630283 -0.91808933
 outer loop
  vertex 1.2374262 0.25060982 -1.2074894
  vertex 1.316894 0.097786784 -1.1759229
  vertex 1.2290968 0.096190676 -1.2138245
 endloop
endfacet
facet normal 0.2374394 -0.10986042 -0.9651701
 outer loop
  vertex 1.1306297 0.09291056 -1.2376748
  vertex 1.2290968 0.096190676 -1.2138245
  vertex 1.22003 -0.046414256 -1.199823
 endloop
endfacet
facet normal 0.24047378 -0.10777315 -0.96465397
 outer loop
  vertex 1.1306297 0.09291056 -1.2376748
  vertex 1.22003 -0.046414256 -1.199823
  vertex 1.1255449 -0.056701154 -1.2222275
 endloop
endfacet
facet normal 0.3952889 -0.12078629 -0.91058075
 outer loop
  vertex 1.2290968 0.096190676 -1.2138245
  vertex 1.316894 0.097786784 -1.1759229
  vertex 1.3015363 -0.033847272 -1.1651288
 endloop
endfacet
facet normal 0.40399948 -0.11479083 -0.90752816
 outer loop
  vertex 1.2290968 0.096190676 -1.2138245
  vertex 1.3015363 -0.033847272 -1.1651288
  vertex 1.22003 -0.046414256 -1.199823
 endloop
endfacet
facet normal 0.11388506 0.14083 -0.98346174
 outer loop
  vertex 1.0314997 0.4177521 -1.2212001
  vertex 1.1394 0.4152034 -1.2090702
  vertex 1.1357574 0.25331935 -1.2326735
 endloop
endfacet
facet normal 0.1005345 0.13254678 -0.986065
 outer loop
  vertex 1.0314997 0.4177521 -1.2212001
  vertex 1.1357574 0.25331935 -1.2326735
  vertex 1.0290114 0.25401103 -1.2434639
 endloop
endfacet
facet normal 0.2455676 0.13703457 -0.95964473
 outer loop
  vertex 1.1394 0.4152034 -1.2090702
  vertex 1.2422673 0.40798098 -1.1837784
  vertex 1.2374262 0.25060982 -1.2074894
 endloop
endfacet
facet normal 0.24163091 0.13467722 -0.9609769
 outer loop
  vertex 1.1394 0.4152034 -1.2090702
  vertex 1.2374262 0.25060982 -1.2074894
  vertex 1.1357574 0.25331935 -1.2326735
 endloop
endfacet
facet normal 0.3967937 0.12339401 -0.9095762
 outer loop
  vertex 1.2422673 0.40798098 -1.1837784
  vertex 1.3355703 0.39706737 -1.1445564
  vertex 1.3293912 0.24449015 -1.1679507
 endloop
endfacet
facet normal 0.39888242 0.1246117 -0.90849584
 outer loop
  vertex 1.2422673 0.40798098 -1.1837784
  vertex 1.3293912 0.24449015 -1.1679507
  vertex 1.2374262 0.25060982 -1.2074894
 endloop
endfacet
facet normal 0.5712977 0.097006276 -0.81499004
 outer loop
  vertex 1.3355703 0.39706737 -1.1445564
  vertex 1.4153233 0.38341683 -1.0902754
  vertex 1.4076731 0.23335823 -1.1134992
 endloop
endfacet
facet normal 0.5777383 0.10079439 -0.8099747
 outer loop
  vertex 1.3355703 0.39706737 -1.1445564
  vertex 1.4076731 0.23335823 -1.1134992
  vertex 1.3293912 0.24449015 -1.1679507
 endloop
endfacet
facet normal 0.56972015 -0.013112203 -0.82173413
 outer loop
  vertex 1.3293912 0.24449015 -1.1679507
  vertex 1.4076731 0.23335823 -1.1134992
  vertex 1.3903164 0.09092127 -1.12326
 endloop
endfacet
facet normal 0.5824919 -0.005450624 -0.81281817
 outer loop
  vertex 1.3293912 0.24449015 -1.1679507
  vertex 1.3903164 0.09092127 -1.12326
  vertex 1.316894 0.097786784 -1.1759229
 endloop
endfacet
facet normal 0.56785345 -0.14388417 -0.8104565
 outer loop
  vertex 1.316894 0.097786784 -1.1759229
  vertex 1.3903164 0.09092127 -1.12326
  vertex 1.3659139 -0.03297168 -1.1183625
 endloop
endfacet
facet normal 0.58363795 -0.13376874 -0.80091995
 outer loop
  vertex 1.316894 0.097786784 -1.1759229
  vertex 1.3659139 -0.03297168 -1.1183625
  vertex 1.3015363 -0.033847272 -1.1651288
 endloop
endfacet
facet normal 0.56948864 -0.26226845 -0.7790366
 outer loop
  vertex 1.3015363 -0.033847272 -1.1651288
  vertex 1.3659139 -0.03297168 -1.1183625
  vertex 1.3431778 -0.11601317 -1.1070265
 endloop
endfacet
facet normal 0.5544258 -0.274569 -0.785636
 outer loop
  vertex 1.3015363 -0.033847272 -1.1651288
  vertex 1.3431778 -0.11601317 -1.1070265
  vertex 1.292345 -0.14384991 -1.1331707
 endloop
endfacet
facet normal 0.4122904 -0.28577107 -0.86507314
 outer loop
  vertex 1.22003 -0.046414256 -1.199823
  vertex 1.3015363 -0.033847272 -1.1651288
  vertex 1.292345 -0.14384991 -1.1331707
 endloop
endfacet
facet normal 0.41622284 -0.2823358 -0.8643177
 outer loop
  vertex 1.22003 -0.046414256 -1.199823
  vertex 1.292345 -0.14384991 -1.1331707
  vertex 1.2147424 -0.17227682 -1.1612554
 endloop
endfacet
facet normal 0.2506908 -0.29323688 -0.92258674
 outer loop
  vertex 1.1255449 -0.056701154 -1.2222275
  vertex 1.22003 -0.046414256 -1.199823
  vertex 1.2147424 -0.17227682 -1.1612554
 endloop
endfacet
facet normal 0.25590104 -0.28914285 -0.9224484
 outer loop
  vertex 1.1255449 -0.056701154 -1.2222275
  vertex 1.2147424 -0.17227682 -1.1612554
  vertex 1.1222069 -0.19028258 -1.1812822
 endloop
endfacet
facet normal 0.09180599 -0.29391995 -0.9514109
 outer loop
  vertex 1.0242385 -0.060027808 -1.2309753
  vertex 1.1255449 -0.056701154 -1.2222275
  vertex 1.1222069 -0.19028258 -1.1812822
 endloop
endfacet
facet normal 0.097165614 -0.2901295 -0.95204186
 outer loop
  vertex 1.0242385 -0.060027808 -1.2309753
  vertex 1.1222069 -0.19028258 -1.1812822
  vertex 1.0221894 -0.19485402 -1.1900969
 endloop
endfacet
facet normal 0.09012894 -0.10531618 -0.9903461
 outer loop
  vertex 1.0265417 0.09151438 -1.2469991
  vertex 1.1306297 0.09291056 -1.2376748
  vertex 1.1255449 -0.056701154 -1.2222275
 endloop
endfacet
facet normal 0.08900144 -0.106072865 -0.9903673
 outer loop
  vertex 1.0265417 0.09151438 -1.2469991
  vertex 1.1255449 -0.056701154 -1.2222275
  vertex 1.0242385 -0.060027808 -1.2309753
 endloop
endfacet
facet normal 0.10071114 0.02778845 -0.9945275
 outer loop
  vertex 1.0290114 0.25401103 -1.2434639
  vertex 1.1357574 0.25331935 -1.2326735
  vertex 1.1306297 0.09291056 -1.2376748
 endloop
endfacet
facet normal 0.08893509 0.02031359 -0.9958303
 outer loop
  vertex 1.0290114 0.25401103 -1.2434639
  vertex 1.1306297 0.09291056 -1.2376748
  vertex 1.0265417 0.09151438 -1.2469991
 endloop
endfacet
facet normal -0.3798538 0.0036212367 -0.92503947
 outer loop
  vertex 0.72839636 0.24808013 -1.1801703
  vertex 0.82052016 0.2524057 -1.2179826
  vertex 0.824167 0.098720014 -1.2200818
 endloop
endfacet
facet normal -0.38274753 0.0014484266 -0.92385185
 outer loop
  vertex 0.72839636 0.24808013 -1.1801703
  vertex 0.824167 0.098720014 -1.2200818
  vertex 0.7364453 0.102093965 -1.1837338
 endloop
endfacet
facet normal -0.20199524 0.013368654 -0.9792953
 outer loop
  vertex 0.82052016 0.2524057 -1.2179826
  vertex 0.9222536 0.2539491 -1.2389457
  vertex 0.9225132 0.094041735 -1.2411822
 endloop
endfacet
facet normal -0.20938952 0.008386834 -0.9777963
 outer loop
  vertex 0.82052016 0.2524057 -1.2179826
  vertex 0.9225132 0.094041735 -1.2411822
  vertex 0.824167 0.098720014 -1.2200818
 endloop
endfacet
facet normal -0.3840957 -0.10835461 -0.91691315
 outer loop
  vertex 0.7364453 0.102093965 -1.1837338
  vertex 0.824167 0.098720014 -1.2200818
  vertex 0.82892936 -0.04191208 -1.2054578
 endloop
endfacet
facet normal -0.3867619 -0.11027059 -0.9155629
 outer loop
  vertex 0.7364453 0.102093965 -1.1837338
  vertex 0.82892936 -0.04191208 -1.2054578
  vertex 0.74784553 -0.026673317 -1.1730409
 endloop
endfacet
facet normal -0.21340674 -0.10566932 -0.971232
 outer loop
  vertex 0.824167 0.098720014 -1.2200818
  vertex 0.9225132 0.094041735 -1.2411822
  vertex 0.9230654 -0.0545851 -1.2251331
 endloop
endfacet
facet normal -0.21732625 -0.108235806 -0.97007954
 outer loop
  vertex 0.824167 0.098720014 -1.2200818
  vertex 0.9230654 -0.0545851 -1.2251331
  vertex 0.82892936 -0.04191208 -1.2054578
 endloop
endfacet
facet normal -0.5704175 0.07744519 -0.81769556
 outer loop
  vertex 0.64672244 0.38931867 -1.1098183
  vertex 0.72685486 0.40064374 -1.1646454
  vertex 0.72839636 0.24808013 -1.1801703
 endloop
endfacet
facet normal -0.57581323 0.072656795 -0.81434643
 outer loop
  vertex 0.64672244 0.38931867 -1.1098183
  vertex 0.72839636 0.24808013 -1.1801703
  vertex 0.64981043 0.23920426 -1.1253952
 endloop
endfacet
facet normal -0.3666561 0.10109315 -0.9248478
 outer loop
  vertex 0.72685486 0.40064374 -1.1646454
  vertex 0.8204606 0.40965134 -1.2007709
  vertex 0.82052016 0.2524057 -1.2179826
 endloop
endfacet
facet normal -0.38178203 0.089749865 -0.91988444
 outer loop
  vertex 0.72685486 0.40064374 -1.1646454
  vertex 0.82052016 0.2524057 -1.2179826
  vertex 0.72839636 0.24808013 -1.1801703
 endloop
endfacet
facet normal -0.18073091 0.12114894 -0.9760427
 outer loop
  vertex 0.8204606 0.40965134 -1.2007709
  vertex 0.92352855 0.41563833 -1.2191125
  vertex 0.9222536 0.2539491 -1.2389457
 endloop
endfacet
facet normal -0.20222068 0.106484495 -0.9735337
 outer loop
  vertex 0.8204606 0.40965134 -1.2007709
  vertex 0.9222536 0.2539491 -1.2389457
  vertex 0.82052016 0.2524057 -1.2179826
 endloop
endfacet
facet normal -0.021796381 0.13502285 -0.9906027
 outer loop
  vertex 0.92352855 0.41563833 -1.2191125
  vertex 1.0314997 0.4177521 -1.2212001
  vertex 1.0290114 0.25401103 -1.2434639
 endloop
endfacet
facet normal -0.042038605 0.12196893 -0.9916432
 outer loop
  vertex 0.92352855 0.41563833 -1.2191125
  vertex 1.0290114 0.25401103 -1.2434639
  vertex 0.9222536 0.2539491 -1.2389457
 endloop
endfacet
facet normal -0.042286046 0.022373721 -0.998855
 outer loop
  vertex 0.9222536 0.2539491 -1.2389457
  vertex 1.0290114 0.25401103 -1.2434639
  vertex 1.0265417 0.09151438 -1.2469991
 endloop
endfacet
facet normal -0.05548817 0.013873163 -0.998363
 outer loop
  vertex 0.9222536 0.2539491 -1.2389457
  vertex 1.0265417 0.09151438 -1.2469991
  vertex 0.9225132 0.094041735 -1.2411822
 endloop
endfacet
facet normal -0.05804728 -0.10410266 -0.9928711
 outer loop
  vertex 0.9225132 0.094041735 -1.2411822
  vertex 1.0265417 0.09151438 -1.2469991
  vertex 1.0242385 -0.060027808 -1.2309753
 endloop
endfacet
facet normal -0.06307166 -0.10737663 -0.9922158
 outer loop
  vertex 0.9225132 0.094041735 -1.2411822
  vertex 1.0242385 -0.060027808 -1.2309753
  vertex 0.9230654 -0.0545851 -1.2251331
 endloop
endfacet
facet normal -0.07065669 -0.28844154 -0.954887
 outer loop
  vertex 0.9230654 -0.0545851 -1.2251331
  vertex 1.0242385 -0.060027808 -1.2309753
  vertex 1.0221894 -0.19485402 -1.1900969
 endloop
endfacet
facet normal -0.065485254 -0.28512752 -0.95624995
 outer loop
  vertex 0.9230654 -0.0545851 -1.2251331
  vertex 1.0221894 -0.19485402 -1.1900969
  vertex 0.9223885 -0.1851837 -1.1861458
 endloop
endfacet
facet normal -0.23217954 -0.27713102 -0.93235785
 outer loop
  vertex 0.82892936 -0.04191208 -1.2054578
  vertex 0.9230654 -0.0545851 -1.2251331
  vertex 0.9223885 -0.1851837 -1.1861458
 endloop
endfacet
facet normal -0.2306536 -0.27622297 -0.93300575
 outer loop
  vertex 0.82892936 -0.04191208 -1.2054578
  vertex 0.9223885 -0.1851837 -1.1861458
  vertex 0.8304658 -0.16285768 -1.1700308
 endloop
endfacet
facet normal -0.40032706 -0.26227716 -0.878037
 outer loop
  vertex 0.74784553 -0.026673317 -1.1730409
  vertex 0.82892936 -0.04191208 -1.2054578
  vertex 0.8304658 -0.16285768 -1.1700308
 endloop
endfacet
facet normal -0.40109095 -0.2627299 -0.8775528
 outer loop
  vertex 0.74784553 -0.026673317 -1.1730409
  vertex 0.8304658 -0.16285768 -1.1700308
  vertex 0.7537739 -0.13136578 -1.1444067
 endloop
endfacet
facet normal -0.5634693 -0.2474852 -0.7881963
 outer loop
  vertex 0.68354726 -0.022329122 -1.1284391
  vertex 0.74784553 -0.026673317 -1.1730409
  vertex 0.7537739 -0.13136578 -1.1444067
 endloop
endfacet
facet normal -0.54019135 -0.22934553 -0.8096876
 outer loop
  vertex 0.68354726 -0.022329122 -1.1284391
  vertex 0.7537739 -0.13136578 -1.1444067
  vertex 0.7038134 -0.101790905 -1.1194521
 endloop
endfacet
facet normal -0.56736994 -0.11790779 -0.81497794
 outer loop
  vertex 0.66285396 0.097836494 -1.1318852
  vertex 0.7364453 0.102093965 -1.1837338
  vertex 0.74784553 -0.026673317 -1.1730409
 endloop
endfacet
facet normal -0.5712692 -0.121654056 -0.81169677
 outer loop
  vertex 0.66285396 0.097836494 -1.1318852
  vertex 0.74784553 -0.026673317 -1.1730409
  vertex 0.68354726 -0.022329122 -1.1284391
 endloop
endfacet
facet normal -0.57090735 -0.011437968 -0.8209348
 outer loop
  vertex 0.64981043 0.23920426 -1.1253952
  vertex 0.72839636 0.24808013 -1.1801703
  vertex 0.7364453 0.102093965 -1.1837338
 endloop
endfacet
facet normal -0.5752847 -0.01553528 -0.8178057
 outer loop
  vertex 0.64981043 0.23920426 -1.1253952
  vertex 0.7364453 0.102093965 -1.1837338
  vertex 0.66285396 0.097836494 -1.1318852
 endloop
endfacet
facet normal 0.8248615 0.34192097 -0.45021498
 outer loop
  vertex 1.4246469 0.7688876 -0.93314373
  vertex 1.4575899 0.77782387 -0.8660004
  vertex 1.4961365 0.6535966 -0.88972294
 endloop
endfacet
facet normal 0.8236026 0.33962443 -0.45424
 outer loop
  vertex 1.4246469 0.7688876 -0.93314373
  vertex 1.4961365 0.6535966 -0.88972294
  vertex 1.4557316 0.65555656 -0.96151745
 endloop
endfacet
facet normal 0.90142614 0.33518323 -0.27401292
 outer loop
  vertex 1.4575899 0.77782387 -0.8660004
  vertex 1.477885 0.78198135 -0.79414946
  vertex 1.5205718 0.65002877 -0.81513125
 endloop
endfacet
facet normal 0.9007337 0.33279687 -0.2791507
 outer loop
  vertex 1.4575899 0.77782387 -0.8660004
  vertex 1.5205718 0.65002877 -0.81513125
  vertex 1.4961365 0.6535966 -0.88972294
 endloop
endfacet
facet normal 0.85406625 0.21231811 -0.4748599
 outer loop
  vertex 1.4557316 0.65555656 -0.96151745
  vertex 1.4961365 0.6535966 -0.88972294
  vertex 1.5184407 0.50980866 -0.9138975
 endloop
endfacet
facet normal 0.85830617 0.2174309 -0.4647949
 outer loop
  vertex 1.4557316 0.65555656 -0.96151745
  vertex 1.5184407 0.50980866 -0.9138975
  vertex 1.4738947 0.51941967 -0.99166167
 endloop
endfacet
facet normal 0.93540776 0.19142075 -0.2972717
 outer loop
  vertex 1.4961365 0.6535966 -0.88972294
  vertex 1.5205718 0.65002877 -0.81513125
  vertex 1.5454283 0.49968013 -0.83373016
 endloop
endfacet
facet normal 0.93685025 0.19422133 -0.29084307
 outer loop
  vertex 1.4961365 0.6535966 -0.88972294
  vertex 1.5454283 0.49968013 -0.83373016
  vertex 1.5184407 0.50980866 -0.9138975
 endloop
endfacet
facet normal 0.6844576 0.47158742 -0.55598843
 outer loop
  vertex 1.3576185 0.8341419 -0.96031153
  vertex 1.3794484 0.8575821 -0.91355556
  vertex 1.4246469 0.7688876 -0.93314373
 endloop
endfacet
facet normal 0.6763119 0.4528032 -0.5810091
 outer loop
  vertex 1.3576185 0.8341419 -0.96031153
  vertex 1.4246469 0.7688876 -0.93314373
  vertex 1.3780729 0.7670681 -0.98877525
 endloop
endfacet
facet normal 0.75994843 0.4897285 -0.42736894
 outer loop
  vertex 1.3794484 0.8575821 -0.91355556
  vertex 1.4023131 0.8802863 -0.84688044
  vertex 1.4575899 0.77782387 -0.8660004
 endloop
endfacet
facet normal 0.7588835 0.4831567 -0.4366411
 outer loop
  vertex 1.3794484 0.8575821 -0.91355556
  vertex 1.4575899 0.77782387 -0.8660004
  vertex 1.4246469 0.7688876 -0.93314373
 endloop
endfacet
facet normal 0.8278769 0.49841422 -0.25729954
 outer loop
  vertex 1.4023131 0.8802863 -0.84688044
  vertex 1.4176893 0.8924154 -0.77391124
  vertex 1.477885 0.78198135 -0.79414946
 endloop
endfacet
facet normal 0.8279059 0.4956307 -0.26253018
 outer loop
  vertex 1.4023131 0.8802863 -0.84688044
  vertex 1.477885 0.78198135 -0.79414946
  vertex 1.4575899 0.77782387 -0.8660004
 endloop
endfacet
facet normal 0.873593 0.48349997 -0.05534659
 outer loop
  vertex 1.4176893 0.8924154 -0.77391124
  vertex 1.4230372 0.8909818 -0.7020244
  vertex 1.4847038 0.7771193 -0.7233629
 endloop
endfacet
facet normal 0.87296146 0.48514006 -0.050768692
 outer loop
  vertex 1.4176893 0.8924154 -0.77391124
  vertex 1.4847038 0.7771193 -0.7233629
  vertex 1.477885 0.78198135 -0.79414946
 endloop
endfacet
facet normal 0.9461817 0.3161003 -0.06943262
 outer loop
  vertex 1.477885 0.78198135 -0.79414946
  vertex 1.4847038 0.7771193 -0.7233629
  vertex 1.5286547 0.6414625 -0.74202263
 endloop
endfacet
facet normal 0.9460916 0.31679186 -0.06748056
 outer loop
  vertex 1.477885 0.78198135 -0.79414946
  vertex 1.5286547 0.6414625 -0.74202263
  vertex 1.5205718 0.65002877 -0.81513125
 endloop
endfacet
facet normal 0.98128974 0.17101598 -0.08845286
 outer loop
  vertex 1.5205718 0.65002877 -0.81513125
  vertex 1.5286547 0.6414625 -0.74202263
  vertex 1.554347 0.48742646 -0.754809
 endloop
endfacet
facet normal 0.98138624 0.17265148 -0.08409833
 outer loop
  vertex 1.5205718 0.65002877 -0.81513125
  vertex 1.554347 0.48742646 -0.754809
  vertex 1.5454283 0.49968013 -0.83373016
 endloop
endfacet
facet normal 0.9934057 0.04563711 -0.105177484
 outer loop
  vertex 1.5454283 0.49968013 -0.83373016
  vertex 1.554347 0.48742646 -0.754809
  vertex 1.5612497 0.32109728 -0.76178396
 endloop
endfacet
facet normal 0.99419934 0.04964183 -0.095411584
 outer loop
  vertex 1.5454283 0.49968013 -0.83373016
  vertex 1.5612497 0.32109728 -0.76178396
  vertex 1.552056 0.3366727 -0.8494804
 endloop
endfacet
facet normal 0.9480963 0.06855041 -0.3105065
 outer loop
  vertex 1.5184407 0.50980866 -0.9138975
  vertex 1.5454283 0.49968013 -0.83373016
  vertex 1.552056 0.3366727 -0.8494804
 endloop
endfacet
facet normal 0.9545633 0.07835756 -0.2875222
 outer loop
  vertex 1.5184407 0.50980866 -0.9138975
  vertex 1.552056 0.3366727 -0.8494804
  vertex 1.5242605 0.3523295 -0.9374933
 endloop
endfacet
facet normal 0.8684741 0.104697965 -0.4845523
 outer loop
  vertex 1.4738947 0.51941967 -0.99166167
  vertex 1.5184407 0.50980866 -0.9138975
  vertex 1.5242605 0.3523295 -0.9374933
 endloop
endfacet
facet normal 0.8787425 0.11467808 -0.4633147
 outer loop
  vertex 1.4738947 0.51941967 -0.99166167
  vertex 1.5242605 0.3523295 -0.9374933
  vertex 1.4784869 0.36804056 -1.0204208
 endloop
endfacet
facet normal 0.7433494 0.14654168 -0.652654
 outer loop
  vertex 1.4121921 0.5307021 -1.0594054
  vertex 1.4738947 0.51941967 -0.99166167
  vertex 1.4784869 0.36804056 -1.0204208
 endloop
endfacet
facet normal 0.74953926 0.1510179 -0.6445033
 outer loop
  vertex 1.4121921 0.5307021 -1.0594054
  vertex 1.4784869 0.36804056 -1.0204208
  vertex 1.4153233 0.38341683 -1.0902754
 endloop
endfacet
facet normal 0.7342964 0.2386808 -0.6354843
 outer loop
  vertex 1.3989929 0.66182137 -1.0247256
  vertex 1.4557316 0.65555656 -0.96151745
  vertex 1.4738947 0.51941967 -0.99166167
 endloop
endfacet
facet normal 0.7371408 0.2411623 -0.6312403
 outer loop
  vertex 1.3989929 0.66182137 -1.0247256
  vertex 1.4738947 0.51941967 -0.99166167
  vertex 1.4121921 0.5307021 -1.0594054
 endloop
endfacet
facet normal 0.71321696 0.34796238 -0.6084766
 outer loop
  vertex 1.3780729 0.7670681 -0.98877525
  vertex 1.4246469 0.7688876 -0.93314373
  vertex 1.4557316 0.65555656 -0.96151745
 endloop
endfacet
facet normal 0.7142667 0.34916335 -0.60655427
 outer loop
  vertex 1.3780729 0.7670681 -0.98877525
  vertex 1.4557316 0.65555656 -0.96151745
  vertex 1.3989929 0.66182137 -1.0247256
 endloop
endfacet
facet normal 0.8767735 0.22381517 0.42564654
 outer loop
  vertex 1.4775757 0.76161575 -0.6586104
  vertex 1.4569769 0.73749125 -0.6034945
  vertex 1.4954222 0.60659975 -0.6138608
 endloop
endfacet
facet normal 0.87279946 0.22544868 0.4328901
 outer loop
  vertex 1.4775757 0.76161575 -0.6586104
  vertex 1.4954222 0.60659975 -0.6138608
  vertex 1.52021 0.62621367 -0.6740532
 endloop
endfacet
facet normal 0.7315634 0.1649576 0.6615164
 outer loop
  vertex 1.4569769 0.73749125 -0.6034945
  vertex 1.4237511 0.70994425 -0.5598813
  vertex 1.4546877 0.58686876 -0.5634033
 endloop
endfacet
facet normal 0.7352675 0.16387673 0.6576672
 outer loop
  vertex 1.4569769 0.73749125 -0.6034945
  vertex 1.4546877 0.58686876 -0.5634033
  vertex 1.4954222 0.60659975 -0.6138608
 endloop
endfacet
facet normal 0.89989036 0.13518769 0.41463444
 outer loop
  vertex 1.52021 0.62621367 -0.6740532
  vertex 1.4954222 0.60659975 -0.6138608
  vertex 1.5176198 0.4557904 -0.61286676
 endloop
endfacet
facet normal 0.9072623 0.1298301 0.40002403
 outer loop
  vertex 1.52021 0.62621367 -0.6740532
  vertex 1.5176198 0.4557904 -0.61286676
  vertex 1.545011 0.47222582 -0.68032473
 endloop
endfacet
facet normal 0.74582255 0.13066994 0.653203
 outer loop
  vertex 1.4954222 0.60659975 -0.6138608
  vertex 1.4546877 0.58686876 -0.5634033
  vertex 1.4726977 0.4406536 -0.5547174
 endloop
endfacet
facet normal 0.7708286 0.117584914 0.6260967
 outer loop
  vertex 1.4954222 0.60659975 -0.6138608
  vertex 1.4726977 0.4406536 -0.5547174
  vertex 1.5176198 0.4557904 -0.61286676
 endloop
endfacet
facet normal 0.88078785 0.43449205 0.18822691
 outer loop
  vertex 1.4230372 0.8909818 -0.7020244
  vertex 1.4174178 0.8745478 -0.63779366
  vertex 1.4775757 0.76161575 -0.6586104
 endloop
endfacet
facet normal 0.87664026 0.437081 0.2011519
 outer loop
  vertex 1.4230372 0.8909818 -0.7020244
  vertex 1.4775757 0.76161575 -0.6586104
  vertex 1.4847038 0.7771193 -0.7233629
 endloop
endfacet
facet normal 0.8240437 0.34944025 0.44591868
 outer loop
  vertex 1.4174178 0.8745478 -0.63779366
  vertex 1.4017713 0.8446417 -0.58544385
  vertex 1.4569769 0.73749125 -0.6034945
 endloop
endfacet
facet normal 0.8166135 0.35046917 0.45859972
 outer loop
  vertex 1.4174178 0.8745478 -0.63779366
  vertex 1.4569769 0.73749125 -0.6034945
  vertex 1.4775757 0.76161575 -0.6586104
 endloop
endfacet
facet normal 0.6965359 0.24186046 0.6755303
 outer loop
  vertex 1.4017713 0.8446417 -0.58544385
  vertex 1.3786525 0.8052019 -0.5474855
  vertex 1.4237511 0.70994425 -0.5598813
 endloop
endfacet
facet normal 0.6920547 0.24199148 0.6800738
 outer loop
  vertex 1.4017713 0.8446417 -0.58544385
  vertex 1.4237511 0.70994425 -0.5598813
  vertex 1.4569769 0.73749125 -0.6034945
 endloop
endfacet
facet normal 0.564968 0.14006823 0.8131372
 outer loop
  vertex 1.3786525 0.8052019 -0.5474855
  vertex 1.3566328 0.76928777 -0.5259998
  vertex 1.3769413 0.69261426 -0.5269026
 endloop
endfacet
facet normal 0.53368175 0.14422904 0.83329576
 outer loop
  vertex 1.3786525 0.8052019 -0.5474855
  vertex 1.3769413 0.69261426 -0.5269026
  vertex 1.4237511 0.70994425 -0.5598813
 endloop
endfacet
facet normal 0.542779 0.116679266 0.8317312
 outer loop
  vertex 1.4237511 0.70994425 -0.5598813
  vertex 1.3769413 0.69261426 -0.5269026
  vertex 1.3976592 0.57406497 -0.5237922
 endloop
endfacet
facet normal 0.54927856 0.11438026 0.8277743
 outer loop
  vertex 1.4237511 0.70994425 -0.5598813
  vertex 1.3976592 0.57406497 -0.5237922
  vertex 1.4546877 0.58686876 -0.5634033
 endloop
endfacet
facet normal 0.5433907 0.14029431 0.82767385
 outer loop
  vertex 1.4546877 0.58686876 -0.5634033
  vertex 1.3976592 0.57406497 -0.5237922
  vertex 1.4106568 0.42966753 -0.5078495
 endloop
endfacet
facet normal 0.5848569 0.1196975 0.8022561
 outer loop
  vertex 1.4546877 0.58686876 -0.5634033
  vertex 1.4106568 0.42966753 -0.5078495
  vertex 1.4726977 0.4406536 -0.5547174
 endloop
endfacet
facet normal 0.5701191 0.19013447 0.7992579
 outer loop
  vertex 1.4726977 0.4406536 -0.5547174
  vertex 1.4106568 0.42966753 -0.5078495
  vertex 1.4135431 0.26628888 -0.4710424
 endloop
endfacet
facet normal 0.6506802 0.1376188 0.7467773
 outer loop
  vertex 1.4726977 0.4406536 -0.5547174
  vertex 1.4135431 0.26628888 -0.4710424
  vertex 1.4771084 0.27734601 -0.52846557
 endloop
endfacet
facet normal 0.76994777 0.121494696 0.62643397
 outer loop
  vertex 1.5176198 0.4557904 -0.61286676
  vertex 1.4726977 0.4406536 -0.5547174
  vertex 1.4771084 0.27734601 -0.52846557
 endloop
endfacet
facet normal 0.82302904 0.07918196 0.5624531
 outer loop
  vertex 1.5176198 0.4557904 -0.61286676
  vertex 1.4771084 0.27734601 -0.52846557
  vertex 1.5233232 0.290652 -0.5979642
 endloop
endfacet
facet normal 0.9186744 0.06686089 0.3893161
 outer loop
  vertex 1.545011 0.47222582 -0.68032473
  vertex 1.5176198 0.4557904 -0.61286676
  vertex 1.5233232 0.290652 -0.5979642
 endloop
endfacet
facet normal 0.9378803 0.044078864 0.3441478
 outer loop
  vertex 1.545011 0.47222582 -0.68032473
  vertex 1.5233232 0.290652 -0.5979642
  vertex 1.5515816 0.3054642 -0.676872
 endloop
endfacet
facet normal 0.9902831 0.041764557 0.13264711
 outer loop
  vertex 1.554347 0.48742646 -0.754809
  vertex 1.545011 0.47222582 -0.68032473
  vertex 1.5515816 0.3054642 -0.676872
 endloop
endfacet
facet normal 0.9921605 0.03615845 0.11962495
 outer loop
  vertex 1.554347 0.48742646 -0.754809
  vertex 1.5515816 0.3054642 -0.676872
  vertex 1.5612497 0.32109728 -0.76178396
 endloop
endfacet
facet normal 0.97629374 0.15092108 0.15515569
 outer loop
  vertex 1.5286547 0.6414625 -0.74202263
  vertex 1.52021 0.62621367 -0.6740532
  vertex 1.545011 0.47222582 -0.68032473
 endloop
endfacet
facet normal 0.97673166 0.15020637 0.1530792
 outer loop
  vertex 1.5286547 0.6414625 -0.74202263
  vertex 1.545011 0.47222582 -0.68032473
  vertex 1.554347 0.48742646 -0.754809
 endloop
endfacet
facet normal 0.9452503 0.27816945 0.1706569
 outer loop
  vertex 1.4847038 0.7771193 -0.7233629
  vertex 1.4775757 0.76161575 -0.6586104
  vertex 1.52021 0.62621367 -0.6740532
 endloop
endfacet
facet normal 0.9427569 0.28066763 0.18009743
 outer loop
  vertex 1.4847038 0.7771193 -0.7233629
  vertex 1.52021 0.62621367 -0.6740532
  vertex 1.5286547 0.6414625 -0.74202263
 endloop
endfacet
facet normal 0.95453477 -0.12846145 0.26899981
 outer loop
  vertex 1.5398638 0.133545 -0.6615898
  vertex 1.5125284 0.12077603 -0.5706891
  vertex 1.4856088 -0.039108336 -0.5515191
 endloop
endfacet
facet normal 0.96154714 -0.1597258 0.22341602
 outer loop
  vertex 1.5398638 0.133545 -0.6615898
  vertex 1.4856088 -0.039108336 -0.5515191
  vertex 1.510227 -0.030649513 -0.6514243
 endloop
endfacet
facet normal 0.8721421 -0.04864107 0.4868287
 outer loop
  vertex 1.5125284 0.12077603 -0.5706891
  vertex 1.4676776 0.11033642 -0.49138296
  vertex 1.4451134 -0.043108255 -0.46629107
 endloop
endfacet
facet normal 0.90044725 -0.10087763 0.42310572
 outer loop
  vertex 1.5125284 0.12077603 -0.5706891
  vertex 1.4451134 -0.043108255 -0.46629107
  vertex 1.4856088 -0.039108336 -0.5515191
 endloop
endfacet
facet normal 0.9382299 -0.27669013 0.2077671
 outer loop
  vertex 1.510227 -0.030649513 -0.6514243
  vertex 1.4856088 -0.039108336 -0.5515191
  vertex 1.4429984 -0.18225968 -0.54973924
 endloop
endfacet
facet normal 0.93826854 -0.2959064 0.17914161
 outer loop
  vertex 1.510227 -0.030649513 -0.6514243
  vertex 1.4429984 -0.18225968 -0.54973924
  vertex 1.4632636 -0.18009663 -0.65230703
 endloop
endfacet
facet normal 0.88385975 -0.22635448 0.40933543
 outer loop
  vertex 1.4856088 -0.039108336 -0.5515191
  vertex 1.4451134 -0.043108255 -0.46629107
  vertex 1.4102992 -0.17518172 -0.46415228
 endloop
endfacet
facet normal 0.8941895 -0.2616476 0.3632707
 outer loop
  vertex 1.4856088 -0.039108336 -0.5515191
  vertex 1.4102992 -0.17518172 -0.46415228
  vertex 1.4429984 -0.18225968 -0.54973924
 endloop
endfacet
facet normal 0.9930287 -0.058591776 0.1022794
 outer loop
  vertex 1.5612497 0.32109728 -0.76178396
  vertex 1.5515816 0.3054642 -0.676872
  vertex 1.5398638 0.133545 -0.6615898
 endloop
endfacet
facet normal 0.9941827 -0.069329135 0.08242657
 outer loop
  vertex 1.5612497 0.32109728 -0.76178396
  vertex 1.5398638 0.133545 -0.6615898
  vertex 1.5492244 0.15036018 -0.7603482
 endloop
endfacet
facet normal 0.9417833 -0.0058705034 0.33616927
 outer loop
  vertex 1.5515816 0.3054642 -0.676872
  vertex 1.5233232 0.290652 -0.5979642
  vertex 1.5125284 0.12077603 -0.5706891
 endloop
endfacet
facet normal 0.95840627 -0.040206373 0.28256133
 outer loop
  vertex 1.5515816 0.3054642 -0.676872
  vertex 1.5125284 0.12077603 -0.5706891
  vertex 1.5398638 0.133545 -0.6615898
 endloop
endfacet
facet normal 0.82315254 0.07838882 0.56238335
 outer loop
  vertex 1.5233232 0.290652 -0.5979642
  vertex 1.4771084 0.27734601 -0.52846557
  vertex 1.4676776 0.11033642 -0.49138296
 endloop
endfacet
facet normal 0.8688196 0.024193428 0.49453735
 outer loop
  vertex 1.5233232 0.290652 -0.5979642
  vertex 1.4676776 0.11033642 -0.49138296
  vertex 1.5125284 0.12077603 -0.5706891
 endloop
endfacet
facet normal 0.6428499 0.17599633 0.7454993
 outer loop
  vertex 1.4771084 0.27734601 -0.52846557
  vertex 1.4135431 0.26628888 -0.4710424
  vertex 1.4056518 0.100357965 -0.42506495
 endloop
endfacet
facet normal 0.717257 0.112197384 0.68771654
 outer loop
  vertex 1.4771084 0.27734601 -0.52846557
  vertex 1.4056518 0.100357965 -0.42506495
  vertex 1.4676776 0.11033642 -0.49138296
 endloop
endfacet
facet normal 0.7260823 0.046261985 0.6860498
 outer loop
  vertex 1.4676776 0.11033642 -0.49138296
  vertex 1.4056518 0.100357965 -0.42506495
  vertex 1.3881854 -0.049294084 -0.39648792
 endloop
endfacet
facet normal 0.7753778 -0.010769983 0.63140583
 outer loop
  vertex 1.4676776 0.11033642 -0.49138296
  vertex 1.3881854 -0.049294084 -0.39648792
  vertex 1.4451134 -0.043108255 -0.46629107
 endloop
endfacet
facet normal 0.7717406 -0.16153865 0.6150787
 outer loop
  vertex 1.4451134 -0.043108255 -0.46629107
  vertex 1.3881854 -0.049294084 -0.39648792
  vertex 1.3637819 -0.17325723 -0.3984254
 endloop
endfacet
facet normal 0.796844 -0.20081821 0.5698348
 outer loop
  vertex 1.4451134 -0.043108255 -0.46629107
  vertex 1.3637819 -0.17325723 -0.3984254
  vertex 1.4102992 -0.17518172 -0.46415228
 endloop
endfacet
facet normal 0.76191145 -0.34319326 0.54928064
 outer loop
  vertex 1.4102992 -0.17518172 -0.46415228
  vertex 1.3637819 -0.17325723 -0.3984254
  vertex 1.3410981 -0.25287616 -0.41670674
 endloop
endfacet
facet normal 0.7752617 -0.38448033 0.5011428
 outer loop
  vertex 1.4102992 -0.17518172 -0.46415228
  vertex 1.3410981 -0.25287616 -0.41670674
  vertex 1.3621678 -0.27945834 -0.46969545
 endloop
endfacet
facet normal 0.84142923 -0.40726104 0.35515532
 outer loop
  vertex 1.4429984 -0.18225968 -0.54973924
  vertex 1.4102992 -0.17518172 -0.46415228
  vertex 1.3621678 -0.27945834 -0.46969545
 endloop
endfacet
facet normal 0.84146166 -0.42491516 0.33375037
 outer loop
  vertex 1.4429984 -0.18225968 -0.54973924
  vertex 1.3621678 -0.27945834 -0.46969545
  vertex 1.3843577 -0.30115652 -0.5532663
 endloop
endfacet
facet normal 0.8825919 -0.4401978 0.16509813
 outer loop
  vertex 1.4632636 -0.18009663 -0.65230703
  vertex 1.4429984 -0.18225968 -0.54973924
  vertex 1.3843577 -0.30115652 -0.5532663
 endloop
endfacet
facet normal 0.8800096 -0.4504966 0.15045233
 outer loop
  vertex 1.4632636 -0.18009663 -0.65230703
  vertex 1.3843577 -0.30115652 -0.5532663
  vertex 1.399479 -0.30581224 -0.65565294
 endloop
endfacet
facet normal 0.89182466 -0.45235297 -0.005036277
 outer loop
  vertex 1.4703887 -0.16480887 -0.7637372
  vertex 1.4632636 -0.18009663 -0.65230703
  vertex 1.399479 -0.30581224 -0.65565294
 endloop
endfacet
facet normal 0.8889665 -0.4577593 -0.013964393
 outer loop
  vertex 1.4703887 -0.16480887 -0.7637372
  vertex 1.399479 -0.30581224 -0.65565294
  vertex 1.4050653 -0.29154062 -0.76786417
 endloop
endfacet
facet normal 0.953536 -0.2998209 0.029605338
 outer loop
  vertex 1.5186845 -0.014559299 -0.76087713
  vertex 1.510227 -0.030649513 -0.6514243
  vertex 1.4632636 -0.18009663 -0.65230703
 endloop
endfacet
facet normal 0.95175266 -0.3062876 0.018835176
 outer loop
  vertex 1.5186845 -0.014559299 -0.76087713
  vertex 1.4632636 -0.18009663 -0.65230703
  vertex 1.4703887 -0.16480887 -0.7637372
 endloop
endfacet
facet normal 0.98278534 -0.1734526 0.063617624
 outer loop
  vertex 1.5492244 0.15036018 -0.7603482
  vertex 1.5398638 0.133545 -0.6615898
  vertex 1.510227 -0.030649513 -0.6514243
 endloop
endfacet
facet normal 0.9820673 -0.18201727 0.049127806
 outer loop
  vertex 1.5492244 0.15036018 -0.7603482
  vertex 1.510227 -0.030649513 -0.6514243
  vertex 1.5186845 -0.014559299 -0.76087713
 endloop
endfacet
facet normal 0.86613876 -0.11931332 -0.48535353
 outer loop
  vertex 1.4692875 0.21626808 -1.0437294
  vertex 1.513655 0.19490764 -0.9593024
  vertex 1.4868255 0.040939867 -0.9693315
 endloop
endfacet
facet normal 0.8859542 -0.1032361 -0.45213658
 outer loop
  vertex 1.4692875 0.21626808 -1.0437294
  vertex 1.4868255 0.040939867 -0.9693315
  vertex 1.446837 0.07029465 -1.0543909
 endloop
endfacet
facet normal 0.9415828 -0.15845588 -0.2971761
 outer loop
  vertex 1.513655 0.19490764 -0.9593024
  vertex 1.5404441 0.17172694 -0.8620626
  vertex 1.5108546 0.01064378 -0.86992466
 endloop
endfacet
facet normal 0.95012957 -0.14767206 -0.27467605
 outer loop
  vertex 1.513655 0.19490764 -0.9593024
  vertex 1.5108546 0.01064378 -0.86992466
  vertex 1.4868255 0.040939867 -0.9693315
 endloop
endfacet
facet normal 0.84376746 -0.24065824 -0.4797292
 outer loop
  vertex 1.446837 0.07029465 -1.0543909
  vertex 1.4868255 0.040939867 -0.9693315
  vertex 1.4442656 -0.09888154 -0.9740455
 endloop
endfacet
facet normal 0.863485 -0.2270252 -0.45039222
 outer loop
  vertex 1.446837 0.07029465 -1.0543909
  vertex 1.4442656 -0.09888154 -0.9740455
  vertex 1.4120599 -0.05931914 -1.0557317
 endloop
endfacet
facet normal 0.9099697 -0.28046682 -0.30544007
 outer loop
  vertex 1.4868255 0.040939867 -0.9693315
  vertex 1.5108546 0.01064378 -0.86992466
  vertex 1.4639256 -0.1365388 -0.87458724
 endloop
endfacet
facet normal 0.9198406 -0.27040586 -0.28420767
 outer loop
  vertex 1.4868255 0.040939867 -0.9693315
  vertex 1.4639256 -0.1365388 -0.87458724
  vertex 1.4442656 -0.09888154 -0.9740455
 endloop
endfacet
facet normal 0.7467092 0.056521527 -0.66274476
 outer loop
  vertex 1.4153233 0.38341683 -1.0902754
  vertex 1.4784869 0.36804056 -1.0204208
  vertex 1.4692875 0.21626808 -1.0437294
 endloop
endfacet
facet normal 0.75562894 0.06238722 -0.652022
 outer loop
  vertex 1.4153233 0.38341683 -1.0902754
  vertex 1.4692875 0.21626808 -1.0437294
  vertex 1.4076731 0.23335823 -1.1134992
 endloop
endfacet
facet normal 0.8760814 0.0077678836 -0.4821006
 outer loop
  vertex 1.4784869 0.36804056 -1.0204208
  vertex 1.5242605 0.3523295 -0.9374933
  vertex 1.513655 0.19490764 -0.9593024
 endloop
endfacet
facet normal 0.88686156 0.017153379 -0.4617168
 outer loop
  vertex 1.4784869 0.36804056 -1.0204208
  vertex 1.513655 0.19490764 -0.9593024
  vertex 1.4692875 0.21626808 -1.0437294
 endloop
endfacet
facet normal 0.9504332 -0.04342298 -0.30788165
 outer loop
  vertex 1.5242605 0.3523295 -0.9374933
  vertex 1.552056 0.3366727 -0.8494804
  vertex 1.5404441 0.17172694 -0.8620626
 endloop
endfacet
facet normal 0.96204746 -0.027196856 -0.2715236
 outer loop
  vertex 1.5242605 0.3523295 -0.9374933
  vertex 1.5404441 0.17172694 -0.8620626
  vertex 1.513655 0.19490764 -0.9593024
 endloop
endfacet
facet normal 0.99067605 -0.07075434 -0.1164253
 outer loop
  vertex 1.552056 0.3366727 -0.8494804
  vertex 1.5612497 0.32109728 -0.76178396
  vertex 1.5492244 0.15036018 -0.7603482
 endloop
endfacet
facet normal 0.99314696 -0.06237623 -0.09883409
 outer loop
  vertex 1.552056 0.3366727 -0.8494804
  vertex 1.5492244 0.15036018 -0.7603482
  vertex 1.5404441 0.17172694 -0.8620626
 endloop
endfacet
facet normal 0.97599167 -0.18034291 -0.12213402
 outer loop
  vertex 1.5404441 0.17172694 -0.8620626
  vertex 1.5492244 0.15036018 -0.7603482
  vertex 1.5186845 -0.014559299 -0.76087713
 endloop
endfacet
facet normal 0.97846043 -0.17433877 -0.11054928
 outer loop
  vertex 1.5404441 0.17172694 -0.8620626
  vertex 1.5186845 -0.014559299 -0.76087713
  vertex 1.5108546 0.01064378 -0.86992466
 endloop
endfacet
facet normal 0.9437716 -0.30075055 -0.13727483
 outer loop
  vertex 1.5108546 0.01064378 -0.86992466
  vertex 1.5186845 -0.014559299 -0.76087713
  vertex 1.4703887 -0.16480887 -0.7637372
 endloop
endfacet
facet normal 0.945727 -0.29739454 -0.13098457
 outer loop
  vertex 1.5108546 0.01064378 -0.86992466
  vertex 1.4703887 -0.16480887 -0.7637372
  vertex 1.4639256 -0.1365388 -0.87458724
 endloop
endfacet
facet normal 0.87881005 -0.44759318 -0.16538815
 outer loop
  vertex 1.4639256 -0.1365388 -0.87458724
  vertex 1.4703887 -0.16480887 -0.7637372
  vertex 1.4050653 -0.29154062 -0.76786417
 endloop
endfacet
facet normal 0.8788596 -0.4475365 -0.16527857
 outer loop
  vertex 1.4639256 -0.1365388 -0.87458724
  vertex 1.4050653 -0.29154062 -0.76786417
  vertex 1.4001772 -0.2598564 -0.87964976
 endloop
endfacet
facet normal 0.84482133 -0.4232907 -0.3272644
 outer loop
  vertex 1.4442656 -0.09888154 -0.9740455
  vertex 1.4639256 -0.1365388 -0.87458724
  vertex 1.4001772 -0.2598564 -0.87964976
 endloop
endfacet
facet normal 0.8542506 -0.41644105 -0.31117955
 outer loop
  vertex 1.4442656 -0.09888154 -0.9740455
  vertex 1.4001772 -0.2598564 -0.87964976
  vertex 1.385673 -0.21460229 -0.98002875
 endloop
endfacet
facet normal 0.7871454 -0.37316263 -0.491072
 outer loop
  vertex 1.4120599 -0.05931914 -1.0557317
  vertex 1.4442656 -0.09888154 -0.9740455
  vertex 1.385673 -0.21460229 -0.98002875
 endloop
endfacet
facet normal 0.80482924 -0.3649421 -0.468046
 outer loop
  vertex 1.4120599 -0.05931914 -1.0557317
  vertex 1.385673 -0.21460229 -0.98002875
  vertex 1.3639643 -0.16125289 -1.0589553
 endloop
endfacet
facet normal 0.69879395 -0.3093154 -0.6449892
 outer loop
  vertex 1.3659139 -0.03297168 -1.1183625
  vertex 1.4120599 -0.05931914 -1.0557317
  vertex 1.3639643 -0.16125289 -1.0589553
 endloop
endfacet
facet normal 0.75105643 -0.28681436 -0.5946863
 outer loop
  vertex 1.3659139 -0.03297168 -1.1183625
  vertex 1.3639643 -0.16125289 -1.0589553
  vertex 1.3431778 -0.11601317 -1.1070265
 endloop
endfacet
facet normal 0.730494 -0.18921326 -0.6561835
 outer loop
  vertex 1.3903164 0.09092127 -1.12326
  vertex 1.446837 0.07029465 -1.0543909
  vertex 1.4120599 -0.05931914 -1.0557317
 endloop
endfacet
facet normal 0.75644696 -0.17391707 -0.6305084
 outer loop
  vertex 1.3903164 0.09092127 -1.12326
  vertex 1.4120599 -0.05931914 -1.0557317
  vertex 1.3659139 -0.03297168 -1.1183625
 endloop
endfacet
facet normal 0.740031 -0.06492261 -0.669432
 outer loop
  vertex 1.4076731 0.23335823 -1.1134992
  vertex 1.4692875 0.21626808 -1.0437294
  vertex 1.446837 0.07029465 -1.0543909
 endloop
endfacet
facet normal 0.76479644 -0.049173195 -0.6423927
 outer loop
  vertex 1.4076731 0.23335823 -1.1134992
  vertex 1.446837 0.07029465 -1.0543909
  vertex 1.3903164 0.09092127 -1.12326
 endloop
endfacet
facet normal -0.45666215 0.77851474 -0.43055147
 outer loop
  vertex 0.76241535 0.9320002 -0.93250537
  vertex 0.7496232 0.9691739 -0.8517207
  vertex 0.8382269 1.0238371 -0.8468569
 endloop
endfacet
facet normal -0.43753785 0.7794032 -0.44843206
 outer loop
  vertex 0.76241535 0.9320002 -0.93250537
  vertex 0.8382269 1.0238371 -0.8468569
  vertex 0.84441435 0.97697085 -0.9343505
 endloop
endfacet
facet normal -0.5146143 0.8248618 -0.23404068
 outer loop
  vertex 0.7496232 0.9691739 -0.8517207
  vertex 0.7396448 0.9882117 -0.76268256
  vertex 0.8326198 1.0485473 -0.75446916
 endloop
endfacet
facet normal -0.49803063 0.8296941 -0.25213748
 outer loop
  vertex 0.7496232 0.9691739 -0.8517207
  vertex 0.8326198 1.0485473 -0.75446916
  vertex 0.8382269 1.0238371 -0.8468569
 endloop
endfacet
facet normal -0.25559852 0.8445822 -0.47047886
 outer loop
  vertex 0.84441435 0.97697085 -0.9343505
  vertex 0.8382269 1.0238371 -0.8468569
  vertex 0.9371257 1.0555239 -0.84370327
 endloop
endfacet
facet normal -0.23784564 0.84116143 -0.48567167
 outer loop
  vertex 0.84441435 0.97697085 -0.9343505
  vertex 0.9371257 1.0555239 -0.84370327
  vertex 0.9391464 1.0035158 -0.93476844
 endloop
endfacet
facet normal -0.30132568 0.91642016 -0.26339513
 outer loop
  vertex 0.8382269 1.0238371 -0.8468569
  vertex 0.8326198 1.0485473 -0.75446916
  vertex 0.93486416 1.0837045 -0.7491163
 endloop
endfacet
facet normal -0.28481 0.9167931 -0.27995273
 outer loop
  vertex 0.8382269 1.0238371 -0.8468569
  vertex 0.93486416 1.0837045 -0.7491163
  vertex 0.9371257 1.0555239 -0.84370327
 endloop
endfacet
facet normal -0.57048184 0.6173839 -0.5416526
 outer loop
  vertex 0.71817636 0.8432712 -0.9870465
  vertex 0.69706833 0.86733997 -0.937381
  vertex 0.76241535 0.9320002 -0.93250537
 endloop
endfacet
facet normal -0.5341611 0.6197502 -0.5749624
 outer loop
  vertex 0.71817636 0.8432712 -0.9870465
  vertex 0.76241535 0.9320002 -0.93250537
  vertex 0.76907104 0.8751647 -0.9999516
 endloop
endfacet
facet normal -0.6406402 0.6602915 -0.39191228
 outer loop
  vertex 0.69706833 0.86733997 -0.937381
  vertex 0.67490095 0.8905104 -0.8621077
  vertex 0.7496232 0.9691739 -0.8517207
 endloop
endfacet
facet normal -0.627553 0.66477776 -0.40527493
 outer loop
  vertex 0.69706833 0.86733997 -0.937381
  vertex 0.7496232 0.9691739 -0.8517207
  vertex 0.76241535 0.9320002 -0.93250537
 endloop
endfacet
facet normal -0.7004504 0.6811171 -0.21318707
 outer loop
  vertex 0.67490095 0.8905104 -0.8621077
  vertex 0.6598898 0.90241367 -0.7747568
  vertex 0.7396448 0.9882117 -0.76268256
 endloop
endfacet
facet normal -0.691601 0.6865676 -0.22430575
 outer loop
  vertex 0.67490095 0.8905104 -0.8621077
  vertex 0.7396448 0.9882117 -0.76268256
  vertex 0.7496232 0.9691739 -0.8517207
 endloop
endfacet
facet normal -0.7344222 0.67830944 -0.02281177
 outer loop
  vertex 0.6598898 0.90241367 -0.7747568
  vertex 0.6544775 0.8995939 -0.6843534
  vertex 0.7357816 0.9880265 -0.6723805
 endloop
endfacet
facet normal -0.730007 0.6827883 -0.029830191
 outer loop
  vertex 0.6598898 0.90241367 -0.7747568
  vertex 0.7357816 0.9880265 -0.6723805
  vertex 0.7396448 0.9882117 -0.76268256
 endloop
endfacet
facet normal -0.5501164 0.8348028 -0.021822536
 outer loop
  vertex 0.7396448 0.9882117 -0.76268256
  vertex 0.7357816 0.9880265 -0.6723805
  vertex 0.8302001 1.0504937 -0.6629103
 endloop
endfacet
facet normal -0.5420821 0.8397093 -0.03217747
 outer loop
  vertex 0.7396448 0.9882117 -0.76268256
  vertex 0.8302001 1.0504937 -0.6629103
  vertex 0.8326198 1.0485473 -0.75446916
 endloop
endfacet
facet normal -0.33174527 0.9429289 -0.028813053
 outer loop
  vertex 0.8326198 1.0485473 -0.75446916
  vertex 0.8302001 1.0504937 -0.6629103
  vertex 0.93373346 1.087104 -0.6568662
 endloop
endfacet
facet normal -0.32310593 0.94556683 -0.03880518
 outer loop
  vertex 0.8326198 1.0485473 -0.75446916
  vertex 0.93373346 1.087104 -0.6568662
  vertex 0.93486416 1.0837045 -0.7491163
 endloop
endfacet
facet normal -0.09784748 0.99448156 -0.037846755
 outer loop
  vertex 0.93486416 1.0837045 -0.7491163
  vertex 0.93373346 1.087104 -0.6568662
  vertex 1.0418351 1.0978022 -0.6552361
 endloop
endfacet
facet normal -0.09248707 0.9947415 -0.04399367
 outer loop
  vertex 0.93486416 1.0837045 -0.7491163
  vertex 1.0418351 1.0978022 -0.6552361
  vertex 1.0417742 1.0937827 -0.745993
 endloop
endfacet
facet normal -0.081625596 0.954636 -0.28636938
 outer loop
  vertex 0.9371257 1.0555239 -0.84370327
  vertex 0.93486416 1.0837045 -0.7491163
  vertex 1.0417742 1.0937827 -0.745993
 endloop
endfacet
facet normal -0.07239711 0.9526083 -0.2954592
 outer loop
  vertex 0.9371257 1.0555239 -0.84370327
  vertex 1.0417742 1.0937827 -0.745993
  vertex 1.0413278 1.0644255 -0.840536
 endloop
endfacet
facet normal -0.058926176 0.8662905 -0.4960529
 outer loop
  vertex 0.9391464 1.0035158 -0.93476844
  vertex 0.9371257 1.0555239 -0.84370327
  vertex 1.0413278 1.0644255 -0.840536
 endloop
endfacet
facet normal -0.048703972 0.8620845 -0.5044187
 outer loop
  vertex 0.9391464 1.0035158 -0.93476844
  vertex 1.0413278 1.0644255 -0.840536
  vertex 1.0405164 1.0110254 -0.9317218
 endloop
endfacet
facet normal -0.03417203 0.7357085 -0.67643577
 outer loop
  vertex 0.93931496 0.92854685 -1.0163151
  vertex 0.9391464 1.0035158 -0.93476844
  vertex 1.0405164 1.0110254 -0.9317218
 endloop
endfacet
facet normal -0.02756623 0.7320116 -0.68073416
 outer loop
  vertex 0.93931496 0.92854685 -1.0163151
  vertex 1.0405164 1.0110254 -0.9317218
  vertex 1.0393543 0.9345699 -1.0138894
 endloop
endfacet
facet normal -0.20601943 0.72487897 -0.6573481
 outer loop
  vertex 0.8467359 0.9076946 -1.0114713
  vertex 0.84441435 0.97697085 -0.9343505
  vertex 0.9391464 1.0035158 -0.93476844
 endloop
endfacet
facet normal -0.19723722 0.72150886 -0.66371864
 outer loop
  vertex 0.8467359 0.9076946 -1.0114713
  vertex 0.9391464 1.0035158 -0.93476844
  vertex 0.93931496 0.92854685 -1.0163151
 endloop
endfacet
facet normal -0.38952535 0.68499595 -0.61567074
 outer loop
  vertex 0.76907104 0.8751647 -0.9999516
  vertex 0.76241535 0.9320002 -0.93250537
  vertex 0.84441435 0.97697085 -0.9343505
 endloop
endfacet
facet normal -0.37867433 0.6828328 -0.624776
 outer loop
  vertex 0.76907104 0.8751647 -0.9999516
  vertex 0.84441435 0.97697085 -0.9343505
  vertex 0.8467359 0.9076946 -1.0114713
 endloop
endfacet
facet normal -0.49797648 0.7300792 0.4679785
 outer loop
  vertex 0.7393432 0.96836644 -0.588109
  vertex 0.7490281 0.93002665 -0.5179906
  vertex 0.8376484 0.9857763 -0.510663
 endloop
endfacet
facet normal -0.51085746 0.7066219 0.48960197
 outer loop
  vertex 0.7393432 0.96836644 -0.588109
  vertex 0.8376484 0.9857763 -0.510663
  vertex 0.83233076 1.0295328 -0.57936335
 endloop
endfacet
facet normal -0.3745745 0.58583593 0.7186725
 outer loop
  vertex 0.7490281 0.93002665 -0.5179906
  vertex 0.7615392 0.8743618 -0.46609378
  vertex 0.8435428 0.91963625 -0.46025932
 endloop
endfacet
facet normal -0.3973813 0.5335504 0.74660033
 outer loop
  vertex 0.7490281 0.93002665 -0.5179906
  vertex 0.8435428 0.91963625 -0.46025932
  vertex 0.8376484 0.9857763 -0.510663
 endloop
endfacet
facet normal -0.27790263 0.8003344 0.53125775
 outer loop
  vertex 0.83233076 1.0295328 -0.57936335
  vertex 0.8376484 0.9857763 -0.510663
  vertex 0.9365623 1.0184513 -0.5081454
 endloop
endfacet
facet normal -0.29777464 0.77565247 0.55650115
 outer loop
  vertex 0.83233076 1.0295328 -0.57936335
  vertex 0.9365623 1.0184513 -0.5081454
  vertex 0.93458533 1.0653569 -0.57458025
 endloop
endfacet
facet normal -0.16229744 0.5889019 0.7917412
 outer loop
  vertex 0.8376484 0.9857763 -0.510663
  vertex 0.8435428 0.91963625 -0.46025932
  vertex 0.93828475 0.9468341 -0.46106827
 endloop
endfacet
facet normal -0.19767857 0.53513134 0.82131463
 outer loop
  vertex 0.8376484 0.9857763 -0.510663
  vertex 0.93828475 0.9468341 -0.46106827
  vertex 0.9365623 1.0184513 -0.5081454
 endloop
endfacet
facet normal -0.73569757 0.6522113 0.18267335
 outer loop
  vertex 0.6544775 0.8995939 -0.6843534
  vertex 0.65956897 0.88130575 -0.5985526
  vertex 0.7393432 0.96836644 -0.588109
 endloop
endfacet
facet normal -0.7359311 0.65180933 0.18316647
 outer loop
  vertex 0.6544775 0.8995939 -0.6843534
  vertex 0.7393432 0.96836644 -0.588109
  vertex 0.7357816 0.9880265 -0.6723805
 endloop
endfacet
facet normal -0.6908103 0.59910893 0.4047834
 outer loop
  vertex 0.65956897 0.88130575 -0.5985526
  vertex 0.6742747 0.8493011 -0.52608633
  vertex 0.7490281 0.93002665 -0.5179906
 endloop
endfacet
facet normal -0.69459516 0.5864852 0.41662058
 outer loop
  vertex 0.65956897 0.88130575 -0.5985526
  vertex 0.7490281 0.93002665 -0.5179906
  vertex 0.7393432 0.96836644 -0.588109
 endloop
endfacet
facet normal -0.58152694 0.51250756 0.631793
 outer loop
  vertex 0.6742747 0.8493011 -0.52608633
  vertex 0.69616413 0.80784446 -0.472309
  vertex 0.7615392 0.8743618 -0.46609378
 endloop
endfacet
facet normal -0.5867136 0.47773385 0.6538635
 outer loop
  vertex 0.6742747 0.8493011 -0.52608633
  vertex 0.7615392 0.8743618 -0.46609378
  vertex 0.7490281 0.93002665 -0.5179906
 endloop
endfacet
facet normal -0.40325248 0.4327117 0.80631757
 outer loop
  vertex 0.69616413 0.80784446 -0.472309
  vertex 0.71707153 0.7705762 -0.44185278
  vertex 0.7679241 0.7996911 -0.43204516
 endloop
endfacet
facet normal -0.42942575 0.3440305 0.8350069
 outer loop
  vertex 0.69616413 0.80784446 -0.472309
  vertex 0.7679241 0.7996911 -0.43204516
  vertex 0.7615392 0.8743618 -0.46609378
 endloop
endfacet
facet normal -0.20343445 0.39175722 0.89729625
 outer loop
  vertex 0.7615392 0.8743618 -0.46609378
  vertex 0.7679241 0.7996911 -0.43204516
  vertex 0.8455567 0.8301007 -0.4277211
 endloop
endfacet
facet normal -0.24508733 0.32626474 0.91295314
 outer loop
  vertex 0.7615392 0.8743618 -0.46609378
  vertex 0.8455567 0.8301007 -0.4277211
  vertex 0.8435428 0.91963625 -0.46025932
 endloop
endfacet
facet normal -0.019902676 0.3410929 0.93981886
 outer loop
  vertex 0.8435428 0.91963625 -0.46025932
  vertex 0.8455567 0.8301007 -0.4277211
  vertex 0.93812895 0.8505237 -0.4331729
 endloop
endfacet
facet normal -0.07151131 0.27760017 0.9580315
 outer loop
  vertex 0.8435428 0.91963625 -0.46025932
  vertex 0.93812895 0.8505237 -0.4331729
  vertex 0.93828475 0.9468341 -0.46106827
 endloop
endfacet
facet normal 0.106823824 0.27645436 0.9550715
 outer loop
  vertex 0.93828475 0.9468341 -0.46106827
  vertex 0.93812895 0.8505237 -0.4331729
  vertex 1.0381857 0.857676 -0.44643447
 endloop
endfacet
facet normal 0.06022419 0.22702251 0.97202563
 outer loop
  vertex 0.93828475 0.9468341 -0.46106827
  vertex 1.0381857 0.857676 -0.44643447
  vertex 1.0396744 0.95562696 -0.46940374
 endloop
endfacet
facet normal 0.021007758 0.5495264 0.8352122
 outer loop
  vertex 0.9365623 1.0184513 -0.5081454
  vertex 0.93828475 0.9468341 -0.46106827
  vertex 1.0396744 0.95562696 -0.46940374
 endloop
endfacet
facet normal -0.0135445 0.50864047 0.86087245
 outer loop
  vertex 0.9365623 1.0184513 -0.5081454
  vertex 1.0396744 0.95562696 -0.46940374
  vertex 1.0407817 1.0284902 -0.51243705
 endloop
endfacet
facet normal -0.054736182 0.8149153 0.57698977
 outer loop
  vertex 0.93458533 1.0653569 -0.57458025
  vertex 0.9365623 1.0184513 -0.5081454
  vertex 1.0407817 1.0284902 -0.51243705
 endloop
endfacet
facet normal -0.074089445 0.79699147 0.5994292
 outer loop
  vertex 0.93458533 1.0653569 -0.57458025
  vertex 1.0407817 1.0284902 -0.51243705
  vertex 1.0415045 1.0760492 -0.57558143
 endloop
endfacet
facet normal -0.09384326 0.9622984 0.25529456
 outer loop
  vertex 0.93373346 1.087104 -0.6568662
  vertex 0.93458533 1.0653569 -0.57458025
  vertex 1.0415045 1.0760492 -0.57558143
 endloop
endfacet
facet normal -0.0989573 0.96004415 0.2617684
 outer loop
  vertex 0.93373346 1.087104 -0.6568662
  vertex 1.0415045 1.0760492 -0.57558143
  vertex 1.0418351 1.0978022 -0.6552361
 endloop
endfacet
facet normal -0.33105135 0.91322005 0.23755875
 outer loop
  vertex 0.8302001 1.0504937 -0.6629103
  vertex 0.83233076 1.0295328 -0.57936335
  vertex 0.93458533 1.0653569 -0.57458025
 endloop
endfacet
facet normal -0.3359358 0.90975446 0.24391414
 outer loop
  vertex 0.8302001 1.0504937 -0.6629103
  vertex 0.93458533 1.0653569 -0.57458025
  vertex 0.93373346 1.087104 -0.6568662
 endloop
endfacet
facet normal -0.5509242 0.8072797 0.21161775
 outer loop
  vertex 0.7357816 0.9880265 -0.6723805
  vertex 0.7393432 0.96836644 -0.588109
  vertex 0.83233076 1.0295328 -0.57936335
 endloop
endfacet
facet normal -0.55372816 0.8042238 0.21589178
 outer loop
  vertex 0.7357816 0.9880265 -0.6723805
  vertex 0.83233076 1.0295328 -0.57936335
  vertex 0.8302001 1.0504937 -0.6629103
 endloop
endfacet
facet normal 0.36006168 0.7277903 0.5836754
 outer loop
  vertex 1.14805 1.0621493 -0.58343315
  vertex 1.1446638 1.0163393 -0.5242234
  vertex 1.2425622 0.9821947 -0.5420404
 endloop
endfacet
facet normal 0.35447687 0.72483814 0.5907248
 outer loop
  vertex 1.14805 1.0621493 -0.58343315
  vertex 1.2425622 0.9821947 -0.5420404
  vertex 1.2491829 1.0241847 -0.5975364
 endloop
endfacet
facet normal 0.31289262 0.45180488 0.83544636
 outer loop
  vertex 1.1446638 1.0163393 -0.5242234
  vertex 1.1407816 0.94585526 -0.48465204
  vertex 1.2346859 0.91792923 -0.50471896
 endloop
endfacet
facet normal 0.3091675 0.44897366 0.83835435
 outer loop
  vertex 1.1446638 1.0163393 -0.5242234
  vertex 1.2346859 0.91792923 -0.50471896
  vertex 1.2425622 0.9821947 -0.5420404
 endloop
endfacet
facet normal 0.54799235 0.6343036 0.5453103
 outer loop
  vertex 1.2491829 1.0241847 -0.5975364
  vertex 1.2425622 0.9821947 -0.5420404
  vertex 1.3294756 0.9256251 -0.5635797
 endloop
endfacet
facet normal 0.54633135 0.6337463 0.54762006
 outer loop
  vertex 1.2491829 1.0241847 -0.5975364
  vertex 1.3294756 0.9256251 -0.5635797
  vertex 1.3402948 0.96192676 -0.6163844
 endloop
endfacet
facet normal 0.4525606 0.40569997 0.79410094
 outer loop
  vertex 1.2425622 0.9821947 -0.5420404
  vertex 1.2346859 0.91792923 -0.50471896
  vertex 1.3153038 0.87202513 -0.5272113
 endloop
endfacet
facet normal 0.46221995 0.41095898 0.78578967
 outer loop
  vertex 1.2425622 0.9821947 -0.5420404
  vertex 1.3153038 0.87202513 -0.5272113
  vertex 1.3294756 0.9256251 -0.5635797
 endloop
endfacet
facet normal 0.14377744 0.9545 0.26126173
 outer loop
  vertex 1.0418351 1.0978022 -0.6552361
  vertex 1.0415045 1.0760492 -0.57558143
  vertex 1.14805 1.0621493 -0.58343315
 endloop
endfacet
facet normal 0.139521 0.953523 0.2670729
 outer loop
  vertex 1.0418351 1.0978022 -0.6552361
  vertex 1.14805 1.0621493 -0.58343315
  vertex 1.1495498 1.0830455 -0.6588218
 endloop
endfacet
facet normal 0.15964681 0.7876555 0.59507287
 outer loop
  vertex 1.0415045 1.0760492 -0.57558143
  vertex 1.0407817 1.0284902 -0.51243705
  vertex 1.1446638 1.0163393 -0.5242234
 endloop
endfacet
facet normal 0.14653128 0.7783061 0.6105474
 outer loop
  vertex 1.0415045 1.0760492 -0.57558143
  vertex 1.1446638 1.0163393 -0.5242234
  vertex 1.14805 1.0621493 -0.58343315
 endloop
endfacet
facet normal 0.17618886 0.49859267 0.8487419
 outer loop
  vertex 1.0407817 1.0284902 -0.51243705
  vertex 1.0396744 0.95562696 -0.46940374
  vertex 1.1407816 0.94585526 -0.48465204
 endloop
endfacet
facet normal 0.15398416 0.47724664 0.86517316
 outer loop
  vertex 1.0407817 1.0284902 -0.51243705
  vertex 1.1407816 0.94585526 -0.48465204
  vertex 1.1446638 1.0163393 -0.5242234
 endloop
endfacet
facet normal 0.19217023 0.22128004 0.9560888
 outer loop
  vertex 1.0396744 0.95562696 -0.46940374
  vertex 1.0381857 0.857676 -0.44643447
  vertex 1.1380244 0.850493 -0.46483922
 endloop
endfacet
facet normal 0.1647338 0.19607261 0.9666531
 outer loop
  vertex 1.0396744 0.95562696 -0.46940374
  vertex 1.1380244 0.850493 -0.46483922
  vertex 1.1407816 0.94585526 -0.48465204
 endloop
endfacet
facet normal 0.25814447 0.18936469 0.94736606
 outer loop
  vertex 1.1407816 0.94585526 -0.48465204
  vertex 1.1380244 0.850493 -0.46483922
  vertex 1.2299746 0.8299796 -0.48579407
 endloop
endfacet
facet normal 0.25886226 0.18992026 0.947059
 outer loop
  vertex 1.1407816 0.94585526 -0.48465204
  vertex 1.2299746 0.8299796 -0.48579407
  vertex 1.2346859 0.91792923 -0.50471896
 endloop
endfacet
facet normal 0.33791134 0.18065456 0.9236774
 outer loop
  vertex 1.2346859 0.91792923 -0.50471896
  vertex 1.2299746 0.8299796 -0.48579407
  vertex 1.306674 0.7989853 -0.5077913
 endloop
endfacet
facet normal 0.36656585 0.19837624 0.9089975
 outer loop
  vertex 1.2346859 0.91792923 -0.50471896
  vertex 1.306674 0.7989853 -0.5077913
  vertex 1.3153038 0.87202513 -0.5272113
 endloop
endfacet
facet normal 0.43125048 0.18389893 0.8832918
 outer loop
  vertex 1.3153038 0.87202513 -0.5272113
  vertex 1.306674 0.7989853 -0.5077913
  vertex 1.3566328 0.76928777 -0.5259998
 endloop
endfacet
facet normal 0.48932514 0.20683573 0.8472189
 outer loop
  vertex 1.3153038 0.87202513 -0.5272113
  vertex 1.3566328 0.76928777 -0.5259998
  vertex 1.3786525 0.8052019 -0.5474855
 endloop
endfacet
facet normal 0.5920023 0.33944532 0.73096526
 outer loop
  vertex 1.3294756 0.9256251 -0.5635797
  vertex 1.3153038 0.87202513 -0.5272113
  vertex 1.3786525 0.8052019 -0.5474855
 endloop
endfacet
facet normal 0.6015522 0.3421284 0.7218609
 outer loop
  vertex 1.3294756 0.9256251 -0.5635797
  vertex 1.3786525 0.8052019 -0.5474855
  vertex 1.4017713 0.8446417 -0.58544385
 endloop
endfacet
facet normal 0.711459 0.5025105 0.49123242
 outer loop
  vertex 1.3402948 0.96192676 -0.6163844
  vertex 1.3294756 0.9256251 -0.5635797
  vertex 1.4017713 0.8446417 -0.58544385
 endloop
endfacet
facet normal 0.70703053 0.5020008 0.49809942
 outer loop
  vertex 1.3402948 0.96192676 -0.6163844
  vertex 1.4017713 0.8446417 -0.58544385
  vertex 1.4174178 0.8745478 -0.63779366
 endloop
endfacet
facet normal 0.7577942 0.6164458 0.213875
 outer loop
  vertex 1.3444281 0.97989196 -0.68280965
  vertex 1.3402948 0.96192676 -0.6163844
  vertex 1.4174178 0.8745478 -0.63779366
 endloop
endfacet
facet normal 0.7536502 0.61791587 0.22403456
 outer loop
  vertex 1.3444281 0.97989196 -0.68280965
  vertex 1.4174178 0.8745478 -0.63779366
  vertex 1.4230372 0.8909818 -0.7020244
 endloop
endfacet
facet normal 0.5810494 0.7781067 0.2386033
 outer loop
  vertex 1.25193 1.0437706 -0.66809726
  vertex 1.2491829 1.0241847 -0.5975364
  vertex 1.3402948 0.96192676 -0.6163844
 endloop
endfacet
facet normal 0.5769629 0.7786852 0.24650188
 outer loop
  vertex 1.25193 1.0437706 -0.66809726
  vertex 1.3402948 0.96192676 -0.6163844
  vertex 1.3444281 0.97989196 -0.68280965
 endloop
endfacet
facet normal 0.37079147 0.89304745 0.25491154
 outer loop
  vertex 1.1495498 1.0830455 -0.6588218
  vertex 1.14805 1.0621493 -0.58343315
  vertex 1.2491829 1.0241847 -0.5975364
 endloop
endfacet
facet normal 0.36625543 0.8928419 0.26208845
 outer loop
  vertex 1.1495498 1.0830455 -0.6588218
  vertex 1.2491829 1.0241847 -0.5975364
  vertex 1.25193 1.0437706 -0.66809726
 endloop
endfacet
facet normal 0.30434877 0.8169312 -0.4898931
 outer loop
  vertex 1.1415954 0.9993923 -0.9251985
  vertex 1.1451905 1.0509897 -0.8369226
  vertex 1.2430739 1.015869 -0.83467823
 endloop
endfacet
facet normal 0.30160904 0.8195005 -0.48728934
 outer loop
  vertex 1.1415954 0.9993923 -0.9251985
  vertex 1.2430739 1.015869 -0.83467823
  vertex 1.235471 0.9695885 -0.9172165
 endloop
endfacet
facet normal 0.33022618 0.8985831 -0.28896213
 outer loop
  vertex 1.1451905 1.0509897 -0.8369226
  vertex 1.1483107 1.0793074 -0.74529755
  vertex 1.2494378 1.040952 -0.74900305
 endloop
endfacet
facet normal 0.32927528 0.89932054 -0.28775048
 outer loop
  vertex 1.1451905 1.0509897 -0.8369226
  vertex 1.2494378 1.040952 -0.74900305
  vertex 1.2430739 1.015869 -0.83467823
 endloop
endfacet
facet normal 0.47533566 0.74799865 -0.4631998
 outer loop
  vertex 1.235471 0.9695885 -0.9172165
  vertex 1.2430739 1.015869 -0.83467823
  vertex 1.3299873 0.95930785 -0.8368256
 endloop
endfacet
facet normal 0.4731396 0.751233 -0.4602042
 outer loop
  vertex 1.235471 0.9695885 -0.9172165
  vertex 1.3299873 0.95930785 -0.8368256
  vertex 1.3160743 0.92272085 -0.910854
 endloop
endfacet
facet normal 0.5224087 0.80710024 -0.27509707
 outer loop
  vertex 1.2430739 1.015869 -0.83467823
  vertex 1.2494378 1.040952 -0.74900305
  vertex 1.3405509 0.9787785 -0.7583887
 endloop
endfacet
facet normal 0.5203063 0.8098082 -0.2710942
 outer loop
  vertex 1.2430739 1.015869 -0.83467823
  vertex 1.3405509 0.9787785 -0.7583887
  vertex 1.3299873 0.95930785 -0.8368256
 endloop
endfacet
facet normal 0.12713768 0.7252573 -0.6766372
 outer loop
  vertex 1.0393543 0.9345699 -1.0138894
  vertex 1.0405164 1.0110254 -0.9317218
  vertex 1.1415954 0.9993923 -0.9251985
 endloop
endfacet
facet normal 0.13113162 0.7222744 -0.67906123
 outer loop
  vertex 1.0393543 0.9345699 -1.0138894
  vertex 1.1415954 0.9993923 -0.9251985
  vertex 1.139155 0.9248921 -1.0049108
 endloop
endfacet
facet normal 0.12810916 0.8553117 -0.50202584
 outer loop
  vertex 1.0405164 1.0110254 -0.9317218
  vertex 1.0413278 1.0644255 -0.840536
  vertex 1.1451905 1.0509897 -0.8369226
 endloop
endfacet
facet normal 0.13078295 0.8535944 -0.5042542
 outer loop
  vertex 1.0405164 1.0110254 -0.9317218
  vertex 1.1451905 1.0509897 -0.8369226
  vertex 1.1415954 0.9993923 -0.9251985
 endloop
endfacet
facet normal 0.13054799 0.9466699 -0.2945733
 outer loop
  vertex 1.0413278 1.0644255 -0.840536
  vertex 1.0417742 1.0937827 -0.745993
  vertex 1.1483107 1.0793074 -0.74529755
 endloop
endfacet
facet normal 0.13265948 0.9456832 -0.296791
 outer loop
  vertex 1.0413278 1.0644255 -0.840536
  vertex 1.1483107 1.0793074 -0.74529755
  vertex 1.1451905 1.0509897 -0.8369226
 endloop
endfacet
facet normal 0.13416311 0.9899848 -0.043935124
 outer loop
  vertex 1.0417742 1.0937827 -0.745993
  vertex 1.0418351 1.0978022 -0.6552361
  vertex 1.1495498 1.0830455 -0.6588218
 endloop
endfacet
facet normal 0.13478594 0.98986506 -0.044719886
 outer loop
  vertex 1.0417742 1.0937827 -0.745993
  vertex 1.1495498 1.0830455 -0.6588218
  vertex 1.1483107 1.0793074 -0.74529755
 endloop
endfacet
facet normal 0.3542058 0.9340623 -0.04545197
 outer loop
  vertex 1.1483107 1.0793074 -0.74529755
  vertex 1.1495498 1.0830455 -0.6588218
  vertex 1.25193 1.0437706 -0.66809726
 endloop
endfacet
facet normal 0.3529029 0.93465143 -0.04343193
 outer loop
  vertex 1.1483107 1.0793074 -0.74529755
  vertex 1.25193 1.0437706 -0.66809726
  vertex 1.2494378 1.040952 -0.74900305
 endloop
endfacet
facet normal 0.56267875 0.82539 -0.046087347
 outer loop
  vertex 1.2494378 1.040952 -0.74900305
  vertex 1.25193 1.0437706 -0.66809726
  vertex 1.3444281 0.97989196 -0.68280965
 endloop
endfacet
facet normal 0.56029946 0.82727826 -0.04093099
 outer loop
  vertex 1.2494378 1.040952 -0.74900305
  vertex 1.3444281 0.97989196 -0.68280965
  vertex 1.3405509 0.9787785 -0.7583887
 endloop
endfacet
facet normal 0.74314547 0.6674092 -0.047955606
 outer loop
  vertex 1.3405509 0.9787785 -0.7583887
  vertex 1.3444281 0.97989196 -0.68280965
  vertex 1.4230372 0.8909818 -0.7020244
 endloop
endfacet
facet normal 0.7414191 0.6697392 -0.041799735
 outer loop
  vertex 1.3405509 0.9787785 -0.7583887
  vertex 1.4230372 0.8909818 -0.7020244
  vertex 1.4176893 0.8924154 -0.77391124
 endloop
endfacet
facet normal 0.6965283 0.6688316 -0.2598321
 outer loop
  vertex 1.3299873 0.95930785 -0.8368256
  vertex 1.3405509 0.9787785 -0.7583887
  vertex 1.4176893 0.8924154 -0.77391124
 endloop
endfacet
facet normal 0.6961081 0.669959 -0.25804752
 outer loop
  vertex 1.3299873 0.95930785 -0.8368256
  vertex 1.4176893 0.8924154 -0.77391124
  vertex 1.4023131 0.8802863 -0.84688044
 endloop
endfacet
facet normal 0.63612205 0.63752544 -0.43463784
 outer loop
  vertex 1.3160743 0.92272085 -0.910854
  vertex 1.3299873 0.95930785 -0.8368256
  vertex 1.4023131 0.8802863 -0.84688044
 endloop
endfacet
facet normal 0.6362537 0.6370641 -0.43512133
 outer loop
  vertex 1.3160743 0.92272085 -0.910854
  vertex 1.4023131 0.8802863 -0.84688044
  vertex 1.3794484 0.8575821 -0.91355556
 endloop
endfacet
facet normal 0.57013166 0.5788655 -0.582979
 outer loop
  vertex 1.3077035 0.86672133 -0.97464466
  vertex 1.3160743 0.92272085 -0.910854
  vertex 1.3794484 0.8575821 -0.91355556
 endloop
endfacet
facet normal 0.558559 0.60713017 -0.56515914
 outer loop
  vertex 1.3077035 0.86672133 -0.97464466
  vertex 1.3794484 0.8575821 -0.91355556
  vertex 1.3576185 0.8341419 -0.96031153
 endloop
endfacet
facet normal 0.4275622 0.6500426 -0.6282
 outer loop
  vertex 1.2310553 0.90107954 -0.99111295
  vertex 1.235471 0.9695885 -0.9172165
  vertex 1.3160743 0.92272085 -0.910854
 endloop
endfacet
facet normal 0.42673063 0.6511504 -0.6276178
 outer loop
  vertex 1.2310553 0.90107954 -0.99111295
  vertex 1.3160743 0.92272085 -0.910854
  vertex 1.3077035 0.86672133 -0.97464466
 endloop
endfacet
facet normal 0.27763885 0.69761133 -0.660496
 outer loop
  vertex 1.139155 0.9248921 -1.0049108
  vertex 1.1415954 0.9993923 -0.9251985
  vertex 1.235471 0.9695885 -0.9172165
 endloop
endfacet
facet normal 0.27960935 0.69569606 -0.66168404
 outer loop
  vertex 1.139155 0.9248921 -1.0049108
  vertex 1.235471 0.9695885 -0.9172165
  vertex 1.2310553 0.90107954 -0.99111295
 endloop
endfacet
facet normal -0.25827986 0.07551672 0.9631141
 outer loop
  vertex -1.3126816 0.699486 -0.5016006
  vertex -1.3241224 0.5733936 -0.49478197
  vertex -1.2364461 0.5797698 -0.47176963
 endloop
endfacet
facet normal -0.27163693 0.06626383 0.96011585
 outer loop
  vertex -1.3126816 0.699486 -0.5016006
  vertex -1.2364461 0.5797698 -0.47176963
  vertex -1.2316225 0.71636415 -0.47983217
 endloop
endfacet
facet normal -0.2308223 0.065452665 0.97079194
 outer loop
  vertex -1.2316225 0.71636415 -0.47983217
  vertex -1.2364461 0.5797698 -0.47176963
  vertex -1.1381272 0.5862384 -0.44882876
 endloop
endfacet
facet normal -0.22935544 0.06657129 0.9710635
 outer loop
  vertex -1.2316225 0.71636415 -0.47983217
  vertex -1.1381272 0.5862384 -0.44882876
  vertex -1.1374947 0.7295724 -0.45850563
 endloop
endfacet
facet normal -0.2892197 0.15721542 0.9442644
 outer loop
  vertex -1.3241224 0.5733936 -0.49478197
  vertex -1.3321328 0.42487484 -0.47250783
  vertex -1.240067 0.42436472 -0.44422397
 endloop
endfacet
facet normal -0.26182505 0.17435314 0.94923586
 outer loop
  vertex -1.3241224 0.5733936 -0.49478197
  vertex -1.240067 0.42436472 -0.44422397
  vertex -1.2364461 0.5797698 -0.47176963
 endloop
endfacet
facet normal -0.25085244 0.1746134 0.9521466
 outer loop
  vertex -1.2364461 0.5797698 -0.47176963
  vertex -1.240067 0.42436472 -0.44422397
  vertex -1.1383724 0.42538238 -0.41761816
 endloop
endfacet
facet normal -0.23484173 0.18549398 0.9541705
 outer loop
  vertex -1.2364461 0.5797698 -0.47176963
  vertex -1.1383724 0.42538238 -0.41761816
  vertex -1.1381272 0.5862384 -0.44882876
 endloop
endfacet
facet normal -0.37307668 0.08794105 0.9236234
 outer loop
  vertex -1.3566328 0.76928777 -0.5259998
  vertex -1.3769413 0.69261426 -0.5269026
  vertex -1.3126816 0.699486 -0.5016006
 endloop
endfacet
facet normal -0.38316172 0.08038613 0.9201766
 outer loop
  vertex -1.3566328 0.76928777 -0.5259998
  vertex -1.3126816 0.699486 -0.5016006
  vertex -1.306674 0.7989853 -0.5077913
 endloop
endfacet
facet normal -0.2733692 0.0761657 0.95888895
 outer loop
  vertex -1.306674 0.7989853 -0.5077913
  vertex -1.3126816 0.699486 -0.5016006
  vertex -1.2316225 0.71636415 -0.47983217
 endloop
endfacet
facet normal -0.2955035 0.05433563 0.95379525
 outer loop
  vertex -1.306674 0.7989853 -0.5077913
  vertex -1.2316225 0.71636415 -0.47983217
  vertex -1.2299746 0.8299796 -0.48579407
 endloop
endfacet
facet normal -0.22788718 0.054319214 0.97217125
 outer loop
  vertex -1.2299746 0.8299796 -0.48579407
  vertex -1.2316225 0.71636415 -0.47983217
  vertex -1.1374947 0.7295724 -0.45850563
 endloop
endfacet
facet normal -0.23248088 0.04985748 0.9713223
 outer loop
  vertex -1.2299746 0.8299796 -0.48579407
  vertex -1.1374947 0.7295724 -0.45850563
  vertex -1.1380244 0.850493 -0.46483922
 endloop
endfacet
facet normal -0.21205205 0.050190352 0.9759687
 outer loop
  vertex -1.1380244 0.850493 -0.46483922
  vertex -1.1374947 0.7295724 -0.45850563
  vertex -1.0363127 0.7344298 -0.43677127
 endloop
endfacet
facet normal -0.18593931 0.07399376 0.9797712
 outer loop
  vertex -1.1380244 0.850493 -0.46483922
  vertex -1.0363127 0.7344298 -0.43677127
  vertex -1.0381857 0.857676 -0.44643447
 endloop
endfacet
facet normal -0.23545484 0.06649991 0.96960753
 outer loop
  vertex -1.1374947 0.7295724 -0.45850563
  vertex -1.1381272 0.5862384 -0.44882876
  vertex -1.0341012 0.5889169 -0.4237513
 endloop
endfacet
facet normal -0.21312095 0.08385928 0.9734203
 outer loop
  vertex -1.1374947 0.7295724 -0.45850563
  vertex -1.0341012 0.5889169 -0.4237513
  vertex -1.0363127 0.7344298 -0.43677127
 endloop
endfacet
facet normal -0.23743168 0.18537791 0.9535519
 outer loop
  vertex -1.1381272 0.5862384 -0.44882876
  vertex -1.1383724 0.42538238 -0.41761816
  vertex -1.0316201 0.42567468 -0.39109397
 endloop
endfacet
facet normal -0.23476444 0.18725291 0.9538459
 outer loop
  vertex -1.1381272 0.5862384 -0.44882876
  vertex -1.0316201 0.42567468 -0.39109397
  vertex -1.0341012 0.5889169 -0.4237513
 endloop
endfacet
facet normal -0.18612282 0.29052892 0.93859005
 outer loop
  vertex -1.1383724 0.42538238 -0.41761816
  vertex -1.1368985 0.2506116 -0.36322775
  vertex -1.0289687 0.25120717 -0.34200957
 endloop
endfacet
facet normal -0.2335078 0.26004735 0.93693626
 outer loop
  vertex -1.1383724 0.42538238 -0.41761816
  vertex -1.0289687 0.25120717 -0.34200957
  vertex -1.0316201 0.42567468 -0.39109397
 endloop
endfacet
facet normal -0.24442005 0.28668314 0.9263215
 outer loop
  vertex -1.240067 0.42436472 -0.44422397
  vertex -1.2399098 0.25285742 -0.39110345
  vertex -1.1368985 0.2506116 -0.36322775
 endloop
endfacet
facet normal -0.24519819 0.28619552 0.9262667
 outer loop
  vertex -1.240067 0.42436472 -0.44422397
  vertex -1.1368985 0.2506116 -0.36322775
  vertex -1.1383724 0.42538238 -0.41761816
 endloop
endfacet
facet normal -0.3266068 0.25552323 0.9099648
 outer loop
  vertex -1.3321328 0.42487484 -0.47250783
  vertex -1.3334582 0.2580774 -0.42614588
  vertex -1.2399098 0.25285742 -0.39110345
 endloop
endfacet
facet normal -0.28015786 0.28377882 0.91705024
 outer loop
  vertex -1.3321328 0.42487484 -0.47250783
  vertex -1.2399098 0.25285742 -0.39110345
  vertex -1.240067 0.42436472 -0.44422397
 endloop
endfacet
facet normal -0.46298352 0.20258096 0.8629063
 outer loop
  vertex -1.4106568 0.42966753 -0.5078495
  vertex -1.4135431 0.26628888 -0.4710424
  vertex -1.3334582 0.2580774 -0.42614588
 endloop
endfacet
facet normal -0.38465425 0.25003272 0.888552
 outer loop
  vertex -1.4106568 0.42966753 -0.5078495
  vertex -1.3334582 0.2580774 -0.42614588
  vertex -1.3321328 0.42487484 -0.47250783
 endloop
endfacet
facet normal -0.3996872 0.13606194 0.9064973
 outer loop
  vertex -1.3976592 0.57406497 -0.5237922
  vertex -1.4106568 0.42966753 -0.5078495
  vertex -1.3321328 0.42487484 -0.47250783
 endloop
endfacet
facet normal -0.3611624 0.15732694 0.91913545
 outer loop
  vertex -1.3976592 0.57406497 -0.5237922
  vertex -1.3321328 0.42487484 -0.47250783
  vertex -1.3241224 0.5733936 -0.49478197
 endloop
endfacet
facet normal -0.36485347 0.088081405 0.9268892
 outer loop
  vertex -1.3769413 0.69261426 -0.5269026
  vertex -1.3976592 0.57406497 -0.5237922
  vertex -1.3241224 0.5733936 -0.49478197
 endloop
endfacet
facet normal -0.37282544 0.083800666 0.9241097
 outer loop
  vertex -1.3769413 0.69261426 -0.5269026
  vertex -1.3241224 0.5733936 -0.49478197
  vertex -1.3126816 0.699486 -0.5016006
 endloop
endfacet
facet normal -0.13129205 0.114789434 0.98467547
 outer loop
  vertex -0.93497705 0.7291845 -0.41785502
  vertex -0.9299842 0.5856237 -0.40045357
  vertex -0.8314589 0.5785257 -0.3864892
 endloop
endfacet
facet normal -0.0929935 0.14129494 0.9855902
 outer loop
  vertex -0.93497705 0.7291845 -0.41785502
  vertex -0.8314589 0.5785257 -0.3864892
  vertex -0.8404442 0.715756 -0.40701044
 endloop
endfacet
facet normal 0.04884497 0.1508451 0.9873499
 outer loop
  vertex -0.8404442 0.715756 -0.40701044
  vertex -0.8314589 0.5785257 -0.3864892
  vertex -0.74358785 0.57207227 -0.38985032
 endloop
endfacet
facet normal 0.064911254 0.1613657 0.98475766
 outer loop
  vertex -0.8404442 0.715756 -0.40701044
  vertex -0.74358785 0.57207227 -0.38985032
  vertex -0.75887716 0.69919395 -0.4096731
 endloop
endfacet
facet normal -0.0923471 0.18743257 0.9779269
 outer loop
  vertex -0.9299842 0.5856237 -0.40045357
  vertex -0.92483735 0.42395633 -0.36898187
  vertex -0.8230994 0.42212453 -0.3590235
 endloop
endfacet
facet normal -0.1267457 0.16499317 0.9781169
 outer loop
  vertex -0.9299842 0.5856237 -0.40045357
  vertex -0.8230994 0.42212453 -0.3590235
  vertex -0.8314589 0.5785257 -0.3864892
 endloop
endfacet
facet normal 0.095651485 0.1771281 0.97952867
 outer loop
  vertex -0.8314589 0.5785257 -0.3864892
  vertex -0.8230994 0.42212453 -0.3590235
  vertex -0.73105705 0.4231512 -0.36819714
 endloop
endfacet
facet normal 0.048634153 0.14772344 0.98783225
 outer loop
  vertex -0.8314589 0.5785257 -0.3864892
  vertex -0.73105705 0.4231512 -0.36819714
  vertex -0.74358785 0.57207227 -0.38985032
 endloop
endfacet
facet normal -0.17928162 0.074191 0.9809964
 outer loop
  vertex -1.0381857 0.857676 -0.44643447
  vertex -1.0363127 0.7344298 -0.43677127
  vertex -0.93497705 0.7291845 -0.41785502
 endloop
endfacet
facet normal -0.121904135 0.12119454 0.9851149
 outer loop
  vertex -1.0381857 0.857676 -0.44643447
  vertex -0.93497705 0.7291845 -0.41785502
  vertex -0.93812895 0.8505237 -0.4331729
 endloop
endfacet
facet normal -0.09596359 0.12221411 0.9878536
 outer loop
  vertex -0.93812895 0.8505237 -0.4331729
  vertex -0.93497705 0.7291845 -0.41785502
  vertex -0.8404442 0.715756 -0.40701044
 endloop
endfacet
facet normal -0.018815119 0.17737892 0.9839627
 outer loop
  vertex -0.93812895 0.8505237 -0.4331729
  vertex -0.8404442 0.715756 -0.40701044
  vertex -0.8455567 0.8301007 -0.4277211
 endloop
endfacet
facet normal 0.06873418 0.18077831 0.98111916
 outer loop
  vertex -0.8455567 0.8301007 -0.4277211
  vertex -0.8404442 0.715756 -0.40701044
  vertex -0.75887716 0.69919395 -0.4096731
 endloop
endfacet
facet normal 0.14268896 0.22729273 0.96331614
 outer loop
  vertex -0.8455567 0.8301007 -0.4277211
  vertex -0.75887716 0.69919395 -0.4096731
  vertex -0.7679241 0.7996911 -0.43204516
 endloop
endfacet
facet normal 0.3108535 0.23310652 0.92142904
 outer loop
  vertex -0.7679241 0.7996911 -0.43204516
  vertex -0.75887716 0.69919395 -0.4096731
  vertex -0.69442207 0.69322425 -0.42990744
 endloop
endfacet
facet normal 0.31130308 0.23341228 0.9211998
 outer loop
  vertex -0.7679241 0.7996911 -0.43204516
  vertex -0.69442207 0.69322425 -0.42990744
  vertex -0.71707153 0.7705762 -0.44185278
 endloop
endfacet
facet normal 0.317568 0.18327038 0.9303562
 outer loop
  vertex -0.75887716 0.69919395 -0.4096731
  vertex -0.74358785 0.57207227 -0.38985032
  vertex -0.67008364 0.57353586 -0.41522858
 endloop
endfacet
facet normal 0.30968964 0.17753704 0.9341162
 outer loop
  vertex -0.75887716 0.69919395 -0.4096731
  vertex -0.67008364 0.57353586 -0.41522858
  vertex -0.69442207 0.69322425 -0.42990744
 endloop
endfacet
facet normal 0.3656115 0.16398105 0.91620874
 outer loop
  vertex -0.74358785 0.57207227 -0.38985032
  vertex -0.73105705 0.4231512 -0.36819714
  vertex -0.6527041 0.4295978 -0.40061754
 endloop
endfacet
facet normal 0.321034 0.13393252 0.9375496
 outer loop
  vertex -0.74358785 0.57207227 -0.38985032
  vertex -0.6527041 0.4295978 -0.40061754
  vertex -0.67008364 0.57353586 -0.41522858
 endloop
endfacet
facet normal 0.44624615 0.12193316 0.8865645
 outer loop
  vertex -0.73105705 0.4231512 -0.36819714
  vertex -0.72483253 0.26758233 -0.34993413
  vertex -0.6450306 0.27800775 -0.39153573
 endloop
endfacet
facet normal 0.37604734 0.07436939 0.9236111
 outer loop
  vertex -0.73105705 0.4231512 -0.36819714
  vertex -0.6450306 0.27800775 -0.39153573
  vertex -0.6527041 0.4295978 -0.40061754
 endloop
endfacet
facet normal 0.18392882 0.17385258 0.9674428
 outer loop
  vertex -0.8230994 0.42212453 -0.3590235
  vertex -0.81818444 0.25988123 -0.3308023
  vertex -0.72483253 0.26758233 -0.34993413
 endloop
endfacet
facet normal 0.09713692 0.11987585 0.98802537
 outer loop
  vertex -0.8230994 0.42212453 -0.3590235
  vertex -0.72483253 0.26758233 -0.34993413
  vertex -0.73105705 0.4231512 -0.36819714
 endloop
endfacet
facet normal -0.0022939448 0.22522524 0.97430396
 outer loop
  vertex -0.92483735 0.42395633 -0.36898187
  vertex -0.92107815 0.2544018 -0.3297779
  vertex -0.81818444 0.25988123 -0.3308023
 endloop
endfacet
facet normal -0.09303938 0.16789086 0.9814052
 outer loop
  vertex -0.92483735 0.42395633 -0.36898187
  vertex -0.81818444 0.25988123 -0.3308023
  vertex -0.8230994 0.42212453 -0.3590235
 endloop
endfacet
facet normal -0.116361186 0.26734555 0.9565493
 outer loop
  vertex -1.0316201 0.42567468 -0.39109397
  vertex -1.0289687 0.25120717 -0.34200957
  vertex -0.92107815 0.2544018 -0.3297779
 endloop
endfacet
facet normal -0.19460016 0.21686994 0.95660764
 outer loop
  vertex -1.0316201 0.42567468 -0.39109397
  vertex -0.92107815 0.2544018 -0.3297779
  vertex -0.92483735 0.42395633 -0.36898187
 endloop
endfacet
facet normal -0.19617525 0.18948793 0.96208614
 outer loop
  vertex -1.0341012 0.5889169 -0.4237513
  vertex -1.0316201 0.42567468 -0.39109397
  vertex -0.92483735 0.42395633 -0.36898187
 endloop
endfacet
facet normal -0.20934308 0.18042302 0.961053
 outer loop
  vertex -1.0341012 0.5889169 -0.4237513
  vertex -0.92483735 0.42395633 -0.36898187
  vertex -0.9299842 0.5856237 -0.40045357
 endloop
endfacet
facet normal -0.21507213 0.08379174 0.9729969
 outer loop
  vertex -1.0363127 0.7344298 -0.43677127
  vertex -1.0341012 0.5889169 -0.4237513
  vertex -0.9299842 0.5856237 -0.40045357
 endloop
endfacet
facet normal -0.17671311 0.11237949 0.9778258
 outer loop
  vertex -1.0363127 0.7344298 -0.43677127
  vertex -0.9299842 0.5856237 -0.40045357
  vertex -0.93497705 0.7291845 -0.41785502
 endloop
endfacet
facet normal 0.2655655 0.051117994 0.96273667
 outer loop
  vertex -0.91971004 0.08658725 -0.29308686
  vertex -0.92001784 -0.07014784 -0.28467986
  vertex -0.82192236 -0.048966736 -0.3128636
 endloop
endfacet
facet normal 0.1704994 -0.020730505 0.98513967
 outer loop
  vertex -0.91971004 0.08658725 -0.29308686
  vertex -0.82192236 -0.048966736 -0.3128636
  vertex -0.81821877 0.1009808 -0.3103492
 endloop
endfacet
facet normal 0.44741702 -0.02604099 0.89394623
 outer loop
  vertex -0.81821877 0.1009808 -0.3103492
  vertex -0.82192236 -0.048966736 -0.3128636
  vertex -0.7345047 -0.025594056 -0.35593498
 endloop
endfacet
facet normal 0.35836354 -0.097379945 0.92848945
 outer loop
  vertex -0.81821877 0.1009808 -0.3103492
  vertex -0.7345047 -0.025594056 -0.35593498
  vertex -0.7264015 0.116824284 -0.3441257
 endloop
endfacet
facet normal 0.36433005 -0.22959824 0.9025233
 outer loop
  vertex -0.92001784 -0.07014784 -0.28467986
  vertex -0.9206684 -0.21230549 -0.32058156
  vertex -0.82677966 -0.18335319 -0.35111716
 endloop
endfacet
facet normal 0.319298 -0.27010465 0.9083459
 outer loop
  vertex -0.92001784 -0.07014784 -0.28467986
  vertex -0.82677966 -0.18335319 -0.35111716
  vertex -0.82192236 -0.048966736 -0.3128636
 endloop
endfacet
facet normal 0.51743644 -0.25152633 0.81792057
 outer loop
  vertex -0.82192236 -0.048966736 -0.3128636
  vertex -0.82677966 -0.18335319 -0.35111716
  vertex -0.7459767 -0.14963883 -0.39186728
 endloop
endfacet
facet normal 0.48384088 -0.28448707 0.8276262
 outer loop
  vertex -0.82192236 -0.048966736 -0.3128636
  vertex -0.7459767 -0.14963883 -0.39186728
  vertex -0.7345047 -0.025594056 -0.35593498
 endloop
endfacet
facet normal -0.008798692 0.27949083 0.960108
 outer loop
  vertex -1.0289687 0.25120717 -0.34200957
  vertex -1.0263243 0.077213496 -0.29133517
  vertex -0.91971004 0.08658725 -0.29308686
 endloop
endfacet
facet normal -0.11628071 0.21124095 0.9704927
 outer loop
  vertex -1.0289687 0.25120717 -0.34200957
  vertex -0.91971004 0.08658725 -0.29308686
  vertex -0.92107815 0.2544018 -0.3297779
 endloop
endfacet
facet normal 0.13444866 0.21270134 0.96782327
 outer loop
  vertex -0.92107815 0.2544018 -0.3297779
  vertex -0.91971004 0.08658725 -0.29308686
  vertex -0.81821877 0.1009808 -0.3103492
 endloop
endfacet
facet normal 0.0030759342 0.12766197 0.991813
 outer loop
  vertex -0.92107815 0.2544018 -0.3297779
  vertex -0.81821877 0.1009808 -0.3103492
  vertex -0.81818444 0.25988123 -0.3308023
 endloop
endfacet
facet normal 0.32431287 0.12069407 0.9382186
 outer loop
  vertex -0.81818444 0.25988123 -0.3308023
  vertex -0.81821877 0.1009808 -0.3103492
  vertex -0.7264015 0.116824284 -0.3441257
 endloop
endfacet
facet normal 0.19781652 0.03568314 0.9795894
 outer loop
  vertex -0.81818444 0.25988123 -0.3308023
  vertex -0.7264015 0.116824284 -0.3441257
  vertex -0.72483253 0.26758233 -0.34993413
 endloop
endfacet
facet normal 0.55137336 0.02638817 0.83384115
 outer loop
  vertex -0.72483253 0.26758233 -0.34993413
  vertex -0.7264015 0.116824284 -0.3441257
  vertex -0.6481637 0.13084666 -0.39630383
 endloop
endfacet
facet normal 0.46588013 -0.038560927 0.8840072
 outer loop
  vertex -0.72483253 0.26758233 -0.34993413
  vertex -0.6481637 0.13084666 -0.39630383
  vertex -0.6450306 0.27800775 -0.39153573
 endloop
endfacet
facet normal 0.6405795 -0.09958281 0.7614073
 outer loop
  vertex -0.7264015 0.116824284 -0.3441257
  vertex -0.7345047 -0.025594056 -0.35593498
  vertex -0.66125274 -0.0075202286 -0.41519874
 endloop
endfacet
facet normal 0.5675045 -0.16387135 0.80689824
 outer loop
  vertex -0.7264015 0.116824284 -0.3441257
  vertex -0.66125274 -0.0075202286 -0.41519874
  vertex -0.6481637 0.13084666 -0.39630383
 endloop
endfacet
facet normal 0.6671396 -0.26353106 0.6967612
 outer loop
  vertex -0.7345047 -0.025594056 -0.35593498
  vertex -0.7459767 -0.14963883 -0.39186728
  vertex -0.68197745 -0.12562361 -0.4440626
 endloop
endfacet
facet normal 0.644343 -0.28636798 0.70909476
 outer loop
  vertex -0.7345047 -0.025594056 -0.35593498
  vertex -0.68197745 -0.12562361 -0.4440626
  vertex -0.66125274 -0.0075202286 -0.41519874
 endloop
endfacet
facet normal 0.65589756 -0.39461306 0.6434896
 outer loop
  vertex -0.7459767 -0.14963883 -0.39186728
  vertex -0.7520541 -0.2445274 -0.44386208
  vertex -0.7022778 -0.20282793 -0.46902645
 endloop
endfacet
facet normal 0.66592413 -0.3822519 0.640647
 outer loop
  vertex -0.7459767 -0.14963883 -0.39186728
  vertex -0.7022778 -0.20282793 -0.46902645
  vertex -0.68197745 -0.12562361 -0.4440626
 endloop
endfacet
facet normal 0.54783237 -0.42409527 0.7211261
 outer loop
  vertex -0.82677966 -0.18335319 -0.35111716
  vertex -0.8285079 -0.29167986 -0.4135113
  vertex -0.7520541 -0.2445274 -0.44386208
 endloop
endfacet
facet normal 0.5431197 -0.42997634 0.7212082
 outer loop
  vertex -0.82677966 -0.18335319 -0.35111716
  vertex -0.7520541 -0.2445274 -0.44386208
  vertex -0.7459767 -0.14963883 -0.39186728
 endloop
endfacet
facet normal 0.4090397 -0.45269045 0.7923117
 outer loop
  vertex -0.9206684 -0.21230549 -0.32058156
  vertex -0.9202093 -0.32856548 -0.3872442
  vertex -0.8285079 -0.29167986 -0.4135113
 endloop
endfacet
facet normal 0.39994195 -0.46223745 0.79144365
 outer loop
  vertex -0.9206684 -0.21230549 -0.32058156
  vertex -0.8285079 -0.29167986 -0.4135113
  vertex -0.82677966 -0.18335319 -0.35111716
 endloop
endfacet
facet normal 0.24530339 -0.47015947 0.84780675
 outer loop
  vertex -1.0216641 -0.2294206 -0.30290762
  vertex -1.0198473 -0.34896958 -0.36973035
  vertex -0.9202093 -0.32856548 -0.3872442
 endloop
endfacet
facet normal 0.22974356 -0.48343447 0.8446946
 outer loop
  vertex -1.0216641 -0.2294206 -0.30290762
  vertex -0.9202093 -0.32856548 -0.3872442
  vertex -0.9206684 -0.21230549 -0.32058156
 endloop
endfacet
facet normal 0.20137183 -0.19758381 0.95938003
 outer loop
  vertex -1.0238802 -0.08360273 -0.27241135
  vertex -1.0216641 -0.2294206 -0.30290762
  vertex -0.9206684 -0.21230549 -0.32058156
 endloop
endfacet
facet normal 0.14476886 -0.24290374 0.959187
 outer loop
  vertex -1.0238802 -0.08360273 -0.27241135
  vertex -0.9206684 -0.21230549 -0.32058156
  vertex -0.92001784 -0.07014784 -0.28467986
 endloop
endfacet
facet normal 0.101428576 0.1177848 0.98784566
 outer loop
  vertex -1.0263243 0.077213496 -0.29133517
  vertex -1.0238802 -0.08360273 -0.27241135
  vertex -0.92001784 -0.07014784 -0.28467986
 endloop
endfacet
facet normal 0.0116986055 0.053534687 0.9984974
 outer loop
  vertex -1.0263243 0.077213496 -0.29133517
  vertex -0.92001784 -0.07014784 -0.28467986
  vertex -0.91971004 0.08658725 -0.29308686
 endloop
endfacet
facet normal -0.3894433 0.15108538 0.9085742
 outer loop
  vertex -1.3270366 0.089551985 -0.37208295
  vertex -1.3144573 -0.0625433 -0.34139937
  vertex -1.2264619 -0.07718274 -0.30124742
 endloop
endfacet
facet normal -0.38180724 0.15666564 0.9108672
 outer loop
  vertex -1.3270366 0.089551985 -0.37208295
  vertex -1.2264619 -0.07718274 -0.30124742
  vertex -1.2348362 0.08018696 -0.33182466
 endloop
endfacet
facet normal -0.21371439 0.17535706 0.96102864
 outer loop
  vertex -1.2348362 0.08018696 -0.33182466
  vertex -1.2264619 -0.07718274 -0.30124742
  vertex -1.1279172 -0.08556947 -0.27780265
 endloop
endfacet
facet normal -0.24901013 0.15115719 0.9566323
 outer loop
  vertex -1.2348362 0.08018696 -0.33182466
  vertex -1.1279172 -0.08556947 -0.27780265
  vertex -1.1330522 0.075318575 -0.30456117
 endloop
endfacet
facet normal -0.3986382 -0.10991832 0.9104975
 outer loop
  vertex -1.3144573 -0.0625433 -0.34139937
  vertex -1.2991331 -0.19197875 -0.35031593
  vertex -1.2174495 -0.21619838 -0.31747675
 endloop
endfacet
facet normal -0.4295936 -0.13213865 0.89330214
 outer loop
  vertex -1.3144573 -0.0625433 -0.34139937
  vertex -1.2174495 -0.21619838 -0.31747675
  vertex -1.2264619 -0.07718274 -0.30124742
 endloop
endfacet
facet normal -0.18533182 -0.12579331 0.97459126
 outer loop
  vertex -1.2264619 -0.07718274 -0.30124742
  vertex -1.2174495 -0.21619838 -0.31747675
  vertex -1.1229037 -0.23048323 -0.30134135
 endloop
endfacet
facet normal -0.24149254 -0.16372013 0.956492
 outer loop
  vertex -1.2264619 -0.07718274 -0.30124742
  vertex -1.1229037 -0.23048323 -0.30134135
  vertex -1.1279172 -0.08556947 -0.27780265
 endloop
endfacet
facet normal -0.5278075 0.20339923 0.82465017
 outer loop
  vertex -1.4135431 0.26628888 -0.4710424
  vertex -1.4056518 0.100357965 -0.42506495
  vertex -1.3270366 0.089551985 -0.37208295
 endloop
endfacet
facet normal -0.4524563 0.2567329 0.8540325
 outer loop
  vertex -1.4135431 0.26628888 -0.4710424
  vertex -1.3270366 0.089551985 -0.37208295
  vertex -1.3334582 0.2580774 -0.42614588
 endloop
endfacet
facet normal -0.36167976 0.27226332 0.8916616
 outer loop
  vertex -1.3334582 0.2580774 -0.42614588
  vertex -1.3270366 0.089551985 -0.37208295
  vertex -1.2348362 0.08018696 -0.33182466
 endloop
endfacet
facet normal -0.32003248 0.2992012 0.89892036
 outer loop
  vertex -1.3334582 0.2580774 -0.42614588
  vertex -1.2348362 0.08018696 -0.33182466
  vertex -1.2399098 0.25285742 -0.39110345
 endloop
endfacet
facet normal -0.23216222 0.30972293 0.922048
 outer loop
  vertex -1.2399098 0.25285742 -0.39110345
  vertex -1.2348362 0.08018696 -0.33182466
  vertex -1.1330522 0.075318575 -0.30456117
 endloop
endfacet
facet normal -0.24276394 0.303086 0.9215229
 outer loop
  vertex -1.2399098 0.25285742 -0.39110345
  vertex -1.1330522 0.075318575 -0.30456117
  vertex -1.1368985 0.2506116 -0.36322775
 endloop
endfacet
facet normal -0.1222833 0.3125788 0.941988
 outer loop
  vertex -1.1368985 0.2506116 -0.36322775
  vertex -1.1330522 0.075318575 -0.30456117
  vertex -1.0263243 0.077213496 -0.29133517
 endloop
endfacet
facet normal -0.18706876 0.27206677 0.94391996
 outer loop
  vertex -1.1368985 0.2506116 -0.36322775
  vertex -1.0263243 0.077213496 -0.29133517
  vertex -1.0289687 0.25120717 -0.34200957
 endloop
endfacet
facet normal -0.054123502 0.1621423 0.9852819
 outer loop
  vertex -1.1330522 0.075318575 -0.30456117
  vertex -1.1279172 -0.08556947 -0.27780265
  vertex -1.0238802 -0.08360273 -0.27241135
 endloop
endfacet
facet normal -0.124173634 0.11410116 0.9856784
 outer loop
  vertex -1.1330522 0.075318575 -0.30456117
  vertex -1.0238802 -0.08360273 -0.27241135
  vertex -1.0263243 0.077213496 -0.29133517
 endloop
endfacet
facet normal 0.016946571 -0.15973692 0.9870142
 outer loop
  vertex -1.1279172 -0.08556947 -0.27780265
  vertex -1.1229037 -0.23048323 -0.30134135
  vertex -1.0216641 -0.2294206 -0.30290762
 endloop
endfacet
facet normal -0.046782106 -0.20516743 0.9776082
 outer loop
  vertex -1.1279172 -0.08556947 -0.27780265
  vertex -1.0216641 -0.2294206 -0.30290762
  vertex -1.0238802 -0.08360273 -0.27241135
 endloop
endfacet
facet normal 0.044610407 -0.47001004 0.881533
 outer loop
  vertex -1.1229037 -0.23048323 -0.30134135
  vertex -1.1197948 -0.34899276 -0.36468482
  vertex -1.0198473 -0.34896958 -0.36973035
 endloop
endfacet
facet normal 0.018621985 -0.48760986 0.872863
 outer loop
  vertex -1.1229037 -0.23048323 -0.30134135
  vertex -1.0198473 -0.34896958 -0.36973035
  vertex -1.0216641 -0.2294206 -0.30290762
 endloop
endfacet
facet normal -0.18447338 -0.4468541 0.87538046
 outer loop
  vertex -1.2174495 -0.21619838 -0.31747675
  vertex -1.2123716 -0.32827312 -0.37361726
  vertex -1.1197948 -0.34899276 -0.36468482
 endloop
endfacet
facet normal -0.21672493 -0.46460205 0.8585891
 outer loop
  vertex -1.2174495 -0.21619838 -0.31747675
  vertex -1.1197948 -0.34899276 -0.36468482
  vertex -1.1229037 -0.23048323 -0.30134135
 endloop
endfacet
facet normal -0.4127715 -0.40245363 0.81709903
 outer loop
  vertex -1.2991331 -0.19197875 -0.35031593
  vertex -1.2901115 -0.29081196 -0.39443782
  vertex -1.2123716 -0.32827312 -0.37361726
 endloop
endfacet
facet normal -0.44279903 -0.4175291 0.7934724
 outer loop
  vertex -1.2991331 -0.19197875 -0.35031593
  vertex -1.2123716 -0.32827312 -0.37361726
  vertex -1.2174495 -0.21619838 -0.31747675
 endloop
endfacet
facet normal -0.5752838 -0.3352159 0.7461091
 outer loop
  vertex -1.3637819 -0.17325723 -0.3984254
  vertex -1.3410981 -0.25287616 -0.41670674
  vertex -1.2901115 -0.29081196 -0.39443782
 endloop
endfacet
facet normal -0.62146884 -0.3659711 0.692706
 outer loop
  vertex -1.3637819 -0.17325723 -0.3984254
  vertex -1.2901115 -0.29081196 -0.39443782
  vertex -1.2991331 -0.19197875 -0.35031593
 endloop
endfacet
facet normal -0.6162422 -0.13344488 0.77616876
 outer loop
  vertex -1.3881854 -0.049294084 -0.39648792
  vertex -1.3637819 -0.17325723 -0.3984254
  vertex -1.2991331 -0.19197875 -0.35031593
 endloop
endfacet
facet normal -0.60821676 -0.1259966 0.7837073
 outer loop
  vertex -1.3881854 -0.049294084 -0.39648792
  vertex -1.2991331 -0.19197875 -0.35031593
  vertex -1.3144573 -0.0625433 -0.34139937
 endloop
endfacet
facet normal -0.5864829 0.085355684 0.8054516
 outer loop
  vertex -1.4056518 0.100357965 -0.42506495
  vertex -1.3881854 -0.049294084 -0.39648792
  vertex -1.3144573 -0.0625433 -0.34139937
 endloop
endfacet
facet normal -0.54299676 0.12268023 0.830725
 outer loop
  vertex -1.4056518 0.100357965 -0.42506495
  vertex -1.3144573 -0.0625433 -0.34139937
  vertex -1.3270366 0.089551985 -0.37208295
 endloop
endfacet
facet normal -0.500776 -0.6215734 -0.60238683
 outer loop
  vertex -1.298543 -0.23081386 -1.0751584
  vertex -1.2165349 -0.27638173 -1.0963141
  vertex -1.2221911 -0.35819405 -1.0071938
 endloop
endfacet
facet normal -0.5070982 -0.6221872 -0.5964348
 outer loop
  vertex -1.298543 -0.23081386 -1.0751584
  vertex -1.2221911 -0.35819405 -1.0071938
  vertex -1.3108399 -0.30055988 -0.99194586
 endloop
endfacet
facet normal -0.54270303 -0.72056884 -0.43157154
 outer loop
  vertex -1.3108399 -0.30055988 -0.99194586
  vertex -1.2221911 -0.35819405 -1.0071938
  vertex -1.2272577 -0.41846412 -0.9001932
 endloop
endfacet
facet normal -0.55187386 -0.7194218 -0.4217434
 outer loop
  vertex -1.3108399 -0.30055988 -0.99194586
  vertex -1.2272577 -0.41846412 -0.9001932
  vertex -1.320296 -0.35396188 -0.8884773
 endloop
endfacet
facet normal -0.30420434 -0.6872681 -0.65963805
 outer loop
  vertex -1.2165349 -0.27638173 -1.0963141
  vertex -1.1218162 -0.30205035 -1.1132516
  vertex -1.123292 -0.38990098 -1.0210406
 endloop
endfacet
facet normal -0.31257892 -0.68978614 -0.6530616
 outer loop
  vertex -1.2165349 -0.27638173 -1.0963141
  vertex -1.123292 -0.38990098 -1.0210406
  vertex -1.2221911 -0.35819405 -1.0071938
 endloop
endfacet
facet normal -0.32795626 -0.81238997 -0.48214856
 outer loop
  vertex -1.2221911 -0.35819405 -1.0071938
  vertex -1.123292 -0.38990098 -1.0210406
  vertex -1.12501 -0.45383984 -0.912139
 endloop
endfacet
facet normal -0.33683822 -0.81346375 -0.4741484
 outer loop
  vertex -1.2221911 -0.35819405 -1.0071938
  vertex -1.12501 -0.45383984 -0.912139
  vertex -1.2272577 -0.41846412 -0.9001932
 endloop
endfacet
facet normal -0.5863173 -0.42021528 -0.6925685
 outer loop
  vertex -1.3431778 -0.11601317 -1.1070265
  vertex -1.292345 -0.14384991 -1.1331707
  vertex -1.298543 -0.23081386 -1.0751584
 endloop
endfacet
facet normal -0.6152068 -0.4237404 -0.66480434
 outer loop
  vertex -1.3431778 -0.11601317 -1.1070265
  vertex -1.298543 -0.23081386 -1.0751584
  vertex -1.3639643 -0.16125289 -1.0589553
 endloop
endfacet
facet normal -0.67604524 -0.5124861 -0.52945334
 outer loop
  vertex -1.3639643 -0.16125289 -1.0589553
  vertex -1.298543 -0.23081386 -1.0751584
  vertex -1.3108399 -0.30055988 -0.99194586
 endloop
endfacet
facet normal -0.67379373 -0.5128402 -0.5319745
 outer loop
  vertex -1.3639643 -0.16125289 -1.0589553
  vertex -1.3108399 -0.30055988 -0.99194586
  vertex -1.385673 -0.21460229 -0.98002875
 endloop
endfacet
facet normal -0.72631246 -0.581503 -0.36650318
 outer loop
  vertex -1.385673 -0.21460229 -0.98002875
  vertex -1.3108399 -0.30055988 -0.99194586
  vertex -1.320296 -0.35396188 -0.8884773
 endloop
endfacet
facet normal -0.725845 -0.5816933 -0.36712673
 outer loop
  vertex -1.385673 -0.21460229 -0.98002875
  vertex -1.320296 -0.35396188 -0.8884773
  vertex -1.4001772 -0.2598564 -0.87964976
 endloop
endfacet
facet normal -0.75467765 -0.62065095 -0.21273008
 outer loop
  vertex -1.4001772 -0.2598564 -0.87964976
  vertex -1.320296 -0.35396188 -0.8884773
  vertex -1.3236241 -0.3889848 -0.7744895
 endloop
endfacet
facet normal -0.7573644 -0.61880744 -0.20851052
 outer loop
  vertex -1.4001772 -0.2598564 -0.87964976
  vertex -1.3236241 -0.3889848 -0.7744895
  vertex -1.4050653 -0.29154062 -0.76786417
 endloop
endfacet
facet normal -0.57211363 -0.7781391 -0.2592016
 outer loop
  vertex -1.320296 -0.35396188 -0.8884773
  vertex -1.2272577 -0.41846412 -0.9001932
  vertex -1.2291372 -0.45597082 -0.78344744
 endloop
endfacet
facet normal -0.5751519 -0.77710354 -0.25555876
 outer loop
  vertex -1.320296 -0.35396188 -0.8884773
  vertex -1.2291372 -0.45597082 -0.78344744
  vertex -1.3236241 -0.3889848 -0.7744895
 endloop
endfacet
facet normal -0.3430061 -0.89265287 -0.29243416
 outer loop
  vertex -1.2272577 -0.41846412 -0.9001932
  vertex -1.12501 -0.45383984 -0.912139
  vertex -1.125606 -0.4924298 -0.7936445
 endloop
endfacet
facet normal -0.34313837 -0.89264506 -0.29230252
 outer loop
  vertex -1.2272577 -0.41846412 -0.9001932
  vertex -1.125606 -0.4924298 -0.7936445
  vertex -1.2291372 -0.45597082 -0.78344744
 endloop
endfacet
facet normal -0.08711636 -0.94836915 -0.30497003
 outer loop
  vertex -1.12501 -0.45383984 -0.912139
  vertex -1.0181501 -0.46063983 -0.9215181
  vertex -1.0175723 -0.49865592 -0.80346406
 endloop
endfacet
facet normal -0.08268784 -0.9474683 -0.30897665
 outer loop
  vertex -1.12501 -0.45383984 -0.912139
  vertex -1.0175723 -0.49865592 -0.80346406
  vertex -1.125606 -0.4924298 -0.7936445
 endloop
endfacet
facet normal -0.09722738 -0.8568492 -0.50631636
 outer loop
  vertex -1.123292 -0.38990098 -1.0210406
  vertex -1.0191251 -0.3964861 -1.0298995
  vertex -1.0181501 -0.46063983 -0.9215181
 endloop
endfacet
facet normal -0.09888583 -0.85744375 -0.50498694
 outer loop
  vertex -1.123292 -0.38990098 -1.0210406
  vertex -1.0181501 -0.46063983 -0.9215181
  vertex -1.12501 -0.45383984 -0.912139
 endloop
endfacet
facet normal -0.10043935 -0.717552 -0.689225
 outer loop
  vertex -1.1218162 -0.30205035 -1.1132516
  vertex -1.0204724 -0.3078329 -1.122
  vertex -1.0191251 -0.3964861 -1.0298995
 endloop
endfacet
facet normal -0.10388949 -0.71926916 -0.6869198
 outer loop
  vertex -1.1218162 -0.30205035 -1.1132516
  vertex -1.0191251 -0.3964861 -1.0298995
  vertex -1.123292 -0.38990098 -1.0210406
 endloop
endfacet
facet normal -0.098584406 -0.51480407 -0.8516208
 outer loop
  vertex -1.1222069 -0.19028258 -1.1812822
  vertex -1.0221894 -0.19485402 -1.1900969
  vertex -1.0204724 -0.3078329 -1.122
 endloop
endfacet
facet normal -0.10285814 -0.51744074 -0.8495148
 outer loop
  vertex -1.1222069 -0.19028258 -1.1812822
  vertex -1.0204724 -0.3078329 -1.122
  vertex -1.1218162 -0.30205035 -1.1132516
 endloop
endfacet
facet normal -0.2750512 -0.50058335 -0.82083076
 outer loop
  vertex -1.2147424 -0.17227682 -1.1612554
  vertex -1.1222069 -0.19028258 -1.1812822
  vertex -1.1218162 -0.30205035 -1.1132516
 endloop
endfacet
facet normal -0.2825622 -0.50419515 -0.81605506
 outer loop
  vertex -1.2147424 -0.17227682 -1.1612554
  vertex -1.1218162 -0.30205035 -1.1132516
  vertex -1.2165349 -0.27638173 -1.0963141
 endloop
endfacet
facet normal -0.44725114 -0.4678278 -0.76230145
 outer loop
  vertex -1.292345 -0.14384991 -1.1331707
  vertex -1.2147424 -0.17227682 -1.1612554
  vertex -1.2165349 -0.27638173 -1.0963141
 endloop
endfacet
facet normal -0.45644996 -0.47101703 -0.75484854
 outer loop
  vertex -1.292345 -0.14384991 -1.1331707
  vertex -1.2165349 -0.27638173 -1.0963141
  vertex -1.298543 -0.23081386 -1.0751584
 endloop
endfacet
facet normal -0.5668129 -0.81166446 0.14115255
 outer loop
  vertex -1.3195623 -0.4022305 -0.6593295
  vertex -1.2265028 -0.4681344 -0.66460395
  vertex -1.2207574 -0.45252937 -0.5517996
 endloop
endfacet
facet normal -0.5629286 -0.81525546 0.1359037
 outer loop
  vertex -1.3195623 -0.4022305 -0.6593295
  vertex -1.2207574 -0.45252937 -0.5517996
  vertex -1.3094591 -0.3914188 -0.5526239
 endloop
endfacet
facet normal -0.5264865 -0.7590266 0.38300213
 outer loop
  vertex -1.3094591 -0.3914188 -0.5526239
  vertex -1.2207574 -0.45252937 -0.5517996
  vertex -1.2145513 -0.4068944 -0.45283002
 endloop
endfacet
facet normal -0.5247458 -0.7612341 0.38100442
 outer loop
  vertex -1.3094591 -0.3914188 -0.5526239
  vertex -1.2145513 -0.4068944 -0.45283002
  vertex -1.2966516 -0.3552602 -0.46274084
 endloop
endfacet
facet normal -0.31109998 -0.9371806 0.15782693
 outer loop
  vertex -1.2265028 -0.4681344 -0.66460395
  vertex -1.1242572 -0.503372 -0.67230487
  vertex -1.1218543 -0.48449433 -0.5554722
 endloop
endfacet
facet normal -0.29934818 -0.94295514 0.14569229
 outer loop
  vertex -1.2265028 -0.4681344 -0.66460395
  vertex -1.1218543 -0.48449433 -0.5554722
  vertex -1.2207574 -0.45252937 -0.5517996
 endloop
endfacet
facet normal -0.26409006 -0.8659268 0.42476714
 outer loop
  vertex -1.2207574 -0.45252937 -0.5517996
  vertex -1.1218543 -0.48449433 -0.5554722
  vertex -1.119815 -0.4337173 -0.4506907
 endloop
endfacet
facet normal -0.25621328 -0.8715887 0.41795677
 outer loop
  vertex -1.2207574 -0.45252937 -0.5517996
  vertex -1.119815 -0.4337173 -0.4506907
  vertex -1.2145513 -0.4068944 -0.45283002
 endloop
endfacet
facet normal -0.7680238 -0.63873976 -0.04637879
 outer loop
  vertex -1.4050653 -0.29154062 -0.76786417
  vertex -1.3236241 -0.3889848 -0.7744895
  vertex -1.3195623 -0.4022305 -0.6593295
 endloop
endfacet
facet normal -0.77001256 -0.63660276 -0.042632625
 outer loop
  vertex -1.4050653 -0.29154062 -0.76786417
  vertex -1.3195623 -0.4022305 -0.6593295
  vertex -1.399479 -0.30581224 -0.65565294
 endloop
endfacet
facet normal -0.7601644 -0.6352646 0.13634151
 outer loop
  vertex -1.399479 -0.30581224 -0.65565294
  vertex -1.3195623 -0.4022305 -0.6593295
  vertex -1.3094591 -0.3914188 -0.5526239
 endloop
endfacet
facet normal -0.76233333 -0.6315697 0.14130664
 outer loop
  vertex -1.399479 -0.30581224 -0.65565294
  vertex -1.3094591 -0.3914188 -0.5526239
  vertex -1.3843577 -0.30115652 -0.5532663
 endloop
endfacet
facet normal -0.7238549 -0.5981998 0.34378928
 outer loop
  vertex -1.3843577 -0.30115652 -0.5532663
  vertex -1.3094591 -0.3914188 -0.5526239
  vertex -1.2966516 -0.3552602 -0.46274084
 endloop
endfacet
facet normal -0.725084 -0.5948628 0.3469745
 outer loop
  vertex -1.3843577 -0.30115652 -0.5532663
  vertex -1.2966516 -0.3552602 -0.46274084
  vertex -1.3621678 -0.27945834 -0.46969545
 endloop
endfacet
facet normal -0.6560629 -0.51655954 0.5502252
 outer loop
  vertex -1.3621678 -0.27945834 -0.46969545
  vertex -1.2966516 -0.3552602 -0.46274084
  vertex -1.2901115 -0.29081196 -0.39443782
 endloop
endfacet
facet normal -0.64259624 -0.55131936 0.5320874
 outer loop
  vertex -1.3621678 -0.27945834 -0.46969545
  vertex -1.2901115 -0.29081196 -0.39443782
  vertex -1.3410981 -0.25287616 -0.41670674
 endloop
endfacet
facet normal -0.46670595 -0.62125885 0.6294625
 outer loop
  vertex -1.2966516 -0.3552602 -0.46274084
  vertex -1.2145513 -0.4068944 -0.45283002
  vertex -1.2123716 -0.32827312 -0.37361726
 endloop
endfacet
facet normal -0.46754795 -0.6201561 0.6299248
 outer loop
  vertex -1.2966516 -0.3552602 -0.46274084
  vertex -1.2123716 -0.32827312 -0.37361726
  vertex -1.2901115 -0.29081196 -0.39443782
 endloop
endfacet
facet normal -0.2125708 -0.6960873 0.6857667
 outer loop
  vertex -1.2145513 -0.4068944 -0.45283002
  vertex -1.119815 -0.4337173 -0.4506907
  vertex -1.1197948 -0.34899276 -0.36468482
 endloop
endfacet
facet normal -0.22083361 -0.6891839 0.69011456
 outer loop
  vertex -1.2145513 -0.4068944 -0.45283002
  vertex -1.1197948 -0.34899276 -0.36468482
  vertex -1.2123716 -0.32827312 -0.37361726
 endloop
endfacet
facet normal 0.04291115 -0.7161305 0.69664615
 outer loop
  vertex -1.119815 -0.4337173 -0.4506907
  vertex -1.0185381 -0.43510514 -0.45835567
  vertex -1.0198473 -0.34896958 -0.36973035
 endloop
endfacet
facet normal 0.035569657 -0.71194685 0.7013319
 outer loop
  vertex -1.119815 -0.4337173 -0.4506907
  vertex -1.0198473 -0.34896958 -0.36973035
  vertex -1.1197948 -0.34899276 -0.36468482
 endloop
endfacet
facet normal 0.011624538 -0.89623827 0.44342062
 outer loop
  vertex -1.1218543 -0.48449433 -0.5554722
  vertex -1.0177388 -0.4877019 -0.56468475
  vertex -1.0185381 -0.43510514 -0.45835567
 endloop
endfacet
facet normal 0.020642024 -0.8998681 0.43567348
 outer loop
  vertex -1.1218543 -0.48449433 -0.5554722
  vertex -1.0185381 -0.43510514 -0.45835567
  vertex -1.119815 -0.4337173 -0.4506907
 endloop
endfacet
facet normal -0.0296393 -0.9845303 0.17268924
 outer loop
  vertex -1.1242572 -0.503372 -0.67230487
  vertex -1.0174255 -0.50831485 -0.6821489
  vertex -1.0177388 -0.4877019 -0.56468475
 endloop
endfacet
facet normal -0.01626659 -0.9870129 0.15981494
 outer loop
  vertex -1.1242572 -0.503372 -0.67230487
  vertex -1.0177388 -0.4877019 -0.56468475
  vertex -1.1218543 -0.48449433 -0.5554722
 endloop
endfacet
facet normal -0.064522065 -0.9947744 -0.0791244
 outer loop
  vertex -1.125606 -0.4924298 -0.7936445
  vertex -1.0175723 -0.49865592 -0.80346406
  vertex -1.0174255 -0.50831485 -0.6821489
 endloop
endfacet
facet normal -0.054223854 -0.99454707 -0.089084014
 outer loop
  vertex -1.125606 -0.4924298 -0.7936445
  vertex -1.0174255 -0.50831485 -0.6821489
  vertex -1.1242572 -0.503372 -0.67230487
 endloop
endfacet
facet normal -0.33814442 -0.9376196 -0.080794506
 outer loop
  vertex -1.2291372 -0.45597082 -0.78344744
  vertex -1.125606 -0.4924298 -0.7936445
  vertex -1.1242572 -0.503372 -0.67230487
 endloop
endfacet
facet normal -0.33051568 -0.9396097 -0.0888421
 outer loop
  vertex -1.2291372 -0.45597082 -0.78344744
  vertex -1.1242572 -0.503372 -0.67230487
  vertex -1.2265028 -0.4681344 -0.66460395
 endloop
endfacet
facet normal -0.5813406 -0.8106365 -0.0700817
 outer loop
  vertex -1.3236241 -0.3889848 -0.7744895
  vertex -1.2291372 -0.45597082 -0.78344744
  vertex -1.2265028 -0.4681344 -0.66460395
 endloop
endfacet
facet normal -0.5791503 -0.81194913 -0.0729631
 outer loop
  vertex -1.3236241 -0.3889848 -0.7744895
  vertex -1.2265028 -0.4681344 -0.66460395
  vertex -1.3195623 -0.4022305 -0.6593295
 endloop
endfacet
facet normal 0.46174818 -0.8701292 0.17223172
 outer loop
  vertex -0.91103727 -0.4840672 -0.6931394
  vertex -0.81011236 -0.4324085 -0.702732
  vertex -0.81637263 -0.41413438 -0.59362596
 endloop
endfacet
facet normal 0.46534133 -0.8690333 0.16804342
 outer loop
  vertex -0.91103727 -0.4840672 -0.6931394
  vertex -0.81637263 -0.41413438 -0.59362596
  vertex -0.9140393 -0.4635219 -0.57857656
 endloop
endfacet
facet normal 0.46147427 -0.78898555 0.4056393
 outer loop
  vertex -0.9140393 -0.4635219 -0.57857656
  vertex -0.81637263 -0.41413438 -0.59362596
  vertex -0.82397187 -0.36810154 -0.4954449
 endloop
endfacet
facet normal 0.46199626 -0.7889762 0.405063
 outer loop
  vertex -0.9140393 -0.4635219 -0.57857656
  vertex -0.82397187 -0.36810154 -0.4954449
  vertex -0.91763 -0.41222954 -0.47457463
 endloop
endfacet
facet normal 0.6438056 -0.7473585 0.16422427
 outer loop
  vertex -0.81011236 -0.4324085 -0.702732
  vertex -0.71922565 -0.35534078 -0.70831066
  vertex -0.7296991 -0.34178644 -0.60556823
 endloop
endfacet
facet normal 0.6454052 -0.74645185 0.16205491
 outer loop
  vertex -0.81011236 -0.4324085 -0.702732
  vertex -0.7296991 -0.34178644 -0.60556823
  vertex -0.81637263 -0.41413438 -0.59362596
 endloop
endfacet
facet normal 0.624955 -0.68772435 0.36941358
 outer loop
  vertex -0.81637263 -0.41413438 -0.59362596
  vertex -0.7296991 -0.34178644 -0.60556823
  vertex -0.7435988 -0.3060943 -0.5156065
 endloop
endfacet
facet normal 0.6238087 -0.6879909 0.37085205
 outer loop
  vertex -0.81637263 -0.41413438 -0.59362596
  vertex -0.7435988 -0.3060943 -0.5156065
  vertex -0.82397187 -0.36810154 -0.4954449
 endloop
endfacet
facet normal 0.2048466 -0.97638017 -0.06869909
 outer loop
  vertex -1.0175723 -0.49865592 -0.80346406
  vertex -0.9099847 -0.4755317 -0.811311
  vertex -0.91103727 -0.4840672 -0.6931394
 endloop
endfacet
facet normal 0.21389867 -0.97375375 -0.07778755
 outer loop
  vertex -1.0175723 -0.49865592 -0.80346406
  vertex -0.91103727 -0.4840672 -0.6931394
  vertex -1.0174255 -0.50831485 -0.6821489
 endloop
endfacet
facet normal 0.23608567 -0.9553794 0.17752098
 outer loop
  vertex -1.0174255 -0.50831485 -0.6821489
  vertex -0.91103727 -0.4840672 -0.6931394
  vertex -0.9140393 -0.4635219 -0.57857656
 endloop
endfacet
facet normal 0.24516207 -0.9547795 0.1682014
 outer loop
  vertex -1.0174255 -0.50831485 -0.6821489
  vertex -0.9140393 -0.4635219 -0.57857656
  vertex -1.0177388 -0.4877019 -0.56468475
 endloop
endfacet
facet normal 0.25932413 -0.86259526 0.43437362
 outer loop
  vertex -1.0177388 -0.4877019 -0.56468475
  vertex -0.9140393 -0.4635219 -0.57857656
  vertex -0.91763 -0.41222954 -0.47457463
 endloop
endfacet
facet normal 0.26474512 -0.8635586 0.4291581
 outer loop
  vertex -1.0177388 -0.4877019 -0.56468475
  vertex -0.91763 -0.41222954 -0.47457463
  vertex -1.0185381 -0.43510514 -0.45835567
 endloop
endfacet
facet normal 0.26483917 -0.6923985 0.67115164
 outer loop
  vertex -1.0185381 -0.43510514 -0.45835567
  vertex -0.91763 -0.41222954 -0.47457463
  vertex -0.9202093 -0.32856548 -0.3872442
 endloop
endfacet
facet normal 0.26004544 -0.690514 0.67495686
 outer loop
  vertex -1.0185381 -0.43510514 -0.45835567
  vertex -0.9202093 -0.32856548 -0.3872442
  vertex -1.0198473 -0.34896958 -0.36973035
 endloop
endfacet
facet normal 0.4423836 -0.6434808 0.6246833
 outer loop
  vertex -0.91763 -0.41222954 -0.47457463
  vertex -0.82397187 -0.36810154 -0.4954449
  vertex -0.8285079 -0.29167986 -0.4135113
 endloop
endfacet
facet normal 0.43845105 -0.6424891 0.6284651
 outer loop
  vertex -0.91763 -0.41222954 -0.47457463
  vertex -0.8285079 -0.29167986 -0.4135113
  vertex -0.9202093 -0.32856548 -0.3872442
 endloop
endfacet
facet normal 0.5880063 -0.5782802 0.5655444
 outer loop
  vertex -0.82397187 -0.36810154 -0.4954449
  vertex -0.7435988 -0.3060943 -0.5156065
  vertex -0.7520541 -0.2445274 -0.44386208
 endloop
endfacet
facet normal 0.583069 -0.5777536 0.5711665
 outer loop
  vertex -0.82397187 -0.36810154 -0.4954449
  vertex -0.7520541 -0.2445274 -0.44386208
  vertex -0.8285079 -0.29167986 -0.4135113
 endloop
endfacet
facet normal 0.7089111 -0.5055141 0.49183387
 outer loop
  vertex -0.7435988 -0.3060943 -0.5156065
  vertex -0.6804435 -0.22654963 -0.52487904
  vertex -0.7022778 -0.20282793 -0.46902645
 endloop
endfacet
facet normal 0.6878999 -0.50875276 0.51765275
 outer loop
  vertex -0.7435988 -0.3060943 -0.5156065
  vertex -0.7022778 -0.20282793 -0.46902645
  vertex -0.7520541 -0.2445274 -0.44386208
 endloop
endfacet
facet normal 0.7528261 -0.56186223 0.3428755
 outer loop
  vertex -0.7296991 -0.34178644 -0.60556823
  vertex -0.6576098 -0.24722356 -0.6088912
  vertex -0.6804435 -0.22654963 -0.52487904
 endloop
endfacet
facet normal 0.75562155 -0.5604058 0.3390891
 outer loop
  vertex -0.7296991 -0.34178644 -0.60556823
  vertex -0.6804435 -0.22654963 -0.52487904
  vertex -0.7435988 -0.3060943 -0.5156065
 endloop
endfacet
facet normal 0.78364944 -0.59875953 0.1654707
 outer loop
  vertex -0.71922565 -0.35534078 -0.70831066
  vertex -0.6423085 -0.25441712 -0.7073866
  vertex -0.6576098 -0.24722356 -0.6088912
 endloop
endfacet
facet normal 0.7878539 -0.5950334 0.1588128
 outer loop
  vertex -0.71922565 -0.35534078 -0.70831066
  vertex -0.6576098 -0.24722356 -0.6088912
  vertex -0.7296991 -0.34178644 -0.60556823
 endloop
endfacet
facet normal 0.79155564 -0.61101913 -0.009754504
 outer loop
  vertex -0.71548504 -0.34747565 -0.8163387
  vertex -0.6370674 -0.24595988 -0.8118429
  vertex -0.6423085 -0.25441712 -0.7073866
 endloop
endfacet
facet normal 0.79530835 -0.60597825 -0.016580513
 outer loop
  vertex -0.71548504 -0.34747565 -0.8163387
  vertex -0.6423085 -0.25441712 -0.7073866
  vertex -0.71922565 -0.35534078 -0.70831066
 endloop
endfacet
facet normal 0.64044994 -0.7672608 -0.03368508
 outer loop
  vertex -0.80778265 -0.42453736 -0.81591046
  vertex -0.71548504 -0.34747565 -0.8163387
  vertex -0.71922565 -0.35534078 -0.70831066
 endloop
endfacet
facet normal 0.6448065 -0.76330835 -0.0398124
 outer loop
  vertex -0.80778265 -0.42453736 -0.81591046
  vertex -0.71922565 -0.35534078 -0.70831066
  vertex -0.81011236 -0.4324085 -0.702732
 endloop
endfacet
facet normal 0.44392368 -0.8944916 -0.05307077
 outer loop
  vertex -0.9099847 -0.4755317 -0.811311
  vertex -0.80778265 -0.42453736 -0.81591046
  vertex -0.81011236 -0.4324085 -0.702732
 endloop
endfacet
facet normal 0.45025414 -0.89085954 -0.06033611
 outer loop
  vertex -0.9099847 -0.4755317 -0.811311
  vertex -0.81011236 -0.4324085 -0.702732
  vertex -0.91103727 -0.4840672 -0.6931394
 endloop
endfacet
facet normal 0.3145773 -0.6862472 -0.6558246
 outer loop
  vertex -0.9194276 -0.29395425 -1.1204739
  vertex -0.8255924 -0.26148063 -1.1094443
  vertex -0.81753594 -0.33759302 -1.0259367
 endloop
endfacet
facet normal 0.3222631 -0.6782363 -0.6604104
 outer loop
  vertex -0.9194276 -0.29395425 -1.1204739
  vertex -0.81753594 -0.33759302 -1.0259367
  vertex -0.91532683 -0.37880695 -1.0313298
 endloop
endfacet
facet normal 0.36535698 -0.80595666 -0.46577677
 outer loop
  vertex -0.91532683 -0.37880695 -1.0313298
  vertex -0.81753594 -0.33759302 -1.0259367
  vertex -0.8107215 -0.39232743 -0.9258818
 endloop
endfacet
facet normal 0.3754794 -0.79612225 -0.47455734
 outer loop
  vertex -0.91532683 -0.37880695 -1.0313298
  vertex -0.8107215 -0.39232743 -0.9258818
  vertex -0.9117101 -0.4398054 -0.9261365
 endloop
endfacet
facet normal 0.5126724 -0.61574024 -0.59835684
 outer loop
  vertex -0.8255924 -0.26148063 -1.1094443
  vertex -0.7450365 -0.21150553 -1.0918509
  vertex -0.73073596 -0.2735743 -1.0157262
 endloop
endfacet
facet normal 0.5182912 -0.60657465 -0.60286105
 outer loop
  vertex -0.8255924 -0.26148063 -1.1094443
  vertex -0.73073596 -0.2735743 -1.0157262
  vertex -0.81753594 -0.33759302 -1.0259367
 endloop
endfacet
facet normal 0.5718136 -0.7096441 -0.41162416
 outer loop
  vertex -0.81753594 -0.33759302 -1.0259367
  vertex -0.73073596 -0.2735743 -1.0157262
  vertex -0.719771 -0.3194564 -0.9213929
 endloop
endfacet
facet normal 0.57970136 -0.6975871 -0.42109218
 outer loop
  vertex -0.81753594 -0.33759302 -1.0259367
  vertex -0.719771 -0.3194564 -0.9213929
  vertex -0.8107215 -0.39232743 -0.9258818
 endloop
endfacet
facet normal 0.08355795 -0.51338863 -0.85407853
 outer loop
  vertex -1.0221894 -0.19485402 -1.1900969
  vertex -0.9223885 -0.1851837 -1.1861458
  vertex -0.9194276 -0.29395425 -1.1204739
 endloop
endfacet
facet normal 0.0834273 -0.51349026 -0.8540302
 outer loop
  vertex -1.0221894 -0.19485402 -1.1900969
  vertex -0.9194276 -0.29395425 -1.1204739
  vertex -1.0204724 -0.3078329 -1.122
 endloop
endfacet
facet normal 0.10894146 -0.7175079 -0.6879784
 outer loop
  vertex -1.0204724 -0.3078329 -1.122
  vertex -0.9194276 -0.29395425 -1.1204739
  vertex -0.91532683 -0.37880695 -1.0313298
 endloop
endfacet
facet normal 0.112287484 -0.715084 -0.6899612
 outer loop
  vertex -1.0204724 -0.3078329 -1.122
  vertex -0.91532683 -0.37880695 -1.0313298
  vertex -1.0191251 -0.3964861 -1.0298995
 endloop
endfacet
facet normal 0.13867064 -0.85464555 -0.5003513
 outer loop
  vertex -1.0191251 -0.3964861 -1.0298995
  vertex -0.91532683 -0.37880695 -1.0313298
  vertex -0.9117101 -0.4398054 -0.9261365
 endloop
endfacet
facet normal 0.1446474 -0.8509221 -0.5049839
 outer loop
  vertex -1.0191251 -0.3964861 -1.0298995
  vertex -0.9117101 -0.4398054 -0.9261365
  vertex -1.0181501 -0.46063983 -0.9215181
 endloop
endfacet
facet normal 0.17119661 -0.9400209 -0.29504648
 outer loop
  vertex -1.0181501 -0.46063983 -0.9215181
  vertex -0.9117101 -0.4398054 -0.9261365
  vertex -0.9099847 -0.4755317 -0.811311
 endloop
endfacet
facet normal 0.17916961 -0.93620455 -0.3023561
 outer loop
  vertex -1.0181501 -0.46063983 -0.9215181
  vertex -0.9099847 -0.4755317 -0.811311
  vertex -1.0175723 -0.49865592 -0.80346406
 endloop
endfacet
facet normal 0.41063613 -0.8720195 -0.266383
 outer loop
  vertex -0.9117101 -0.4398054 -0.9261365
  vertex -0.8107215 -0.39232743 -0.9258818
  vertex -0.80778265 -0.42453736 -0.81591046
 endloop
endfacet
facet normal 0.41923985 -0.8650789 -0.2754565
 outer loop
  vertex -0.9117101 -0.4398054 -0.9261365
  vertex -0.80778265 -0.42453736 -0.81591046
  vertex -0.9099847 -0.4755317 -0.811311
 endloop
endfacet
facet normal 0.615819 -0.75465864 -0.22640088
 outer loop
  vertex -0.8107215 -0.39232743 -0.9258818
  vertex -0.719771 -0.3194564 -0.9213929
  vertex -0.71548504 -0.34747565 -0.8163387
 endloop
endfacet
facet normal 0.62226665 -0.74660295 -0.23530485
 outer loop
  vertex -0.8107215 -0.39232743 -0.9258818
  vertex -0.71548504 -0.34747565 -0.8163387
  vertex -0.80778265 -0.42453736 -0.81591046
 endloop
endfacet
facet normal 0.7778945 -0.6007933 -0.18419439
 outer loop
  vertex -0.719771 -0.3194564 -0.9213929
  vertex -0.64279824 -0.22219175 -0.913571
  vertex -0.6370674 -0.24595988 -0.8118429
 endloop
endfacet
facet normal 0.7809543 -0.594825 -0.1905085
 outer loop
  vertex -0.719771 -0.3194564 -0.9213929
  vertex -0.6370674 -0.24595988 -0.8118429
  vertex -0.71548504 -0.34747565 -0.8163387
 endloop
endfacet
facet normal 0.7436364 -0.5663916 -0.355254
 outer loop
  vertex -0.73073596 -0.2735743 -1.0157262
  vertex -0.65854126 -0.18593067 -1.0043372
  vertex -0.64279824 -0.22219175 -0.913571
 endloop
endfacet
facet normal 0.7455655 -0.5611052 -0.35957354
 outer loop
  vertex -0.73073596 -0.2735743 -1.0157262
  vertex -0.64279824 -0.22219175 -0.913571
  vertex -0.719771 -0.3194564 -0.9213929
 endloop
endfacet
facet normal 0.68564314 -0.4961376 -0.5326733
 outer loop
  vertex -0.7450365 -0.21150553 -1.0918509
  vertex -0.6817403 -0.14122778 -1.0758351
  vertex -0.65854126 -0.18593067 -1.0043372
 endloop
endfacet
facet normal 0.68578184 -0.49564335 -0.5329548
 outer loop
  vertex -0.7450365 -0.21150553 -1.0918509
  vertex -0.65854126 -0.18593067 -1.0043372
  vertex -0.73073596 -0.2735743 -1.0157262
 endloop
endfacet
facet normal 0.59305936 -0.42464405 -0.6840746
 outer loop
  vertex -0.7537739 -0.13136578 -1.1444067
  vertex -0.7038134 -0.101790905 -1.1194521
  vertex -0.6817403 -0.14122778 -1.0758351
 endloop
endfacet
facet normal 0.60684973 -0.38855007 -0.69337016
 outer loop
  vertex -0.7537739 -0.13136578 -1.1444067
  vertex -0.6817403 -0.14122778 -1.0758351
  vertex -0.7450365 -0.21150553 -1.0918509
 endloop
endfacet
facet normal 0.44492754 -0.45669883 -0.77036715
 outer loop
  vertex -0.8304658 -0.16285768 -1.1700308
  vertex -0.7537739 -0.13136578 -1.1444067
  vertex -0.7450365 -0.21150553 -1.0918509
 endloop
endfacet
facet normal 0.44860893 -0.4516169 -0.77122766
 outer loop
  vertex -0.8304658 -0.16285768 -1.1700308
  vertex -0.7450365 -0.21150553 -1.0918509
  vertex -0.8255924 -0.26148063 -1.1094443
 endloop
endfacet
facet normal 0.26529494 -0.4951348 -0.82732105
 outer loop
  vertex -0.9223885 -0.1851837 -1.1861458
  vertex -0.8304658 -0.16285768 -1.1700308
  vertex -0.8255924 -0.26148063 -1.1094443
 endloop
endfacet
facet normal 0.26781076 -0.4926307 -0.828005
 outer loop
  vertex -0.9223885 -0.1851837 -1.1861458
  vertex -0.8255924 -0.26148063 -1.1094443
  vertex -0.9194276 -0.29395425 -1.1204739
 endloop
endfacet
facet normal 0.85625666 -0.19343545 -0.4789647
 outer loop
  vertex -0.6366863 -0.043021828 -1.0692743
  vertex -0.60577077 0.08143212 -1.064268
  vertex -0.5649855 0.058365107 -0.98203933
 endloop
endfacet
facet normal 0.86052334 -0.2087463 -0.4646769
 outer loop
  vertex -0.6366863 -0.043021828 -1.0692743
  vertex -0.5649855 0.058365107 -0.98203933
  vertex -0.6034039 -0.07430896 -0.9935844
 endloop
endfacet
facet normal 0.92314684 -0.24126974 -0.29931402
 outer loop
  vertex -0.6034039 -0.07430896 -0.9935844
  vertex -0.5649855 0.058365107 -0.98203933
  vertex -0.54015577 0.035990477 -0.8874236
 endloop
endfacet
facet normal 0.92377585 -0.25330546 -0.28718382
 outer loop
  vertex -0.6034039 -0.07430896 -0.9935844
  vertex -0.54015577 0.035990477 -0.8874236
  vertex -0.582749 -0.102122396 -0.902612
 endloop
endfacet
facet normal 0.87769216 -0.07584384 -0.47318512
 outer loop
  vertex -0.60577077 0.08143212 -1.064268
  vertex -0.58771443 0.22459379 -1.0537225
  vertex -0.54274786 0.2065441 -0.9674227
 endloop
endfacet
facet normal 0.8825563 -0.086864226 -0.46211356
 outer loop
  vertex -0.60577077 0.08143212 -1.064268
  vertex -0.54274786 0.2065441 -0.9674227
  vertex -0.5649855 0.058365107 -0.98203933
 endloop
endfacet
facet normal 0.9506856 -0.11422836 -0.28835535
 outer loop
  vertex -0.5649855 0.058365107 -0.98203933
  vertex -0.54274786 0.2065441 -0.9674227
  vertex -0.51532745 0.18818384 -0.86974657
 endloop
endfacet
facet normal 0.95238346 -0.12296216 -0.27900925
 outer loop
  vertex -0.5649855 0.058365107 -0.98203933
  vertex -0.51532745 0.18818384 -0.86974657
  vertex -0.54015577 0.035990477 -0.8874236
 endloop
endfacet
facet normal 0.7123588 -0.2556039 -0.6536143
 outer loop
  vertex -0.7038134 -0.101790905 -1.1194521
  vertex -0.68354726 -0.022329122 -1.1284391
  vertex -0.6366863 -0.043021828 -1.0692743
 endloop
endfacet
facet normal 0.7226773 -0.28961614 -0.6275826
 outer loop
  vertex -0.7038134 -0.101790905 -1.1194521
  vertex -0.6366863 -0.043021828 -1.0692743
  vertex -0.6817403 -0.14122778 -1.0758351
 endloop
endfacet
facet normal 0.80329937 -0.33566254 -0.4919764
 outer loop
  vertex -0.6817403 -0.14122778 -1.0758351
  vertex -0.6366863 -0.043021828 -1.0692743
  vertex -0.6034039 -0.07430896 -0.9935844
 endloop
endfacet
facet normal 0.80392575 -0.35085174 -0.480215
 outer loop
  vertex -0.6817403 -0.14122778 -1.0758351
  vertex -0.6034039 -0.07430896 -0.9935844
  vertex -0.65854126 -0.18593067 -1.0043372
 endloop
endfacet
facet normal 0.86220455 -0.3953965 -0.3166465
 outer loop
  vertex -0.65854126 -0.18593067 -1.0043372
  vertex -0.6034039 -0.07430896 -0.9935844
  vertex -0.582749 -0.102122396 -0.902612
 endloop
endfacet
facet normal 0.861299 -0.40244442 -0.31016523
 outer loop
  vertex -0.65854126 -0.18593067 -1.0043372
  vertex -0.582749 -0.102122396 -0.902612
  vertex -0.64279824 -0.22219175 -0.913571
 endloop
endfacet
facet normal 0.88984555 -0.43149748 -0.14827268
 outer loop
  vertex -0.64279824 -0.22219175 -0.913571
  vertex -0.582749 -0.102122396 -0.902612
  vertex -0.5755544 -0.1219787 -0.8016489
 endloop
endfacet
facet normal 0.8904712 -0.4294311 -0.1504987
 outer loop
  vertex -0.64279824 -0.22219175 -0.913571
  vertex -0.5755544 -0.1219787 -0.8016489
  vertex -0.6370674 -0.24595988 -0.8118429
 endloop
endfacet
facet normal 0.9518313 -0.27973026 -0.12557139
 outer loop
  vertex -0.582749 -0.102122396 -0.902612
  vertex -0.54015577 0.035990477 -0.8874236
  vertex -0.5316817 0.018809766 -0.7849175
 endloop
endfacet
facet normal 0.9515068 -0.2818638 -0.12323837
 outer loop
  vertex -0.582749 -0.102122396 -0.902612
  vertex -0.5316817 0.018809766 -0.7849175
  vertex -0.5755544 -0.1219787 -0.8016489
 endloop
endfacet
facet normal 0.9829232 -0.14758474 -0.10991163
 outer loop
  vertex -0.54015577 0.035990477 -0.8874236
  vertex -0.51532745 0.18818384 -0.86974657
  vertex -0.50598055 0.1722759 -0.7647981
 endloop
endfacet
facet normal 0.98283637 -0.15063505 -0.106497295
 outer loop
  vertex -0.54015577 0.035990477 -0.8874236
  vertex -0.50598055 0.1722759 -0.7647981
  vertex -0.5316817 0.018809766 -0.7849175
 endloop
endfacet
facet normal 0.9950588 -0.029981552 -0.09465339
 outer loop
  vertex -0.51532745 0.18818384 -0.86974657
  vertex -0.5086401 0.34726533 -0.849834
  vertex -0.4989913 0.33291963 -0.7438555
 endloop
endfacet
facet normal 0.99514693 -0.031127097 -0.09334781
 outer loop
  vertex -0.51532745 0.18818384 -0.86974657
  vertex -0.4989913 0.33291963 -0.7438555
  vertex -0.50598055 0.1722759 -0.7647981
 endloop
endfacet
facet normal 0.9615579 -0.0036190439 -0.27457824
 outer loop
  vertex -0.54274786 0.2065441 -0.9674227
  vertex -0.5368968 0.36195922 -0.94898117
  vertex -0.5086401 0.34726533 -0.849834
 endloop
endfacet
facet normal 0.9624437 -0.006486307 -0.27140382
 outer loop
  vertex -0.54274786 0.2065441 -0.9674227
  vertex -0.5086401 0.34726533 -0.849834
  vertex -0.51532745 0.18818384 -0.86974657
 endloop
endfacet
facet normal 0.8863825 0.024591893 -0.46229994
 outer loop
  vertex -0.58771443 0.22459379 -1.0537225
  vertex -0.5831259 0.37620872 -1.0368596
  vertex -0.5368968 0.36195922 -0.94898117
 endloop
endfacet
facet normal 0.88843006 0.020962136 -0.4585331
 outer loop
  vertex -0.58771443 0.22459379 -1.0537225
  vertex -0.5368968 0.36195922 -0.94898117
  vertex -0.54274786 0.2065441 -0.9674227
 endloop
endfacet
facet normal 0.7574038 0.051958587 -0.6508762
 outer loop
  vertex -0.64981043 0.23920426 -1.1253952
  vertex -0.64672244 0.38931867 -1.1098183
  vertex -0.5831259 0.37620872 -1.0368596
 endloop
endfacet
facet normal 0.7598158 0.049107496 -0.64828104
 outer loop
  vertex -0.64981043 0.23920426 -1.1253952
  vertex -0.5831259 0.37620872 -1.0368596
  vertex -0.58771443 0.22459379 -1.0537225
 endloop
endfacet
facet normal 0.7512628 -0.039069794 -0.6588458
 outer loop
  vertex -0.66285396 0.097836494 -1.1318852
  vertex -0.64981043 0.23920426 -1.1253952
  vertex -0.58771443 0.22459379 -1.0537225
 endloop
endfacet
facet normal 0.75753176 -0.047585927 -0.6510616
 outer loop
  vertex -0.66285396 0.097836494 -1.1318852
  vertex -0.58771443 0.22459379 -1.0537225
  vertex -0.60577077 0.08143212 -1.064268
 endloop
endfacet
facet normal 0.73818576 -0.1460079 -0.6586073
 outer loop
  vertex -0.68354726 -0.022329122 -1.1284391
  vertex -0.66285396 0.097836494 -1.1318852
  vertex -0.60577077 0.08143212 -1.064268
 endloop
endfacet
facet normal 0.7460156 -0.1593075 -0.6465925
 outer loop
  vertex -0.68354726 -0.022329122 -1.1284391
  vertex -0.60577077 0.08143212 -1.064268
  vertex -0.6366863 -0.043021828 -1.0692743
 endloop
endfacet
facet normal 0.92758024 -0.30775833 0.21184853
 outer loop
  vertex -0.5823053 -0.13131753 -0.6982079
  vertex -0.5397409 0.008693576 -0.68117833
  vertex -0.5641546 0.0036956072 -0.58154345
 endloop
endfacet
facet normal 0.9359786 -0.2936446 0.19420843
 outer loop
  vertex -0.5823053 -0.13131753 -0.6982079
  vertex -0.5641546 0.0036956072 -0.58154345
  vertex -0.60254514 -0.13080972 -0.5998952
 endloop
endfacet
facet normal 0.87417495 -0.3014515 0.3807165
 outer loop
  vertex -0.60254514 -0.13080972 -0.5998952
  vertex -0.5641546 0.0036956072 -0.58154345
  vertex -0.6045406 0.00048837066 -0.4913515
 endloop
endfacet
facet normal 0.8887471 -0.2839742 0.35984325
 outer loop
  vertex -0.60254514 -0.13080972 -0.5998952
  vertex -0.6045406 0.00048837066 -0.4913515
  vertex -0.6354492 -0.12442759 -0.5135917
 endloop
endfacet
facet normal 0.9526161 -0.19148302 0.23634079
 outer loop
  vertex -0.5397409 0.008693576 -0.68117833
  vertex -0.51489884 0.15998457 -0.65873325
  vertex -0.54189205 0.15023345 -0.55783236
 endloop
endfacet
facet normal 0.9571367 -0.18188424 0.22540501
 outer loop
  vertex -0.5397409 0.008693576 -0.68117833
  vertex -0.54189205 0.15023345 -0.55783236
  vertex -0.5641546 0.0036956072 -0.58154345
 endloop
endfacet
facet normal 0.88412696 -0.20245841 0.42110586
 outer loop
  vertex -0.5641546 0.0036956072 -0.58154345
  vertex -0.54189205 0.15023345 -0.55783236
  vertex -0.58644795 0.14126858 -0.46859574
 endloop
endfacet
facet normal 0.900173 -0.17980742 0.39668354
 outer loop
  vertex -0.5641546 0.0036956072 -0.58154345
  vertex -0.58644795 0.14126858 -0.46859574
  vertex -0.6045406 0.00048837066 -0.4913515
 endloop
endfacet
facet normal 0.8950589 -0.44557703 0.018187407
 outer loop
  vertex -0.6370674 -0.24595988 -0.8118429
  vertex -0.5755544 -0.1219787 -0.8016489
  vertex -0.5823053 -0.13131753 -0.6982079
 endloop
endfacet
facet normal 0.8985769 -0.43871188 0.009566061
 outer loop
  vertex -0.6370674 -0.24595988 -0.8118429
  vertex -0.5823053 -0.13131753 -0.6982079
  vertex -0.6423085 -0.25441712 -0.7073866
 endloop
endfacet
facet normal 0.87825847 -0.4417465 0.18309043
 outer loop
  vertex -0.6423085 -0.25441712 -0.7073866
  vertex -0.5823053 -0.13131753 -0.6982079
  vertex -0.60254514 -0.13080972 -0.5998952
 endloop
endfacet
facet normal 0.88582796 -0.43207657 0.1691706
 outer loop
  vertex -0.6423085 -0.25441712 -0.7073866
  vertex -0.60254514 -0.13080972 -0.5998952
  vertex -0.6576098 -0.24722356 -0.6088912
 endloop
endfacet
facet normal 0.8360553 -0.4225074 0.34999853
 outer loop
  vertex -0.6576098 -0.24722356 -0.6088912
  vertex -0.60254514 -0.13080972 -0.5998952
  vertex -0.6354492 -0.12442759 -0.5135917
 endloop
endfacet
facet normal 0.8491626 -0.41081896 0.33188972
 outer loop
  vertex -0.6576098 -0.24722356 -0.6088912
  vertex -0.6354492 -0.12442759 -0.5135917
  vertex -0.6804435 -0.22654963 -0.52487904
 endloop
endfacet
facet normal 0.7670016 -0.3939181 0.5064947
 outer loop
  vertex -0.6804435 -0.22654963 -0.52487904
  vertex -0.6354492 -0.12442759 -0.5135917
  vertex -0.68197745 -0.12562361 -0.4440626
 endloop
endfacet
facet normal 0.80500275 -0.3633222 0.46900687
 outer loop
  vertex -0.6804435 -0.22654963 -0.52487904
  vertex -0.68197745 -0.12562361 -0.4440626
  vertex -0.7022778 -0.20282793 -0.46902645
 endloop
endfacet
facet normal 0.7816154 -0.2915743 0.551418
 outer loop
  vertex -0.6354492 -0.12442759 -0.5135917
  vertex -0.6045406 0.00048837066 -0.4913515
  vertex -0.66125274 -0.0075202286 -0.41519874
 endloop
endfacet
facet normal 0.80217034 -0.27081826 0.5321468
 outer loop
  vertex -0.6354492 -0.12442759 -0.5135917
  vertex -0.66125274 -0.0075202286 -0.41519874
  vertex -0.68197745 -0.12562361 -0.4440626
 endloop
endfacet
facet normal 0.75942194 -0.19778414 0.61980623
 outer loop
  vertex -0.6045406 0.00048837066 -0.4913515
  vertex -0.58644795 0.14126858 -0.46859574
  vertex -0.6481637 0.13084666 -0.39630383
 endloop
endfacet
facet normal 0.8000891 -0.1548281 0.5795565
 outer loop
  vertex -0.6045406 0.00048837066 -0.4913515
  vertex -0.6481637 0.13084666 -0.39630383
  vertex -0.66125274 -0.0075202286 -0.41519874
 endloop
endfacet
facet normal 0.72089183 -0.07916482 0.6885114
 outer loop
  vertex -0.58644795 0.14126858 -0.46859574
  vertex -0.5818255 0.29065293 -0.45625943
  vertex -0.6450306 0.27800775 -0.39153573
 endloop
endfacet
facet normal 0.76266205 -0.03715905 0.6457288
 outer loop
  vertex -0.58644795 0.14126858 -0.46859574
  vertex -0.6450306 0.27800775 -0.39153573
  vertex -0.6481637 0.13084666 -0.39630383
 endloop
endfacet
facet normal 0.8816761 -0.08499781 0.46413657
 outer loop
  vertex -0.54189205 0.15023345 -0.55783236
  vertex -0.536022 0.30439708 -0.540751
  vertex -0.5818255 0.29065293 -0.45625943
 endloop
endfacet
facet normal 0.8953963 -0.06409452 0.4406329
 outer loop
  vertex -0.54189205 0.15023345 -0.55783236
  vertex -0.5818255 0.29065293 -0.45625943
  vertex -0.58644795 0.14126858 -0.46859574
 endloop
endfacet
facet normal 0.9620018 -0.07400883 0.2628219
 outer loop
  vertex -0.51489884 0.15998457 -0.65873325
  vertex -0.50820553 0.31867233 -0.63854724
  vertex -0.536022 0.30439708 -0.540751
 endloop
endfacet
facet normal 0.9655485 -0.064692535 0.2520536
 outer loop
  vertex -0.51489884 0.15998457 -0.65873325
  vertex -0.536022 0.30439708 -0.540751
  vertex -0.54189205 0.15023345 -0.55783236
 endloop
endfacet
facet normal 0.9953607 -0.053712387 0.07982489
 outer loop
  vertex -0.50598055 0.1722759 -0.7647981
  vertex -0.4989913 0.33291963 -0.7438555
  vertex -0.50820553 0.31867233 -0.63854724
 endloop
endfacet
facet normal 0.9956258 -0.05187892 0.077703536
 outer loop
  vertex -0.50598055 0.1722759 -0.7647981
  vertex -0.50820553 0.31867233 -0.63854724
  vertex -0.51489884 0.15998457 -0.65873325
 endloop
endfacet
facet normal 0.98295933 -0.1728272 0.0626224
 outer loop
  vertex -0.5316817 0.018809766 -0.7849175
  vertex -0.50598055 0.1722759 -0.7647981
  vertex -0.51489884 0.15998457 -0.65873325
 endloop
endfacet
facet normal 0.9835637 -0.17037301 0.059796266
 outer loop
  vertex -0.5316817 0.018809766 -0.7849175
  vertex -0.51489884 0.15998457 -0.65873325
  vertex -0.5397409 0.008693576 -0.68117833
 endloop
endfacet
facet normal 0.9522566 -0.30203462 0.044525042
 outer loop
  vertex -0.5755544 -0.1219787 -0.8016489
  vertex -0.5316817 0.018809766 -0.7849175
  vertex -0.5397409 0.008693576 -0.68117833
 endloop
endfacet
facet normal 0.9549366 -0.29465243 0.035720974
 outer loop
  vertex -0.5755544 -0.1219787 -0.8016489
  vertex -0.5397409 0.008693576 -0.68117833
  vertex -0.5823053 -0.13131753 -0.6982079
 endloop
endfacet
facet normal 0.9371297 0.16218261 0.30900612
 outer loop
  vertex -0.5197317 0.47798193 -0.6255364
  vertex -0.54920286 0.63127255 -0.6166135
  vertex -0.57336485 0.6097175 -0.53202367
 endloop
endfacet
facet normal 0.93774825 0.16473824 0.30576068
 outer loop
  vertex -0.5197317 0.47798193 -0.6255364
  vertex -0.57336485 0.6097175 -0.53202367
  vertex -0.5465988 0.45992595 -0.5334085
 endloop
endfacet
facet normal 0.8327945 0.14386888 0.53456074
 outer loop
  vertex -0.5465988 0.45992595 -0.5334085
  vertex -0.57336485 0.6097175 -0.53202367
  vertex -0.61346877 0.5879463 -0.46368623
 endloop
endfacet
facet normal 0.83898777 0.15399662 0.52190465
 outer loop
  vertex -0.5465988 0.45992595 -0.5334085
  vertex -0.61346877 0.5879463 -0.46368623
  vertex -0.5910292 0.4427082 -0.456904
 endloop
endfacet
facet normal 0.8999679 0.28810793 0.32718724
 outer loop
  vertex -0.54920286 0.63127255 -0.6166135
  vertex -0.5959719 0.76793164 -0.60830617
  vertex -0.6158055 0.7416978 -0.5306509
 endloop
endfacet
facet normal 0.89970815 0.2858867 0.32983932
 outer loop
  vertex -0.54920286 0.63127255 -0.6166135
  vertex -0.6158055 0.7416978 -0.5306509
  vertex -0.57336485 0.6097175 -0.53202367
 endloop
endfacet
facet normal 0.7961205 0.25027636 0.5509572
 outer loop
  vertex -0.57336485 0.6097175 -0.53202367
  vertex -0.6158055 0.7416978 -0.5306509
  vertex -0.64816284 0.71212465 -0.4704615
 endloop
endfacet
facet normal 0.7971919 0.25264356 0.5483212
 outer loop
  vertex -0.57336485 0.6097175 -0.53202367
  vertex -0.64816284 0.71212465 -0.4704615
  vertex -0.61346877 0.5879463 -0.46368623
 endloop
endfacet
facet normal 0.9932714 0.06248207 0.09750788
 outer loop
  vertex -0.4989913 0.33291963 -0.7438555
  vertex -0.5108695 0.4939578 -0.726049
  vertex -0.5197317 0.47798193 -0.6255364
 endloop
endfacet
facet normal 0.99335766 0.06406382 0.09558374
 outer loop
  vertex -0.4989913 0.33291963 -0.7438555
  vertex -0.5197317 0.47798193 -0.6255364
  vertex -0.50820553 0.31867233 -0.63854724
 endloop
endfacet
facet normal 0.9565647 0.045693915 0.2879168
 outer loop
  vertex -0.50820553 0.31867233 -0.63854724
  vertex -0.5197317 0.47798193 -0.6255364
  vertex -0.5465988 0.45992595 -0.5334085
 endloop
endfacet
facet normal 0.9585284 0.051955868 0.280221
 outer loop
  vertex -0.50820553 0.31867233 -0.63854724
  vertex -0.5465988 0.45992595 -0.5334085
  vertex -0.536022 0.30439708 -0.540751
 endloop
endfacet
facet normal 0.8608319 0.034572154 0.5077137
 outer loop
  vertex -0.536022 0.30439708 -0.540751
  vertex -0.5465988 0.45992595 -0.5334085
  vertex -0.5910292 0.4427082 -0.456904
 endloop
endfacet
facet normal 0.8740291 0.054950394 0.4827563
 outer loop
  vertex -0.536022 0.30439708 -0.540751
  vertex -0.5910292 0.4427082 -0.456904
  vertex -0.5818255 0.29065293 -0.45625943
 endloop
endfacet
facet normal 0.6683893 0.043604456 0.7425324
 outer loop
  vertex -0.5818255 0.29065293 -0.45625943
  vertex -0.5910292 0.4427082 -0.456904
  vertex -0.6527041 0.4295978 -0.40061754
 endloop
endfacet
facet normal 0.7056238 0.077913 0.70429015
 outer loop
  vertex -0.5818255 0.29065293 -0.45625943
  vertex -0.6527041 0.4295978 -0.40061754
  vertex -0.6450306 0.27800775 -0.39153573
 endloop
endfacet
facet normal 0.6248474 0.1324702 0.7694267
 outer loop
  vertex -0.5910292 0.4427082 -0.456904
  vertex -0.61346877 0.5879463 -0.46368623
  vertex -0.67008364 0.57353586 -0.41522858
 endloop
endfacet
facet normal 0.6480112 0.15395932 0.7459075
 outer loop
  vertex -0.5910292 0.4427082 -0.456904
  vertex -0.67008364 0.57353586 -0.41522858
  vertex -0.6527041 0.4295978 -0.40061754
 endloop
endfacet
facet normal 0.59512985 0.20861623 0.7760798
 outer loop
  vertex -0.61346877 0.5879463 -0.46368623
  vertex -0.64816284 0.71212465 -0.4704615
  vertex -0.69442207 0.69322425 -0.42990744
 endloop
endfacet
facet normal 0.60237986 0.21671025 0.76822853
 outer loop
  vertex -0.61346877 0.5879463 -0.46368623
  vertex -0.69442207 0.69322425 -0.42990744
  vertex -0.67008364 0.57353586 -0.41522858
 endloop
endfacet
facet normal 0.5725063 0.30181262 0.7623291
 outer loop
  vertex -0.64816284 0.71212465 -0.4704615
  vertex -0.69616413 0.80784446 -0.472309
  vertex -0.71707153 0.7705762 -0.44185278
 endloop
endfacet
facet normal 0.5635012 0.28475636 0.775487
 outer loop
  vertex -0.64816284 0.71212465 -0.4704615
  vertex -0.71707153 0.7705762 -0.44185278
  vertex -0.69442207 0.69322425 -0.42990744
 endloop
endfacet
facet normal 0.7256341 0.36967462 0.5803411
 outer loop
  vertex -0.6158055 0.7416978 -0.5306509
  vertex -0.6742747 0.8493011 -0.52608633
  vertex -0.69616413 0.80784446 -0.472309
 endloop
endfacet
facet normal 0.7267219 0.3755363 0.57519364
 outer loop
  vertex -0.6158055 0.7416978 -0.5306509
  vertex -0.69616413 0.80784446 -0.472309
  vertex -0.64816284 0.71212465 -0.4704615
 endloop
endfacet
facet normal 0.82685196 0.43293685 0.35900083
 outer loop
  vertex -0.5959719 0.76793164 -0.60830617
  vertex -0.65956897 0.88130575 -0.5985526
  vertex -0.6742747 0.8493011 -0.52608633
 endloop
endfacet
facet normal 0.82677525 0.43407258 0.35780382
 outer loop
  vertex -0.5959719 0.76793164 -0.60830617
  vertex -0.6742747 0.8493011 -0.52608633
  vertex -0.6158055 0.7416978 -0.5306509
 endloop
endfacet
facet normal 0.86646694 0.47529987 0.15272528
 outer loop
  vertex -0.5893419 0.7852118 -0.69792056
  vertex -0.6544775 0.8995939 -0.6843534
  vertex -0.65956897 0.88130575 -0.5985526
 endloop
endfacet
facet normal 0.8672038 0.4730893 0.15538378
 outer loop
  vertex -0.5893419 0.7852118 -0.69792056
  vertex -0.65956897 0.88130575 -0.5985526
  vertex -0.5959719 0.76793164 -0.60830617
 endloop
endfacet
facet normal 0.9396392 0.31629974 0.1305094
 outer loop
  vertex -0.541243 0.647932 -0.7115135
  vertex -0.5893419 0.7852118 -0.69792056
  vertex -0.5959719 0.76793164 -0.60830617
 endloop
endfacet
facet normal 0.94007283 0.3135829 0.13389827
 outer loop
  vertex -0.541243 0.647932 -0.7115135
  vertex -0.5959719 0.76793164 -0.60830617
  vertex -0.54920286 0.63127255 -0.6166135
 endloop
endfacet
facet normal 0.97669953 0.18191896 0.11385713
 outer loop
  vertex -0.5108695 0.4939578 -0.726049
  vertex -0.541243 0.647932 -0.7115135
  vertex -0.54920286 0.63127255 -0.6166135
 endloop
endfacet
facet normal 0.9767303 0.18109466 0.1149022
 outer loop
  vertex -0.5108695 0.4939578 -0.726049
  vertex -0.54920286 0.63127255 -0.6166135
  vertex -0.5197317 0.47798193 -0.6255364
 endloop
endfacet
facet normal 0.877227 0.22626673 -0.42341027
 outer loop
  vertex -0.59228694 0.52546155 -1.0141513
  vertex -0.6146079 0.66289544 -0.98695266
  vertex -0.574144 0.6609857 -0.90413964
 endloop
endfacet
facet normal 0.8750478 0.22901191 -0.4264327
 outer loop
  vertex -0.59228694 0.52546155 -1.0141513
  vertex -0.574144 0.6609857 -0.90413964
  vertex -0.547451 0.5160054 -0.92722553
 endloop
endfacet
facet normal 0.947741 0.21240051 -0.23806117
 outer loop
  vertex -0.547451 0.5160054 -0.92722553
  vertex -0.574144 0.6609857 -0.90413964
  vertex -0.5495958 0.6571268 -0.8098541
 endloop
endfacet
facet normal 0.9462825 0.21513899 -0.24138042
 outer loop
  vertex -0.547451 0.5160054 -0.92722553
  vertex -0.5495958 0.6571268 -0.8098541
  vertex -0.52015835 0.5060683 -0.829087
 endloop
endfacet
facet normal 0.8467548 0.35317782 -0.39783394
 outer loop
  vertex -0.6146079 0.66289544 -0.98695266
  vertex -0.6491631 0.7779291 -0.95837915
  vertex -0.6164949 0.7870581 -0.8807434
 endloop
endfacet
facet normal 0.8422382 0.3577691 -0.40328157
 outer loop
  vertex -0.6146079 0.66289544 -0.98695266
  vertex -0.6164949 0.7870581 -0.8807434
  vertex -0.574144 0.6609857 -0.90413964
 endloop
endfacet
facet normal 0.91144466 0.34715307 -0.22080167
 outer loop
  vertex -0.574144 0.6609857 -0.90413964
  vertex -0.6164949 0.7870581 -0.8807434
  vertex -0.5963234 0.791051 -0.79119986
 endloop
endfacet
facet normal 0.910388 0.34867215 -0.2227586
 outer loop
  vertex -0.574144 0.6609857 -0.90413964
  vertex -0.5963234 0.791051 -0.79119986
  vertex -0.5495958 0.6571268 -0.8098541
 endloop
endfacet
facet normal 0.7558874 0.1462034 -0.63816833
 outer loop
  vertex -0.64672244 0.38931867 -1.1098183
  vertex -0.65432215 0.536064 -1.0852008
  vertex -0.59228694 0.52546155 -1.0141513
 endloop
endfacet
facet normal 0.75864786 0.14326274 -0.63555425
 outer loop
  vertex -0.64672244 0.38931867 -1.1098183
  vertex -0.59228694 0.52546155 -1.0141513
  vertex -0.5831259 0.37620872 -1.0368596
 endloop
endfacet
facet normal 0.8874412 0.122093104 -0.44445625
 outer loop
  vertex -0.5831259 0.37620872 -1.0368596
  vertex -0.59228694 0.52546155 -1.0141513
  vertex -0.547451 0.5160054 -0.92722553
 endloop
endfacet
facet normal 0.8863376 0.12374165 -0.4461992
 outer loop
  vertex -0.5831259 0.37620872 -1.0368596
  vertex -0.547451 0.5160054 -0.92722553
  vertex -0.5368968 0.36195922 -0.94898117
 endloop
endfacet
facet normal 0.96102077 0.102127224 -0.2569223
 outer loop
  vertex -0.5368968 0.36195922 -0.94898117
  vertex -0.547451 0.5160054 -0.92722553
  vertex -0.52015835 0.5060683 -0.829087
 endloop
endfacet
facet normal 0.96048355 0.10342545 -0.25840774
 outer loop
  vertex -0.5368968 0.36195922 -0.94898117
  vertex -0.52015835 0.5060683 -0.829087
  vertex -0.5086401 0.34726533 -0.849834
 endloop
endfacet
facet normal 0.9933875 0.08248528 -0.07985876
 outer loop
  vertex -0.5086401 0.34726533 -0.849834
  vertex -0.52015835 0.5060683 -0.829087
  vertex -0.5108695 0.4939578 -0.726049
 endloop
endfacet
facet normal 0.9934647 0.08205126 -0.07934303
 outer loop
  vertex -0.5086401 0.34726533 -0.849834
  vertex -0.5108695 0.4939578 -0.726049
  vertex -0.4989913 0.33291963 -0.7438555
 endloop
endfacet
facet normal 0.9779208 0.19878079 -0.06447579
 outer loop
  vertex -0.52015835 0.5060683 -0.829087
  vertex -0.5495958 0.6571268 -0.8098541
  vertex -0.541243 0.647932 -0.7115135
 endloop
endfacet
facet normal 0.9778554 0.19900908 -0.064762965
 outer loop
  vertex -0.52015835 0.5060683 -0.829087
  vertex -0.541243 0.647932 -0.7115135
  vertex -0.5108695 0.4939578 -0.726049
 endloop
endfacet
facet normal 0.9408621 0.33516315 -0.04943805
 outer loop
  vertex -0.5495958 0.6571268 -0.8098541
  vertex -0.5963234 0.791051 -0.79119986
  vertex -0.5893419 0.7852118 -0.69792056
 endloop
endfacet
facet normal 0.94111824 0.33455813 -0.048654784
 outer loop
  vertex -0.5495958 0.6571268 -0.8098541
  vertex -0.5893419 0.7852118 -0.69792056
  vertex -0.541243 0.647932 -0.7115135
 endloop
endfacet
facet normal 0.8655921 0.49943635 -0.036244
 outer loop
  vertex -0.5963234 0.791051 -0.79119986
  vertex -0.6598898 0.90241367 -0.7747568
  vertex -0.6544775 0.8995939 -0.6843534
 endloop
endfacet
facet normal 0.86676073 0.49758255 -0.033724707
 outer loop
  vertex -0.5963234 0.791051 -0.79119986
  vertex -0.6544775 0.8995939 -0.6843534
  vertex -0.5893419 0.7852118 -0.69792056
 endloop
endfacet
facet normal 0.8339785 0.50915474 -0.21270044
 outer loop
  vertex -0.6164949 0.7870581 -0.8807434
  vertex -0.67490095 0.8905104 -0.8621077
  vertex -0.6598898 0.90241367 -0.7747568
 endloop
endfacet
facet normal 0.8352354 0.5078825 -0.21080111
 outer loop
  vertex -0.6164949 0.7870581 -0.8807434
  vertex -0.6598898 0.90241367 -0.7747568
  vertex -0.5963234 0.791051 -0.79119986
 endloop
endfacet
facet normal 0.77371705 0.5045322 -0.38315696
 outer loop
  vertex -0.6491631 0.7779291 -0.95837915
  vertex -0.69706833 0.86733997 -0.937381
  vertex -0.67490095 0.8905104 -0.8621077
 endloop
endfacet
facet normal 0.77249753 0.50538945 -0.38448545
 outer loop
  vertex -0.6491631 0.7779291 -0.95837915
  vertex -0.67490095 0.8905104 -0.8621077
  vertex -0.6164949 0.7870581 -0.8807434
 endloop
endfacet
facet normal 0.7064178 0.4708871 -0.528431
 outer loop
  vertex -0.6956742 0.77560556 -1.0172622
  vertex -0.71817636 0.8432712 -0.9870465
  vertex -0.69706833 0.86733997 -0.937381
 endloop
endfacet
facet normal 0.6741729 0.49082458 -0.55188966
 outer loop
  vertex -0.6956742 0.77560556 -1.0172622
  vertex -0.69706833 0.86733997 -0.937381
  vertex -0.6491631 0.7779291 -0.95837915
 endloop
endfacet
facet normal 0.7246804 0.36144888 -0.5866797
 outer loop
  vertex -0.67153066 0.6687467 -1.0532745
  vertex -0.6956742 0.77560556 -1.0172622
  vertex -0.6491631 0.7779291 -0.95837915
 endloop
endfacet
facet normal 0.72261477 0.36316425 -0.58816636
 outer loop
  vertex -0.67153066 0.6687467 -1.0532745
  vertex -0.6491631 0.7779291 -0.95837915
  vertex -0.6146079 0.66289544 -0.98695266
 endloop
endfacet
facet normal 0.746181 0.24566393 -0.6187593
 outer loop
  vertex -0.65432215 0.536064 -1.0852008
  vertex -0.67153066 0.6687467 -1.0532745
  vertex -0.6146079 0.66289544 -0.98695266
 endloop
endfacet
facet normal 0.7482975 0.24363942 -0.61700135
 outer loop
  vertex -0.65432215 0.536064 -1.0852008
  vertex -0.6146079 0.66289544 -0.98695266
  vertex -0.59228694 0.52546155 -1.0141513
 endloop
endfacet
facet normal 0.34929797 0.39960065 -0.84753186
 outer loop
  vertex -0.76028955 0.7921226 -1.0545734
  vertex -0.7452648 0.68240464 -1.1001118
  vertex -0.83328366 0.69858277 -1.1287597
 endloop
endfacet
facet normal 0.33490568 0.41108355 -0.84784937
 outer loop
  vertex -0.76028955 0.7921226 -1.0545734
  vertex -0.83328366 0.69858277 -1.1287597
  vertex -0.8419442 0.81444305 -1.0760053
 endloop
endfacet
facet normal 0.16757345 0.41888103 -0.89244485
 outer loop
  vertex -0.8419442 0.81444305 -1.0760053
  vertex -0.83328366 0.69858277 -1.1287597
  vertex -0.93188167 0.71047306 -1.1416925
 endloop
endfacet
facet normal 0.15754983 0.42644188 -0.8906881
 outer loop
  vertex -0.8419442 0.81444305 -1.0760053
  vertex -0.93188167 0.71047306 -1.1416925
  vertex -0.93651235 0.8302055 -1.0851864
 endloop
endfacet
facet normal 0.3580218 0.27968264 -0.8908412
 outer loop
  vertex -0.7452648 0.68240464 -1.1001118
  vertex -0.7329647 0.54866743 -1.1371558
  vertex -0.82521194 0.5611234 -1.1703186
 endloop
endfacet
facet normal 0.34398872 0.2901873 -0.8930079
 outer loop
  vertex -0.7452648 0.68240464 -1.1001118
  vertex -0.82521194 0.5611234 -1.1703186
  vertex -0.83328366 0.69858277 -1.1287597
 endloop
endfacet
facet normal 0.17341281 0.2943298 -0.93983936
 outer loop
  vertex -0.83328366 0.69858277 -1.1287597
  vertex -0.82521194 0.5611234 -1.1703186
  vertex -0.92706335 0.5704142 -1.1862019
 endloop
endfacet
facet normal 0.15984488 0.30396134 -0.93917894
 outer loop
  vertex -0.83328366 0.69858277 -1.1287597
  vertex -0.92706335 0.5704142 -1.1862019
  vertex -0.93188167 0.71047306 -1.1416925
 endloop
endfacet
facet normal 0.5268253 0.48644337 -0.6970135
 outer loop
  vertex -0.71817636 0.8432712 -0.9870465
  vertex -0.6956742 0.77560556 -1.0172622
  vertex -0.76028955 0.7921226 -1.0545734
 endloop
endfacet
facet normal 0.49848288 0.5125737 -0.6991303
 outer loop
  vertex -0.71817636 0.8432712 -0.9870465
  vertex -0.76028955 0.7921226 -1.0545734
  vertex -0.76907104 0.8751647 -0.9999516
 endloop
endfacet
facet normal 0.34871396 0.54050446 -0.76567185
 outer loop
  vertex -0.76907104 0.8751647 -0.9999516
  vertex -0.76028955 0.7921226 -1.0545734
  vertex -0.8419442 0.81444305 -1.0760053
 endloop
endfacet
facet normal 0.34227562 0.54652005 -0.7643057
 outer loop
  vertex -0.76907104 0.8751647 -0.9999516
  vertex -0.8419442 0.81444305 -1.0760053
  vertex -0.8467359 0.9076946 -1.0114713
 endloop
endfacet
facet normal 0.17265064 0.56650054 -0.8057722
 outer loop
  vertex -0.8467359 0.9076946 -1.0114713
  vertex -0.8419442 0.81444305 -1.0760053
  vertex -0.93651235 0.8302055 -1.0851864
 endloop
endfacet
facet normal 0.1701651 0.56852585 -0.804874
 outer loop
  vertex -0.8467359 0.9076946 -1.0114713
  vertex -0.93651235 0.8302055 -1.0851864
  vertex -0.93931496 0.92854685 -1.0163151
 endloop
endfacet
facet normal 0.014332377 0.5738581 -0.81882936
 outer loop
  vertex -0.93931496 0.92854685 -1.0163151
  vertex -0.93651235 0.8302055 -1.0851864
  vertex -1.0378405 0.83496076 -1.0836273
 endloop
endfacet
facet normal 0.014677187 0.57361376 -0.81899446
 outer loop
  vertex -0.93931496 0.92854685 -1.0163151
  vertex -1.0378405 0.83496076 -1.0836273
  vertex -1.0393543 0.9345699 -1.0138894
 endloop
endfacet
facet normal 0.010250341 0.42709708 -0.9041477
 outer loop
  vertex -0.93651235 0.8302055 -1.0851864
  vertex -0.93188167 0.71047306 -1.1416925
  vertex -1.0360057 0.71423435 -1.1410962
 endloop
endfacet
facet normal 0.0062827356 0.42988175 -0.9028633
 outer loop
  vertex -0.93651235 0.8302055 -1.0851864
  vertex -1.0360057 0.71423435 -1.1410962
  vertex -1.0378405 0.83496076 -1.0836273
 endloop
endfacet
facet normal 0.015001183 0.30329978 -0.9527771
 outer loop
  vertex -0.93188167 0.71047306 -1.1416925
  vertex -0.92706335 0.5704142 -1.1862019
  vertex -1.0338712 0.57378554 -1.1868104
 endloop
endfacet
facet normal 0.0057376865 0.3095779 -0.95085675
 outer loop
  vertex -0.93188167 0.71047306 -1.1416925
  vertex -1.0338712 0.57378554 -1.1868104
  vertex -1.0360057 0.71423435 -1.1410962
 endloop
endfacet
facet normal 0.022985324 0.20843126 -0.97776693
 outer loop
  vertex -0.92706335 0.5704142 -1.1862019
  vertex -0.92352855 0.41563833 -1.2191125
  vertex -1.0314997 0.4177521 -1.2212001
 endloop
endfacet
facet normal 0.012361412 0.21539684 -0.97644836
 outer loop
  vertex -0.92706335 0.5704142 -1.1862019
  vertex -1.0314997 0.4177521 -1.2212001
  vertex -1.0338712 0.57378554 -1.1868104
 endloop
endfacet
facet normal 0.18289913 0.19928475 -0.96272194
 outer loop
  vertex -0.82521194 0.5611234 -1.1703186
  vertex -0.8204606 0.40965134 -1.2007709
  vertex -0.92352855 0.41563833 -1.2191125
 endloop
endfacet
facet normal 0.16924727 0.20868015 -0.9632279
 outer loop
  vertex -0.82521194 0.5611234 -1.1703186
  vertex -0.92352855 0.41563833 -1.2191125
  vertex -0.92706335 0.5704142 -1.1862019
 endloop
endfacet
facet normal 0.36926827 0.18439613 -0.9108452
 outer loop
  vertex -0.7329647 0.54866743 -1.1371558
  vertex -0.72685486 0.40064374 -1.1646454
  vertex -0.8204606 0.40965134 -1.2007709
 endloop
endfacet
facet normal 0.3550166 0.19495024 -0.9143072
 outer loop
  vertex -0.7329647 0.54866743 -1.1371558
  vertex -0.8204606 0.40965134 -1.2007709
  vertex -0.82521194 0.5611234 -1.1703186
 endloop
endfacet
facet normal 0.57271874 0.16438589 -0.80310047
 outer loop
  vertex -0.65432215 0.536064 -1.0852008
  vertex -0.64672244 0.38931867 -1.1098183
  vertex -0.72685486 0.40064374 -1.1646454
 endloop
endfacet
facet normal 0.5620634 0.17338741 -0.808716
 outer loop
  vertex -0.65432215 0.536064 -1.0852008
  vertex -0.72685486 0.40064374 -1.1646454
  vertex -0.7329647 0.54866743 -1.1371558
 endloop
endfacet
facet normal 0.5608539 0.2617376 -0.7854529
 outer loop
  vertex -0.67153066 0.6687467 -1.0532745
  vertex -0.65432215 0.536064 -1.0852008
  vertex -0.7329647 0.54866743 -1.1371558
 endloop
endfacet
facet normal 0.55142444 0.26940697 -0.78952587
 outer loop
  vertex -0.67153066 0.6687467 -1.0532745
  vertex -0.7329647 0.54866743 -1.1371558
  vertex -0.7452648 0.68240464 -1.1001118
 endloop
endfacet
facet normal 0.5454898 0.3757267 -0.74917984
 outer loop
  vertex -0.6956742 0.77560556 -1.0172622
  vertex -0.67153066 0.6687467 -1.0532745
  vertex -0.7452648 0.68240464 -1.1001118
 endloop
endfacet
facet normal 0.53332716 0.38554156 -0.7529409
 outer loop
  vertex -0.6956742 0.77560556 -1.0172622
  vertex -0.7452648 0.68240464 -1.1001118
  vertex -0.76028955 0.7921226 -1.0545734
 endloop
endfacet
facet normal -0.26000088 0.41421548 -0.8722529
 outer loop
  vertex -1.1389772 0.8271213 -1.0728267
  vertex -1.139979 0.708084 -1.1290566
  vertex -1.238184 0.69411165 -1.1064188
 endloop
endfacet
facet normal -0.25496536 0.41119486 -0.87516373
 outer loop
  vertex -1.1389772 0.8271213 -1.0728267
  vertex -1.238184 0.69411165 -1.1064188
  vertex -1.2330264 0.8087374 -1.0540646
 endloop
endfacet
facet normal -0.40011898 0.3955861 -0.82669
 outer loop
  vertex -1.2330264 0.8087374 -1.0540646
  vertex -1.238184 0.69411165 -1.1064188
  vertex -1.3256881 0.6764207 -1.0725322
 endloop
endfacet
facet normal -0.39185584 0.39067456 -0.83296
 outer loop
  vertex -1.2330264 0.8087374 -1.0540646
  vertex -1.3256881 0.6764207 -1.0725322
  vertex -1.3139751 0.784595 -1.0273066
 endloop
endfacet
facet normal -0.2566812 0.3006427 -0.9185471
 outer loop
  vertex -1.139979 0.708084 -1.1290566
  vertex -1.1405622 0.5694704 -1.1742622
  vertex -1.2421097 0.5587726 -1.1493869
 endloop
endfacet
facet normal -0.25456157 0.2993314 -0.91956466
 outer loop
  vertex -1.139979 0.708084 -1.1290566
  vertex -1.2421097 0.5587726 -1.1493869
  vertex -1.238184 0.69411165 -1.1064188
 endloop
endfacet
facet normal -0.40154234 0.28769374 -0.8694804
 outer loop
  vertex -1.238184 0.69411165 -1.1064188
  vertex -1.2421097 0.5587726 -1.1493869
  vertex -1.3339537 0.54469776 -1.1116287
 endloop
endfacet
facet normal -0.39564744 0.28405097 -0.8733718
 outer loop
  vertex -1.238184 0.69411165 -1.1064188
  vertex -1.3339537 0.54469776 -1.1116287
  vertex -1.3256881 0.6764207 -1.0725322
 endloop
endfacet
facet normal -0.13080128 0.5672637 -0.8130823
 outer loop
  vertex -1.0393543 0.9345699 -1.0138894
  vertex -1.0378405 0.83496076 -1.0836273
  vertex -1.1389772 0.8271213 -1.0728267
 endloop
endfacet
facet normal -0.12813984 0.565646 -0.8146317
 outer loop
  vertex -1.0393543 0.9345699 -1.0138894
  vertex -1.1389772 0.8271213 -1.0728267
  vertex -1.139155 0.9248921 -1.0049108
 endloop
endfacet
facet normal -0.2654614 0.5497117 -0.79205257
 outer loop
  vertex -1.139155 0.9248921 -1.0049108
  vertex -1.1389772 0.8271213 -1.0728267
  vertex -1.2330264 0.8087374 -1.0540646
 endloop
endfacet
facet normal -0.2612276 0.54752463 -0.79496974
 outer loop
  vertex -1.139155 0.9248921 -1.0049108
  vertex -1.2330264 0.8087374 -1.0540646
  vertex -1.2310553 0.90107954 -0.99111295
 endloop
endfacet
facet normal -0.40394714 0.5211522 -0.7518159
 outer loop
  vertex -1.2310553 0.90107954 -0.99111295
  vertex -1.2330264 0.8087374 -1.0540646
  vertex -1.3139751 0.784595 -1.0273066
 endloop
endfacet
facet normal -0.3949436 0.51708925 -0.75936705
 outer loop
  vertex -1.2310553 0.90107954 -0.99111295
  vertex -1.3139751 0.784595 -1.0273066
  vertex -1.3077035 0.86672133 -0.97464466
 endloop
endfacet
facet normal -0.54447526 0.4818317 -0.6865748
 outer loop
  vertex -1.3077035 0.86672133 -0.97464466
  vertex -1.3139751 0.784595 -1.0273066
  vertex -1.3780729 0.7670681 -0.98877525
 endloop
endfacet
facet normal -0.5103545 0.46312982 -0.72460264
 outer loop
  vertex -1.3077035 0.86672133 -0.97464466
  vertex -1.3780729 0.7670681 -0.98877525
  vertex -1.3576185 0.8341419 -0.96031153
 endloop
endfacet
facet normal -0.5580051 0.37079832 -0.7423873
 outer loop
  vertex -1.3139751 0.784595 -1.0273066
  vertex -1.3256881 0.6764207 -1.0725322
  vertex -1.3989929 0.66182137 -1.0247256
 endloop
endfacet
facet normal -0.5509386 0.36574212 -0.75013286
 outer loop
  vertex -1.3139751 0.784595 -1.0273066
  vertex -1.3989929 0.66182137 -1.0247256
  vertex -1.3780729 0.7670681 -0.98877525
 endloop
endfacet
facet normal -0.5676118 0.26679283 -0.7788699
 outer loop
  vertex -1.3256881 0.6764207 -1.0725322
  vertex -1.3339537 0.54469776 -1.1116287
  vertex -1.4121921 0.5307021 -1.0594054
 endloop
endfacet
facet normal -0.563223 0.26380992 -0.7830607
 outer loop
  vertex -1.3256881 0.6764207 -1.0725322
  vertex -1.4121921 0.5307021 -1.0594054
  vertex -1.3989929 0.66182137 -1.0247256
 endloop
endfacet
facet normal -0.5743816 0.18418714 -0.79759693
 outer loop
  vertex -1.3339537 0.54469776 -1.1116287
  vertex -1.3355703 0.39706737 -1.1445564
  vertex -1.4153233 0.38341683 -1.0902754
 endloop
endfacet
facet normal -0.568185 0.1803597 -0.80289245
 outer loop
  vertex -1.3339537 0.54469776 -1.1116287
  vertex -1.4153233 0.38341683 -1.0902754
  vertex -1.4121921 0.5307021 -1.0594054
 endloop
endfacet
facet normal -0.39956143 0.2042386 -0.8936651
 outer loop
  vertex -1.2421097 0.5587726 -1.1493869
  vertex -1.2422673 0.40798098 -1.1837784
  vertex -1.3355703 0.39706737 -1.1445564
 endloop
endfacet
facet normal -0.39880744 0.20378967 -0.8941042
 outer loop
  vertex -1.2421097 0.5587726 -1.1493869
  vertex -1.3355703 0.39706737 -1.1445564
  vertex -1.3339537 0.54469776 -1.1116287
 endloop
endfacet
facet normal -0.24733406 0.21148986 -0.94556755
 outer loop
  vertex -1.1405622 0.5694704 -1.1742622
  vertex -1.1394 0.4152034 -1.2090702
  vertex -1.2422673 0.40798098 -1.1837784
 endloop
endfacet
facet normal -0.25368777 0.21534076 -0.94301164
 outer loop
  vertex -1.1405622 0.5694704 -1.1742622
  vertex -1.2422673 0.40798098 -1.1837784
  vertex -1.2421097 0.5587726 -1.1493869
 endloop
endfacet
facet normal -0.11411829 0.21217367 -0.97054595
 outer loop
  vertex -1.0338712 0.57378554 -1.1868104
  vertex -1.0314997 0.4177521 -1.2212001
  vertex -1.1394 0.4152034 -1.2090702
 endloop
endfacet
facet normal -0.12268425 0.2175595 -0.96830595
 outer loop
  vertex -1.0338712 0.57378554 -1.1868104
  vertex -1.1394 0.4152034 -1.2090702
  vertex -1.1405622 0.5694704 -1.1742622
 endloop
endfacet
facet normal -0.12340124 0.30544224 -0.94418067
 outer loop
  vertex -1.0360057 0.71423435 -1.1410962
  vertex -1.0338712 0.57378554 -1.1868104
  vertex -1.1405622 0.5694704 -1.1742622
 endloop
endfacet
facet normal -0.12739387 0.30801293 -0.9428143
 outer loop
  vertex -1.0360057 0.71423435 -1.1410962
  vertex -1.1405622 0.5694704 -1.1742622
  vertex -1.139979 0.708084 -1.1290566
 endloop
endfacet
facet normal -0.12888813 0.42462984 -0.8961458
 outer loop
  vertex -1.0378405 0.83496076 -1.0836273
  vertex -1.0360057 0.71423435 -1.1410962
  vertex -1.139979 0.708084 -1.1290566
 endloop
endfacet
facet normal -0.12861522 0.42445394 -0.89626837
 outer loop
  vertex -1.0378405 0.83496076 -1.0836273
  vertex -1.139979 0.708084 -1.1290566
  vertex -1.1389772 0.8271213 -1.0728267
 endloop
endfacet
facet normal -0.23463035 0.022799386 -0.9718173
 outer loop
  vertex -1.1357574 0.25331935 -1.2326735
  vertex -1.1306297 0.09291056 -1.2376748
  vertex -1.2290968 0.096190676 -1.2138245
 endloop
endfacet
facet normal -0.24102768 0.026799846 -0.97014815
 outer loop
  vertex -1.1357574 0.25331935 -1.2326735
  vertex -1.2290968 0.096190676 -1.2138245
  vertex -1.2374262 0.25060982 -1.2074894
 endloop
endfacet
facet normal -0.39603812 0.016302818 -0.91808933
 outer loop
  vertex -1.2374262 0.25060982 -1.2074894
  vertex -1.2290968 0.096190676 -1.2138245
  vertex -1.316894 0.097786784 -1.1759229
 endloop
endfacet
facet normal -0.3958307 0.016176045 -0.918181
 outer loop
  vertex -1.2374262 0.25060982 -1.2074894
  vertex -1.316894 0.097786784 -1.1759229
  vertex -1.3293912 0.24449015 -1.1679507
 endloop
endfacet
facet normal -0.24047376 -0.10777314 -0.96465397
 outer loop
  vertex -1.1306297 0.09291056 -1.2376748
  vertex -1.1255449 -0.056701154 -1.2222275
  vertex -1.22003 -0.046414256 -1.199823
 endloop
endfacet
facet normal -0.23743941 -0.10986043 -0.9651701
 outer loop
  vertex -1.1306297 0.09291056 -1.2376748
  vertex -1.22003 -0.046414256 -1.199823
  vertex -1.2290968 0.096190676 -1.2138245
 endloop
endfacet
facet normal -0.40399954 -0.11479083 -0.90752816
 outer loop
  vertex -1.2290968 0.096190676 -1.2138245
  vertex -1.22003 -0.046414256 -1.199823
  vertex -1.3015363 -0.033847272 -1.1651288
 endloop
endfacet
facet normal -0.39528888 -0.12078629 -0.91058075
 outer loop
  vertex -1.2290968 0.096190676 -1.2138245
  vertex -1.3015363 -0.033847272 -1.1651288
  vertex -1.316894 0.097786784 -1.1759229
 endloop
endfacet
facet normal -0.100534506 0.13254678 -0.986065
 outer loop
  vertex -1.0314997 0.4177521 -1.2212001
  vertex -1.0290114 0.25401103 -1.2434639
  vertex -1.1357574 0.25331935 -1.2326735
 endloop
endfacet
facet normal -0.11388506 0.14083 -0.98346174
 outer loop
  vertex -1.0314997 0.4177521 -1.2212001
  vertex -1.1357574 0.25331935 -1.2326735
  vertex -1.1394 0.4152034 -1.2090702
 endloop
endfacet
facet normal -0.24163087 0.1346772 -0.9609769
 outer loop
  vertex -1.1394 0.4152034 -1.2090702
  vertex -1.1357574 0.25331935 -1.2326735
  vertex -1.2374262 0.25060982 -1.2074894
 endloop
endfacet
facet normal -0.2455676 0.13703457 -0.95964473
 outer loop
  vertex -1.1394 0.4152034 -1.2090702
  vertex -1.2374262 0.25060982 -1.2074894
  vertex -1.2422673 0.40798098 -1.1837784
 endloop
endfacet
facet normal -0.39888242 0.1246117 -0.90849584
 outer loop
  vertex -1.2422673 0.40798098 -1.1837784
  vertex -1.2374262 0.25060982 -1.2074894
  vertex -1.3293912 0.24449015 -1.1679507
 endloop
endfacet
facet normal -0.3967937 0.123394005 -0.9095762
 outer loop
  vertex -1.2422673 0.40798098 -1.1837784
  vertex -1.3293912 0.24449015 -1.1679507
  vertex -1.3355703 0.39706737 -1.1445564
 endloop
endfacet
facet normal -0.5777383 0.1007944 -0.8099746
 outer loop
  vertex -1.3355703 0.39706737 -1.1445564
  vertex -1.3293912 0.24449015 -1.1679507
  vertex -1.4076731 0.23335823 -1.1134992
 endloop
endfacet
facet normal -0.5712977 0.097006276 -0.81499004
 outer loop
  vertex -1.3355703 0.39706737 -1.1445564
  vertex -1.4076731 0.23335823 -1.1134992
  vertex -1.4153233 0.38341683 -1.0902754
 endloop
endfacet
facet normal -0.5824919 -0.0054506194 -0.81281817
 outer loop
  vertex -1.3293912 0.24449015 -1.1679507
  vertex -1.316894 0.097786784 -1.1759229
  vertex -1.3903164 0.09092127 -1.12326
 endloop
endfacet
facet normal -0.56972015 -0.013112203 -0.82173413
 outer loop
  vertex -1.3293912 0.24449015 -1.1679507
  vertex -1.3903164 0.09092127 -1.12326
  vertex -1.4076731 0.23335823 -1.1134992
 endloop
endfacet
facet normal -0.5836379 -0.13376874 -0.80091995
 outer loop
  vertex -1.316894 0.097786784 -1.1759229
  vertex -1.3015363 -0.033847272 -1.1651288
  vertex -1.3659139 -0.03297168 -1.1183625
 endloop
endfacet
facet normal -0.56785345 -0.14388418 -0.8104566
 outer loop
  vertex -1.316894 0.097786784 -1.1759229
  vertex -1.3659139 -0.03297168 -1.1183625
  vertex -1.3903164 0.09092127 -1.12326
 endloop
endfacet
facet normal -0.5544258 -0.27456903 -0.785636
 outer loop
  vertex -1.3015363 -0.033847272 -1.1651288
  vertex -1.292345 -0.14384991 -1.1331707
  vertex -1.3431778 -0.11601317 -1.1070265
 endloop
endfacet
facet normal -0.56948864 -0.26226845 -0.7790366
 outer loop
  vertex -1.3015363 -0.033847272 -1.1651288
  vertex -1.3431778 -0.11601317 -1.1070265
  vertex -1.3659139 -0.03297168 -1.1183625
 endloop
endfacet
facet normal -0.41622278 -0.28233573 -0.8643177
 outer loop
  vertex -1.22003 -0.046414256 -1.199823
  vertex -1.2147424 -0.17227682 -1.1612554
  vertex -1.292345 -0.14384991 -1.1331707
 endloop
endfacet
facet normal -0.4122904 -0.28577104 -0.86507314
 outer loop
  vertex -1.22003 -0.046414256 -1.199823
  vertex -1.292345 -0.14384991 -1.1331707
  vertex -1.3015363 -0.033847272 -1.1651288
 endloop
endfacet
facet normal -0.25590104 -0.28914285 -0.9224484
 outer loop
  vertex -1.1255449 -0.056701154 -1.2222275
  vertex -1.1222069 -0.19028258 -1.1812822
  vertex -1.2147424 -0.17227682 -1.1612554
 endloop
endfacet
facet normal -0.2506908 -0.29323688 -0.92258674
 outer loop
  vertex -1.1255449 -0.056701154 -1.2222275
  vertex -1.2147424 -0.17227682 -1.1612554
  vertex -1.22003 -0.046414256 -1.199823
 endloop
endfacet
facet normal -0.09716561 -0.2901295 -0.95204186
 outer loop
  vertex -1.0242385 -0.060027808 -1.2309753
  vertex -1.0221894 -0.19485402 -1.1900969
  vertex -1.1222069 -0.19028258 -1.1812822
 endloop
endfacet
facet normal -0.09180597 -0.29391992 -0.9514109
 outer loop
  vertex -1.0242385 -0.060027808 -1.2309753
  vertex -1.1222069 -0.19028258 -1.1812822
  vertex -1.1255449 -0.056701154 -1.2222275
 endloop
endfacet
facet normal -0.08900144 -0.106072865 -0.9903673
 outer loop
  vertex -1.0265417 0.09151438 -1.2469991
  vertex -1.0242385 -0.060027808 -1.2309753
  vertex -1.1255449 -0.056701154 -1.2222275
 endloop
endfacet
facet normal -0.09012895 -0.10531618 -0.9903461
 outer loop
  vertex -1.0265417 0.09151438 -1.2469991
  vertex -1.1255449 -0.056701154 -1.2222275
  vertex -1.1306297 0.09291056 -1.2376748
 endloop
endfacet
facet normal -0.08893509 0.02031359 -0.9958303
 outer loop
  vertex -1.0290114 0.25401103 -1.2434639
  vertex -1.0265417 0.09151438 -1.2469991
  vertex -1.1306297 0.09291056 -1.2376748
 endloop
endfacet
facet normal -0.100711145 0.027788451 -0.9945275
 outer loop
  vertex -1.0290114 0.25401103 -1.2434639
  vertex -1.1306297 0.09291056 -1.2376748
  vertex -1.1357574 0.25331935 -1.2326735
 endloop
endfacet
facet normal 0.3827475 0.0014484329 -0.92385185
 outer loop
  vertex -0.72839636 0.24808013 -1.1801703
  vertex -0.7364453 0.102093965 -1.1837338
  vertex -0.824167 0.098720014 -1.2200818
 endloop
endfacet
facet normal 0.37985384 0.003621237 -0.92503947
 outer loop
  vertex -0.72839636 0.24808013 -1.1801703
  vertex -0.824167 0.098720014 -1.2200818
  vertex -0.82052016 0.2524057 -1.2179826
 endloop
endfacet
facet normal 0.20938954 0.008386826 -0.9777963
 outer loop
  vertex -0.82052016 0.2524057 -1.2179826
  vertex -0.824167 0.098720014 -1.2200818
  vertex -0.9225132 0.094041735 -1.2411822
 endloop
endfacet
facet normal 0.20199524 0.013368653 -0.9792953
 outer loop
  vertex -0.82052016 0.2524057 -1.2179826
  vertex -0.9225132 0.094041735 -1.2411822
  vertex -0.9222536 0.2539491 -1.2389457
 endloop
endfacet
facet normal 0.3867619 -0.11027059 -0.9155629
 outer loop
  vertex -0.7364453 0.102093965 -1.1837338
  vertex -0.74784553 -0.026673317 -1.1730409
  vertex -0.82892936 -0.04191208 -1.2054578
 endloop
endfacet
facet normal 0.3840957 -0.10835461 -0.91691315
 outer loop
  vertex -0.7364453 0.102093965 -1.1837338
  vertex -0.82892936 -0.04191208 -1.2054578
  vertex -0.824167 0.098720014 -1.2200818
 endloop
endfacet
facet normal 0.21732624 -0.1082358 -0.97007954
 outer loop
  vertex -0.824167 0.098720014 -1.2200818
  vertex -0.82892936 -0.04191208 -1.2054578
  vertex -0.9230654 -0.0545851 -1.2251331
 endloop
endfacet
facet normal 0.21340673 -0.10566932 -0.971232
 outer loop
  vertex -0.824167 0.098720014 -1.2200818
  vertex -0.9230654 -0.0545851 -1.2251331
  vertex -0.9225132 0.094041735 -1.2411822
 endloop
endfacet
facet normal 0.5758133 0.0726568 -0.81434643
 outer loop
  vertex -0.64672244 0.38931867 -1.1098183
  vertex -0.64981043 0.23920426 -1.1253952
  vertex -0.72839636 0.24808013 -1.1801703
 endloop
endfacet
facet normal 0.5704176 0.07744518 -0.81769556
 outer loop
  vertex -0.64672244 0.38931867 -1.1098183
  vertex -0.72839636 0.24808013 -1.1801703
  vertex -0.72685486 0.40064374 -1.1646454
 endloop
endfacet
facet normal 0.38178203 0.08974989 -0.91988444
 outer loop
  vertex -0.72685486 0.40064374 -1.1646454
  vertex -0.72839636 0.24808013 -1.1801703
  vertex -0.82052016 0.2524057 -1.2179826
 endloop
endfacet
facet normal 0.3666561 0.10109317 -0.92484784
 outer loop
  vertex -0.72685486 0.40064374 -1.1646454
  vertex -0.82052016 0.2524057 -1.2179826
  vertex -0.8204606 0.40965134 -1.2007709
 endloop
endfacet
facet normal 0.2022207 0.106484495 -0.9735337
 outer loop
  vertex -0.8204606 0.40965134 -1.2007709
  vertex -0.82052016 0.2524057 -1.2179826
  vertex -0.9222536 0.2539491 -1.2389457
 endloop
endfacet
facet normal 0.18073091 0.12114894 -0.9760427
 outer loop
  vertex -0.8204606 0.40965134 -1.2007709
  vertex -0.9222536 0.2539491 -1.2389457
  vertex -0.92352855 0.41563833 -1.2191125
 endloop
endfacet
facet normal 0.042038605 0.12196894 -0.9916433
 outer loop
  vertex -0.92352855 0.41563833 -1.2191125
  vertex -0.9222536 0.2539491 -1.2389457
  vertex -1.0290114 0.25401103 -1.2434639
 endloop
endfacet
facet normal 0.02179638 0.13502285 -0.9906027
 outer loop
  vertex -0.92352855 0.41563833 -1.2191125
  vertex -1.0290114 0.25401103 -1.2434639
  vertex -1.0314997 0.4177521 -1.2212001
 endloop
endfacet
facet normal 0.05548816 0.013873161 -0.998363
 outer loop
  vertex -0.9222536 0.2539491 -1.2389457
  vertex -0.9225132 0.094041735 -1.2411822
  vertex -1.0265417 0.09151438 -1.2469991
 endloop
endfacet
facet normal 0.042286046 0.022373721 -0.998855
 outer loop
  vertex -0.9222536 0.2539491 -1.2389457
  vertex -1.0265417 0.09151438 -1.2469991
  vertex -1.0290114 0.25401103 -1.2434639
 endloop
endfacet
facet normal 0.06307166 -0.10737663 -0.9922158
 outer loop
  vertex -0.9225132 0.094041735 -1.2411822
  vertex -0.9230654 -0.0545851 -1.2251331
  vertex -1.0242385 -0.060027808 -1.2309753
 endloop
endfacet
facet normal 0.05804729 -0.10410266 -0.9928711
 outer loop
  vertex -0.9225132 0.094041735 -1.2411822
  vertex -1.0242385 -0.060027808 -1.2309753
  vertex -1.0265417 0.09151438 -1.2469991
 endloop
endfacet
facet normal 0.065485254 -0.28512752 -0.95624995
 outer loop
  vertex -0.9230654 -0.0545851 -1.2251331
  vertex -0.9223885 -0.1851837 -1.1861458
  vertex -1.0221894 -0.19485402 -1.1900969
 endloop
endfacet
facet normal 0.07065668 -0.28844157 -0.954887
 outer loop
  vertex -0.9230654 -0.0545851 -1.2251331
  vertex -1.0221894 -0.19485402 -1.1900969
  vertex -1.0242385 -0.060027808 -1.2309753
 endloop
endfacet
facet normal 0.23065361 -0.27622297 -0.93300575
 outer loop
  vertex -0.82892936 -0.04191208 -1.2054578
  vertex -0.8304658 -0.16285768 -1.1700308
  vertex -0.9223885 -0.1851837 -1.1861458
 endloop
endfacet
facet normal 0.2321795 -0.27713105 -0.93235785
 outer loop
  vertex -0.82892936 -0.04191208 -1.2054578
  vertex -0.9223885 -0.1851837 -1.1861458
  vertex -0.9230654 -0.0545851 -1.2251331
 endloop
endfacet
facet normal 0.40109095 -0.2627299 -0.8775528
 outer loop
  vertex -0.74784553 -0.026673317 -1.1730409
  vertex -0.7537739 -0.13136578 -1.1444067
  vertex -0.8304658 -0.16285768 -1.1700308
 endloop
endfacet
facet normal 0.40032706 -0.26227716 -0.878037
 outer loop
  vertex -0.74784553 -0.026673317 -1.1730409
  vertex -0.8304658 -0.16285768 -1.1700308
  vertex -0.82892936 -0.04191208 -1.2054578
 endloop
endfacet
facet normal 0.5401913 -0.22934549 -0.80968755
 outer loop
  vertex -0.68354726 -0.022329122 -1.1284391
  vertex -0.7038134 -0.101790905 -1.1194521
  vertex -0.7537739 -0.13136578 -1.1444067
 endloop
endfacet
facet normal 0.5634693 -0.24748524 -0.78819644
 outer loop
  vertex -0.68354726 -0.022329122 -1.1284391
  vertex -0.7537739 -0.13136578 -1.1444067
  vertex -0.74784553 -0.026673317 -1.1730409
 endloop
endfacet
facet normal 0.5712693 -0.12165408 -0.8116968
 outer loop
  vertex -0.66285396 0.097836494 -1.1318852
  vertex -0.68354726 -0.022329122 -1.1284391
  vertex -0.74784553 -0.026673317 -1.1730409
 endloop
endfacet
facet normal 0.56736994 -0.11790779 -0.81497794
 outer loop
  vertex -0.66285396 0.097836494 -1.1318852
  vertex -0.74784553 -0.026673317 -1.1730409
  vertex -0.7364453 0.102093965 -1.1837338
 endloop
endfacet
facet normal 0.5752847 -0.015535271 -0.8178057
 outer loop
  vertex -0.64981043 0.23920426 -1.1253952
  vertex -0.66285396 0.097836494 -1.1318852
  vertex -0.7364453 0.102093965 -1.1837338
 endloop
endfacet
facet normal 0.5709073 -0.011437967 -0.82093483
 outer loop
  vertex -0.64981043 0.23920426 -1.1253952
  vertex -0.7364453 0.102093965 -1.1837338
  vertex -0.72839636 0.24808013 -1.1801703
 endloop
endfacet
facet normal -0.8236027 0.3396244 -0.45423996
 outer loop
  vertex -1.4246469 0.7688876 -0.93314373
  vertex -1.4557316 0.65555656 -0.96151745
  vertex -1.4961365 0.6535966 -0.88972294
 endloop
endfacet
facet normal -0.8248616 0.34192094 -0.4502149
 outer loop
  vertex -1.4246469 0.7688876 -0.93314373
  vertex -1.4961365 0.6535966 -0.88972294
  vertex -1.4575899 0.77782387 -0.8660004
 endloop
endfacet
facet normal -0.9007337 0.3327969 -0.2791507
 outer loop
  vertex -1.4575899 0.77782387 -0.8660004
  vertex -1.4961365 0.6535966 -0.88972294
  vertex -1.5205718 0.65002877 -0.81513125
 endloop
endfacet
facet normal -0.90142614 0.33518326 -0.27401292
 outer loop
  vertex -1.4575899 0.77782387 -0.8660004
  vertex -1.5205718 0.65002877 -0.81513125
  vertex -1.477885 0.78198135 -0.79414946
 endloop
endfacet
facet normal -0.8583062 0.2174309 -0.4647949
 outer loop
  vertex -1.4557316 0.65555656 -0.96151745
  vertex -1.4738947 0.51941967 -0.99166167
  vertex -1.5184407 0.50980866 -0.9138975
 endloop
endfacet
facet normal -0.85406625 0.21231811 -0.4748599
 outer loop
  vertex -1.4557316 0.65555656 -0.96151745
  vertex -1.5184407 0.50980866 -0.9138975
  vertex -1.4961365 0.6535966 -0.88972294
 endloop
endfacet
facet normal -0.93685025 0.19422132 -0.29084307
 outer loop
  vertex -1.4961365 0.6535966 -0.88972294
  vertex -1.5184407 0.50980866 -0.9138975
  vertex -1.5454283 0.49968013 -0.83373016
 endloop
endfacet
facet normal -0.93540776 0.19142075 -0.2972717
 outer loop
  vertex -1.4961365 0.6535966 -0.88972294
  vertex -1.5454283 0.49968013 -0.83373016
  vertex -1.5205718 0.65002877 -0.81513125
 endloop
endfacet
facet normal -0.6763119 0.45280316 -0.5810091
 outer loop
  vertex -1.3576185 0.8341419 -0.96031153
  vertex -1.3780729 0.7670681 -0.98877525
  vertex -1.4246469 0.7688876 -0.93314373
 endloop
endfacet
facet normal -0.6844576 0.47158742 -0.55598843
 outer loop
  vertex -1.3576185 0.8341419 -0.96031153
  vertex -1.4246469 0.7688876 -0.93314373
  vertex -1.3794484 0.8575821 -0.91355556
 endloop
endfacet
facet normal -0.7588835 0.48315674 -0.43664107
 outer loop
  vertex -1.3794484 0.8575821 -0.91355556
  vertex -1.4246469 0.7688876 -0.93314373
  vertex -1.4575899 0.77782387 -0.8660004
 endloop
endfacet
facet normal -0.7599485 0.48972857 -0.427369
 outer loop
  vertex -1.3794484 0.8575821 -0.91355556
  vertex -1.4575899 0.77782387 -0.8660004
  vertex -1.4023131 0.8802863 -0.84688044
 endloop
endfacet
facet normal -0.82790583 0.4956307 -0.2625302
 outer loop
  vertex -1.4023131 0.8802863 -0.84688044
  vertex -1.4575899 0.77782387 -0.8660004
  vertex -1.477885 0.78198135 -0.79414946
 endloop
endfacet
facet normal -0.8278769 0.49841422 -0.25729954
 outer loop
  vertex -1.4023131 0.8802863 -0.84688044
  vertex -1.477885 0.78198135 -0.79414946
  vertex -1.4176893 0.8924154 -0.77391124
 endloop
endfacet
facet normal -0.87296146 0.48514 -0.050768696
 outer loop
  vertex -1.4176893 0.8924154 -0.77391124
  vertex -1.477885 0.78198135 -0.79414946
  vertex -1.4847038 0.7771193 -0.7233629
 endloop
endfacet
facet normal -0.87359285 0.48349997 -0.055346575
 outer loop
  vertex -1.4176893 0.8924154 -0.77391124
  vertex -1.4847038 0.7771193 -0.7233629
  vertex -1.4230372 0.8909818 -0.7020244
 endloop
endfacet
facet normal -0.9460916 0.31679186 -0.06748057
 outer loop
  vertex -1.477885 0.78198135 -0.79414946
  vertex -1.5205718 0.65002877 -0.81513125
  vertex -1.5286547 0.6414625 -0.74202263
 endloop
endfacet
facet normal -0.9461816 0.31610027 -0.06943261
 outer loop
  vertex -1.477885 0.78198135 -0.79414946
  vertex -1.5286547 0.6414625 -0.74202263
  vertex -1.4847038 0.7771193 -0.7233629
 endloop
endfacet
facet normal -0.98138624 0.17265148 -0.08409833
 outer loop
  vertex -1.5205718 0.65002877 -0.81513125
  vertex -1.5454283 0.49968013 -0.83373016
  vertex -1.554347 0.48742646 -0.754809
 endloop
endfacet
facet normal -0.98128974 0.17101598 -0.088452876
 outer loop
  vertex -1.5205718 0.65002877 -0.81513125
  vertex -1.554347 0.48742646 -0.754809
  vertex -1.5286547 0.6414625 -0.74202263
 endloop
endfacet
facet normal -0.9941994 0.04964184 -0.0954116
 outer loop
  vertex -1.5454283 0.49968013 -0.83373016
  vertex -1.552056 0.3366727 -0.8494804
  vertex -1.5612497 0.32109728 -0.76178396
 endloop
endfacet
facet normal -0.9934057 0.04563711 -0.10517749
 outer loop
  vertex -1.5454283 0.49968013 -0.83373016
  vertex -1.5612497 0.32109728 -0.76178396
  vertex -1.554347 0.48742646 -0.754809
 endloop
endfacet
facet normal -0.9545633 0.07835756 -0.2875222
 outer loop
  vertex -1.5184407 0.50980866 -0.9138975
  vertex -1.5242605 0.3523295 -0.9374933
  vertex -1.552056 0.3366727 -0.8494804
 endloop
endfacet
facet normal -0.9480963 0.06855041 -0.3105065
 outer loop
  vertex -1.5184407 0.50980866 -0.9138975
  vertex -1.552056 0.3366727 -0.8494804
  vertex -1.5454283 0.49968013 -0.83373016
 endloop
endfacet
facet normal -0.8787425 0.11467809 -0.4633147
 outer loop
  vertex -1.4738947 0.51941967 -0.99166167
  vertex -1.4784869 0.36804056 -1.0204208
  vertex -1.5242605 0.3523295 -0.9374933
 endloop
endfacet
facet normal -0.8684741 0.10469797 -0.48455232
 outer loop
  vertex -1.4738947 0.51941967 -0.99166167
  vertex -1.5242605 0.3523295 -0.9374933
  vertex -1.5184407 0.50980866 -0.9138975
 endloop
endfacet
facet normal -0.74953926 0.15101789 -0.6445033
 outer loop
  vertex -1.4121921 0.5307021 -1.0594054
  vertex -1.4153233 0.38341683 -1.0902754
  vertex -1.4784869 0.36804056 -1.0204208
 endloop
endfacet
facet normal -0.7433494 0.14654168 -0.652654
 outer loop
  vertex -1.4121921 0.5307021 -1.0594054
  vertex -1.4784869 0.36804056 -1.0204208
  vertex -1.4738947 0.51941967 -0.99166167
 endloop
endfacet
facet normal -0.73714066 0.2411623 -0.6312403
 outer loop
  vertex -1.3989929 0.66182137 -1.0247256
  vertex -1.4121921 0.5307021 -1.0594054
  vertex -1.4738947 0.51941967 -0.99166167
 endloop
endfacet
facet normal -0.7342964 0.23868081 -0.63548434
 outer loop
  vertex -1.3989929 0.66182137 -1.0247256
  vertex -1.4738947 0.51941967 -0.99166167
  vertex -1.4557316 0.65555656 -0.96151745
 endloop
endfacet
facet normal -0.7142667 0.34916335 -0.6065543
 outer loop
  vertex -1.3780729 0.7670681 -0.98877525
  vertex -1.3989929 0.66182137 -1.0247256
  vertex -1.4557316 0.65555656 -0.96151745
 endloop
endfacet
facet normal -0.71321696 0.34796238 -0.60847664
 outer loop
  vertex -1.3780729 0.7670681 -0.98877525
  vertex -1.4557316 0.65555656 -0.96151745
  vertex -1.4246469 0.7688876 -0.93314373
 endloop
endfacet
facet normal -0.87279946 0.22544868 0.4328901
 outer loop
  vertex -1.4775757 0.76161575 -0.6586104
  vertex -1.52021 0.62621367 -0.6740532
  vertex -1.4954222 0.60659975 -0.6138608
 endloop
endfacet
facet normal -0.8767735 0.22381516 0.4256465
 outer loop
  vertex -1.4775757 0.76161575 -0.6586104
  vertex -1.4954222 0.60659975 -0.6138608
  vertex -1.4569769 0.73749125 -0.6034945
 endloop
endfacet
facet normal -0.7352675 0.16387673 0.65766716
 outer loop
  vertex -1.4569769 0.73749125 -0.6034945
  vertex -1.4954222 0.60659975 -0.6138608
  vertex -1.4546877 0.58686876 -0.5634033
 endloop
endfacet
facet normal -0.7315634 0.1649576 0.6615165
 outer loop
  vertex -1.4569769 0.73749125 -0.6034945
  vertex -1.4546877 0.58686876 -0.5634033
  vertex -1.4237511 0.70994425 -0.5598813
 endloop
endfacet
facet normal -0.9072623 0.1298301 0.40002406
 outer loop
  vertex -1.52021 0.62621367 -0.6740532
  vertex -1.545011 0.47222582 -0.68032473
  vertex -1.5176198 0.4557904 -0.61286676
 endloop
endfacet
facet normal -0.89989024 0.13518769 0.4146345
 outer loop
  vertex -1.52021 0.62621367 -0.6740532
  vertex -1.5176198 0.4557904 -0.61286676
  vertex -1.4954222 0.60659975 -0.6138608
 endloop
endfacet
facet normal -0.7708286 0.117584914 0.6260967
 outer loop
  vertex -1.4954222 0.60659975 -0.6138608
  vertex -1.5176198 0.4557904 -0.61286676
  vertex -1.4726977 0.4406536 -0.5547174
 endloop
endfacet
facet normal -0.74582255 0.13066994 0.653203
 outer loop
  vertex -1.4954222 0.60659975 -0.6138608
  vertex -1.4726977 0.4406536 -0.5547174
  vertex -1.4546877 0.58686876 -0.5634033
 endloop
endfacet
facet normal -0.87664026 0.43708104 0.2011519
 outer loop
  vertex -1.4230372 0.8909818 -0.7020244
  vertex -1.4847038 0.7771193 -0.7233629
  vertex -1.4775757 0.76161575 -0.6586104
 endloop
endfacet
facet normal -0.88078785 0.43449205 0.18822686
 outer loop
  vertex -1.4230372 0.8909818 -0.7020244
  vertex -1.4775757 0.76161575 -0.6586104
  vertex -1.4174178 0.8745478 -0.63779366
 endloop
endfacet
facet normal -0.8166135 0.35046917 0.45859975
 outer loop
  vertex -1.4174178 0.8745478 -0.63779366
  vertex -1.4775757 0.76161575 -0.6586104
  vertex -1.4569769 0.73749125 -0.6034945
 endloop
endfacet
facet normal -0.8240437 0.3494403 0.4459187
 outer loop
  vertex -1.4174178 0.8745478 -0.63779366
  vertex -1.4569769 0.73749125 -0.6034945
  vertex -1.4017713 0.8446417 -0.58544385
 endloop
endfacet
facet normal -0.6920546 0.24199149 0.68007386
 outer loop
  vertex -1.4017713 0.8446417 -0.58544385
  vertex -1.4569769 0.73749125 -0.6034945
  vertex -1.4237511 0.70994425 -0.5598813
 endloop
endfacet
facet normal -0.6965358 0.24186045 0.6755304
 outer loop
  vertex -1.4017713 0.8446417 -0.58544385
  vertex -1.4237511 0.70994425 -0.5598813
  vertex -1.3786525 0.8052019 -0.5474855
 endloop
endfacet
facet normal -0.53368175 0.14422904 0.83329576
 outer loop
  vertex -1.3786525 0.8052019 -0.5474855
  vertex -1.4237511 0.70994425 -0.5598813
  vertex -1.3769413 0.69261426 -0.5269026
 endloop
endfacet
facet normal -0.56496793 0.14006823 0.81313723
 outer loop
  vertex -1.3786525 0.8052019 -0.5474855
  vertex -1.3769413 0.69261426 -0.5269026
  vertex -1.3566328 0.76928777 -0.5259998
 endloop
endfacet
facet normal -0.54927856 0.114380255 0.8277743
 outer loop
  vertex -1.4237511 0.70994425 -0.5598813
  vertex -1.4546877 0.58686876 -0.5634033
  vertex -1.3976592 0.57406497 -0.5237922
 endloop
endfacet
facet normal -0.5427791 0.116679266 0.8317312
 outer loop
  vertex -1.4237511 0.70994425 -0.5598813
  vertex -1.3976592 0.57406497 -0.5237922
  vertex -1.3769413 0.69261426 -0.5269026
 endloop
endfacet
facet normal -0.5848569 0.119697504 0.80225617
 outer loop
  vertex -1.4546877 0.58686876 -0.5634033
  vertex -1.4726977 0.4406536 -0.5547174
  vertex -1.4106568 0.42966753 -0.5078495
 endloop
endfacet
facet normal -0.54339075 0.14029431 0.82767385
 outer loop
  vertex -1.4546877 0.58686876 -0.5634033
  vertex -1.4106568 0.42966753 -0.5078495
  vertex -1.3976592 0.57406497 -0.5237922
 endloop
endfacet
facet normal -0.6506802 0.1376188 0.74677724
 outer loop
  vertex -1.4726977 0.4406536 -0.5547174
  vertex -1.4771084 0.27734601 -0.52846557
  vertex -1.4135431 0.26628888 -0.4710424
 endloop
endfacet
facet normal -0.5701191 0.19013447 0.7992579
 outer loop
  vertex -1.4726977 0.4406536 -0.5547174
  vertex -1.4135431 0.26628888 -0.4710424
  vertex -1.4106568 0.42966753 -0.5078495
 endloop
endfacet
facet normal -0.82302904 0.079181954 0.56245303
 outer loop
  vertex -1.5176198 0.4557904 -0.61286676
  vertex -1.5233232 0.290652 -0.5979642
  vertex -1.4771084 0.27734601 -0.52846557
 endloop
endfacet
facet normal -0.76994777 0.12149469 0.62643397
 outer loop
  vertex -1.5176198 0.4557904 -0.61286676
  vertex -1.4771084 0.27734601 -0.52846557
  vertex -1.4726977 0.4406536 -0.5547174
 endloop
endfacet
facet normal -0.9378803 0.044078853 0.34414777
 outer loop
  vertex -1.545011 0.47222582 -0.68032473
  vertex -1.5515816 0.3054642 -0.676872
  vertex -1.5233232 0.290652 -0.5979642
 endloop
endfacet
facet normal -0.9186744 0.06686089 0.3893161
 outer loop
  vertex -1.545011 0.47222582 -0.68032473
  vertex -1.5233232 0.290652 -0.5979642
  vertex -1.5176198 0.4557904 -0.61286676
 endloop
endfacet
facet normal -0.9921605 0.03615845 0.11962495
 outer loop
  vertex -1.554347 0.48742646 -0.754809
  vertex -1.5612497 0.32109728 -0.76178396
  vertex -1.5515816 0.3054642 -0.676872
 endloop
endfacet
facet normal -0.9902831 0.041764557 0.13264711
 outer loop
  vertex -1.554347 0.48742646 -0.754809
  vertex -1.5515816 0.3054642 -0.676872
  vertex -1.545011 0.47222582 -0.68032473
 endloop
endfacet
facet normal -0.9767317 0.15020637 0.15307921
 outer loop
  vertex -1.5286547 0.6414625 -0.74202263
  vertex -1.554347 0.48742646 -0.754809
  vertex -1.545011 0.47222582 -0.68032473
 endloop
endfacet
facet normal -0.97629374 0.15092106 0.15515569
 outer loop
  vertex -1.5286547 0.6414625 -0.74202263
  vertex -1.545011 0.47222582 -0.68032473
  vertex -1.52021 0.62621367 -0.6740532
 endloop
endfacet
facet normal -0.9427569 0.2806676 0.18009743
 outer loop
  vertex -1.4847038 0.7771193 -0.7233629
  vertex -1.5286547 0.6414625 -0.74202263
  vertex -1.52021 0.62621367 -0.6740532
 endloop
endfacet
facet normal -0.9452503 0.27816945 0.17065693
 outer loop
  vertex -1.4847038 0.7771193 -0.7233629
  vertex -1.52021 0.62621367 -0.6740532
  vertex -1.4775757 0.76161575 -0.6586104
 endloop
endfacet
facet normal -0.96154714 -0.1597258 0.22341602
 outer loop
  vertex -1.5398638 0.133545 -0.6615898
  vertex -1.510227 -0.030649513 -0.6514243
  vertex -1.4856088 -0.039108336 -0.5515191
 endloop
endfacet
facet normal -0.95453477 -0.12846145 0.26899981
 outer loop
  vertex -1.5398638 0.133545 -0.6615898
  vertex -1.4856088 -0.039108336 -0.5515191
  vertex -1.5125284 0.12077603 -0.5706891
 endloop
endfacet
facet normal -0.90044725 -0.1008776 0.42310572
 outer loop
  vertex -1.5125284 0.12077603 -0.5706891
  vertex -1.4856088 -0.039108336 -0.5515191
  vertex -1.4451134 -0.043108255 -0.46629107
 endloop
endfacet
facet normal -0.87214214 -0.048641067 0.48682868
 outer loop
  vertex -1.5125284 0.12077603 -0.5706891
  vertex -1.4451134 -0.043108255 -0.46629107
  vertex -1.4676776 0.11033642 -0.49138296
 endloop
endfacet
facet normal -0.93826854 -0.2959064 0.1791416
 outer loop
  vertex -1.510227 -0.030649513 -0.6514243
  vertex -1.4632636 -0.18009663 -0.65230703
  vertex -1.4429984 -0.18225968 -0.54973924
 endloop
endfacet
facet normal -0.9382299 -0.27669013 0.20776711
 outer loop
  vertex -1.510227 -0.030649513 -0.6514243
  vertex -1.4429984 -0.18225968 -0.54973924
  vertex -1.4856088 -0.039108336 -0.5515191
 endloop
endfacet
facet normal -0.89418954 -0.26164764 0.3632707
 outer loop
  vertex -1.4856088 -0.039108336 -0.5515191
  vertex -1.4429984 -0.18225968 -0.54973924
  vertex -1.4102992 -0.17518172 -0.46415228
 endloop
endfacet
facet normal -0.88385975 -0.22635448 0.40933543
 outer loop
  vertex -1.4856088 -0.039108336 -0.5515191
  vertex -1.4102992 -0.17518172 -0.46415228
  vertex -1.4451134 -0.043108255 -0.46629107
 endloop
endfacet
facet normal -0.99418277 -0.06932914 0.08242657
 outer loop
  vertex -1.5612497 0.32109728 -0.76178396
  vertex -1.5492244 0.15036018 -0.7603482
  vertex -1.5398638 0.133545 -0.6615898
 endloop
endfacet
facet normal -0.9930287 -0.058591772 0.10227939
 outer loop
  vertex -1.5612497 0.32109728 -0.76178396
  vertex -1.5398638 0.133545 -0.6615898
  vertex -1.5515816 0.3054642 -0.676872
 endloop
endfacet
facet normal -0.9584063 -0.040206365 0.28256136
 outer loop
  vertex -1.5515816 0.3054642 -0.676872
  vertex -1.5398638 0.133545 -0.6615898
  vertex -1.5125284 0.12077603 -0.5706891
 endloop
endfacet
facet normal -0.9417833 -0.005870512 0.33616927
 outer loop
  vertex -1.5515816 0.3054642 -0.676872
  vertex -1.5125284 0.12077603 -0.5706891
  vertex -1.5233232 0.290652 -0.5979642
 endloop
endfacet
facet normal -0.8688196 0.024193425 0.4945374
 outer loop
  vertex -1.5233232 0.290652 -0.5979642
  vertex -1.5125284 0.12077603 -0.5706891
  vertex -1.4676776 0.11033642 -0.49138296
 endloop
endfacet
facet normal -0.82315254 0.07838882 0.56238335
 outer loop
  vertex -1.5233232 0.290652 -0.5979642
  vertex -1.4676776 0.11033642 -0.49138296
  vertex -1.4771084 0.27734601 -0.52846557
 endloop
endfacet
facet normal -0.7172571 0.11219741 0.68771654
 outer loop
  vertex -1.4771084 0.27734601 -0.52846557
  vertex -1.4676776 0.11033642 -0.49138296
  vertex -1.4056518 0.100357965 -0.42506495
 endloop
endfacet
facet normal -0.64285 0.17599633 0.7454993
 outer loop
  vertex -1.4771084 0.27734601 -0.52846557
  vertex -1.4056518 0.100357965 -0.42506495
  vertex -1.4135431 0.26628888 -0.4710424
 endloop
endfacet
facet normal -0.7753778 -0.010769974 0.63140583
 outer loop
  vertex -1.4676776 0.11033642 -0.49138296
  vertex -1.4451134 -0.043108255 -0.46629107
  vertex -1.3881854 -0.049294084 -0.39648792
 endloop
endfacet
facet normal -0.7260824 0.04626198 0.6860497
 outer loop
  vertex -1.4676776 0.11033642 -0.49138296
  vertex -1.3881854 -0.049294084 -0.39648792
  vertex -1.4056518 0.100357965 -0.42506495
 endloop
endfacet
facet normal -0.796844 -0.20081821 0.5698348
 outer loop
  vertex -1.4451134 -0.043108255 -0.46629107
  vertex -1.4102992 -0.17518172 -0.46415228
  vertex -1.3637819 -0.17325723 -0.3984254
 endloop
endfacet
facet normal -0.7717406 -0.16153863 0.6150787
 outer loop
  vertex -1.4451134 -0.043108255 -0.46629107
  vertex -1.3637819 -0.17325723 -0.3984254
  vertex -1.3881854 -0.049294084 -0.39648792
 endloop
endfacet
facet normal -0.77526176 -0.38448036 0.5011428
 outer loop
  vertex -1.4102992 -0.17518172 -0.46415228
  vertex -1.3621678 -0.27945834 -0.46969545
  vertex -1.3410981 -0.25287616 -0.41670674
 endloop
endfacet
facet normal -0.7619115 -0.34319326 0.54928064
 outer loop
  vertex -1.4102992 -0.17518172 -0.46415228
  vertex -1.3410981 -0.25287616 -0.41670674
  vertex -1.3637819 -0.17325723 -0.3984254
 endloop
endfacet
facet normal -0.84146166 -0.42491516 0.33375037
 outer loop
  vertex -1.4429984 -0.18225968 -0.54973924
  vertex -1.3843577 -0.30115652 -0.5532663
  vertex -1.3621678 -0.27945834 -0.46969545
 endloop
endfacet
facet normal -0.84142923 -0.4072611 0.35515532
 outer loop
  vertex -1.4429984 -0.18225968 -0.54973924
  vertex -1.3621678 -0.27945834 -0.46969545
  vertex -1.4102992 -0.17518172 -0.46415228
 endloop
endfacet
facet normal -0.8800096 -0.4504966 0.15045232
 outer loop
  vertex -1.4632636 -0.18009663 -0.65230703
  vertex -1.399479 -0.30581224 -0.65565294
  vertex -1.3843577 -0.30115652 -0.5532663
 endloop
endfacet
facet normal -0.8825919 -0.44019783 0.16509809
 outer loop
  vertex -1.4632636 -0.18009663 -0.65230703
  vertex -1.3843577 -0.30115652 -0.5532663
  vertex -1.4429984 -0.18225968 -0.54973924
 endloop
endfacet
facet normal -0.88896644 -0.4577593 -0.013964391
 outer loop
  vertex -1.4703887 -0.16480887 -0.7637372
  vertex -1.4050653 -0.29154062 -0.76786417
  vertex -1.399479 -0.30581224 -0.65565294
 endloop
endfacet
facet normal -0.89182466 -0.45235294 -0.0050362735
 outer loop
  vertex -1.4703887 -0.16480887 -0.7637372
  vertex -1.399479 -0.30581224 -0.65565294
  vertex -1.4632636 -0.18009663 -0.65230703
 endloop
endfacet
facet normal -0.95175266 -0.3062876 0.018835172
 outer loop
  vertex -1.5186845 -0.014559299 -0.76087713
  vertex -1.4703887 -0.16480887 -0.7637372
  vertex -1.4632636 -0.18009663 -0.65230703
 endloop
endfacet
facet normal -0.953536 -0.29982087 0.029605344
 outer loop
  vertex -1.5186845 -0.014559299 -0.76087713
  vertex -1.4632636 -0.18009663 -0.65230703
  vertex -1.510227 -0.030649513 -0.6514243
 endloop
endfacet
facet normal -0.9820673 -0.18201727 0.049127806
 outer loop
  vertex -1.5492244 0.15036018 -0.7603482
  vertex -1.5186845 -0.014559299 -0.76087713
  vertex -1.510227 -0.030649513 -0.6514243
 endloop
endfacet
facet normal -0.98278534 -0.1734526 0.06361761
 outer loop
  vertex -1.5492244 0.15036018 -0.7603482
  vertex -1.510227 -0.030649513 -0.6514243
  vertex -1.5398638 0.133545 -0.6615898
 endloop
endfacet
facet normal -0.8859542 -0.103236094 -0.45213658
 outer loop
  vertex -1.4692875 0.21626808 -1.0437294
  vertex -1.446837 0.07029465 -1.0543909
  vertex -1.4868255 0.040939867 -0.9693315
 endloop
endfacet
facet normal -0.86613876 -0.11931332 -0.48535353
 outer loop
  vertex -1.4692875 0.21626808 -1.0437294
  vertex -1.4868255 0.040939867 -0.9693315
  vertex -1.513655 0.19490764 -0.9593024
 endloop
endfacet
facet normal -0.9501295 -0.14767204 -0.27467602
 outer loop
  vertex -1.513655 0.19490764 -0.9593024
  vertex -1.4868255 0.040939867 -0.9693315
  vertex -1.5108546 0.01064378 -0.86992466
 endloop
endfacet
facet normal -0.9415828 -0.15845586 -0.2971761
 outer loop
  vertex -1.513655 0.19490764 -0.9593024
  vertex -1.5108546 0.01064378 -0.86992466
  vertex -1.5404441 0.17172694 -0.8620626
 endloop
endfacet
facet normal -0.863485 -0.2270252 -0.45039225
 outer loop
  vertex -1.446837 0.07029465 -1.0543909
  vertex -1.4120599 -0.05931914 -1.0557317
  vertex -1.4442656 -0.09888154 -0.9740455
 endloop
endfacet
facet normal -0.84376746 -0.24065825 -0.47972918
 outer loop
  vertex -1.446837 0.07029465 -1.0543909
  vertex -1.4442656 -0.09888154 -0.9740455
  vertex -1.4868255 0.040939867 -0.9693315
 endloop
endfacet
facet normal -0.9198406 -0.27040586 -0.28420767
 outer loop
  vertex -1.4868255 0.040939867 -0.9693315
  vertex -1.4442656 -0.09888154 -0.9740455
  vertex -1.4639256 -0.1365388 -0.87458724
 endloop
endfacet
facet normal -0.9099697 -0.28046682 -0.30544007
 outer loop
  vertex -1.4868255 0.040939867 -0.9693315
  vertex -1.4639256 -0.1365388 -0.87458724
  vertex -1.5108546 0.01064378 -0.86992466
 endloop
endfacet
facet normal -0.75562894 0.062387213 -0.652022
 outer loop
  vertex -1.4153233 0.38341683 -1.0902754
  vertex -1.4076731 0.23335823 -1.1134992
  vertex -1.4692875 0.21626808 -1.0437294
 endloop
endfacet
facet normal -0.7467092 0.056521535 -0.66274476
 outer loop
  vertex -1.4153233 0.38341683 -1.0902754
  vertex -1.4692875 0.21626808 -1.0437294
  vertex -1.4784869 0.36804056 -1.0204208
 endloop
endfacet
facet normal -0.88686156 0.017153386 -0.46171686
 outer loop
  vertex -1.4784869 0.36804056 -1.0204208
  vertex -1.4692875 0.21626808 -1.0437294
  vertex -1.513655 0.19490764 -0.9593024
 endloop
endfacet
facet normal -0.8760814 0.007767883 -0.4821006
 outer loop
  vertex -1.4784869 0.36804056 -1.0204208
  vertex -1.513655 0.19490764 -0.9593024
  vertex -1.5242605 0.3523295 -0.9374933
 endloop
endfacet
facet normal -0.96204746 -0.027196864 -0.2715236
 outer loop
  vertex -1.5242605 0.3523295 -0.9374933
  vertex -1.513655 0.19490764 -0.9593024
  vertex -1.5404441 0.17172694 -0.8620626
 endloop
endfacet
facet normal -0.9504332 -0.043422975 -0.30788165
 outer loop
  vertex -1.5242605 0.3523295 -0.9374933
  vertex -1.5404441 0.17172694 -0.8620626
  vertex -1.552056 0.3366727 -0.8494804
 endloop
endfacet
facet normal -0.99314696 -0.06237623 -0.09883408
 outer loop
  vertex -1.552056 0.3366727 -0.8494804
  vertex -1.5404441 0.17172694 -0.8620626
  vertex -1.5492244 0.15036018 -0.7603482
 endloop
endfacet
facet normal -0.99067605 -0.070754334 -0.11642529
 outer loop
  vertex -1.552056 0.3366727 -0.8494804
  vertex -1.5492244 0.15036018 -0.7603482
  vertex -1.5612497 0.32109728 -0.76178396
 endloop
endfacet
facet normal -0.97846043 -0.17433876 -0.11054928
 outer loop
  vertex -1.5404441 0.17172694 -0.8620626
  vertex -1.5108546 0.01064378 -0.86992466
  vertex -1.5186845 -0.014559299 -0.76087713
 endloop
endfacet
facet normal -0.97599167 -0.1803429 -0.12213402
 outer loop
  vertex -1.5404441 0.17172694 -0.8620626
  vertex -1.5186845 -0.014559299 -0.76087713
  vertex -1.5492244 0.15036018 -0.7603482
 endloop
endfacet
facet normal -0.945727 -0.29739454 -0.13098457
 outer loop
  vertex -1.5108546 0.01064378 -0.86992466
  vertex -1.4639256 -0.1365388 -0.87458724
  vertex -1.4703887 -0.16480887 -0.7637372
 endloop
endfacet
facet normal -0.9437716 -0.30075055 -0.13727482
 outer loop
  vertex -1.5108546 0.01064378 -0.86992466
  vertex -1.4703887 -0.16480887 -0.7637372
  vertex -1.5186845 -0.014559299 -0.76087713
 endloop
endfacet
facet normal -0.8788595 -0.4475365 -0.16527857
 outer loop
  vertex -1.4639256 -0.1365388 -0.87458724
  vertex -1.4001772 -0.2598564 -0.87964976
  vertex -1.4050653 -0.29154062 -0.76786417
 endloop
endfacet
facet normal -0.87881005 -0.44759318 -0.16538815
 outer loop
  vertex -1.4639256 -0.1365388 -0.87458724
  vertex -1.4050653 -0.29154062 -0.76786417
  vertex -1.4703887 -0.16480887 -0.7637372
 endloop
endfacet
facet normal -0.8542506 -0.41644102 -0.3111795
 outer loop
  vertex -1.4442656 -0.09888154 -0.9740455
  vertex -1.385673 -0.21460229 -0.98002875
  vertex -1.4001772 -0.2598564 -0.87964976
 endloop
endfacet
facet normal -0.84482133 -0.4232907 -0.32726437
 outer loop
  vertex -1.4442656 -0.09888154 -0.9740455
  vertex -1.4001772 -0.2598564 -0.87964976
  vertex -1.4639256 -0.1365388 -0.87458724
 endloop
endfacet
facet normal -0.80482936 -0.36494213 -0.468046
 outer loop
  vertex -1.4120599 -0.05931914 -1.0557317
  vertex -1.3639643 -0.16125289 -1.0589553
  vertex -1.385673 -0.21460229 -0.98002875
 endloop
endfacet
facet normal -0.7871454 -0.37316263 -0.491072
 outer loop
  vertex -1.4120599 -0.05931914 -1.0557317
  vertex -1.385673 -0.21460229 -0.98002875
  vertex -1.4442656 -0.09888154 -0.9740455
 endloop
endfacet
facet normal -0.7510564 -0.28681433 -0.59468627
 outer loop
  vertex -1.3659139 -0.03297168 -1.1183625
  vertex -1.3431778 -0.11601317 -1.1070265
  vertex -1.3639643 -0.16125289 -1.0589553
 endloop
endfacet
facet normal -0.69879395 -0.3093154 -0.6449892
 outer loop
  vertex -1.3659139 -0.03297168 -1.1183625
  vertex -1.3639643 -0.16125289 -1.0589553
  vertex -1.4120599 -0.05931914 -1.0557317
 endloop
endfacet
facet normal -0.75644696 -0.17391704 -0.63050836
 outer loop
  vertex -1.3903164 0.09092127 -1.12326
  vertex -1.3659139 -0.03297168 -1.1183625
  vertex -1.4120599 -0.05931914 -1.0557317
 endloop
endfacet
facet normal -0.7304941 -0.18921326 -0.6561835
 outer loop
  vertex -1.3903164 0.09092127 -1.12326
  vertex -1.4120599 -0.05931914 -1.0557317
  vertex -1.446837 0.07029465 -1.0543909
 endloop
endfacet
facet normal -0.76479644 -0.04917319 -0.64239275
 outer loop
  vertex -1.4076731 0.23335823 -1.1134992
  vertex -1.3903164 0.09092127 -1.12326
  vertex -1.446837 0.07029465 -1.0543909
 endloop
endfacet
facet normal -0.740031 -0.06492261 -0.669432
 outer loop
  vertex -1.4076731 0.23335823 -1.1134992
  vertex -1.446837 0.07029465 -1.0543909
  vertex -1.4692875 0.21626808 -1.0437294
 endloop
endfacet
facet normal 0.4375378 0.7794032 -0.44843206
 outer loop
  vertex -0.76241535 0.9320002 -0.93250537
  vertex -0.84441435 0.97697085 -0.9343505
  vertex -0.8382269 1.0238371 -0.8468569
 endloop
endfacet
facet normal 0.45666215 0.77851474 -0.43055144
 outer loop
  vertex -0.76241535 0.9320002 -0.93250537
  vertex -0.8382269 1.0238371 -0.8468569
  vertex -0.7496232 0.9691739 -0.8517207
 endloop
endfacet
facet normal 0.49803057 0.8296941 -0.25213745
 outer loop
  vertex -0.7496232 0.9691739 -0.8517207
  vertex -0.8382269 1.0238371 -0.8468569
  vertex -0.8326198 1.0485473 -0.75446916
 endloop
endfacet
facet normal 0.5146143 0.8248618 -0.23404068
 outer loop
  vertex -0.7496232 0.9691739 -0.8517207
  vertex -0.8326198 1.0485473 -0.75446916
  vertex -0.7396448 0.9882117 -0.76268256
 endloop
endfacet
facet normal 0.23784564 0.8411614 -0.4856716
 outer loop
  vertex -0.84441435 0.97697085 -0.9343505
  vertex -0.9391464 1.0035158 -0.93476844
  vertex -0.9371257 1.0555239 -0.84370327
 endloop
endfacet
facet normal 0.25559852 0.8445821 -0.47047892
 outer loop
  vertex -0.84441435 0.97697085 -0.9343505
  vertex -0.9371257 1.0555239 -0.84370327
  vertex -0.8382269 1.0238371 -0.8468569
 endloop
endfacet
facet normal 0.28481 0.9167931 -0.27995276
 outer loop
  vertex -0.8382269 1.0238371 -0.8468569
  vertex -0.9371257 1.0555239 -0.84370327
  vertex -0.93486416 1.0837045 -0.7491163
 endloop
endfacet
facet normal 0.30132568 0.91642016 -0.26339513
 outer loop
  vertex -0.8382269 1.0238371 -0.8468569
  vertex -0.93486416 1.0837045 -0.7491163
  vertex -0.8326198 1.0485473 -0.75446916
 endloop
endfacet
facet normal 0.5341611 0.6197502 -0.5749624
 outer loop
  vertex -0.71817636 0.8432712 -0.9870465
  vertex -0.76907104 0.8751647 -0.9999516
  vertex -0.76241535 0.9320002 -0.93250537
 endloop
endfacet
facet normal 0.57048184 0.6173839 -0.5416526
 outer loop
  vertex -0.71817636 0.8432712 -0.9870465
  vertex -0.76241535 0.9320002 -0.93250537
  vertex -0.69706833 0.86733997 -0.937381
 endloop
endfacet
facet normal 0.62755305 0.66477776 -0.40527493
 outer loop
  vertex -0.69706833 0.86733997 -0.937381
  vertex -0.76241535 0.9320002 -0.93250537
  vertex -0.7496232 0.9691739 -0.8517207
 endloop
endfacet
facet normal 0.6406402 0.66029155 -0.39191225
 outer loop
  vertex -0.69706833 0.86733997 -0.937381
  vertex -0.7496232 0.9691739 -0.8517207
  vertex -0.67490095 0.8905104 -0.8621077
 endloop
endfacet
facet normal 0.691601 0.68656754 -0.22430573
 outer loop
  vertex -0.67490095 0.8905104 -0.8621077
  vertex -0.7496232 0.9691739 -0.8517207
  vertex -0.7396448 0.9882117 -0.76268256
 endloop
endfacet
facet normal 0.7004504 0.68111706 -0.21318705
 outer loop
  vertex -0.67490095 0.8905104 -0.8621077
  vertex -0.7396448 0.9882117 -0.76268256
  vertex -0.6598898 0.90241367 -0.7747568
 endloop
endfacet
facet normal 0.730007 0.6827883 -0.029830191
 outer loop
  vertex -0.6598898 0.90241367 -0.7747568
  vertex -0.7396448 0.9882117 -0.76268256
  vertex -0.7357816 0.9880265 -0.6723805
 endloop
endfacet
facet normal 0.73442215 0.67830944 -0.022811754
 outer loop
  vertex -0.6598898 0.90241367 -0.7747568
  vertex -0.7357816 0.9880265 -0.6723805
  vertex -0.6544775 0.8995939 -0.6843534
 endloop
endfacet
facet normal 0.542082 0.8397093 -0.03217747
 outer loop
  vertex -0.7396448 0.9882117 -0.76268256
  vertex -0.8326198 1.0485473 -0.75446916
  vertex -0.8302001 1.0504937 -0.6629103
 endloop
endfacet
facet normal 0.55011636 0.8348028 -0.021822525
 outer loop
  vertex -0.7396448 0.9882117 -0.76268256
  vertex -0.8302001 1.0504937 -0.6629103
  vertex -0.7357816 0.9880265 -0.6723805
 endloop
endfacet
facet normal 0.32310596 0.94556683 -0.03880518
 outer loop
  vertex -0.8326198 1.0485473 -0.75446916
  vertex -0.93486416 1.0837045 -0.7491163
  vertex -0.93373346 1.087104 -0.6568662
 endloop
endfacet
facet normal 0.33174527 0.9429289 -0.028813047
 outer loop
  vertex -0.8326198 1.0485473 -0.75446916
  vertex -0.93373346 1.087104 -0.6568662
  vertex -0.8302001 1.0504937 -0.6629103
 endloop
endfacet
facet normal 0.09248707 0.9947416 -0.04399367
 outer loop
  vertex -0.93486416 1.0837045 -0.7491163
  vertex -1.0417742 1.0937827 -0.745993
  vertex -1.0418351 1.0978022 -0.6552361
 endloop
endfacet
facet normal 0.09784748 0.99448156 -0.03784676
 outer loop
  vertex -0.93486416 1.0837045 -0.7491163
  vertex -1.0418351 1.0978022 -0.6552361
  vertex -0.93373346 1.087104 -0.6568662
 endloop
endfacet
facet normal 0.072397105 0.9526083 -0.2954592
 outer loop
  vertex -0.9371257 1.0555239 -0.84370327
  vertex -1.0413278 1.0644255 -0.840536
  vertex -1.0417742 1.0937827 -0.745993
 endloop
endfacet
facet normal 0.081625596 0.954636 -0.28636935
 outer loop
  vertex -0.9371257 1.0555239 -0.84370327
  vertex -1.0417742 1.0937827 -0.745993
  vertex -0.93486416 1.0837045 -0.7491163
 endloop
endfacet
facet normal 0.048703987 0.86208445 -0.5044187
 outer loop
  vertex -0.9391464 1.0035158 -0.93476844
  vertex -1.0405164 1.0110254 -0.9317218
  vertex -1.0413278 1.0644255 -0.840536
 endloop
endfacet
facet normal 0.058926176 0.8662905 -0.4960529
 outer loop
  vertex -0.9391464 1.0035158 -0.93476844
  vertex -1.0413278 1.0644255 -0.840536
  vertex -0.9371257 1.0555239 -0.84370327
 endloop
endfacet
facet normal 0.027566202 0.7320116 -0.6807342
 outer loop
  vertex -0.93931496 0.92854685 -1.0163151
  vertex -1.0393543 0.9345699 -1.0138894
  vertex -1.0405164 1.0110254 -0.9317218
 endloop
endfacet
facet normal 0.034172025 0.7357085 -0.6764358
 outer loop
  vertex -0.93931496 0.92854685 -1.0163151
  vertex -1.0405164 1.0110254 -0.9317218
  vertex -0.9391464 1.0035158 -0.93476844
 endloop
endfacet
facet normal 0.19723722 0.7215089 -0.66371864
 outer loop
  vertex -0.8467359 0.9076946 -1.0114713
  vertex -0.93931496 0.92854685 -1.0163151
  vertex -0.9391464 1.0035158 -0.93476844
 endloop
endfacet
facet normal 0.2060194 0.72487897 -0.65734804
 outer loop
  vertex -0.8467359 0.9076946 -1.0114713
  vertex -0.9391464 1.0035158 -0.93476844
  vertex -0.84441435 0.97697085 -0.9343505
 endloop
endfacet
facet normal 0.37867436 0.6828327 -0.624776
 outer loop
  vertex -0.76907104 0.8751647 -0.9999516
  vertex -0.8467359 0.9076946 -1.0114713
  vertex -0.84441435 0.97697085 -0.9343505
 endloop
endfacet
facet normal 0.38952532 0.68499595 -0.61567074
 outer loop
  vertex -0.76907104 0.8751647 -0.9999516
  vertex -0.84441435 0.97697085 -0.9343505
  vertex -0.76241535 0.9320002 -0.93250537
 endloop
endfacet
facet normal 0.51085746 0.70662194 0.48960197
 outer loop
  vertex -0.7393432 0.96836644 -0.588109
  vertex -0.83233076 1.0295328 -0.57936335
  vertex -0.8376484 0.9857763 -0.510663
 endloop
endfacet
facet normal 0.49797648 0.7300791 0.4679785
 outer loop
  vertex -0.7393432 0.96836644 -0.588109
  vertex -0.8376484 0.9857763 -0.510663
  vertex -0.7490281 0.93002665 -0.5179906
 endloop
endfacet
facet normal 0.39738128 0.53355044 0.74660033
 outer loop
  vertex -0.7490281 0.93002665 -0.5179906
  vertex -0.8376484 0.9857763 -0.510663
  vertex -0.8435428 0.91963625 -0.46025932
 endloop
endfacet
facet normal 0.37457454 0.58583593 0.7186726
 outer loop
  vertex -0.7490281 0.93002665 -0.5179906
  vertex -0.8435428 0.91963625 -0.46025932
  vertex -0.7615392 0.8743618 -0.46609378
 endloop
endfacet
facet normal 0.29777464 0.77565247 0.5565011
 outer loop
  vertex -0.83233076 1.0295328 -0.57936335
  vertex -0.93458533 1.0653569 -0.57458025
  vertex -0.9365623 1.0184513 -0.5081454
 endloop
endfacet
facet normal 0.27790263 0.80033445 0.53125775
 outer loop
  vertex -0.83233076 1.0295328 -0.57936335
  vertex -0.9365623 1.0184513 -0.5081454
  vertex -0.8376484 0.9857763 -0.510663
 endloop
endfacet
facet normal 0.19767855 0.53513134 0.82131463
 outer loop
  vertex -0.8376484 0.9857763 -0.510663
  vertex -0.9365623 1.0184513 -0.5081454
  vertex -0.93828475 0.9468341 -0.46106827
 endloop
endfacet
facet normal 0.16229744 0.5889018 0.7917412
 outer loop
  vertex -0.8376484 0.9857763 -0.510663
  vertex -0.93828475 0.9468341 -0.46106827
  vertex -0.8435428 0.91963625 -0.46025932
 endloop
endfacet
facet normal 0.73593104 0.65180933 0.18316646
 outer loop
  vertex -0.6544775 0.8995939 -0.6843534
  vertex -0.7357816 0.9880265 -0.6723805
  vertex -0.7393432 0.96836644 -0.588109
 endloop
endfacet
facet normal 0.7356975 0.6522113 0.18267334
 outer loop
  vertex -0.6544775 0.8995939 -0.6843534
  vertex -0.7393432 0.96836644 -0.588109
  vertex -0.65956897 0.88130575 -0.5985526
 endloop
endfacet
facet normal 0.69459516 0.58648527 0.4166206
 outer loop
  vertex -0.65956897 0.88130575 -0.5985526
  vertex -0.7393432 0.96836644 -0.588109
  vertex -0.7490281 0.93002665 -0.5179906
 endloop
endfacet
facet normal 0.6908103 0.59910893 0.4047834
 outer loop
  vertex -0.65956897 0.88130575 -0.5985526
  vertex -0.7490281 0.93002665 -0.5179906
  vertex -0.6742747 0.8493011 -0.52608633
 endloop
endfacet
facet normal 0.58671355 0.47773385 0.6538635
 outer loop
  vertex -0.6742747 0.8493011 -0.52608633
  vertex -0.7490281 0.93002665 -0.5179906
  vertex -0.7615392 0.8743618 -0.46609378
 endloop
endfacet
facet normal 0.581527 0.51250756 0.6317931
 outer loop
  vertex -0.6742747 0.8493011 -0.52608633
  vertex -0.7615392 0.8743618 -0.46609378
  vertex -0.69616413 0.80784446 -0.472309
 endloop
endfacet
facet normal 0.42942575 0.34403053 0.83500695
 outer loop
  vertex -0.69616413 0.80784446 -0.472309
  vertex -0.7615392 0.8743618 -0.46609378
  vertex -0.7679241 0.7996911 -0.43204516
 endloop
endfacet
facet normal 0.40325248 0.4327117 0.80631757
 outer loop
  vertex -0.69616413 0.80784446 -0.472309
  vertex -0.7679241 0.7996911 -0.43204516
  vertex -0.71707153 0.7705762 -0.44185278
 endloop
endfacet
facet normal 0.24508733 0.3262647 0.9129532
 outer loop
  vertex -0.7615392 0.8743618 -0.46609378
  vertex -0.8435428 0.91963625 -0.46025932
  vertex -0.8455567 0.8301007 -0.4277211
 endloop
endfacet
facet normal 0.20343445 0.39175722 0.89729625
 outer loop
  vertex -0.7615392 0.8743618 -0.46609378
  vertex -0.8455567 0.8301007 -0.4277211
  vertex -0.7679241 0.7996911 -0.43204516
 endloop
endfacet
facet normal 0.07151131 0.27760017 0.9580315
 outer loop
  vertex -0.8435428 0.91963625 -0.46025932
  vertex -0.93828475 0.9468341 -0.46106827
  vertex -0.93812895 0.8505237 -0.4331729
 endloop
endfacet
facet normal 0.019902673 0.3410929 0.93981886
 outer loop
  vertex -0.8435428 0.91963625 -0.46025932
  vertex -0.93812895 0.8505237 -0.4331729
  vertex -0.8455567 0.8301007 -0.4277211
 endloop
endfacet
facet normal -0.0602242 0.22702254 0.97202563
 outer loop
  vertex -0.93828475 0.9468341 -0.46106827
  vertex -1.0396744 0.95562696 -0.46940374
  vertex -1.0381857 0.857676 -0.44643447
 endloop
endfacet
facet normal -0.106823824 0.27645436 0.9550716
 outer loop
  vertex -0.93828475 0.9468341 -0.46106827
  vertex -1.0381857 0.857676 -0.44643447
  vertex -0.93812895 0.8505237 -0.4331729
 endloop
endfacet
facet normal 0.0135445 0.50864047 0.8608725
 outer loop
  vertex -0.9365623 1.0184513 -0.5081454
  vertex -1.0407817 1.0284902 -0.51243705
  vertex -1.0396744 0.95562696 -0.46940374
 endloop
endfacet
facet normal -0.02100775 0.5495264 0.8352122
 outer loop
  vertex -0.9365623 1.0184513 -0.5081454
  vertex -1.0396744 0.95562696 -0.46940374
  vertex -0.93828475 0.9468341 -0.46106827
 endloop
endfacet
facet normal 0.074089445 0.7969915 0.5994292
 outer loop
  vertex -0.93458533 1.0653569 -0.57458025
  vertex -1.0415045 1.0760492 -0.57558143
  vertex -1.0407817 1.0284902 -0.51243705
 endloop
endfacet
facet normal 0.054736182 0.8149153 0.57698977
 outer loop
  vertex -0.93458533 1.0653569 -0.57458025
  vertex -1.0407817 1.0284902 -0.51243705
  vertex -0.9365623 1.0184513 -0.5081454
 endloop
endfacet
facet normal 0.09895731 0.96004415 0.26176843
 outer loop
  vertex -0.93373346 1.087104 -0.6568662
  vertex -1.0418351 1.0978022 -0.6552361
  vertex -1.0415045 1.0760492 -0.57558143
 endloop
endfacet
facet normal 0.09384326 0.9622984 0.25529456
 outer loop
  vertex -0.93373346 1.087104 -0.6568662
  vertex -1.0415045 1.0760492 -0.57558143
  vertex -0.93458533 1.0653569 -0.57458025
 endloop
endfacet
facet normal 0.3359358 0.90975446 0.24391414
 outer loop
  vertex -0.8302001 1.0504937 -0.6629103
  vertex -0.93373346 1.087104 -0.6568662
  vertex -0.93458533 1.0653569 -0.57458025
 endloop
endfacet
facet normal 0.3310514 0.91322005 0.23755875
 outer loop
  vertex -0.8302001 1.0504937 -0.6629103
  vertex -0.93458533 1.0653569 -0.57458025
  vertex -0.83233076 1.0295328 -0.57936335
 endloop
endfacet
facet normal 0.55372816 0.8042238 0.21589178
 outer loop
  vertex -0.7357816 0.9880265 -0.6723805
  vertex -0.8302001 1.0504937 -0.6629103
  vertex -0.83233076 1.0295328 -0.57936335
 endloop
endfacet
facet normal 0.55092424 0.8072797 0.21161775
 outer loop
  vertex -0.7357816 0.9880265 -0.6723805
  vertex -0.83233076 1.0295328 -0.57936335
  vertex -0.7393432 0.96836644 -0.588109
 endloop
endfacet
facet normal -0.3544769 0.72483814 0.5907248
 outer loop
  vertex -1.14805 1.0621493 -0.58343315
  vertex -1.2491829 1.0241847 -0.5975364
  vertex -1.2425622 0.9821947 -0.5420404
 endloop
endfacet
facet normal -0.36006168 0.7277903 0.5836754
 outer loop
  vertex -1.14805 1.0621493 -0.58343315
  vertex -1.2425622 0.9821947 -0.5420404
  vertex -1.1446638 1.0163393 -0.5242234
 endloop
endfacet
facet normal -0.3091675 0.4489737 0.83835435
 outer loop
  vertex -1.1446638 1.0163393 -0.5242234
  vertex -1.2425622 0.9821947 -0.5420404
  vertex -1.2346859 0.91792923 -0.50471896
 endloop
endfacet
facet normal -0.3128926 0.45180485 0.83544636
 outer loop
  vertex -1.1446638 1.0163393 -0.5242234
  vertex -1.2346859 0.91792923 -0.50471896
  vertex -1.1407816 0.94585526 -0.48465204
 endloop
endfacet
facet normal -0.54633135 0.6337463 0.54762
 outer loop
  vertex -1.2491829 1.0241847 -0.5975364
  vertex -1.3402948 0.96192676 -0.6163844
  vertex -1.3294756 0.9256251 -0.5635797
 endloop
endfacet
facet normal -0.5479923 0.6343037 0.5453102
 outer loop
  vertex -1.2491829 1.0241847 -0.5975364
  vertex -1.3294756 0.9256251 -0.5635797
  vertex -1.2425622 0.9821947 -0.5420404
 endloop
endfacet
facet normal -0.46221992 0.410959 0.78578967
 outer loop
  vertex -1.2425622 0.9821947 -0.5420404
  vertex -1.3294756 0.9256251 -0.5635797
  vertex -1.3153038 0.87202513 -0.5272113
 endloop
endfacet
facet normal -0.4525606 0.40569997 0.794101
 outer loop
  vertex -1.2425622 0.9821947 -0.5420404
  vertex -1.3153038 0.87202513 -0.5272113
  vertex -1.2346859 0.91792923 -0.50471896
 endloop
endfacet
facet normal -0.13952103 0.953523 0.2670729
 outer loop
  vertex -1.0418351 1.0978022 -0.6552361
  vertex -1.1495498 1.0830455 -0.6588218
  vertex -1.14805 1.0621493 -0.58343315
 endloop
endfacet
facet normal -0.14377743 0.9545 0.26126173
 outer loop
  vertex -1.0418351 1.0978022 -0.6552361
  vertex -1.14805 1.0621493 -0.58343315
  vertex -1.0415045 1.0760492 -0.57558143
 endloop
endfacet
facet normal -0.1465313 0.7783062 0.6105474
 outer loop
  vertex -1.0415045 1.0760492 -0.57558143
  vertex -1.14805 1.0621493 -0.58343315
  vertex -1.1446638 1.0163393 -0.5242234
 endloop
endfacet
facet normal -0.15964681 0.7876555 0.59507287
 outer loop
  vertex -1.0415045 1.0760492 -0.57558143
  vertex -1.1446638 1.0163393 -0.5242234
  vertex -1.0407817 1.0284902 -0.51243705
 endloop
endfacet
facet normal -0.15398416 0.47724664 0.86517316
 outer loop
  vertex -1.0407817 1.0284902 -0.51243705
  vertex -1.1446638 1.0163393 -0.5242234
  vertex -1.1407816 0.94585526 -0.48465204
 endloop
endfacet
facet normal -0.1761889 0.49859267 0.84874195
 outer loop
  vertex -1.0407817 1.0284902 -0.51243705
  vertex -1.1407816 0.94585526 -0.48465204
  vertex -1.0396744 0.95562696 -0.46940374
 endloop
endfacet
facet normal -0.1647338 0.19607261 0.9666531
 outer loop
  vertex -1.0396744 0.95562696 -0.46940374
  vertex -1.1407816 0.94585526 -0.48465204
  vertex -1.1380244 0.850493 -0.46483922
 endloop
endfacet
facet normal -0.19217026 0.22128002 0.9560887
 outer loop
  vertex -1.0396744 0.95562696 -0.46940374
  vertex -1.1380244 0.850493 -0.46483922
  vertex -1.0381857 0.857676 -0.44643447
 endloop
endfacet
facet normal -0.25886232 0.18992029 0.947059
 outer loop
  vertex -1.1407816 0.94585526 -0.48465204
  vertex -1.2346859 0.91792923 -0.50471896
  vertex -1.2299746 0.8299796 -0.48579407
 endloop
endfacet
facet normal -0.25814447 0.18936469 0.94736606
 outer loop
  vertex -1.1407816 0.94585526 -0.48465204
  vertex -1.2299746 0.8299796 -0.48579407
  vertex -1.1380244 0.850493 -0.46483922
 endloop
endfacet
facet normal -0.36656582 0.19837624 0.9089975
 outer loop
  vertex -1.2346859 0.91792923 -0.50471896
  vertex -1.3153038 0.87202513 -0.5272113
  vertex -1.306674 0.7989853 -0.5077913
 endloop
endfacet
facet normal -0.33791137 0.18065457 0.9236774
 outer loop
  vertex -1.2346859 0.91792923 -0.50471896
  vertex -1.306674 0.7989853 -0.5077913
  vertex -1.2299746 0.8299796 -0.48579407
 endloop
endfacet
facet normal -0.48932517 0.20683573 0.8472189
 outer loop
  vertex -1.3153038 0.87202513 -0.5272113
  vertex -1.3786525 0.8052019 -0.5474855
  vertex -1.3566328 0.76928777 -0.5259998
 endloop
endfacet
facet normal -0.43125045 0.18389891 0.8832917
 outer loop
  vertex -1.3153038 0.87202513 -0.5272113
  vertex -1.3566328 0.76928777 -0.5259998
  vertex -1.306674 0.7989853 -0.5077913
 endloop
endfacet
facet normal -0.6015522 0.34212843 0.7218609
 outer loop
  vertex -1.3294756 0.9256251 -0.5635797
  vertex -1.4017713 0.8446417 -0.58544385
  vertex -1.3786525 0.8052019 -0.5474855
 endloop
endfacet
facet normal -0.5920022 0.33944526 0.73096526
 outer loop
  vertex -1.3294756 0.9256251 -0.5635797
  vertex -1.3786525 0.8052019 -0.5474855
  vertex -1.3153038 0.87202513 -0.5272113
 endloop
endfacet
facet normal -0.7070305 0.5020008 0.4980994
 outer loop
  vertex -1.3402948 0.96192676 -0.6163844
  vertex -1.4174178 0.8745478 -0.63779366
  vertex -1.4017713 0.8446417 -0.58544385
 endloop
endfacet
facet normal -0.711459 0.5025105 0.49123242
 outer loop
  vertex -1.3402948 0.96192676 -0.6163844
  vertex -1.4017713 0.8446417 -0.58544385
  vertex -1.3294756 0.9256251 -0.5635797
 endloop
endfacet
facet normal -0.7536501 0.6179158 0.22403453
 outer loop
  vertex -1.3444281 0.97989196 -0.68280965
  vertex -1.4230372 0.8909818 -0.7020244
  vertex -1.4174178 0.8745478 -0.63779366
 endloop
endfacet
facet normal -0.75779414 0.6164458 0.21387503
 outer loop
  vertex -1.3444281 0.97989196 -0.68280965
  vertex -1.4174178 0.8745478 -0.63779366
  vertex -1.3402948 0.96192676 -0.6163844
 endloop
endfacet
facet normal -0.5769629 0.7786852 0.24650185
 outer loop
  vertex -1.25193 1.0437706 -0.66809726
  vertex -1.3444281 0.97989196 -0.68280965
  vertex -1.3402948 0.96192676 -0.6163844
 endloop
endfacet
facet normal -0.5810494 0.7781067 0.2386033
 outer loop
  vertex -1.25193 1.0437706 -0.66809726
  vertex -1.3402948 0.96192676 -0.6163844
  vertex -1.2491829 1.0241847 -0.5975364
 endloop
endfacet
facet normal -0.36625543 0.8928419 0.26208845
 outer loop
  vertex -1.1495498 1.0830455 -0.6588218
  vertex -1.25193 1.0437706 -0.66809726
  vertex -1.2491829 1.0241847 -0.5975364
 endloop
endfacet
facet normal -0.37079147 0.8930474 0.25491154
 outer loop
  vertex -1.1495498 1.0830455 -0.6588218
  vertex -1.2491829 1.0241847 -0.5975364
  vertex -1.14805 1.0621493 -0.58343315
 endloop
endfacet
facet normal -0.301609 0.81950045 -0.48728934
 outer loop
  vertex -1.1415954 0.9993923 -0.9251985
  vertex -1.235471 0.9695885 -0.9172165
  vertex -1.2430739 1.015869 -0.83467823
 endloop
endfacet
facet normal -0.30434874 0.8169312 -0.48989305
 outer loop
  vertex -1.1415954 0.9993923 -0.9251985
  vertex -1.2430739 1.015869 -0.83467823
  vertex -1.1451905 1.0509897 -0.8369226
 endloop
endfacet
facet normal -0.32927525 0.89932054 -0.28775045
 outer loop
  vertex -1.1451905 1.0509897 -0.8369226
  vertex -1.2430739 1.015869 -0.83467823
  vertex -1.2494378 1.040952 -0.74900305
 endloop
endfacet
facet normal -0.33022612 0.89858305 -0.28896213
 outer loop
  vertex -1.1451905 1.0509897 -0.8369226
  vertex -1.2494378 1.040952 -0.74900305
  vertex -1.1483107 1.0793074 -0.74529755
 endloop
endfacet
facet normal -0.4731396 0.751233 -0.4602042
 outer loop
  vertex -1.235471 0.9695885 -0.9172165
  vertex -1.3160743 0.92272085 -0.910854
  vertex -1.3299873 0.95930785 -0.8368256
 endloop
endfacet
facet normal -0.4753357 0.74799865 -0.4631998
 outer loop
  vertex -1.235471 0.9695885 -0.9172165
  vertex -1.3299873 0.95930785 -0.8368256
  vertex -1.2430739 1.015869 -0.83467823
 endloop
endfacet
facet normal -0.5203062 0.8098082 -0.27109417
 outer loop
  vertex -1.2430739 1.015869 -0.83467823
  vertex -1.3299873 0.95930785 -0.8368256
  vertex -1.3405509 0.9787785 -0.7583887
 endloop
endfacet
facet normal -0.5224087 0.80710024 -0.2750971
 outer loop
  vertex -1.2430739 1.015869 -0.83467823
  vertex -1.3405509 0.9787785 -0.7583887
  vertex -1.2494378 1.040952 -0.74900305
 endloop
endfacet
facet normal -0.13113162 0.7222744 -0.67906123
 outer loop
  vertex -1.0393543 0.9345699 -1.0138894
  vertex -1.139155 0.9248921 -1.0049108
  vertex -1.1415954 0.9993923 -0.9251985
 endloop
endfacet
facet normal -0.12713768 0.7252573 -0.67663723
 outer loop
  vertex -1.0393543 0.9345699 -1.0138894
  vertex -1.1415954 0.9993923 -0.9251985
  vertex -1.0405164 1.0110254 -0.9317218
 endloop
endfacet
facet normal -0.13078293 0.85359454 -0.5042542
 outer loop
  vertex -1.0405164 1.0110254 -0.9317218
  vertex -1.1415954 0.9993923 -0.9251985
  vertex -1.1451905 1.0509897 -0.8369226
 endloop
endfacet
facet normal -0.12810916 0.8553117 -0.50202584
 outer loop
  vertex -1.0405164 1.0110254 -0.9317218
  vertex -1.1451905 1.0509897 -0.8369226
  vertex -1.0413278 1.0644255 -0.840536
 endloop
endfacet
facet normal -0.13265948 0.94568306 -0.296791
 outer loop
  vertex -1.0413278 1.0644255 -0.840536
  vertex -1.1451905 1.0509897 -0.8369226
  vertex -1.1483107 1.0793074 -0.74529755
 endloop
endfacet
facet normal -0.13054799 0.9466699 -0.29457334
 outer loop
  vertex -1.0413278 1.0644255 -0.840536
  vertex -1.1483107 1.0793074 -0.74529755
  vertex -1.0417742 1.0937827 -0.745993
 endloop
endfacet
facet normal -0.13478592 0.9898651 -0.044719886
 outer loop
  vertex -1.0417742 1.0937827 -0.745993
  vertex -1.1483107 1.0793074 -0.74529755
  vertex -1.1495498 1.0830455 -0.6588218
 endloop
endfacet
facet normal -0.13416313 0.9899848 -0.04393513
 outer loop
  vertex -1.0417742 1.0937827 -0.745993
  vertex -1.1495498 1.0830455 -0.6588218
  vertex -1.0418351 1.0978022 -0.6552361
 endloop
endfacet
facet normal -0.35290283 0.93465143 -0.043431927
 outer loop
  vertex -1.1483107 1.0793074 -0.74529755
  vertex -1.2494378 1.040952 -0.74900305
  vertex -1.25193 1.0437706 -0.66809726
 endloop
endfacet
facet normal -0.3542058 0.93406224 -0.045451947
 outer loop
  vertex -1.1483107 1.0793074 -0.74529755
  vertex -1.25193 1.0437706 -0.66809726
  vertex -1.1495498 1.0830455 -0.6588218
 endloop
endfacet
facet normal -0.5602994 0.82727826 -0.04093099
 outer loop
  vertex -1.2494378 1.040952 -0.74900305
  vertex -1.3405509 0.9787785 -0.7583887
  vertex -1.3444281 0.97989196 -0.68280965
 endloop
endfacet
facet normal -0.56267875 0.8253899 -0.046087377
 outer loop
  vertex -1.2494378 1.040952 -0.74900305
  vertex -1.3444281 0.97989196 -0.68280965
  vertex -1.25193 1.0437706 -0.66809726
 endloop
endfacet
facet normal -0.7414191 0.6697392 -0.041799735
 outer loop
  vertex -1.3405509 0.9787785 -0.7583887
  vertex -1.4176893 0.8924154 -0.77391124
  vertex -1.4230372 0.8909818 -0.7020244
 endloop
endfacet
facet normal -0.74314547 0.6674092 -0.047955588
 outer loop
  vertex -1.3405509 0.9787785 -0.7583887
  vertex -1.4230372 0.8909818 -0.7020244
  vertex -1.3444281 0.97989196 -0.68280965
 endloop
endfacet
facet normal -0.6961081 0.669959 -0.25804752
 outer loop
  vertex -1.3299873 0.95930785 -0.8368256
  vertex -1.4023131 0.8802863 -0.84688044
  vertex -1.4176893 0.8924154 -0.77391124
 endloop
endfacet
facet normal -0.6965283 0.6688316 -0.2598321
 outer loop
  vertex -1.3299873 0.95930785 -0.8368256
  vertex -1.4176893 0.8924154 -0.77391124
  vertex -1.3405509 0.9787785 -0.7583887
 endloop
endfacet
facet normal -0.6362537 0.6370641 -0.43512133
 outer loop
  vertex -1.3160743 0.92272085 -0.910854
  vertex -1.3794484 0.8575821 -0.91355556
  vertex -1.4023131 0.8802863 -0.84688044
 endloop
endfacet
facet normal -0.63612205 0.63752544 -0.4346378
 outer loop
  vertex -1.3160743 0.92272085 -0.910854
  vertex -1.4023131 0.8802863 -0.84688044
  vertex -1.3299873 0.95930785 -0.8368256
 endloop
endfacet
facet normal -0.558559 0.60713017 -0.56515914
 outer loop
  vertex -1.3077035 0.86672133 -0.97464466
  vertex -1.3576185 0.8341419 -0.96031153
  vertex -1.3794484 0.8575821 -0.91355556
 endloop
endfacet
facet normal -0.5701317 0.5788656 -0.58297896
 outer loop
  vertex -1.3077035 0.86672133 -0.97464466
  vertex -1.3794484 0.8575821 -0.91355556
  vertex -1.3160743 0.92272085 -0.910854
 endloop
endfacet
facet normal -0.4267306 0.6511504 -0.6276178
 outer loop
  vertex -1.2310553 0.90107954 -0.99111295
  vertex -1.3077035 0.86672133 -0.97464466
  vertex -1.3160743 0.92272085 -0.910854
 endloop
endfacet
facet normal -0.4275622 0.6500426 -0.6282
 outer loop
  vertex -1.2310553 0.90107954 -0.99111295
  vertex -1.3160743 0.92272085 -0.910854
  vertex -1.235471 0.9695885 -0.9172165
 endloop
endfacet
facet normal -0.27960935 0.69569606 -0.66168404
 outer loop
  vertex -1.139155 0.9248921 -1.0049108
  vertex -1.2310553 0.90107954 -0.99111295
  vertex -1.235471 0.9695885 -0.9172165
 endloop
endfacet
facet normal -0.27763885 0.6976114 -0.66049606
 outer loop
  vertex -1.139155 0.9248921 -1.0049108
  vertex -1.235471 0.9695885 -0.9172165
  vertex -1.1415954 0.9993923 -0.9251985
 endloop
endfacet
facet normal 0.63714874 0.36401883 0.6793612
 outer loop
  vertex 0.65962344 1.3270603 -0.21560824
  vertex 0.55999255 1.4157567 -0.16969371
  vertex 0.5776067 1.2608869 -0.10323024
 endloop
endfacet
facet normal 0.65801096 0.33212513 0.6758066
 outer loop
  vertex 0.65962344 1.3270603 -0.21560824
  vertex 0.5776067 1.2608869 -0.10323024
  vertex 0.705838 1.1776662 -0.18718612
 endloop
endfacet
facet normal 0.7100292 0.38632804 0.5887352
 outer loop
  vertex 0.55999255 1.4157567 -0.16969371
  vertex 0.44288027 1.5103407 -0.09051943
  vertex 0.4477958 1.3698696 -0.0042705536
 endloop
endfacet
facet normal 0.73317456 0.33690047 0.59072256
 outer loop
  vertex 0.55999255 1.4157567 -0.16969371
  vertex 0.4477958 1.3698696 -0.0042705536
  vertex 0.5776067 1.2608869 -0.10323024
 endloop
endfacet
facet normal 0.65108436 0.0913222 0.7534915
 outer loop
  vertex 0.5776067 1.2608869 -0.10323024
  vertex 0.4477958 1.3698696 -0.0042705536
  vertex 0.40717256 1.1738007 0.054594874
 endloop
endfacet
facet normal 0.6107232 0.19542687 0.7673497
 outer loop
  vertex 0.5776067 1.2608869 -0.10323024
  vertex 0.40717256 1.1738007 0.054594874
  vertex 0.59781486 1.0279346 -0.059985876
 endloop
endfacet
facet normal 0.6225982 0.19470863 0.7579314
 outer loop
  vertex 0.705838 1.1776662 -0.18718612
  vertex 0.5776067 1.2608869 -0.10323024
  vertex 0.59781486 1.0279346 -0.059985876
 endloop
endfacet
facet normal 0.6049967 0.21485041 0.7666932
 outer loop
  vertex 0.705838 1.1776662 -0.18718612
  vertex 0.59781486 1.0279346 -0.059985876
  vertex 0.75710154 0.93426883 -0.15943086
 endloop
endfacet
facet normal 0.3431257 -0.01900335 0.9390972
 outer loop
  vertex 0.40717256 1.1738007 0.054594874
  vertex 0.20006886 1.1473093 0.12972999
  vertex 0.20904522 0.7707239 0.11882973
 endloop
endfacet
facet normal 0.24159011 0.03578502 0.96971834
 outer loop
  vertex 0.40717256 1.1738007 0.054594874
  vertex 0.20904522 0.7707239 0.11882973
  vertex 0.41319618 0.7473422 0.06883156
 endloop
endfacet
facet normal 0.08174961 -0.03717652 0.9959593
 outer loop
  vertex 0.20006886 1.1473093 0.12972999
  vertex -3.4647742e-16 1.1473606 0.14615381
  vertex -3.4647742e-16 0.7748761 0.13224995
 endloop
endfacet
facet normal 0.06350057 -0.027362095 0.99760664
 outer loop
  vertex 0.20006886 1.1473093 0.12972999
  vertex -3.4647742e-16 0.7748761 0.13224995
  vertex 0.20904522 0.7707239 0.11882973
 endloop
endfacet
facet normal 0.06565875 0.095260434 0.9932846
 outer loop
  vertex 0.20904522 0.7707239 0.11882973
  vertex -3.4647742e-16 0.7748761 0.13224995
  vertex -3.4647742e-16 0.58855534 0.15011895
 endloop
endfacet
facet normal 0.059484277 0.10229255 0.9929742
 outer loop
  vertex 0.20904522 0.7707239 0.11882973
  vertex -3.4647742e-16 0.58855534 0.15011895
  vertex 0.17528427 0.58391154 0.1400969
 endloop
endfacet
facet normal 0.24396738 0.06639157 0.96750814
 outer loop
  vertex 0.41319618 0.7473422 0.06883156
  vertex 0.29695776 0.55734265 0.111180305
  vertex 0.27539617 0.35016277 0.13083422
 endloop
endfacet
facet normal 0.2501298 0.06403257 0.96609265
 outer loop
  vertex 0.41319618 0.7473422 0.06883156
  vertex 0.27539617 0.35016277 0.13083422
  vertex 0.39653248 0.2742019 0.10450566
 endloop
endfacet
facet normal 0.5694927 0.10257971 0.8155706
 outer loop
  vertex 0.75710154 0.93426883 -0.15943086
  vertex 0.59781486 1.0279346 -0.059985876
  vertex 0.6048482 0.68247306 -0.021446109
 endloop
endfacet
facet normal 0.55909723 0.112108134 0.82148767
 outer loop
  vertex 0.75710154 0.93426883 -0.15943086
  vertex 0.6048482 0.68247306 -0.021446109
  vertex 0.78867453 0.6213374 -0.13821352
 endloop
endfacet
facet normal 0.53475827 0.03573733 0.844249
 outer loop
  vertex 0.59781486 1.0279346 -0.059985876
  vertex 0.40717256 1.1738007 0.054594874
  vertex 0.41319618 0.7473422 0.06883156
 endloop
endfacet
facet normal 0.45331454 0.107936665 0.8847912
 outer loop
  vertex 0.59781486 1.0279346 -0.059985876
  vertex 0.41319618 0.7473422 0.06883156
  vertex 0.6048482 0.68247306 -0.021446109
 endloop
endfacet
facet normal 0.4399385 0.0521016 0.8965153
 outer loop
  vertex 0.6048482 0.68247306 -0.021446109
  vertex 0.41319618 0.7473422 0.06883156
  vertex 0.39653248 0.2742019 0.10450566
 endloop
endfacet
facet normal 0.45156518 0.044507053 0.89112735
 outer loop
  vertex 0.6048482 0.68247306 -0.021446109
  vertex 0.39653248 0.2742019 0.10450566
  vertex 0.59722537 0.2992253 0.001557827
 endloop
endfacet
facet normal 0.54507196 0.039425988 0.83746177
 outer loop
  vertex 0.78867453 0.6213374 -0.13821352
  vertex 0.6048482 0.68247306 -0.021446109
  vertex 0.59722537 0.2992253 0.001557827
 endloop
endfacet
facet normal 0.55646366 0.02956741 0.83034563
 outer loop
  vertex 0.78867453 0.6213374 -0.13821352
  vertex 0.59722537 0.2992253 0.001557827
  vertex 0.79624873 0.27947685 -0.13111627
 endloop
endfacet
facet normal 0.5510816 -0.058387503 0.8324061
 outer loop
  vertex 0.78824115 0.11500752 -0.13782275
  vertex 0.5889703 0.12335831 -0.0053128004
  vertex 0.5807153 -0.052508652 -0.012183547
 endloop
endfacet
facet normal 0.5523932 -0.060794074 0.8313638
 outer loop
  vertex 0.78824115 0.11500752 -0.13782275
  vertex 0.5807153 -0.052508652 -0.012183547
  vertex 0.78023356 -0.049461782 -0.1445291
 endloop
endfacet
facet normal 0.9846042 -0.08412581 0.15322359
 outer loop
  vertex 1.3387495 0.25302458 -0.926306
  vertex 1.3126518 0.25580782 -0.7570754
  vertex 1.299215 0.0934549 -0.7598697
 endloop
endfacet
facet normal 0.9845924 -0.08393463 0.15340409
 outer loop
  vertex 1.3387495 0.25302458 -0.926306
  vertex 1.299215 0.0934549 -0.7598697
  vertex 1.3252501 0.09066886 -0.9284955
 endloop
endfacet
facet normal 0.7323082 -0.15228856 0.6637265
 outer loop
  vertex 0.4884113 -0.36190224 0.018669248
  vertex 0.55573595 -0.35675883 -0.054431796
  vertex 0.5672569 -0.21643251 -0.034946084
 endloop
endfacet
facet normal 0.7482498 -0.16912164 0.6414982
 outer loop
  vertex 0.4884113 -0.36190224 0.018669248
  vertex 0.5672569 -0.21643251 -0.034946084
  vertex 0.5048568 -0.22537255 0.035481095
 endloop
endfacet
facet normal 0.5474215 -0.15903276 0.82160705
 outer loop
  vertex 0.78023356 -0.049461782 -0.1445291
  vertex 0.5807153 -0.052508652 -0.012183547
  vertex 0.5672569 -0.21643251 -0.034946084
 endloop
endfacet
facet normal 0.5440199 -0.15238956 0.825118
 outer loop
  vertex 0.78023356 -0.049461782 -0.1445291
  vertex 0.5672569 -0.21643251 -0.034946084
  vertex 0.7613317 -0.19660378 -0.15924203
 endloop
endfacet
facet normal 0.53835523 -0.19632755 0.8195298
 outer loop
  vertex 0.7424298 -0.34374577 -0.17395496
  vertex 0.55573595 -0.35675883 -0.054431796
  vertex 0.5251745 -0.60886115 -0.09474969
 endloop
endfacet
facet normal 0.58937335 -0.25384638 0.7669427
 outer loop
  vertex 0.7424298 -0.34374577 -0.17395496
  vertex 0.5251745 -0.60886115 -0.09474969
  vertex 0.68781215 -0.58502036 -0.2118411
 endloop
endfacet
facet normal 0.44375837 -0.19372417 0.87495685
 outer loop
  vertex 0.3773024 -0.7185722 -0.04404342
  vertex 0.5251745 -0.60886115 -0.09474969
  vertex 0.55573595 -0.35675883 -0.054431796
 endloop
endfacet
facet normal 0.7058041 -0.3300807 0.62680733
 outer loop
  vertex 0.3773024 -0.7185722 -0.04404342
  vertex 0.55573595 -0.35675883 -0.054431796
  vertex 0.4884113 -0.36190224 0.018669248
 endloop
endfacet
facet normal 0.5827273 -0.3318326 0.7418328
 outer loop
  vertex 0.68781215 -0.58502036 -0.2118411
  vertex 0.5251745 -0.60886115 -0.09474969
  vertex 0.51162773 -0.80314964 -0.17101645
 endloop
endfacet
facet normal 0.6042687 -0.35452247 0.71356374
 outer loop
  vertex 0.68781215 -0.58502036 -0.2118411
  vertex 0.51162773 -0.80314964 -0.17101645
  vertex 0.6377104 -0.7386083 -0.24572098
 endloop
endfacet
facet normal 0.3643539 -0.5165585 -0.77486354
 outer loop
  vertex 0.73097485 -0.62617475 -1.5795068
  vertex 0.8080973 -0.72243816 -1.479069
  vertex 0.6183349 -0.85450274 -1.4802583
 endloop
endfacet
facet normal 0.42432135 -0.5288328 -0.73504233
 outer loop
  vertex 0.73097485 -0.62617475 -1.5795068
  vertex 0.6183349 -0.85450274 -1.4802583
  vertex 0.5694772 -0.74746424 -1.5854725
 endloop
endfacet
facet normal 0.46021146 -0.6316756 -0.623852
 outer loop
  vertex 0.8080973 -0.72243816 -1.479069
  vertex 0.8763481 -0.78867525 -1.3616531
  vertex 0.6658192 -0.94030005 -1.3634325
 endloop
endfacet
facet normal 0.44125873 -0.6282702 -0.64075536
 outer loop
  vertex 0.8080973 -0.72243816 -1.479069
  vertex 0.6658192 -0.94030005 -1.3634325
  vertex 0.6183349 -0.85450274 -1.4802583
 endloop
endfacet
facet normal 0.31359762 -0.7000323 -0.6415694
 outer loop
  vertex 0.6183349 -0.85450274 -1.4802583
  vertex 0.6658192 -0.94030005 -1.3634325
  vertex 0.43754065 -1.0414779 -1.3646169
 endloop
endfacet
facet normal 0.2979602 -0.693687 -0.65575755
 outer loop
  vertex 0.6183349 -0.85450274 -1.4802583
  vertex 0.43754065 -1.0414779 -1.3646169
  vertex 0.41018584 -0.94281715 -1.4814136
 endloop
endfacet
facet normal 0.26388705 -0.6122075 -0.7453627
 outer loop
  vertex 0.5694772 -0.74746424 -1.5854725
  vertex 0.6183349 -0.85450274 -1.4802583
  vertex 0.41018584 -0.94281715 -1.4814136
 endloop
endfacet
facet normal 0.24075222 -0.6018962 -0.76141936
 outer loop
  vertex 0.5694772 -0.74746424 -1.5854725
  vertex 0.41018584 -0.94281715 -1.4814136
  vertex 0.38152805 -0.82096606 -1.5867972
 endloop
endfacet
facet normal 0.5473516 -0.7155497 -0.43404466
 outer loop
  vertex 0.8763481 -0.78867525 -1.3616531
  vertex 0.91161865 -0.8358328 -1.239433
  vertex 0.6904157 -1.0033882 -1.2421553
 endloop
endfacet
facet normal 0.5168461 -0.7120562 -0.47523245
 outer loop
  vertex 0.8763481 -0.78867525 -1.3616531
  vertex 0.6904157 -1.0033882 -1.2421553
  vertex 0.6658192 -0.94030005 -1.3634325
 endloop
endfacet
facet normal 0.6139689 -0.7611674 -0.20896524
 outer loop
  vertex 0.91161865 -0.8358328 -1.239433
  vertex 0.91968465 -0.866301 -1.1047518
  vertex 0.6944121 -1.0470243 -1.1083394
 endloop
endfacet
facet normal 0.5839087 -0.7665191 -0.26739308
 outer loop
  vertex 0.91161865 -0.8358328 -1.239433
  vertex 0.6944121 -1.0470243 -1.1083394
  vertex 0.6904157 -1.0033882 -1.2421553
 endloop
endfacet
facet normal 0.44118 -0.8492351 -0.29010338
 outer loop
  vertex 0.6904157 -1.0033882 -1.2421553
  vertex 0.6944121 -1.0470243 -1.1083394
  vertex 0.45347875 -1.1715167 -1.11031
 endloop
endfacet
facet normal 0.40432245 -0.84474474 -0.35061336
 outer loop
  vertex 0.6904157 -1.0033882 -1.2421553
  vertex 0.45347875 -1.1715167 -1.11031
  vertex 0.4521029 -1.1167812 -1.2437725
 endloop
endfacet
facet normal 0.37809026 -0.7876768 -0.4864288
 outer loop
  vertex 0.6658192 -0.94030005 -1.3634325
  vertex 0.6904157 -1.0033882 -1.2421553
  vertex 0.4521029 -1.1167812 -1.2437725
 endloop
endfacet
facet normal 0.34695518 -0.77664953 -0.5257732
 outer loop
  vertex 0.6658192 -0.94030005 -1.3634325
  vertex 0.4521029 -1.1167812 -1.2437725
  vertex 0.43754065 -1.0414779 -1.3646169
 endloop
endfacet
facet normal 0.19880325 -0.8208333 -0.5354531
 outer loop
  vertex 0.43754065 -1.0414779 -1.3646169
  vertex 0.4521029 -1.1167812 -1.2437725
  vertex 0.22227317 -1.1722453 -1.2440791
 endloop
endfacet
facet normal 0.18013342 -0.8104083 -0.55748576
 outer loop
  vertex 0.43754065 -1.0414779 -1.3646169
  vertex 0.22227317 -1.1722453 -1.2440791
  vertex 0.21565369 -1.0908444 -1.3645492
 endloop
endfacet
facet normal 0.23842965 -0.8976648 -0.37060663
 outer loop
  vertex 0.4521029 -1.1167812 -1.2437725
  vertex 0.45347875 -1.1715167 -1.11031
  vertex 0.22253834 -1.2325711 -1.1110023
 endloop
endfacet
facet normal 0.21514937 -0.8892969 -0.40356138
 outer loop
  vertex 0.4521029 -1.1167812 -1.2437725
  vertex 0.22253834 -1.2325711 -1.1110023
  vertex 0.22227317 -1.1722453 -1.2440791
 endloop
endfacet
facet normal 0.061788194 -0.9090012 -0.41218805
 outer loop
  vertex 0.22227317 -1.1722453 -1.2440791
  vertex 0.22253834 -1.2325711 -1.1110023
  vertex -3.4647742e-16 -1.2476671 -1.1110703
 endloop
endfacet
facet normal 0.055827603 -0.90568167 -0.42026663
 outer loop
  vertex 0.22227317 -1.1722453 -1.2440791
  vertex -3.4647742e-16 -1.2476671 -1.1110703
  vertex -3.4647742e-16 -1.1860149 -1.2439318
 endloop
endfacet
facet normal 0.05081132 -0.8262143 -0.5610599
 outer loop
  vertex 0.21565369 -1.0908444 -1.3645492
  vertex 0.22227317 -1.1722453 -1.2440791
  vertex -3.4647742e-16 -1.1860149 -1.2439318
 endloop
endfacet
facet normal 0.045993432 -0.8225711 -0.5667992
 outer loop
  vertex 0.21565369 -1.0908444 -1.3645492
  vertex -3.4647742e-16 -1.1860149 -1.2439318
  vertex -3.4647742e-16 -1.103132 -1.3642161
 endloop
endfacet
facet normal 0.13429065 -0.6299659 -0.7649242
 outer loop
  vertex 0.38152805 -0.82096606 -1.5867972
  vertex 0.41018584 -0.94281715 -1.4814136
  vertex 0.20356284 -0.9867292 -1.481524
 endloop
endfacet
facet normal 0.127556 -0.6256883 -0.76957375
 outer loop
  vertex 0.38152805 -0.82096606 -1.5867972
  vertex 0.20356284 -0.9867292 -1.481524
  vertex 0.19077578 -0.8591487 -1.5873705
 endloop
endfacet
facet normal 0.1632156 -0.7345069 -0.6586806
 outer loop
  vertex 0.41018584 -0.94281715 -1.4814136
  vertex 0.43754065 -1.0414779 -1.3646169
  vertex 0.21565369 -1.0908444 -1.3645492
 endloop
endfacet
facet normal 0.15546647 -0.7298556 -0.6656883
 outer loop
  vertex 0.41018584 -0.94281715 -1.4814136
  vertex 0.21565369 -1.0908444 -1.3645492
  vertex 0.20356284 -0.9867292 -1.481524
 endloop
endfacet
facet normal 0.041374058 -0.7442057 -0.66666794
 outer loop
  vertex 0.20356284 -0.9867292 -1.481524
  vertex 0.21565369 -1.0908444 -1.3645492
  vertex -3.4647742e-16 -1.103132 -1.3642161
 endloop
endfacet
facet normal 0.040637985 -0.7436212 -0.66736513
 outer loop
  vertex 0.20356284 -0.9867292 -1.481524
  vertex -3.4647742e-16 -1.103132 -1.3642161
  vertex -3.4647742e-16 -0.99804956 -1.4813057
 endloop
endfacet
facet normal 0.034546178 -0.6360733 -0.7708549
 outer loop
  vertex 0.19077578 -0.8591487 -1.5873705
  vertex 0.20356284 -0.9867292 -1.481524
  vertex -3.4647742e-16 -0.99804956 -1.4813057
 endloop
endfacet
facet normal 0.035339825 -0.63672495 -0.7702808
 outer loop
  vertex 0.19077578 -0.8591487 -1.5873705
  vertex -3.4647742e-16 -0.99804956 -1.4813057
  vertex -3.4647742e-16 -0.8696657 -1.5874296
 endloop
endfacet
facet normal 0.65171033 -0.7325237 0.19667932
 outer loop
  vertex 0.884636 -0.8898861 -0.7886642
  vertex 0.8446264 -0.8815771 -0.6251433
  vertex 0.627111 -1.0759287 -0.62824535
 endloop
endfacet
facet normal 0.64702237 -0.7411166 0.17918809
 outer loop
  vertex 0.884636 -0.8898861 -0.7886642
  vertex 0.627111 -1.0759287 -0.62824535
  vertex 0.65946823 -1.087435 -0.7926724
 endloop
endfacet
facet normal 0.6219882 -0.68913245 0.37178907
 outer loop
  vertex 0.8446264 -0.8815771 -0.6251433
  vertex 0.7850082 -0.8524048 -0.47133183
  vertex 0.5859051 -1.0303724 -0.46811354
 endloop
endfacet
facet normal 0.6192439 -0.69876486 0.35814044
 outer loop
  vertex 0.8446264 -0.8815771 -0.6251433
  vertex 0.5859051 -1.0303724 -0.46811354
  vertex 0.627111 -1.0759287 -0.62824535
 endloop
endfacet
facet normal 0.47410744 -0.8071989 0.35164186
 outer loop
  vertex 0.627111 -1.0759287 -0.62824535
  vertex 0.5859051 -1.0303724 -0.46811354
  vertex 0.37536633 -1.1502526 -0.4594376
 endloop
endfacet
facet normal 0.4773623 -0.80215114 0.35871825
 outer loop
  vertex 0.627111 -1.0759287 -0.62824535
  vertex 0.37536633 -1.1502526 -0.4594376
  vertex 0.4004166 -1.2106211 -0.6277668
 endloop
endfacet
facet normal 0.50457406 -0.84866077 0.15868178
 outer loop
  vertex 0.65946823 -1.087435 -0.7926724
  vertex 0.627111 -1.0759287 -0.62824535
  vertex 0.4004166 -1.2106211 -0.6277668
 endloop
endfacet
facet normal 0.49979582 -0.85347825 0.14757693
 outer loop
  vertex 0.65946823 -1.087435 -0.7926724
  vertex 0.4004166 -1.2106211 -0.6277668
  vertex 0.42415687 -1.2254438 -0.7938914
 endloop
endfacet
facet normal 0.60512024 -0.5455519 0.5798298
 outer loop
  vertex 0.7850082 -0.8524048 -0.47133183
  vertex 0.70594496 -0.79805094 -0.3376795
  vertex 0.5396445 -0.9406623 -0.2983061
 endloop
endfacet
facet normal 0.58234066 -0.64249265 0.4980788
 outer loop
  vertex 0.7850082 -0.8524048 -0.47133183
  vertex 0.5396445 -0.9406623 -0.2983061
  vertex 0.5859051 -1.0303724 -0.46811354
 endloop
endfacet
facet normal 0.6077741 -0.38056722 0.6969786
 outer loop
  vertex 0.70594496 -0.79805094 -0.3376795
  vertex 0.6377104 -0.7386083 -0.24572098
  vertex 0.51162773 -0.80314964 -0.17101645
 endloop
endfacet
facet normal 0.5750343 -0.48958465 0.6554711
 outer loop
  vertex 0.70594496 -0.79805094 -0.3376795
  vertex 0.51162773 -0.80314964 -0.17101645
  vertex 0.5396445 -0.9406623 -0.2983061
 endloop
endfacet
facet normal 0.45612055 -0.5526982 0.69748026
 outer loop
  vertex 0.5396445 -0.9406623 -0.2983061
  vertex 0.51162773 -0.80314964 -0.17101645
  vertex 0.3431635 -0.8763152 -0.11882639
 endloop
endfacet
facet normal 0.40578458 -0.62389565 0.667902
 outer loop
  vertex 0.5396445 -0.9406623 -0.2983061
  vertex 0.3431635 -0.8763152 -0.11882639
  vertex 0.35346904 -1.032232 -0.27073145
 endloop
endfacet
facet normal 0.43923962 -0.7393802 0.5102799
 outer loop
  vertex 0.5859051 -1.0303724 -0.46811354
  vertex 0.5396445 -0.9406623 -0.2983061
  vertex 0.35346904 -1.032232 -0.27073145
 endloop
endfacet
facet normal 0.44082448 -0.73712844 0.5121674
 outer loop
  vertex 0.5859051 -1.0303724 -0.46811354
  vertex 0.35346904 -1.032232 -0.27073145
  vertex 0.37536633 -1.1502526 -0.4594376
 endloop
endfacet
facet normal 0.25074488 -0.8074053 0.53406334
 outer loop
  vertex 0.37536633 -1.1502526 -0.4594376
  vertex 0.35346904 -1.032232 -0.27073145
  vertex 0.1735445 -1.0736499 -0.24887228
 endloop
endfacet
facet normal 0.24842545 -0.80916566 0.53248066
 outer loop
  vertex 0.37536633 -1.1502526 -0.4594376
  vertex 0.1735445 -1.0736499 -0.24887228
  vertex 0.1814928 -1.2058454 -0.45346677
 endloop
endfacet
facet normal 0.17256966 -0.6814871 0.7111927
 outer loop
  vertex 0.35346904 -1.032232 -0.27073145
  vertex 0.3431635 -0.8763152 -0.11882639
  vertex 0.15182374 -0.9144667 -0.1089561
 endloop
endfacet
facet normal 0.23416519 -0.62361217 0.7458382
 outer loop
  vertex 0.35346904 -1.032232 -0.27073145
  vertex 0.15182374 -0.9144667 -0.1089561
  vertex 0.1735445 -1.0736499 -0.24887228
 endloop
endfacet
facet normal 0.0542673 -0.6513715 0.75681585
 outer loop
  vertex -3.4647742e-16 -0.92531663 -0.10876179
  vertex -3.4647742e-16 -1.0824904 -0.24403715
  vertex 0.1735445 -1.0736499 -0.24887228
 endloop
endfacet
facet normal 0.047826488 -0.65574384 0.7534671
 outer loop
  vertex -3.4647742e-16 -0.92531663 -0.10876179
  vertex 0.1735445 -1.0736499 -0.24887228
  vertex 0.15182374 -0.9144667 -0.1089561
 endloop
endfacet
facet normal 0.05780209 -0.83749485 0.5433795
 outer loop
  vertex 0.1814928 -1.2058454 -0.45346677
  vertex 0.1735445 -1.0736499 -0.24887228
  vertex -3.4647742e-16 -1.0824904 -0.24403715
 endloop
endfacet
facet normal 0.06256264 -0.8353052 0.5462153
 outer loop
  vertex 0.1814928 -1.2058454 -0.45346677
  vertex -3.4647742e-16 -1.0824904 -0.24403715
  vertex -3.4647742e-16 -1.218188 -0.45155406
 endloop
endfacet
facet normal 0.29151544 -0.9481963 0.1262637
 outer loop
  vertex 0.42415687 -1.2254438 -0.7938914
  vertex 0.4004166 -1.2106211 -0.6277668
  vertex 0.19320431 -1.2741771 -0.6266417
 endloop
endfacet
facet normal 0.28705332 -0.95043796 0.119448885
 outer loop
  vertex 0.42415687 -1.2254438 -0.7938914
  vertex 0.19320431 -1.2741771 -0.6266417
  vertex 0.20584756 -1.291384 -0.7939382
 endloop
endfacet
facet normal 0.26736295 -0.89370084 0.36029956
 outer loop
  vertex 0.4004166 -1.2106211 -0.6277668
  vertex 0.37536633 -1.1502526 -0.4594376
  vertex 0.1814928 -1.2058454 -0.45346677
 endloop
endfacet
facet normal 0.27437764 -0.8880255 0.36895463
 outer loop
  vertex 0.4004166 -1.2106211 -0.6277668
  vertex 0.1814928 -1.2058454 -0.45346677
  vertex 0.19320431 -1.2741771 -0.6266417
 endloop
endfacet
facet normal 0.06691328 -0.9265663 0.37013167
 outer loop
  vertex 0.19320431 -1.2741771 -0.6266417
  vertex 0.1814928 -1.2058454 -0.45346677
  vertex -3.4647742e-16 -1.218188 -0.45155406
 endloop
endfacet
facet normal 0.0701713 -0.9250735 0.37324947
 outer loop
  vertex 0.19320431 -1.2741771 -0.6266417
  vertex -3.4647742e-16 -1.218188 -0.45155406
  vertex -3.4647742e-16 -1.2886102 -0.62609065
 endloop
endfacet
facet normal 0.0743692 -0.99140996 0.1075896
 outer loop
  vertex 0.20584756 -1.291384 -0.7939382
  vertex 0.19320431 -1.2741771 -0.6266417
  vertex -3.4647742e-16 -1.2886102 -0.62609065
 endloop
endfacet
facet normal 0.07389831 -0.9915075 0.1070137
 outer loop
  vertex 0.20584756 -1.291384 -0.7939382
  vertex -3.4647742e-16 -1.2886102 -0.62609065
  vertex -3.4647742e-16 -1.3067086 -0.7937762
 endloop
endfacet
facet normal 0.0029052563 0.041505523 -0.99913406
 outer loop
  vertex -3.4647742e-16 1.3957086 -1.5873506
  vertex 0.19086672 1.3810945 -1.5874027
  vertex 0.19843332 1.1332273 -1.5976775
 endloop
endfacet
facet normal 0.001981774 0.0408086 -0.99916506
 outer loop
  vertex -3.4647742e-16 1.3957086 -1.5873506
  vertex 0.19843332 1.1332273 -1.5976775
  vertex -3.4647742e-16 1.143217 -1.597663
 endloop
endfacet
facet normal 0.008671521 0.04440827 -0.9989758
 outer loop
  vertex 0.19086672 1.3810945 -1.5874027
  vertex 0.38224107 1.3391476 -1.5876062
  vertex 0.40537098 1.1058036 -1.5977784
 endloop
endfacet
facet normal 0.0050213863 0.04156966 -0.999123
 outer loop
  vertex 0.19086672 1.3810945 -1.5874027
  vertex 0.40537098 1.1058036 -1.5977784
  vertex 0.19843332 1.1332273 -1.5976775
 endloop
endfacet
facet normal -0.0005343629 -0.00035041035 -0.99999976
 outer loop
  vertex 0.19843332 1.1332273 -1.5976775
  vertex 0.40537098 1.1058036 -1.5977784
  vertex 0.43048975 0.8436474 -1.5977
 endloop
endfacet
facet normal -0.00014757508 -4.0455805e-05 -1
 outer loop
  vertex 0.19843332 1.1332273 -1.5976775
  vertex 0.43048975 0.8436474 -1.5977
  vertex 0.20747761 0.8586098 -1.5976677
 endloop
endfacet
facet normal -7.46067e-05 -3.805265e-05 -1
 outer loop
  vertex -3.4647742e-16 1.143217 -1.597663
  vertex 0.19843332 1.1332273 -1.5976775
  vertex 0.20747761 0.8586098 -1.5976677
 endloop
endfacet
facet normal -2.240802e-05 0 -1
 outer loop
  vertex -3.4647742e-16 1.143217 -1.597663
  vertex 0.20747761 0.8586098 -1.5976677
  vertex -3.4647742e-16 0.8644842 -1.597663
 endloop
endfacet
facet normal 0.017603476 0.05346367 -0.99841464
 outer loop
  vertex 0.38224107 1.3391476 -1.5876062
  vertex 0.57152873 1.2702843 -1.5879563
  vertex 0.6259552 1.0645335 -1.5980144
 endloop
endfacet
facet normal 0.0072132275 0.044264503 -0.9989938
 outer loop
  vertex 0.38224107 1.3391476 -1.5876062
  vertex 0.6259552 1.0645335 -1.5980144
  vertex 0.40537098 1.1058036 -1.5977784
 endloop
endfacet
facet normal 0.15000911 0.1634267 -0.975084
 outer loop
  vertex 0.57152873 1.2702843 -1.5879563
  vertex 0.73381734 1.1511772 -1.5829521
  vertex 0.8426472 1.0219934 -1.5878611
 endloop
endfacet
facet normal 0.05931629 0.06438761 -0.9961605
 outer loop
  vertex 0.57152873 1.2702843 -1.5879563
  vertex 0.8426472 1.0219934 -1.5878611
  vertex 0.6259552 1.0645335 -1.5980144
 endloop
endfacet
facet normal 0.050459094 0.018699998 -0.998551
 outer loop
  vertex 0.6259552 1.0645335 -1.5980144
  vertex 0.8426472 1.0219934 -1.5878611
  vertex 0.9315061 0.80450714 -1.5874437
 endloop
endfacet
facet normal 0.04157083 0.008233226 -0.99910164
 outer loop
  vertex 0.6259552 1.0645335 -1.5980144
  vertex 0.9315061 0.80450714 -1.5874437
  vertex 0.67939276 0.8233474 -1.5977784
 endloop
endfacet
facet normal -0.0013066706 -0.0012676521 -0.99999833
 outer loop
  vertex 0.40537098 1.1058036 -1.5977784
  vertex 0.6259552 1.0645335 -1.5980144
  vertex 0.67939276 0.8233474 -1.5977784
 endloop
endfacet
facet normal -0.00034221887 -0.00033199985 -0.9999999
 outer loop
  vertex 0.40537098 1.1058036 -1.5977784
  vertex 0.67939276 0.8233474 -1.5977784
  vertex 0.43048975 0.8436474 -1.5977
 endloop
endfacet
facet normal -0.0003481614 -0.0004048622 -0.9999999
 outer loop
  vertex 0.43048975 0.8436474 -1.5977
  vertex 0.67939276 0.8233474 -1.5977784
  vertex 0.71317 0.5449065 -1.5976775
 endloop
endfacet
facet normal -4.0243576e-05 -0.00011349841 -1
 outer loop
  vertex 0.43048975 0.8436474 -1.5977
  vertex 0.71317 0.5449065 -1.5976775
  vertex 0.44821236 0.5527276 -1.5976677
 endloop
endfacet
facet normal 0.041501615 0.0073014097 -0.9991117
 outer loop
  vertex 0.67939276 0.8233474 -1.5977784
  vertex 0.9315061 0.80450714 -1.5874437
  vertex 0.9837872 0.5380385 -1.5872194
 endloop
endfacet
facet normal 0.03872609 0.004335452 -0.9992405
 outer loop
  vertex 0.67939276 0.8233474 -1.5977784
  vertex 0.9837872 0.5380385 -1.5872194
  vertex 0.71317 0.5449065 -1.5976775
 endloop
endfacet
facet normal 0.03866939 0.0020871835 -0.9992499
 outer loop
  vertex 0.71317 0.5449065 -1.5976775
  vertex 0.9837872 0.5380385 -1.5872194
  vertex 1.0008187 0.24458072 -1.5871732
 endloop
endfacet
facet normal 0.037973747 0.0014199258 -0.9992778
 outer loop
  vertex 0.71317 0.5449065 -1.5976775
  vertex 1.0008187 0.24458072 -1.5871732
  vertex 0.7247806 0.24454954 -1.597663
 endloop
endfacet
facet normal -3.8354647e-05 -4.950658e-05 -1
 outer loop
  vertex 0.44821236 0.5527276 -1.5976677
  vertex 0.71317 0.5449065 -1.5976775
  vertex 0.7247806 0.24454954 -1.597663
 endloop
endfacet
facet normal 0 -1.5085963e-05 -1
 outer loop
  vertex 0.44821236 0.5527276 -1.5976677
  vertex 0.7247806 0.24454954 -1.597663
  vertex 0.4549201 0.24454954 -1.597663
 endloop
endfacet
facet normal -2.2806642e-05 -1.4078948e-05 -1
 outer loop
  vertex -3.4647742e-16 0.8644842 -1.597663
  vertex 0.20747761 0.8586098 -1.5976677
  vertex 0.2146789 0.5590595 -1.5976636
 endloop
endfacet
facet normal -2.7764556e-06 0 -1
 outer loop
  vertex -3.4647742e-16 0.8644842 -1.597663
  vertex 0.2146789 0.5590595 -1.5976636
  vertex -3.4647742e-16 0.5617248 -1.597663
 endloop
endfacet
facet normal -0.00015293626 -0.00012036355 -1
 outer loop
  vertex 0.20747761 0.8586098 -1.5976677
  vertex 0.43048975 0.8436474 -1.5977
  vertex 0.44821236 0.5527276 -1.5976677
 endloop
endfacet
facet normal -1.7734035e-05 -1.3957001e-05 -1
 outer loop
  vertex 0.20747761 0.8586098 -1.5976677
  vertex 0.44821236 0.5527276 -1.5976677
  vertex 0.2146789 0.5590595 -1.5976636
 endloop
endfacet
facet normal -1.7775137e-05 -1.5472855e-05 -1
 outer loop
  vertex 0.2146789 0.5590595 -1.5976636
  vertex 0.44821236 0.5527276 -1.5976677
  vertex 0.4549201 0.24454954 -1.597663
 endloop
endfacet
facet normal 2.3806692e-13 -1.895159e-06 -1
 outer loop
  vertex 0.2146789 0.5590595 -1.5976636
  vertex 0.4549201 0.24454954 -1.597663
  vertex 0.21767531 0.24454951 -1.597663
 endloop
endfacet
facet normal -2.8003158e-06 -1.9218385e-06 -1
 outer loop
  vertex -3.4647742e-16 0.5617248 -1.597663
  vertex 0.2146789 0.5590595 -1.5976636
  vertex 0.21767531 0.24454951 -1.597663
 endloop
endfacet
facet normal 0 0 -1
 outer loop
  vertex -3.4647742e-16 0.5617248 -1.597663
  vertex 0.21767531 0.24454951 -1.597663
  vertex -3.4647742e-16 0.24454951 -1.597663
 endloop
endfacet
facet normal 4.448135e-06 -6.120692e-06 -1
 outer loop
  vertex -3.4647742e-16 0.08635676 -1.597663
  vertex 0.2161761 0.08764845 -1.5976621
  vertex 0.21467687 -0.06925261 -1.5976611
 endloop
endfacet
facet normal 8.884743e-06 0 -1
 outer loop
  vertex -3.4647742e-16 0.08635676 -1.597663
  vertex 0.21467687 -0.06925261 -1.5976611
  vertex -3.4647742e-16 -0.071835995 -1.597663
 endloop
endfacet
facet normal 2.9557137e-05 -5.181273e-05 -1
 outer loop
  vertex 0.2161761 0.08764845 -1.5976621
  vertex 0.4515581 0.090780675 -1.5976553
  vertex 0.44819614 -0.06298816 -1.5976474
 endloop
endfacet
facet normal 5.888451e-05 -6.640839e-06 -1
 outer loop
  vertex 0.2161761 0.08764845 -1.5976621
  vertex 0.44819614 -0.06298816 -1.5976474
  vertex 0.21467687 -0.06925261 -1.5976611
 endloop
endfacet
facet normal 0.0002871086 -0.0003990969 -0.9999999
 outer loop
  vertex 0.21106914 -0.21655053 -1.5976542
  vertex 0.43927813 -0.20620722 -1.5975928
  vertex 0.43036014 -0.34942627 -1.5975382
 endloop
endfacet
facet normal 0.00049365644 -5.8221474e-05 -0.9999999
 outer loop
  vertex 0.21106914 -0.21655053 -1.5976542
  vertex 0.43036014 -0.34942627 -1.5975382
  vertex 0.20746142 -0.3638485 -1.5976474
 endloop
endfacet
facet normal 4.2666208e-05 -4.7175512e-05 -1
 outer loop
  vertex -3.4647742e-16 -0.22045153 -1.597663
  vertex 0.21106914 -0.21655053 -1.5976542
  vertex 0.20746142 -0.3638485 -1.5976474
 endloop
endfacet
facet normal 7.527384e-05 0 -1
 outer loop
  vertex -3.4647742e-16 -0.22045153 -1.597663
  vertex 0.20746142 -0.3638485 -1.5976474
  vertex -3.4647742e-16 -0.369067 -1.597663
 endloop
endfacet
facet normal 6.4871674e-05 -0.00016488247 -1
 outer loop
  vertex 0.4515581 0.090780675 -1.5976553
  vertex 0.71895 0.09476447 -1.5976386
  vertex 0.7131193 -0.05502063 -1.5976143
 endloop
endfacet
facet normal 0.0001267157 -5.393698e-05 -1
 outer loop
  vertex 0.4515581 0.090780675 -1.5976553
  vertex 0.7131193 -0.05502063 -1.5976143
  vertex 0.44819614 -0.06298816 -1.5976474
 endloop
endfacet
facet normal 0.038378526 -0.0024025778 -0.99926037
 outer loop
  vertex 0.71895 0.09476447 -1.5976386
  vertex 0.992258 0.0983628 -1.5871503
  vertex 0.9836973 -0.04785508 -1.5871276
 endloop
endfacet
facet normal 0.03877182 -0.0016714991 -0.9992467
 outer loop
  vertex 0.71895 0.09476447 -1.5976386
  vertex 0.9836973 -0.04785508 -1.5871276
  vertex 0.7131193 -0.05502063 -1.5976143
 endloop
endfacet
facet normal 0.041036136 -0.010421772 -0.9991033
 outer loop
  vertex 0.69605345 -0.19148773 -1.5974436
  vertex 0.95724595 -0.17752725 -1.5868613
  vertex 0.93079466 -0.30719948 -1.586595
 endloop
endfacet
facet normal 0.042910066 -0.006615845 -0.999057
 outer loop
  vertex 0.69605345 -0.19148773 -1.5974436
  vertex 0.93079466 -0.30719948 -1.586595
  vertex 0.67898756 -0.32795477 -1.5972729
 endloop
endfacet
facet normal 0.000657669 -0.0013331514 -0.9999989
 outer loop
  vertex 0.43927813 -0.20620722 -1.5975928
  vertex 0.69605345 -0.19148773 -1.5974436
  vertex 0.67898756 -0.32795477 -1.5972729
 endloop
endfacet
facet normal 0.0011061691 -0.00045009798 -0.99999934
 outer loop
  vertex 0.43927813 -0.20620722 -1.5975928
  vertex 0.67898756 -0.32795477 -1.5972729
  vertex 0.43036014 -0.34942627 -1.5975382
 endloop
endfacet
facet normal 0.0013980514 -0.0038300185 -0.99999166
 outer loop
  vertex 0.43036014 -0.34942627 -1.5975382
  vertex 0.67898756 -0.32795477 -1.5972729
  vertex 0.62472194 -0.55604976 -1.5964751
 endloop
endfacet
facet normal 0.003925286 -0.0014527563 -0.99999124
 outer loop
  vertex 0.43036014 -0.34942627 -1.5975382
  vertex 0.62472194 -0.55604976 -1.5964751
  vertex 0.404966 -0.6006982 -1.5972729
 endloop
endfacet
facet normal 0.04449353 -0.026025513 -0.9986706
 outer loop
  vertex 0.67898756 -0.32795477 -1.5972729
  vertex 0.93079466 -0.30719948 -1.586595
  vertex 0.84059674 -0.5088988 -1.5853573
 endloop
endfacet
facet normal 0.055038705 -0.016585806 -0.99834645
 outer loop
  vertex 0.67898756 -0.32795477 -1.5972729
  vertex 0.84059674 -0.5088988 -1.5853573
  vertex 0.62472194 -0.55604976 -1.5964751
 endloop
endfacet
facet normal 0.07758219 -0.1218824 -0.9895078
 outer loop
  vertex 0.62472194 -0.55604976 -1.5964751
  vertex 0.84059674 -0.5088988 -1.5853573
  vertex 0.73097485 -0.62617475 -1.5795068
 endloop
endfacet
facet normal 0.101369716 -0.08622617 -0.9911051
 outer loop
  vertex 0.62472194 -0.55604976 -1.5964751
  vertex 0.73097485 -0.62617475 -1.5795068
  vertex 0.5694772 -0.74746424 -1.5854725
 endloop
endfacet
facet normal 0.016228803 -0.062046323 -0.9979413
 outer loop
  vertex 0.404966 -0.6006982 -1.5972729
  vertex 0.62472194 -0.55604976 -1.5964751
  vertex 0.5694772 -0.74746424 -1.5854725
 endloop
endfacet
facet normal 0.026717585 -0.05032428 -0.9983755
 outer loop
  vertex 0.404966 -0.6006982 -1.5972729
  vertex 0.5694772 -0.74746424 -1.5854725
  vertex 0.38152805 -0.82096606 -1.5867972
 endloop
endfacet
facet normal 7.851676e-05 -0.00012892192 -1
 outer loop
  vertex -3.4647742e-16 -0.369067 -1.597663
  vertex 0.20746142 -0.3638485 -1.5976474
  vertex 0.1983827 -0.6264339 -1.5976143
 endloop
endfacet
facet normal 0.0002457704 0 -0.99999994
 outer loop
  vertex -3.4647742e-16 -0.369067 -1.597663
  vertex 0.1983827 -0.6264339 -1.5976143
  vertex -3.4647742e-16 -0.6343742 -1.597663
 endloop
endfacet
facet normal 0.000561894 -0.0011128521 -0.9999992
 outer loop
  vertex 0.20746142 -0.3638485 -1.5976474
  vertex 0.43036014 -0.34942627 -1.5975382
  vertex 0.404966 -0.6006982 -1.5972729
 endloop
endfacet
facet normal 0.0016756142 -0.00018414027 -0.99999857
 outer loop
  vertex 0.20746142 -0.3638485 -1.5976474
  vertex 0.404966 -0.6006982 -1.5972729
  vertex 0.1983827 -0.6264339 -1.5976143
 endloop
endfacet
facet normal 0.0076700337 -0.04831781 -0.99880254
 outer loop
  vertex 0.1983827 -0.6264339 -1.5976143
  vertex 0.404966 -0.6006982 -1.5972729
  vertex 0.38152805 -0.82096606 -1.5867972
 endloop
endfacet
facet normal 0.011881765 -0.044360526 -0.99894494
 outer loop
  vertex 0.1983827 -0.6264339 -1.5976143
  vertex 0.38152805 -0.82096606 -1.5867972
  vertex 0.19077578 -0.8591487 -1.5873705
 endloop
endfacet
facet normal 0.002008295 -0.044041425 -0.99902767
 outer loop
  vertex -3.4647742e-16 -0.6343742 -1.597663
  vertex 0.1983827 -0.6264339 -1.5976143
  vertex 0.19077578 -0.8591487 -1.5873705
 endloop
endfacet
facet normal 0.0027049987 -0.04345121 -0.99905187
 outer loop
  vertex -3.4647742e-16 -0.6343742 -1.597663
  vertex 0.19077578 -0.8591487 -1.5873705
  vertex -3.4647742e-16 -0.8696657 -1.5874296
 endloop
endfacet
facet normal 0.5172351 0.42239398 -0.74434614
 outer loop
  vertex 0.73381734 1.1511772 -1.5829521
  vertex 0.8097578 1.2392757 -1.480189
  vertex 0.9601255 1.0562189 -1.4795799
 endloop
endfacet
facet normal 0.52196586 0.46685246 -0.7138631
 outer loop
  vertex 0.73381734 1.1511772 -1.5829521
  vertex 0.9601255 1.0562189 -1.4795799
  vertex 0.8426472 1.0219934 -1.5878611
 endloop
endfacet
facet normal 0.6203786 0.5058694 -0.59935516
 outer loop
  vertex 0.8097578 1.2392757 -1.480189
  vertex 0.8769256 1.3000009 -1.3594117
  vertex 1.0443206 1.0961409 -1.3582076
 endloop
endfacet
facet normal 0.6205894 0.5077804 -0.5975181
 outer loop
  vertex 0.8097578 1.2392757 -1.480189
  vertex 1.0443206 1.0961409 -1.3582076
  vertex 0.9601255 1.0562189 -1.4795799
 endloop
endfacet
facet normal 0.7180254 0.33706346 -0.6089563
 outer loop
  vertex 0.9601255 1.0562189 -1.4795799
  vertex 1.0443206 1.0961409 -1.3582076
  vertex 1.1633697 0.8446435 -1.3570422
 endloop
endfacet
facet normal 0.711974 0.3227452 -0.62364143
 outer loop
  vertex 0.9601255 1.0562189 -1.4795799
  vertex 1.1633697 0.8446435 -1.3570422
  vertex 1.0665573 0.82270896 -1.4789186
 endloop
endfacet
facet normal 0.6071949 0.2746424 -0.7455776
 outer loop
  vertex 0.8426472 1.0219934 -1.5878611
  vertex 0.9601255 1.0562189 -1.4795799
  vertex 1.0665573 0.82270896 -1.4789186
 endloop
endfacet
facet normal 0.5884792 0.23895423 -0.7723944
 outer loop
  vertex 0.8426472 1.0219934 -1.5878611
  vertex 1.0665573 0.82270896 -1.4789186
  vertex 0.9315061 0.80450714 -1.5874437
 endloop
endfacet
facet normal 0.7087161 0.56888556 -0.41724172
 outer loop
  vertex 0.8769256 1.3000009 -1.3594117
  vertex 0.9117153 1.3495066 -1.2328205
  vertex 1.0887784 1.1304955 -1.230675
 endloop
endfacet
facet normal 0.7084581 0.5793535 -0.40303415
 outer loop
  vertex 0.8769256 1.3000009 -1.3594117
  vertex 1.0887784 1.1304955 -1.230675
  vertex 1.0443206 1.0961409 -1.3582076
 endloop
endfacet
facet normal 0.7693239 0.6050407 -0.2051011
 outer loop
  vertex 0.9117153 1.3495066 -1.2328205
  vertex 0.9196137 1.386827 -1.0931003
  vertex 1.1017765 1.1562364 -1.0900507
 endloop
endfacet
facet normal 0.7652975 0.61691797 -0.18366256
 outer loop
  vertex 0.9117153 1.3495066 -1.2328205
  vertex 1.1017765 1.1562364 -1.0900507
  vertex 1.0887784 1.1304955 -1.230675
 endloop
endfacet
facet normal 0.8907774 0.4252738 -0.16018094
 outer loop
  vertex 1.0887784 1.1304955 -1.230675
  vertex 1.1017765 1.1562364 -1.0900507
  vertex 1.2333714 0.8817484 -1.0869968
 endloop
endfacet
facet normal 0.8908336 0.42487076 -0.1609354
 outer loop
  vertex 1.0887784 1.1304955 -1.230675
  vertex 1.2333714 0.8817484 -1.0869968
  vertex 1.2155753 0.8654223 -1.228605
 endloop
endfacet
facet normal 0.82980305 0.39384633 -0.3953631
 outer loop
  vertex 1.0443206 1.0961409 -1.3582076
  vertex 1.0887784 1.1304955 -1.230675
  vertex 1.2155753 0.8654223 -1.228605
 endloop
endfacet
facet normal 0.8290421 0.39058194 -0.4001688
 outer loop
  vertex 1.0443206 1.0961409 -1.3582076
  vertex 1.2155753 0.8654223 -1.228605
  vertex 1.1633697 0.8446435 -1.3570422
 endloop
endfacet
facet normal 0.8899261 0.22309437 -0.39781973
 outer loop
  vertex 1.1633697 0.8446435 -1.3570422
  vertex 1.2155753 0.8654223 -1.228605
  vertex 1.2914475 0.56551117 -1.2270663
 endloop
endfacet
facet normal 0.88604313 0.21539576 -0.41052675
 outer loop
  vertex 1.1633697 0.8446435 -1.3570422
  vertex 1.2914475 0.56551117 -1.2270663
  vertex 1.2342317 0.55522424 -1.355953
 endloop
endfacet
facet normal 0.95797443 0.2453192 -0.14867249
 outer loop
  vertex 1.2155753 0.8654223 -1.228605
  vertex 1.2333714 0.8817484 -1.0869968
  vertex 1.3124057 0.57428664 -1.0850691
 endloop
endfacet
facet normal 0.9577365 0.24148847 -0.15628189
 outer loop
  vertex 1.2155753 0.8654223 -1.228605
  vertex 1.3124057 0.57428664 -1.0850691
  vertex 1.2914475 0.56551117 -1.2270663
 endloop
endfacet
facet normal 0.9853765 0.08010432 -0.15038785
 outer loop
  vertex 1.2914475 0.56551117 -1.2270663
  vertex 1.3124057 0.57428664 -1.0850691
  vertex 1.3386976 0.25032088 -1.0853596
 endloop
endfacet
facet normal 0.9848582 0.078041784 -0.15480265
 outer loop
  vertex 1.2914475 0.56551117 -1.2270663
  vertex 1.3386976 0.25032088 -1.0853596
  vertex 1.3166324 0.24783811 -1.2269903
 endloop
endfacet
facet normal 0.909472 0.07200433 -0.40948272
 outer loop
  vertex 1.2342317 0.55522424 -1.355953
  vertex 1.2914475 0.56551117 -1.2270663
  vertex 1.3166324 0.24783811 -1.2269903
 endloop
endfacet
facet normal 0.9065615 0.06827364 -0.41651532
 outer loop
  vertex 1.2342317 0.55522424 -1.355953
  vertex 1.3166324 0.24783811 -1.2269903
  vertex 1.2576492 0.24596596 -1.3556764
 endloop
endfacet
facet normal 0.6092966 0.13646708 -0.78111094
 outer loop
  vertex 0.9315061 0.80450714 -1.5874437
  vertex 1.0665573 0.82270896 -1.4789186
  vertex 1.1294484 0.545568 -1.4782801
 endloop
endfacet
facet normal 0.59109706 0.115300946 -0.79831696
 outer loop
  vertex 0.9315061 0.80450714 -1.5874437
  vertex 1.1294484 0.545568 -1.4782801
  vertex 0.9837872 0.5380385 -1.5872194
 endloop
endfacet
facet normal 0.75369257 0.18215925 -0.63147885
 outer loop
  vertex 1.0665573 0.82270896 -1.4789186
  vertex 1.1633697 0.8446435 -1.3570422
  vertex 1.2342317 0.55522424 -1.355953
 endloop
endfacet
facet normal 0.742259 0.16694441 -0.6489846
 outer loop
  vertex 1.0665573 0.82270896 -1.4789186
  vertex 1.2342317 0.55522424 -1.355953
  vertex 1.1294484 0.545568 -1.4782801
 endloop
endfacet
facet normal 0.75603205 0.056664668 -0.65207714
 outer loop
  vertex 1.1294484 0.545568 -1.4782801
  vertex 1.2342317 0.55522424 -1.355953
  vertex 1.2576492 0.24596596 -1.3556764
 endloop
endfacet
facet normal 0.7498965 0.050965242 -0.659589
 outer loop
  vertex 1.1294484 0.545568 -1.4782801
  vertex 1.2576492 0.24596596 -1.3556764
  vertex 1.1500757 0.2449922 -1.4780536
 endloop
endfacet
facet normal 0.59709305 0.040372297 -0.8011554
 outer loop
  vertex 0.9837872 0.5380385 -1.5872194
  vertex 1.1294484 0.545568 -1.4782801
  vertex 1.1500757 0.2449922 -1.4780536
 endloop
endfacet
facet normal 0.58977866 0.034102447 -0.80684453
 outer loop
  vertex 0.9837872 0.5380385 -1.5872194
  vertex 1.1500757 0.2449922 -1.4780536
  vertex 1.0008187 0.24458072 -1.5871732
 endloop
endfacet
facet normal 0.8015559 0.5709393 0.17758517
 outer loop
  vertex 0.88414145 1.4270059 -0.76643634
  vertex 0.84431195 1.430433 -0.5976786
  vertex 1.0210009 1.1811473 -0.5937314
 endloop
endfacet
facet normal 0.7811414 0.5860616 0.2152903
 outer loop
  vertex 0.88414145 1.4270059 -0.76643634
  vertex 1.0210009 1.1811473 -0.5937314
  vertex 1.069236 1.1789198 -0.7626801
 endloop
endfacet
facet normal 0.78641796 0.51695406 0.33809057
 outer loop
  vertex 0.84431195 1.430433 -0.5976786
  vertex 0.7872665 1.413577 -0.439214
  vertex 0.9425783 1.1745263 -0.43496013
 endloop
endfacet
facet normal 0.74772704 0.5361765 0.39168724
 outer loop
  vertex 0.84431195 1.430433 -0.5976786
  vertex 0.9425783 1.1745263 -0.43496013
  vertex 1.0210009 1.1811473 -0.5937314
 endloop
endfacet
facet normal 0.83451194 0.34855697 0.42672923
 outer loop
  vertex 1.0210009 1.1811473 -0.5937314
  vertex 0.9425783 1.1745263 -0.43496013
  vertex 1.0541061 0.8978423 -0.4270655
 endloop
endfacet
facet normal 0.800845 0.37041596 0.47057328
 outer loop
  vertex 1.0210009 1.1811473 -0.5937314
  vertex 1.0541061 0.8978423 -0.4270655
  vertex 1.1489154 0.89802706 -0.58856213
 endloop
endfacet
facet normal 0.88152087 0.40277183 0.24636543
 outer loop
  vertex 1.069236 1.1789198 -0.7626801
  vertex 1.0210009 1.1811473 -0.5937314
  vertex 1.1489154 0.89802706 -0.58856213
 endloop
endfacet
facet normal 0.86581874 0.41700825 0.27651766
 outer loop
  vertex 1.069236 1.1789198 -0.7626801
  vertex 1.1489154 0.89802706 -0.58856213
  vertex 1.2043645 0.895484 -0.7583466
 endloop
endfacet
facet normal 0.7398557 0.42439425 0.52201825
 outer loop
  vertex 0.7872665 1.413577 -0.439214
  vertex 0.7157172 1.3711233 -0.303293
  vertex 0.8312166 1.1613877 -0.29647768
 endloop
endfacet
facet normal 0.67503643 0.44899064 0.5854342
 outer loop
  vertex 0.7872665 1.413577 -0.439214
  vertex 0.8312166 1.1613877 -0.29647768
  vertex 0.9425783 1.1745263 -0.43496013
 endloop
endfacet
facet normal 0.7070696 0.33700305 0.62167645
 outer loop
  vertex 0.7157172 1.3711233 -0.303293
  vertex 0.65962344 1.3270603 -0.21560824
  vertex 0.705838 1.1776662 -0.18718612
 endloop
endfacet
facet normal 0.6367917 0.37260976 0.6750246
 outer loop
  vertex 0.7157172 1.3711233 -0.303293
  vertex 0.705838 1.1776662 -0.18718612
  vertex 0.8312166 1.1613877 -0.29647768
 endloop
endfacet
facet normal 0.6570228 0.22058347 0.72087723
 outer loop
  vertex 0.8312166 1.1613877 -0.29647768
  vertex 0.705838 1.1776662 -0.18718612
  vertex 0.75710154 0.93426883 -0.15943086
 endloop
endfacet
facet normal 0.6245882 0.24385647 0.7419054
 outer loop
  vertex 0.8312166 1.1613877 -0.29647768
  vertex 0.75710154 0.93426883 -0.15943086
  vertex 0.9159545 0.8997309 -0.2818122
 endloop
endfacet
facet normal 0.7367962 0.2732744 0.6184275
 outer loop
  vertex 0.9425783 1.1745263 -0.43496013
  vertex 0.8312166 1.1613877 -0.29647768
  vertex 0.9159545 0.8997309 -0.2818122
 endloop
endfacet
facet normal 0.6935489 0.2982716 0.65576214
 outer loop
  vertex 0.9425783 1.1745263 -0.43496013
  vertex 0.9159545 0.8997309 -0.2818122
  vertex 1.0541061 0.8978423 -0.4270655
 endloop
endfacet
facet normal 0.71807206 0.14307179 0.6811042
 outer loop
  vertex 1.0541061 0.8978423 -0.4270655
  vertex 0.9159545 0.8997309 -0.2818122
  vertex 0.9682336 0.5940575 -0.2727195
 endloop
endfacet
facet normal 0.69383633 0.16054392 0.70200914
 outer loop
  vertex 1.0541061 0.8978423 -0.4270655
  vertex 0.9682336 0.5940575 -0.2727195
  vertex 1.1212914 0.58811015 -0.42263532
 endloop
endfacet
facet normal 0.6218334 0.11526026 0.7746214
 outer loop
  vertex 0.9159545 0.8997309 -0.2818122
  vertex 0.75710154 0.93426883 -0.15943086
  vertex 0.78867453 0.6213374 -0.13821352
 endloop
endfacet
facet normal 0.6069696 0.1271453 0.7844883
 outer loop
  vertex 0.9159545 0.8997309 -0.2818122
  vertex 0.78867453 0.6213374 -0.13821352
  vertex 0.9682336 0.5940575 -0.2727195
 endloop
endfacet
facet normal 0.6021722 0.02990458 0.79780596
 outer loop
  vertex 0.9682336 0.5940575 -0.2727195
  vertex 0.78867453 0.6213374 -0.13821352
  vertex 0.79624873 0.27947685 -0.13111627
 endloop
endfacet
facet normal 0.60086966 0.031038996 0.79874414
 outer loop
  vertex 0.9682336 0.5940575 -0.2727195
  vertex 0.79624873 0.27947685 -0.13111627
  vertex 0.98573107 0.26781735 -0.27320468
 endloop
endfacet
facet normal 0.6999934 0.036482576 0.7132169
 outer loop
  vertex 1.1212914 0.58811015 -0.42263532
  vertex 0.9682336 0.5940575 -0.2727195
  vertex 0.98573107 0.26781735 -0.27320468
 endloop
endfacet
facet normal 0.6912145 0.04397415 0.72131044
 outer loop
  vertex 1.1212914 0.58811015 -0.42263532
  vertex 0.98573107 0.26781735 -0.27320468
  vertex 1.1438156 0.26226798 -0.42435503
 endloop
endfacet
facet normal 0.92608577 0.23014075 0.29899892
 outer loop
  vertex 1.2043645 0.895484 -0.7583466
  vertex 1.1489154 0.89802706 -0.58856213
  vertex 1.2256554 0.58556014 -0.585741
 endloop
endfacet
facet normal 0.91661805 0.24072029 0.31916305
 outer loop
  vertex 1.2043645 0.895484 -0.7583466
  vertex 1.2256554 0.58556014 -0.585741
  vertex 1.285627 0.5828444 -0.7559276
 endloop
endfacet
facet normal 0.84645003 0.19071773 0.49714082
 outer loop
  vertex 1.1489154 0.89802706 -0.58856213
  vertex 1.0541061 0.8978423 -0.4270655
  vertex 1.1212914 0.58811015 -0.42263532
 endloop
endfacet
facet normal 0.82546824 0.20746957 0.5249367
 outer loop
  vertex 1.1489154 0.89802706 -0.58856213
  vertex 1.1212914 0.58811015 -0.42263532
  vertex 1.2256554 0.58556014 -0.585741
 endloop
endfacet
facet normal 0.84142894 0.05532786 0.5375278
 outer loop
  vertex 1.2256554 0.58556014 -0.585741
  vertex 1.1212914 0.58811015 -0.42263532
  vertex 1.1438156 0.26226798 -0.42435503
 endloop
endfacet
facet normal 0.83400106 0.06253926 0.5482072
 outer loop
  vertex 1.2256554 0.58556014 -0.585741
  vertex 1.1438156 0.26226798 -0.42435503
  vertex 1.2511832 0.25871265 -0.5872903
 endloop
endfacet
facet normal 0.9410702 0.07193375 0.33047307
 outer loop
  vertex 1.285627 0.5828444 -0.7559276
  vertex 1.2256554 0.58556014 -0.585741
  vertex 1.2511832 0.25871265 -0.5872903
 endloop
endfacet
facet normal 0.93795 0.076320514 0.3382674
 outer loop
  vertex 1.285627 0.5828444 -0.7559276
  vertex 1.2511832 0.25871265 -0.5872903
  vertex 1.3126518 0.25580782 -0.7570754
 endloop
endfacet
facet normal 0.93769133 -0.080462694 0.33802453
 outer loop
  vertex 1.299215 0.0934549 -0.7598697
  vertex 1.2385236 0.09670067 -0.5907372
  vertex 1.225864 -0.06531131 -0.5941842
 endloop
endfacet
facet normal 0.9383494 -0.08343427 0.3354684
 outer loop
  vertex 1.299215 0.0934549 -0.7598697
  vertex 1.225864 -0.06531131 -0.5941842
  vertex 1.2857782 -0.06889802 -0.76266396
 endloop
endfacet
facet normal 0.83401865 -0.07255941 0.5469442
 outer loop
  vertex 1.2385236 0.09670067 -0.5907372
  vertex 1.1326594 0.10104704 -0.42873156
  vertex 1.1215034 -0.06017393 -0.4331081
 endloop
endfacet
facet normal 0.83564556 -0.07686834 0.5438637
 outer loop
  vertex 1.2385236 0.09670067 -0.5907372
  vertex 1.1215034 -0.06017393 -0.4331081
  vertex 1.225864 -0.06531131 -0.5941842
 endloop
endfacet
facet normal 0.8254806 -0.20752494 0.5248954
 outer loop
  vertex 1.1875898 -0.21807271 -0.5994666
  vertex 1.0880079 -0.21097153 -0.44005096
  vertex 1.0545124 -0.36176914 -0.44699395
 endloop
endfacet
facet normal 0.8292899 -0.22545925 0.51131815
 outer loop
  vertex 1.1875898 -0.21807271 -0.5994666
  vertex 1.0545124 -0.36176914 -0.44699395
  vertex 1.1493155 -0.3708341 -0.604749
 endloop
endfacet
facet normal 0.9159882 -0.24060227 0.32105476
 outer loop
  vertex 1.2452163 -0.22220975 -0.76697874
  vertex 1.1875898 -0.21807271 -0.5994666
  vertex 1.1493155 -0.3708341 -0.604749
 endloop
endfacet
facet normal 0.9164106 -0.25122488 0.3115727
 outer loop
  vertex 1.2452163 -0.22220975 -0.76697874
  vertex 1.1493155 -0.3708341 -0.604749
  vertex 1.2046543 -0.37552148 -0.77129346
 endloop
endfacet
facet normal 0.6896175 -0.06505185 0.72124606
 outer loop
  vertex 1.1326594 0.10104704 -0.42873156
  vertex 0.9765202 0.107233524 -0.27888143
  vertex 0.96730924 -0.05335027 -0.28455806
 endloop
endfacet
facet normal 0.6906816 -0.06733914 0.72001684
 outer loop
  vertex 1.1326594 0.10104704 -0.42873156
  vertex 0.96730924 -0.05335027 -0.28455806
  vertex 1.1215034 -0.06017393 -0.4331081
 endloop
endfacet
facet normal 0.59681624 -0.061678186 0.80000377
 outer loop
  vertex 0.9765202 0.107233524 -0.27888143
  vertex 0.78824115 0.11500752 -0.13782275
  vertex 0.78023356 -0.049461782 -0.1445291
 endloop
endfacet
facet normal 0.59723324 -0.062523566 0.799627
 outer loop
  vertex 0.9765202 0.107233524 -0.27888143
  vertex 0.78023356 -0.049461782 -0.1445291
  vertex 0.96730924 -0.05335027 -0.28455806
 endloop
endfacet
facet normal 0.59204906 -0.15513091 0.79083014
 outer loop
  vertex 0.94084036 -0.20102376 -0.2944969
  vertex 0.7613317 -0.19660378 -0.15924203
  vertex 0.7424298 -0.34374577 -0.17395496
 endloop
endfacet
facet normal 0.5938509 -0.15951633 0.78860366
 outer loop
  vertex 0.94084036 -0.20102376 -0.2944969
  vertex 0.7424298 -0.34374577 -0.17395496
  vertex 0.91437155 -0.34869725 -0.30443573
 endloop
endfacet
facet normal 0.6870243 -0.17067768 0.70630497
 outer loop
  vertex 1.0880079 -0.21097153 -0.44005096
  vertex 0.94084036 -0.20102376 -0.2944969
  vertex 0.91437155 -0.34869725 -0.30443573
 endloop
endfacet
facet normal 0.6921303 -0.18584888 0.69743514
 outer loop
  vertex 1.0880079 -0.21097153 -0.44005096
  vertex 0.91437155 -0.34869725 -0.30443573
  vertex 1.0545124 -0.36176914 -0.44699395
 endloop
endfacet
facet normal 0.668782 -0.29103264 0.6841276
 outer loop
  vertex 1.0545124 -0.36176914 -0.44699395
  vertex 0.91437155 -0.34869725 -0.30443573
  vertex 0.82842875 -0.60030013 -0.32745433
 endloop
endfacet
facet normal 0.68728685 -0.3261528 0.64904636
 outer loop
  vertex 1.0545124 -0.36176914 -0.44699395
  vertex 0.82842875 -0.60030013 -0.32745433
  vertex 0.94277775 -0.6278005 -0.4623598
 endloop
endfacet
facet normal 0.580225 -0.2529138 0.7741923
 outer loop
  vertex 0.91437155 -0.34869725 -0.30443573
  vertex 0.7424298 -0.34374577 -0.17395496
  vertex 0.68781215 -0.58502036 -0.2118411
 endloop
endfacet
facet normal 0.5933412 -0.2719861 0.757608
 outer loop
  vertex 0.91437155 -0.34869725 -0.30443573
  vertex 0.68781215 -0.58502036 -0.2118411
  vertex 0.82842875 -0.60030013 -0.32745433
 endloop
endfacet
facet normal 0.57187647 -0.35019267 0.7418372
 outer loop
  vertex 0.82842875 -0.60030013 -0.32745433
  vertex 0.68781215 -0.58502036 -0.2118411
  vertex 0.6377104 -0.7386083 -0.24572098
 endloop
endfacet
facet normal 0.5913179 -0.40239012 0.6988743
 outer loop
  vertex 0.82842875 -0.60030013 -0.32745433
  vertex 0.6377104 -0.7386083 -0.24572098
  vertex 0.70594496 -0.79805094 -0.3376795
 endloop
endfacet
facet normal 0.643085 -0.43104574 0.6329622
 outer loop
  vertex 0.94277775 -0.6278005 -0.4623598
  vertex 0.82842875 -0.60030013 -0.32745433
  vertex 0.70594496 -0.79805094 -0.3376795
 endloop
endfacet
facet normal 0.65373826 -0.48249406 0.58294576
 outer loop
  vertex 0.94277775 -0.6278005 -0.4623598
  vertex 0.70594496 -0.79805094 -0.3376795
  vertex 0.7850082 -0.8524048 -0.47133183
 endloop
endfacet
facet normal 0.8602156 -0.41416308 0.29748625
 outer loop
  vertex 1.2046543 -0.37552148 -0.77129346
  vertex 1.1493155 -0.3708341 -0.604749
  vertex 1.0215147 -0.6446076 -0.61634827
 endloop
endfacet
facet normal 0.8612209 -0.4318129 0.26802284
 outer loop
  vertex 1.2046543 -0.37552148 -0.77129346
  vertex 1.0215147 -0.6446076 -0.61634827
  vertex 1.0696411 -0.6507296 -0.78085315
 endloop
endfacet
facet normal 0.7902028 -0.36051446 0.49558932
 outer loop
  vertex 1.1493155 -0.3708341 -0.604749
  vertex 1.0545124 -0.36176914 -0.44699395
  vertex 0.94277775 -0.6278005 -0.4623598
 endloop
endfacet
facet normal 0.80066144 -0.39292067 0.452277
 outer loop
  vertex 1.1493155 -0.3708341 -0.604749
  vertex 0.94277775 -0.6278005 -0.4623598
  vertex 1.0215147 -0.6446076 -0.61634827
 endloop
endfacet
facet normal 0.7301273 -0.5300899 0.431183
 outer loop
  vertex 1.0215147 -0.6446076 -0.61634827
  vertex 0.94277775 -0.6278005 -0.4623598
  vertex 0.7850082 -0.8524048 -0.47133183
 endloop
endfacet
facet normal 0.7310495 -0.5601591 0.38960043
 outer loop
  vertex 1.0215147 -0.6446076 -0.61634827
  vertex 0.7850082 -0.8524048 -0.47133183
  vertex 0.8446264 -0.8815771 -0.6251433
 endloop
endfacet
facet normal 0.77197295 -0.5854376 0.24763012
 outer loop
  vertex 1.0696411 -0.6507296 -0.78085315
  vertex 1.0215147 -0.6446076 -0.61634827
  vertex 0.8446264 -0.8815771 -0.6251433
 endloop
endfacet
facet normal 0.76836944 -0.6015288 0.2185667
 outer loop
  vertex 1.0696411 -0.6507296 -0.78085315
  vertex 0.8446264 -0.8815771 -0.6251433
  vertex 0.884636 -0.8898861 -0.7886642
 endloop
endfacet
facet normal 0.5929298 -0.03976936 -0.8042715
 outer loop
  vertex 0.992258 0.0983628 -1.5871503
  vertex 1.1397308 0.09511727 -1.4782691
  vertex 1.129386 -0.054757714 -1.4784846
 endloop
endfacet
facet normal 0.5963673 -0.03504081 -0.80194646
 outer loop
  vertex 0.992258 0.0983628 -1.5871503
  vertex 1.129386 -0.054757714 -1.4784846
  vertex 0.9836973 -0.04785508 -1.5871276
 endloop
endfacet
facet normal 0.7524867 -0.05483627 -0.6563206
 outer loop
  vertex 1.1397308 0.09511727 -1.4782691
  vertex 1.2459236 0.091726124 -1.3562332
  vertex 1.2341981 -0.06251371 -1.35679
 endloop
endfacet
facet normal 0.75510055 -0.051179603 -0.6536083
 outer loop
  vertex 1.1397308 0.09511727 -1.4782691
  vertex 1.2341981 -0.06251371 -1.35679
  vertex 1.129386 -0.054757714 -1.4784846
 endloop
endfacet
facet normal 0.7444528 -0.18129985 -0.642589
 outer loop
  vertex 1.0977575 -0.19064695 -1.4787077
  vertex 1.1987021 -0.20516884 -1.357664
  vertex 1.1632062 -0.34782398 -1.358538
 endloop
endfacet
facet normal 0.7513581 -0.17383532 -0.63658655
 outer loop
  vertex 1.0977575 -0.19064695 -1.4787077
  vertex 1.1632062 -0.34782398 -1.358538
  vertex 1.066129 -0.32653612 -1.4789307
 endloop
endfacet
facet normal 0.5960724 -0.13743865 -0.7910805
 outer loop
  vertex 0.95724595 -0.17752725 -1.5868613
  vertex 1.0977575 -0.19064695 -1.4787077
  vertex 1.066129 -0.32653612 -1.4789307
 endloop
endfacet
facet normal 0.6066251 -0.12535444 -0.7850429
 outer loop
  vertex 0.95724595 -0.17752725 -1.5868613
  vertex 1.066129 -0.32653612 -1.4789307
  vertex 0.93079466 -0.30719948 -1.586595
 endloop
endfacet
facet normal 0.90815794 -0.06958187 -0.41280442
 outer loop
  vertex 1.2459236 0.091726124 -1.3562332
  vertex 1.3040342 0.08953124 -1.2280216
  vertex 1.2914362 -0.068775654 -1.2290529
 endloop
endfacet
facet normal 0.90924007 -0.0676393 -0.41074014
 outer loop
  vertex 1.2459236 0.091726124 -1.3562332
  vertex 1.2914362 -0.068775654 -1.2290529
  vertex 1.2341981 -0.06251371 -1.35679
 endloop
endfacet
facet normal 0.9854443 -0.07879107 -0.15063654
 outer loop
  vertex 1.3040342 0.08953124 -1.2280216
  vertex 1.3255625 0.08908796 -1.0869548
  vertex 1.3124273 -0.072144985 -1.08855
 endloop
endfacet
facet normal 0.98577726 -0.07747649 -0.14913268
 outer loop
  vertex 1.3040342 0.08953124 -1.2280216
  vertex 1.3124273 -0.072144985 -1.08855
  vertex 1.2914362 -0.068775654 -1.2290529
 endloop
endfacet
facet normal 0.95784754 -0.24781987 -0.14530443
 outer loop
  vertex 1.2534885 -0.21657747 -1.2307415
  vertex 1.2729201 -0.22332948 -1.0911326
  vertex 1.233413 -0.37451404 -1.0937154
 endloop
endfacet
facet normal 0.95923305 -0.24466313 -0.14146298
 outer loop
  vertex 1.2534885 -0.21657747 -1.2307415
  vertex 1.233413 -0.37451404 -1.0937154
  vertex 1.215541 -0.36437923 -1.2324302
 endloop
endfacet
facet normal 0.88748354 -0.22325177 -0.40315205
 outer loop
  vertex 1.1987021 -0.20516884 -1.357664
  vertex 1.2534885 -0.21657747 -1.2307415
  vertex 1.215541 -0.36437923 -1.2324302
 endloop
endfacet
facet normal 0.890645 -0.21917203 -0.39839056
 outer loop
  vertex 1.1987021 -0.20516884 -1.357664
  vertex 1.215541 -0.36437923 -1.2324302
  vertex 1.1632062 -0.34782398 -1.358538
 endloop
endfacet
facet normal 0.82605845 -0.40148532 -0.39552096
 outer loop
  vertex 1.1632062 -0.34782398 -1.358538
  vertex 1.215541 -0.36437923 -1.2324302
  vertex 1.0887061 -0.6217659 -1.236061
 endloop
endfacet
facet normal 0.8247568 -0.4020754 -0.3976326
 outer loop
  vertex 1.1632062 -0.34782398 -1.358538
  vertex 1.0887061 -0.6217659 -1.236061
  vertex 1.0438999 -0.59101516 -1.360091
 endloop
endfacet
facet normal 0.8881703 -0.43561682 -0.14625876
 outer loop
  vertex 1.215541 -0.36437923 -1.2324302
  vertex 1.233413 -0.37451404 -1.0937154
  vertex 1.1018344 -0.64083105 -1.0995407
 endloop
endfacet
facet normal 0.8881753 -0.4356116 -0.14624357
 outer loop
  vertex 1.215541 -0.36437923 -1.2324302
  vertex 1.1018344 -0.64083105 -1.0995407
  vertex 1.0887061 -0.6217659 -1.236061
 endloop
endfacet
facet normal 0.76962095 -0.61804616 -0.16032007
 outer loop
  vertex 1.0887061 -0.6217659 -1.236061
  vertex 1.1018344 -0.64083105 -1.0995407
  vertex 0.91968465 -0.866301 -1.1047518
 endloop
endfacet
facet normal 0.7584161 -0.6244613 -0.18668981
 outer loop
  vertex 1.0887061 -0.6217659 -1.236061
  vertex 0.91968465 -0.866301 -1.1047518
  vertex 0.91161865 -0.8358328 -1.239433
 endloop
endfacet
facet normal 0.7092395 -0.5804178 -0.40011805
 outer loop
  vertex 1.0438999 -0.59101516 -1.360091
  vertex 1.0887061 -0.6217659 -1.236061
  vertex 0.91161865 -0.8358328 -1.239433
 endloop
endfacet
facet normal 0.69219816 -0.5834024 -0.424857
 outer loop
  vertex 1.0438999 -0.59101516 -1.360091
  vertex 0.91161865 -0.8358328 -1.239433
  vertex 0.8763481 -0.78867525 -1.3616531
 endloop
endfacet
facet normal 0.57356715 -0.27733117 -0.7707841
 outer loop
  vertex 0.93079466 -0.30719948 -1.586595
  vertex 1.066129 -0.32653612 -1.4789307
  vertex 0.95892817 -0.54844207 -1.4788599
 endloop
endfacet
facet normal 0.5927987 -0.26975033 -0.75883096
 outer loop
  vertex 0.93079466 -0.30719948 -1.586595
  vertex 0.95892817 -0.54844207 -1.4788599
  vertex 0.84059674 -0.5088988 -1.5853573
 endloop
endfacet
facet normal 0.7017035 -0.34024906 -0.62597346
 outer loop
  vertex 1.066129 -0.32653612 -1.4789307
  vertex 1.1632062 -0.34782398 -1.358538
  vertex 1.0438999 -0.59101516 -1.360091
 endloop
endfacet
facet normal 0.70299804 -0.3398115 -0.62475747
 outer loop
  vertex 1.066129 -0.32653612 -1.4789307
  vertex 1.0438999 -0.59101516 -1.360091
  vertex 0.95892817 -0.54844207 -1.4788599
 endloop
endfacet
facet normal 0.6043326 -0.5074241 -0.6142499
 outer loop
  vertex 0.95892817 -0.54844207 -1.4788599
  vertex 1.0438999 -0.59101516 -1.360091
  vertex 0.8763481 -0.78867525 -1.3616531
 endloop
endfacet
facet normal 0.58790994 -0.5088821 -0.62880903
 outer loop
  vertex 0.95892817 -0.54844207 -1.4788599
  vertex 0.8763481 -0.78867525 -1.3616531
  vertex 0.8080973 -0.72243816 -1.479069
 endloop
endfacet
facet normal 0.5129818 -0.44380224 -0.73477155
 outer loop
  vertex 0.84059674 -0.5088988 -1.5853573
  vertex 0.95892817 -0.54844207 -1.4788599
  vertex 0.8080973 -0.72243816 -1.479069
 endloop
endfacet
facet normal 0.44292393 -0.45262486 -0.77391803
 outer loop
  vertex 0.84059674 -0.5088988 -1.5853573
  vertex 0.8080973 -0.72243816 -1.479069
  vertex 0.73097485 -0.62617475 -1.5795068
 endloop
endfacet
facet normal 0.06580822 -0.59165925 0.8034978
 outer loop
  vertex -3.4647742e-16 1.1473606 0.14615381
  vertex 0.20006886 1.1473093 0.12972999
  vertex 0.15026803 1.3372242 0.2736535
 endloop
endfacet
facet normal 0.10744375 -0.6114748 0.7839351
 outer loop
  vertex -3.4647742e-16 1.1473606 0.14615381
  vertex 0.15026803 1.3372242 0.2736535
  vertex -3.4647742e-16 1.3374062 0.29439068
 endloop
endfacet
facet normal 0.3556169 -0.43715337 0.8260954
 outer loop
  vertex 0.20006886 1.1473093 0.12972999
  vertex 0.40717256 1.1738007 0.054594874
  vertex 0.27124915 1.3658295 0.2147249
 endloop
endfacet
facet normal 0.47484514 -0.44906703 0.7568757
 outer loop
  vertex 0.20006886 1.1473093 0.12972999
  vertex 0.27124915 1.3658295 0.2147249
  vertex 0.15026803 1.3372242 0.2736535
 endloop
endfacet
facet normal 0.4664891 -0.5563714 0.6876328
 outer loop
  vertex 0.15026803 1.3372242 0.2736535
  vertex 0.27124915 1.3658295 0.2147249
  vertex 0.194363 1.4331328 0.3213402
 endloop
endfacet
facet normal 0.53528064 -0.5603576 0.6320396
 outer loop
  vertex 0.15026803 1.3372242 0.2736535
  vertex 0.194363 1.4331328 0.3213402
  vertex 0.10787426 1.4311538 0.39283383
 endloop
endfacet
facet normal 0.08677323 -0.76719606 0.6355161
 outer loop
  vertex -3.4647742e-16 1.3374062 0.29439068
  vertex 0.15026803 1.3372242 0.2736535
  vertex 0.10787426 1.4311538 0.39283383
 endloop
endfacet
facet normal 0.12750885 -0.784287 0.60715353
 outer loop
  vertex -3.4647742e-16 1.3374062 0.29439068
  vertex 0.10787426 1.4311538 0.39283383
  vertex -3.4647742e-16 1.4349678 0.42041528
 endloop
endfacet
facet normal 0.14155452 0.98481995 -0.10045908
 outer loop
  vertex -3.4647742e-16 1.9028518 -0.76599133
  vertex -3.4647742e-16 1.9204872 -0.5931086
  vertex 0.19233315 1.8928487 -0.5930415
 endloop
endfacet
facet normal 0.13249981 0.98706484 -0.090259746
 outer loop
  vertex -3.4647742e-16 1.9028518 -0.76599133
  vertex 0.19233315 1.8928487 -0.5930415
  vertex 0.20555736 1.8752248 -0.76636046
 endloop
endfacet
facet normal 0.15302466 0.9877968 0.028998762
 outer loop
  vertex -3.4647742e-16 1.9204872 -0.5931086
  vertex -3.4647742e-16 1.9154763 -0.42242217
  vertex 0.17606094 1.8881156 -0.41948676
 endloop
endfacet
facet normal 0.14211042 0.9890302 0.040296305
 outer loop
  vertex -3.4647742e-16 1.9204872 -0.5931086
  vertex 0.17606094 1.8881156 -0.41948676
  vertex 0.19233315 1.8928487 -0.5930415
 endloop
endfacet
facet normal 0.46813747 0.88104165 0.06791906
 outer loop
  vertex 0.19233315 1.8928487 -0.5930415
  vertex 0.17606094 1.8881156 -0.41948676
  vertex 0.36959654 1.782826 -0.3876351
 endloop
endfacet
facet normal 0.39823866 0.90626305 0.14175043
 outer loop
  vertex 0.19233315 1.8928487 -0.5930415
  vertex 0.36959654 1.782826 -0.3876351
  vertex 0.39926955 1.8018336 -0.5925227
 endloop
endfacet
facet normal 0.40195233 0.9135439 -0.06222459
 outer loop
  vertex 0.20555736 1.8752248 -0.76636046
  vertex 0.19233315 1.8928487 -0.5930415
  vertex 0.39926955 1.8018336 -0.5925227
 endloop
endfacet
facet normal 0.37473214 0.92675966 -0.026312899
 outer loop
  vertex 0.20555736 1.8752248 -0.76636046
  vertex 0.39926955 1.8018336 -0.5925227
  vertex 0.4236648 1.7870119 -0.767134
 endloop
endfacet
facet normal 0.757252 0.49510098 0.42596295
 outer loop
  vertex 0.44288027 1.5103407 -0.09051943
  vertex 0.4267454 1.6454566 -0.21888232
  vertex 0.32869485 1.698673 -0.10642779
 endloop
endfacet
facet normal 0.7672549 0.49919602 0.40264532
 outer loop
  vertex 0.44288027 1.5103407 -0.09051943
  vertex 0.32869485 1.698673 -0.10642779
  vertex 0.33791494 1.5780835 0.025508761
 endloop
endfacet
facet normal 0.68541306 0.6608242 0.30581087
 outer loop
  vertex 0.4267454 1.6454566 -0.21888232
  vertex 0.36959654 1.782826 -0.3876351
  vertex 0.27483752 1.8015327 -0.21567535
 endloop
endfacet
facet normal 0.6895263 0.6652264 0.28640422
 outer loop
  vertex 0.4267454 1.6454566 -0.21888232
  vertex 0.27483752 1.8015327 -0.21567535
  vertex 0.32869485 1.698673 -0.10642779
 endloop
endfacet
facet normal 0.6421009 0.6903211 0.33341157
 outer loop
  vertex 0.32869485 1.698673 -0.10642779
  vertex 0.27483752 1.8015327 -0.21567535
  vertex 0.22767267 1.7925255 -0.10619366
 endloop
endfacet
facet normal 0.6384601 0.6863651 0.34824067
 outer loop
  vertex 0.32869485 1.698673 -0.10642779
  vertex 0.22767267 1.7925255 -0.10619366
  vertex 0.24282815 1.7268167 -0.004470587
 endloop
endfacet
facet normal 0.7097569 0.54397416 0.44759047
 outer loop
  vertex 0.33791494 1.5780835 0.025508761
  vertex 0.32869485 1.698673 -0.10642779
  vertex 0.24282815 1.7268167 -0.004470587
 endloop
endfacet
facet normal 0.7141042 0.5450742 0.4392599
 outer loop
  vertex 0.33791494 1.5780835 0.025508761
  vertex 0.24282815 1.7268167 -0.004470587
  vertex 0.23500021 1.6249359 0.13467836
 endloop
endfacet
facet normal 0.6718113 0.6693093 0.31732425
 outer loop
  vertex 0.36959654 1.782826 -0.3876351
  vertex 0.4267454 1.6454566 -0.21888232
  vertex 0.56909883 1.5323908 -0.28177917
 endloop
endfacet
facet normal 0.5897968 0.66407347 0.4595065
 outer loop
  vertex 0.36959654 1.782826 -0.3876351
  vertex 0.56909883 1.5323908 -0.28177917
  vertex 0.5929002 1.6141753 -0.43052328
 endloop
endfacet
facet normal 0.72511035 0.51783836 0.45393664
 outer loop
  vertex 0.4267454 1.6454566 -0.21888232
  vertex 0.44288027 1.5103407 -0.09051943
  vertex 0.55999255 1.4157567 -0.16969371
 endloop
endfacet
facet normal 0.64989024 0.49963942 0.57271564
 outer loop
  vertex 0.4267454 1.6454566 -0.21888232
  vertex 0.55999255 1.4157567 -0.16969371
  vertex 0.56909883 1.5323908 -0.28177917
 endloop
endfacet
facet normal 0.6813791 0.478806 0.553595
 outer loop
  vertex 0.56909883 1.5323908 -0.28177917
  vertex 0.55999255 1.4157567 -0.16969371
  vertex 0.65962344 1.3270603 -0.21560824
 endloop
endfacet
facet normal 0.61403584 0.47407454 0.6310414
 outer loop
  vertex 0.56909883 1.5323908 -0.28177917
  vertex 0.65962344 1.3270603 -0.21560824
  vertex 0.7157172 1.3711233 -0.303293
 endloop
endfacet
facet normal 0.69636875 0.5759975 0.42813256
 outer loop
  vertex 0.5929002 1.6141753 -0.43052328
  vertex 0.56909883 1.5323908 -0.28177917
  vertex 0.7157172 1.3711233 -0.303293
 endloop
endfacet
facet normal 0.6273952 0.5856702 0.51319164
 outer loop
  vertex 0.5929002 1.6141753 -0.43052328
  vertex 0.7157172 1.3711233 -0.303293
  vertex 0.7872665 1.413577 -0.439214
 endloop
endfacet
facet normal 0.57465947 0.81832105 0.010824047
 outer loop
  vertex 0.4236648 1.7870119 -0.767134
  vertex 0.39926955 1.8018336 -0.5925227
  vertex 0.62700063 1.641969 -0.59688413
 endloop
endfacet
facet normal 0.5442762 0.8365632 0.06265328
 outer loop
  vertex 0.4236648 1.7870119 -0.767134
  vertex 0.62700063 1.641969 -0.59688413
  vertex 0.65892375 1.6339872 -0.767629
 endloop
endfacet
facet normal 0.61431336 0.7725377 0.16063775
 outer loop
  vertex 0.39926955 1.8018336 -0.5925227
  vertex 0.36959654 1.782826 -0.3876351
  vertex 0.5929002 1.6141753 -0.43052328
 endloop
endfacet
facet normal 0.55992883 0.79089606 0.24690717
 outer loop
  vertex 0.39926955 1.8018336 -0.5925227
  vertex 0.5929002 1.6141753 -0.43052328
  vertex 0.62700063 1.641969 -0.59688413
 endloop
endfacet
facet normal 0.6999416 0.6671514 0.25493297
 outer loop
  vertex 0.62700063 1.641969 -0.59688413
  vertex 0.5929002 1.6141753 -0.43052328
  vertex 0.7872665 1.413577 -0.439214
 endloop
endfacet
facet normal 0.66346526 0.68041056 0.3112161
 outer loop
  vertex 0.62700063 1.641969 -0.59688413
  vertex 0.7872665 1.413577 -0.439214
  vertex 0.84431195 1.430433 -0.5976786
 endloop
endfacet
facet normal 0.69444627 0.7130438 0.09650381
 outer loop
  vertex 0.65892375 1.6339872 -0.767629
  vertex 0.62700063 1.641969 -0.59688413
  vertex 0.84431195 1.430433 -0.5976786
 endloop
endfacet
facet normal 0.669288 0.7290815 0.14315628
 outer loop
  vertex 0.65892375 1.6339872 -0.767629
  vertex 0.84431195 1.430433 -0.5976786
  vertex 0.88414145 1.4270059 -0.76643634
 endloop
endfacet
facet normal 0.055990484 0.6151797 -0.7863962
 outer loop
  vertex -3.4647742e-16 1.3957086 -1.5873506
  vertex -3.4647742e-16 1.5327016 -1.4801841
  vertex 0.2036372 1.5137978 -1.4804734
 endloop
endfacet
facet normal 0.047560755 0.6239451 -0.7800195
 outer loop
  vertex -3.4647742e-16 1.3957086 -1.5873506
  vertex 0.2036372 1.5137978 -1.4804734
  vertex 0.19086672 1.3810945 -1.5874027
 endloop
endfacet
facet normal 0.07524064 0.73205847 -0.6770741
 outer loop
  vertex -3.4647742e-16 1.5327016 -1.4801841
  vertex -3.4647742e-16 1.6432812 -1.3606244
  vertex 0.21570443 1.6207612 -1.3610029
 endloop
endfacet
facet normal 0.06773547 0.7399074 -0.6692899
 outer loop
  vertex -3.4647742e-16 1.5327016 -1.4801841
  vertex 0.21570443 1.6207612 -1.3610029
  vertex 0.2036372 1.5137978 -1.4804734
 endloop
endfacet
facet normal 0.20833455 0.71812934 -0.6639931
 outer loop
  vertex 0.2036372 1.5137978 -1.4804734
  vertex 0.21570443 1.6207612 -1.3610029
  vertex 0.43772888 1.5560639 -1.3613126
 endloop
endfacet
facet normal 0.19342825 0.7411468 -0.6428739
 outer loop
  vertex 0.2036372 1.5137978 -1.4804734
  vertex 0.43772888 1.5560639 -1.3613126
  vertex 0.41063115 1.4594603 -1.4808367
 endloop
endfacet
facet normal 0.15880924 0.6101603 -0.77619845
 outer loop
  vertex 0.19086672 1.3810945 -1.5874027
  vertex 0.2036372 1.5137978 -1.4804734
  vertex 0.41063115 1.4594603 -1.4808367
 endloop
endfacet
facet normal 0.13919415 0.6387167 -0.75674707
 outer loop
  vertex 0.19086672 1.3810945 -1.5874027
  vertex 0.41063115 1.4594603 -1.4808367
  vertex 0.38224107 1.3391476 -1.5876062
 endloop
endfacet
facet normal 0.091825314 0.820697 -0.56393653
 outer loop
  vertex -3.4647742e-16 1.6432812 -1.3606244
  vertex -3.4647742e-16 1.729187 -1.2356057
  vertex 0.2222937 1.7041721 -1.235814
 endloop
endfacet
facet normal 0.08537441 0.8270807 -0.55556154
 outer loop
  vertex -3.4647742e-16 1.6432812 -1.3606244
  vertex 0.2222937 1.7041721 -1.235814
  vertex 0.21570443 1.6207612 -1.3610029
 endloop
endfacet
facet normal 0.106127486 0.8903057 -0.44282368
 outer loop
  vertex -3.4647742e-16 1.729187 -1.2356057
  vertex -3.4647742e-16 1.7983472 -1.0965577
  vertex 0.22249673 1.7718072 -1.0965933
 endloop
endfacet
facet normal 0.10029419 0.8948809 -0.4348899
 outer loop
  vertex -3.4647742e-16 1.729187 -1.2356057
  vertex 0.22249673 1.7718072 -1.0965933
  vertex 0.2222937 1.7041721 -1.235814
 endloop
endfacet
facet normal 0.2911823 0.86033034 -0.4183832
 outer loop
  vertex 0.2222937 1.7041721 -1.235814
  vertex 0.22249673 1.7718072 -1.0965933
  vertex 0.45340824 1.69379 -1.0963142
 endloop
endfacet
facet normal 0.27557644 0.8780741 -0.39120775
 outer loop
  vertex 0.2222937 1.7041721 -1.235814
  vertex 0.45340824 1.69379 -1.0963142
  vertex 0.45215055 1.6320579 -1.235759
 endloop
endfacet
facet normal 0.25093815 0.7994242 -0.5458489
 outer loop
  vertex 0.21570443 1.6207612 -1.3610029
  vertex 0.2222937 1.7041721 -1.235814
  vertex 0.45215055 1.6320579 -1.235759
 endloop
endfacet
facet normal 0.23781203 0.8186127 -0.5227991
 outer loop
  vertex 0.21570443 1.6207612 -1.3610029
  vertex 0.45215055 1.6320579 -1.235759
  vertex 0.43772888 1.5560639 -1.3613126
 endloop
endfacet
facet normal 0.37983778 0.7714083 -0.5105414
 outer loop
  vertex 0.43772888 1.5560639 -1.3613126
  vertex 0.45215055 1.6320579 -1.235759
  vertex 0.6904972 1.515414 -1.2346759
 endloop
endfacet
facet normal 0.3673676 0.79846376 -0.47696602
 outer loop
  vertex 0.43772888 1.5560639 -1.3613126
  vertex 0.6904972 1.515414 -1.2346759
  vertex 0.66625696 1.4513185 -1.360645
 endloop
endfacet
facet normal 0.43729436 0.8208729 -0.36734352
 outer loop
  vertex 0.45215055 1.6320579 -1.235759
  vertex 0.45340824 1.69379 -1.0963142
  vertex 0.69433415 1.5659354 -1.0952166
 endloop
endfacet
facet normal 0.4176875 0.85052234 -0.3196073
 outer loop
  vertex 0.45215055 1.6320579 -1.235759
  vertex 0.69433415 1.5659354 -1.0952166
  vertex 0.6904972 1.515414 -1.2346759
 endloop
endfacet
facet normal 0.59769815 0.7483772 -0.28755617
 outer loop
  vertex 0.6904972 1.515414 -1.2346759
  vertex 0.69433415 1.5659354 -1.0952166
  vertex 0.9196137 1.386827 -1.0931003
 endloop
endfacet
facet normal 0.5837125 0.7756265 -0.24017331
 outer loop
  vertex 0.6904972 1.515414 -1.2346759
  vertex 0.9196137 1.386827 -1.0931003
  vertex 0.9117153 1.3495066 -1.2328205
 endloop
endfacet
facet normal 0.5343657 0.70733935 -0.46273565
 outer loop
  vertex 0.66625696 1.4513185 -1.360645
  vertex 0.6904972 1.515414 -1.2346759
  vertex 0.9117153 1.3495066 -1.2328205
 endloop
endfacet
facet normal 0.528018 0.73160684 -0.43121737
 outer loop
  vertex 0.66625696 1.4513185 -1.360645
  vertex 0.9117153 1.3495066 -1.2328205
  vertex 0.8769256 1.3000009 -1.3594117
 endloop
endfacet
facet normal 0.25786743 0.60655487 -0.7520609
 outer loop
  vertex 0.38224107 1.3391476 -1.5876062
  vertex 0.41063115 1.4594603 -1.4808367
  vertex 0.61954385 1.370819 -1.4806958
 endloop
endfacet
facet normal 0.2365359 0.6538313 -0.71871793
 outer loop
  vertex 0.38224107 1.3391476 -1.5876062
  vertex 0.61954385 1.370819 -1.4806958
  vertex 0.57152873 1.2702843 -1.5879563
 endloop
endfacet
facet normal 0.32232827 0.6991719 -0.6381717
 outer loop
  vertex 0.41063115 1.4594603 -1.4808367
  vertex 0.43772888 1.5560639 -1.3613126
  vertex 0.66625696 1.4513185 -1.360645
 endloop
endfacet
facet normal 0.30993032 0.72948474 -0.6097502
 outer loop
  vertex 0.41063115 1.4594603 -1.4808367
  vertex 0.66625696 1.4513185 -1.360645
  vertex 0.61954385 1.370819 -1.4806958
 endloop
endfacet
facet normal 0.46428677 0.64141506 -0.6107573
 outer loop
  vertex 0.61954385 1.370819 -1.4806958
  vertex 0.66625696 1.4513185 -1.360645
  vertex 0.8769256 1.3000009 -1.3594117
 endloop
endfacet
facet normal 0.4604395 0.66353166 -0.5896788
 outer loop
  vertex 0.61954385 1.370819 -1.4806958
  vertex 0.8769256 1.3000009 -1.3594117
  vertex 0.8097578 1.2392757 -1.480189
 endloop
endfacet
facet normal 0.39845908 0.57342076 -0.7158344
 outer loop
  vertex 0.57152873 1.2702843 -1.5879563
  vertex 0.61954385 1.370819 -1.4806958
  vertex 0.8097578 1.2392757 -1.480189
 endloop
endfacet
facet normal 0.40688595 0.5229316 -0.74899024
 outer loop
  vertex 0.57152873 1.2702843 -1.5879563
  vertex 0.8097578 1.2392757 -1.480189
  vertex 0.73381734 1.1511772 -1.5829521
 endloop
endfacet
facet normal 0.4923559 0.6548671 0.5733539
 outer loop
  vertex 0.23500021 1.6249359 0.13467836
  vertex 0.12123189 1.6593742 0.19304013
  vertex 0.105239846 1.5394746 0.34371865
 endloop
endfacet
facet normal 0.5781187 0.56415 0.5895029
 outer loop
  vertex 0.23500021 1.6249359 0.13467836
  vertex 0.105239846 1.5394746 0.34371865
  vertex 0.21215767 1.5111196 0.2660011
 endloop
endfacet
facet normal 0.1655172 0.77798283 0.6060914
 outer loop
  vertex 0.12123189 1.6593742 0.19304013
  vertex -3.4647742e-16 1.6735151 0.20799601
  vertex -3.4647742e-16 1.5497794 0.3668239
 endloop
endfacet
facet normal 0.21044946 0.7539665 0.6222906
 outer loop
  vertex 0.12123189 1.6593742 0.19304013
  vertex -3.4647742e-16 1.5497794 0.3668239
  vertex 0.105239846 1.5394746 0.34371865
 endloop
endfacet
facet normal 0.23370272 0.41125432 0.88105214
 outer loop
  vertex 0.105239846 1.5394746 0.34371865
  vertex -3.4647742e-16 1.5497794 0.3668239
  vertex -3.4647742e-16 1.4349678 0.42041528
 endloop
endfacet
facet normal 0.23984595 0.4057343 0.8819601
 outer loop
  vertex 0.105239846 1.5394746 0.34371865
  vertex -3.4647742e-16 1.4349678 0.42041528
  vertex 0.10787426 1.4311538 0.39283383
 endloop
endfacet
facet normal 0.6103028 0.3393944 0.7157807
 outer loop
  vertex 0.21215767 1.5111196 0.2660011
  vertex 0.105239846 1.5394746 0.34371865
  vertex 0.10787426 1.4311538 0.39283383
 endloop
endfacet
facet normal 0.58519197 0.37620735 0.7183442
 outer loop
  vertex 0.21215767 1.5111196 0.2660011
  vertex 0.10787426 1.4311538 0.39283383
  vertex 0.194363 1.4331328 0.3213402
 endloop
endfacet
facet normal 0.14135846 0.8907276 0.43199787
 outer loop
  vertex -3.4647742e-16 1.84723 -0.098636985
  vertex -3.4647742e-16 1.7746887 0.050934315
  vertex 0.13210453 1.7583778 0.041338205
 endloop
endfacet
facet normal 0.1314712 0.8883962 0.4398493
 outer loop
  vertex -3.4647742e-16 1.84723 -0.098636985
  vertex 0.13210453 1.7583778 0.041338205
  vertex 0.13854471 1.8281405 -0.10149169
 endloop
endfacet
facet normal 0.1626702 0.8294806 0.5343223
 outer loop
  vertex -3.4647742e-16 1.7746887 0.050934315
  vertex -3.4647742e-16 1.6735151 0.20799601
  vertex 0.12123189 1.6593742 0.19304013
 endloop
endfacet
facet normal 0.14159514 0.8243273 0.54811984
 outer loop
  vertex -3.4647742e-16 1.7746887 0.050934315
  vertex 0.12123189 1.6593742 0.19304013
  vertex 0.13210453 1.7583778 0.041338205
 endloop
endfacet
facet normal 0.4766283 0.720173 0.50415903
 outer loop
  vertex 0.13210453 1.7583778 0.041338205
  vertex 0.12123189 1.6593742 0.19304013
  vertex 0.23500021 1.6249359 0.13467836
 endloop
endfacet
facet normal 0.43117052 0.71626604 0.54868484
 outer loop
  vertex 0.13210453 1.7583778 0.041338205
  vertex 0.23500021 1.6249359 0.13467836
  vertex 0.24282815 1.7268167 -0.004470587
 endloop
endfacet
facet normal 0.4043062 0.8145107 0.4160633
 outer loop
  vertex 0.13854471 1.8281405 -0.10149169
  vertex 0.13210453 1.7583778 0.041338205
  vertex 0.24282815 1.7268167 -0.004470587
 endloop
endfacet
facet normal 0.34858686 0.81012195 0.47136995
 outer loop
  vertex 0.13854471 1.8281405 -0.10149169
  vertex 0.24282815 1.7268167 -0.004470587
  vertex 0.22767267 1.7925255 -0.10619366
 endloop
endfacet
facet normal 0.45120662 0.87789047 0.16037746
 outer loop
  vertex 0.36959654 1.782826 -0.3876351
  vertex 0.17606094 1.8881156 -0.41948676
  vertex 0.15460822 1.868753 -0.25314212
 endloop
endfacet
facet normal 0.4464449 0.8821404 0.15005057
 outer loop
  vertex 0.36959654 1.782826 -0.3876351
  vertex 0.15460822 1.868753 -0.25314212
  vertex 0.27483752 1.8015327 -0.21567535
 endloop
endfacet
facet normal 0.14991844 0.97929347 0.13604662
 outer loop
  vertex 0.17606094 1.8881156 -0.41948676
  vertex -3.4647742e-16 1.9154763 -0.42242217
  vertex -3.4647742e-16 1.8924127 -0.25640488
 endloop
endfacet
facet normal 0.14717934 0.980118 0.1330678
 outer loop
  vertex 0.17606094 1.8881156 -0.41948676
  vertex -3.4647742e-16 1.8924127 -0.25640488
  vertex 0.15460822 1.868753 -0.25314212
 endloop
endfacet
facet normal 0.13991576 0.9518965 0.27261096
 outer loop
  vertex 0.15460822 1.868753 -0.25314212
  vertex -3.4647742e-16 1.8924127 -0.25640488
  vertex -3.4647742e-16 1.84723 -0.098636985
 endloop
endfacet
facet normal 0.1368885 0.9531491 0.26975617
 outer loop
  vertex 0.15460822 1.868753 -0.25314212
  vertex -3.4647742e-16 1.84723 -0.098636985
  vertex 0.13854471 1.8281405 -0.10149169
 endloop
endfacet
facet normal 0.4019517 0.87296104 0.27635828
 outer loop
  vertex 0.27483752 1.8015327 -0.21567535
  vertex 0.15460822 1.868753 -0.25314212
  vertex 0.13854471 1.8281405 -0.10149169
 endloop
endfacet
facet normal 0.37138692 0.89852905 0.23391722
 outer loop
  vertex 0.27483752 1.8015327 -0.21567535
  vertex 0.13854471 1.8281405 -0.10149169
  vertex 0.22767267 1.7925255 -0.10619366
 endloop
endfacet
facet normal 0.7617697 0.036365557 0.64682645
 outer loop
  vertex 0.40717256 1.1738007 0.054594874
  vertex 0.4477958 1.3698696 -0.0042705536
  vertex 0.3240349 1.4574893 0.13655698
 endloop
endfacet
facet normal 0.79440033 0.0581262 0.60460687
 outer loop
  vertex 0.40717256 1.1738007 0.054594874
  vertex 0.3240349 1.4574893 0.13655698
  vertex 0.27124915 1.3658295 0.2147249
 endloop
endfacet
facet normal 0.78748226 0.3422701 0.5125651
 outer loop
  vertex 0.4477958 1.3698696 -0.0042705536
  vertex 0.44288027 1.5103407 -0.09051943
  vertex 0.33791494 1.5780835 0.025508761
 endloop
endfacet
facet normal 0.8006769 0.35334736 0.4837997
 outer loop
  vertex 0.4477958 1.3698696 -0.0042705536
  vertex 0.33791494 1.5780835 0.025508761
  vertex 0.3240349 1.4574893 0.13655698
 endloop
endfacet
facet normal 0.7459961 0.40261236 0.530465
 outer loop
  vertex 0.3240349 1.4574893 0.13655698
  vertex 0.33791494 1.5780835 0.025508761
  vertex 0.23500021 1.6249359 0.13467836
 endloop
endfacet
facet normal 0.766667 0.41316566 0.49144265
 outer loop
  vertex 0.3240349 1.4574893 0.13655698
  vertex 0.23500021 1.6249359 0.13467836
  vertex 0.21215767 1.5111196 0.2660011
 endloop
endfacet
facet normal 0.77190286 0.091934435 0.6290581
 outer loop
  vertex 0.27124915 1.3658295 0.2147249
  vertex 0.3240349 1.4574893 0.13655698
  vertex 0.21215767 1.5111196 0.2660011
 endloop
endfacet
facet normal 0.8465478 0.16578019 0.5058396
 outer loop
  vertex 0.27124915 1.3658295 0.2147249
  vertex 0.21215767 1.5111196 0.2660011
  vertex 0.194363 1.4331328 0.3213402
 endloop
endfacet
facet normal 0.49207088 0.8336349 -0.25083688
 outer loop
  vertex 0.45340824 1.69379 -1.0963142
  vertex 0.4428121 1.7478516 -0.9374316
  vertex 0.6825463 1.6064899 -0.9369445
 endloop
endfacet
facet normal 0.46108305 0.86724025 -0.18787478
 outer loop
  vertex 0.45340824 1.69379 -1.0963142
  vertex 0.6825463 1.6064899 -0.9369445
  vertex 0.69433415 1.5659354 -1.0952166
 endloop
endfacet
facet normal 0.54040736 0.8312398 -0.1303849
 outer loop
  vertex 0.4428121 1.7478516 -0.9374316
  vertex 0.4236648 1.7870119 -0.767134
  vertex 0.65892375 1.6339872 -0.767629
 endloop
endfacet
facet normal 0.5068305 0.85929275 -0.068839446
 outer loop
  vertex 0.4428121 1.7478516 -0.9374316
  vertex 0.65892375 1.6339872 -0.767629
  vertex 0.6825463 1.6064899 -0.9369445
 endloop
endfacet
facet normal 0.676527 0.7359886 -0.025138782
 outer loop
  vertex 0.6825463 1.6064899 -0.9369445
  vertex 0.65892375 1.6339872 -0.767629
  vertex 0.88414145 1.4270059 -0.76643634
 endloop
endfacet
facet normal 0.64984214 0.75943303 0.031089867
 outer loop
  vertex 0.6825463 1.6064899 -0.9369445
  vertex 0.88414145 1.4270059 -0.76643634
  vertex 0.9094482 1.4122568 -0.9351242
 endloop
endfacet
facet normal 0.6441451 0.7511323 -0.14448997
 outer loop
  vertex 0.69433415 1.5659354 -1.0952166
  vertex 0.6825463 1.6064899 -0.9369445
  vertex 0.9094482 1.4122568 -0.9351242
 endloop
endfacet
facet normal 0.6205402 0.7794944 -0.085546575
 outer loop
  vertex 0.69433415 1.5659354 -1.0952166
  vertex 0.9094482 1.4122568 -0.9351242
  vertex 0.9196137 1.386827 -1.0931003
 endloop
endfacet
facet normal 0.11723928 0.9280565 -0.35350552
 outer loop
  vertex -3.4647742e-16 1.7983472 -1.0965577
  vertex -3.4647742e-16 1.8590295 -0.93724877
  vertex 0.21628931 1.8316615 -0.9373662
 endloop
endfacet
facet normal 0.11107778 0.9316763 -0.34589154
 outer loop
  vertex -3.4647742e-16 1.7983472 -1.0965577
  vertex 0.21628931 1.8316615 -0.9373662
  vertex 0.22249673 1.7718072 -1.0965933
 endloop
endfacet
facet normal 0.12868126 0.9607316 -0.24583727
 outer loop
  vertex -3.4647742e-16 1.8590295 -0.93724877
  vertex -3.4647742e-16 1.9028518 -0.76599133
  vertex 0.20555736 1.8752248 -0.76636046
 endloop
endfacet
facet normal 0.12180421 0.9636367 -0.23784035
 outer loop
  vertex -3.4647742e-16 1.8590295 -0.93724877
  vertex 0.20555736 1.8752248 -0.76636046
  vertex 0.21628931 1.8316615 -0.9373662
 endloop
endfacet
facet normal 0.36610067 0.9070123 -0.20808388
 outer loop
  vertex 0.21628931 1.8316615 -0.9373662
  vertex 0.20555736 1.8752248 -0.76636046
  vertex 0.4236648 1.7870119 -0.767134
 endloop
endfacet
facet normal 0.34166062 0.92358226 -0.17396514
 outer loop
  vertex 0.21628931 1.8316615 -0.9373662
  vertex 0.4236648 1.7870119 -0.767134
  vertex 0.4428121 1.7478516 -0.9374316
 endloop
endfacet
facet normal 0.32854107 0.8882372 -0.3210848
 outer loop
  vertex 0.22249673 1.7718072 -1.0965933
  vertex 0.21628931 1.8316615 -0.9373662
  vertex 0.4428121 1.7478516 -0.9374316
 endloop
endfacet
facet normal 0.3068229 0.90708834 -0.28818473
 outer loop
  vertex 0.22249673 1.7718072 -1.0965933
  vertex 0.4428121 1.7478516 -0.9374316
  vertex 0.45340824 1.69379 -1.0963142
 endloop
endfacet
facet normal 0.8956059 -0.444765 0.008605338
 outer loop
  vertex 1.233413 -0.37451404 -1.0937154
  vertex 1.2304503 -0.37745947 -0.93760324
  vertex 1.0952766 -0.64980394 -0.9453824
 endloop
endfacet
facet normal 0.89636916 -0.44313666 0.012338071
 outer loop
  vertex 1.233413 -0.37451404 -1.0937154
  vertex 1.0952766 -0.64980394 -0.9453824
  vertex 1.1018344 -0.64083105 -1.0995407
 endloop
endfacet
facet normal 0.88663256 -0.43992454 0.14264998
 outer loop
  vertex 1.2304503 -0.37745947 -0.93760324
  vertex 1.2046543 -0.37552148 -0.77129346
  vertex 1.0696411 -0.6507296 -0.78085315
 endloop
endfacet
facet normal 0.8859237 -0.44358516 0.13554105
 outer loop
  vertex 1.2304503 -0.37745947 -0.93760324
  vertex 1.0696411 -0.6507296 -0.78085315
  vertex 1.0952766 -0.64980394 -0.9453824
 endloop
endfacet
facet normal 0.78349507 -0.6099661 0.11864546
 outer loop
  vertex 1.0952766 -0.64980394 -0.9453824
  vertex 1.0696411 -0.6507296 -0.78085315
  vertex 0.884636 -0.8898861 -0.7886642
 endloop
endfacet
facet normal 0.77890676 -0.6194413 0.09796321
 outer loop
  vertex 1.0952766 -0.64980394 -0.9453824
  vertex 0.884636 -0.8898861 -0.7886642
  vertex 0.9097116 -0.884191 -0.95202947
 endloop
endfacet
facet normal 0.7840671 -0.62066996 -0.0027726437
 outer loop
  vertex 1.1018344 -0.64083105 -1.0995407
  vertex 1.0952766 -0.64980394 -0.9453824
  vertex 0.9097116 -0.884191 -0.95202947
 endloop
endfacet
facet normal 0.77793026 -0.62793833 -0.022756763
 outer loop
  vertex 1.1018344 -0.64083105 -1.0995407
  vertex 0.9097116 -0.884191 -0.95202947
  vertex 0.91968465 -0.866301 -1.1047518
 endloop
endfacet
facet normal 0.99655414 -0.08289805 0.0027912853
 outer loop
  vertex 1.3255625 0.08908796 -1.0869548
  vertex 1.3252501 0.09066886 -0.9284955
  vertex 1.3117508 -0.071686864 -0.9306851
 endloop
endfacet
facet normal 0.99668425 -0.08124165 0.0045069437
 outer loop
  vertex 1.3255625 0.08908796 -1.0869548
  vertex 1.3117508 -0.071686864 -0.9306851
  vertex 1.3124273 -0.072144985 -1.08855
 endloop
endfacet
facet normal 0.9845759 -0.0841266 0.15340474
 outer loop
  vertex 1.3252501 0.09066886 -0.9284955
  vertex 1.299215 0.0934549 -0.7598697
  vertex 1.2857782 -0.06889802 -0.76266396
 endloop
endfacet
facet normal 0.98456395 -0.08393478 0.15358645
 outer loop
  vertex 1.3252501 0.09066886 -0.9284955
  vertex 1.2857782 -0.06889802 -0.76266396
  vertex 1.3117508 -0.071686864 -0.9306851
 endloop
endfacet
facet normal 0.95452654 -0.25680235 0.15143183
 outer loop
  vertex 1.2711005 -0.2245732 -0.93414414
  vertex 1.2452163 -0.22220975 -0.76697874
  vertex 1.2046543 -0.37552148 -0.77129346
 endloop
endfacet
facet normal 0.9544809 -0.2572001 0.1510445
 outer loop
  vertex 1.2711005 -0.2245732 -0.93414414
  vertex 1.2046543 -0.37552148 -0.77129346
  vertex 1.2304503 -0.37745947 -0.93760324
 endloop
endfacet
facet normal 0.9663305 -0.25714064 0.009163326
 outer loop
  vertex 1.2729201 -0.22332948 -1.0911326
  vertex 1.2711005 -0.2245732 -0.93414414
  vertex 1.2304503 -0.37745947 -0.93760324
 endloop
endfacet
facet normal 0.96736526 -0.25302142 0.013584884
 outer loop
  vertex 1.2729201 -0.22332948 -1.0911326
  vertex 1.2304503 -0.37745947 -0.93760324
  vertex 1.233413 -0.37451404 -1.0937154
 endloop
endfacet
facet normal 0.9674819 0.25290808 0.0040295506
 outer loop
  vertex 1.2333714 0.8817484 -1.0869968
  vertex 1.2302961 0.8909761 -0.9278021
  vertex 1.3116704 0.5796493 -0.9255954
 endloop
endfacet
facet normal 0.9685122 0.24893562 -0.0039055608
 outer loop
  vertex 1.2333714 0.8817484 -1.0869968
  vertex 1.3116704 0.5796493 -0.9255954
  vertex 1.3124057 0.57428664 -1.0850691
 endloop
endfacet
facet normal 0.9580505 0.250103 0.13995618
 outer loop
  vertex 1.2302961 0.8909761 -0.9278021
  vertex 1.2043645 0.895484 -0.7583466
  vertex 1.285627 0.5828444 -0.7559276
 endloop
endfacet
facet normal 0.95741403 0.25125608 0.14222828
 outer loop
  vertex 1.2302961 0.8909761 -0.9278021
  vertex 1.285627 0.5828444 -0.7559276
  vertex 1.3116704 0.5796493 -0.9255954
 endloop
endfacet
facet normal 0.98541075 0.08090414 0.1497336
 outer loop
  vertex 1.3116704 0.5796493 -0.9255954
  vertex 1.285627 0.5828444 -0.7559276
  vertex 1.3126518 0.25580782 -0.7570754
 endloop
endfacet
facet normal 0.9852416 0.08135465 0.15060034
 outer loop
  vertex 1.3116704 0.5796493 -0.9255954
  vertex 1.3126518 0.25580782 -0.7570754
  vertex 1.3387495 0.25302458 -0.926306
 endloop
endfacet
facet normal 0.9965796 0.08261833 0.0018166727
 outer loop
  vertex 1.3124057 0.57428664 -1.0850691
  vertex 1.3116704 0.5796493 -0.9255954
  vertex 1.3387495 0.25302458 -0.926306
 endloop
endfacet
facet normal 0.99672145 0.080891706 -0.001700757
 outer loop
  vertex 1.3124057 0.57428664 -1.0850691
  vertex 1.3387495 0.25302458 -0.926306
  vertex 1.3386976 0.25032088 -1.0853596
 endloop
endfacet
facet normal 0.79148954 0.6093606 -0.04715934
 outer loop
  vertex 0.9196137 1.386827 -1.0931003
  vertex 0.9094482 1.4122568 -0.9351242
  vertex 1.0950608 1.1714412 -0.9315852
 endloop
endfacet
facet normal 0.78458744 0.6194648 -0.026187478
 outer loop
  vertex 0.9196137 1.386827 -1.0931003
  vertex 1.0950608 1.1714412 -0.9315852
  vertex 1.1017765 1.1562364 -1.0900507
 endloop
endfacet
facet normal 0.79917306 0.5972797 0.067670375
 outer loop
  vertex 0.9094482 1.4122568 -0.9351242
  vertex 0.88414145 1.4270059 -0.76643634
  vertex 1.069236 1.1789198 -0.7626801
 endloop
endfacet
facet normal 0.78789985 0.6086611 0.09351652
 outer loop
  vertex 0.9094482 1.4122568 -0.9351242
  vertex 1.069236 1.1789198 -0.7626801
  vertex 1.0950608 1.1714412 -0.9315852
 endloop
endfacet
facet normal 0.8956604 0.42881098 0.1179558
 outer loop
  vertex 1.0950608 1.1714412 -0.9315852
  vertex 1.069236 1.1789198 -0.7626801
  vertex 1.2043645 0.895484 -0.7583466
 endloop
endfacet
facet normal 0.8930106 0.43228203 0.1251568
 outer loop
  vertex 1.0950608 1.1714412 -0.9315852
  vertex 1.2043645 0.895484 -0.7583466
  vertex 1.2302961 0.8909761 -0.9278021
 endloop
endfacet
facet normal 0.90076774 0.43428707 -0.0034960078
 outer loop
  vertex 1.1017765 1.1562364 -1.0900507
  vertex 1.0950608 1.1714412 -0.9315852
  vertex 1.2302961 0.8909761 -0.9278021
 endloop
endfacet
facet normal 0.901734 0.43222386 -0.0076345424
 outer loop
  vertex 1.1017765 1.1562364 -1.0900507
  vertex 1.2302961 0.8909761 -0.9278021
  vertex 1.2333714 0.8817484 -1.0869968
 endloop
endfacet
facet normal 0.26896217 -0.9388143 -0.21514441
 outer loop
  vertex 0.45347875 -1.1715167 -1.11031
  vertex 0.44307402 -1.2094564 -0.9577616
  vertex 0.21644384 -1.2742586 -0.9583089
 endloop
endfacet
facet normal 0.24843451 -0.9369229 -0.24587747
 outer loop
  vertex 0.45347875 -1.1715167 -1.11031
  vertex 0.21644384 -1.2742586 -0.9583089
  vertex 0.22253834 -1.2325711 -1.1110023
 endloop
endfacet
facet normal 0.28863952 -0.9555619 -0.059905406
 outer loop
  vertex 0.44307402 -1.2094564 -0.9577616
  vertex 0.42415687 -1.2254438 -0.7938914
  vertex 0.20584756 -1.291384 -0.7939382
 endloop
endfacet
facet normal 0.274174 -0.9581646 -0.082153946
 outer loop
  vertex 0.44307402 -1.2094564 -0.9577616
  vertex 0.20584756 -1.291384 -0.7939382
  vertex 0.21644384 -1.2742586 -0.9583089
 endloop
endfacet
facet normal 0.07380164 -0.9923832 -0.09863625
 outer loop
  vertex 0.21644384 -1.2742586 -0.9583089
  vertex 0.20584756 -1.291384 -0.7939382
  vertex -3.4647742e-16 -1.3067086 -0.7937762
 endloop
endfacet
facet normal 0.07145805 -0.99224615 -0.10169225
 outer loop
  vertex 0.21644384 -1.2742586 -0.9583089
  vertex -3.4647742e-16 -1.3067086 -0.7937762
  vertex -3.4647742e-16 -1.2898424 -0.9583456
 endloop
endfacet
facet normal 0.06938418 -0.9630688 -0.26016214
 outer loop
  vertex 0.22253834 -1.2325711 -1.1110023
  vertex 0.21644384 -1.2742586 -0.9583089
  vertex -3.4647742e-16 -1.2898424 -0.9583456
 endloop
endfacet
facet normal 0.06532925 -0.9618617 -0.26562044
 outer loop
  vertex 0.22253834 -1.2325711 -1.1110023
  vertex -3.4647742e-16 -1.2898424 -0.9583456
  vertex -3.4647742e-16 -1.2476671 -1.1110703
 endloop
endfacet
facet normal 0.6451812 -0.76257044 -0.04719639
 outer loop
  vertex 0.91968465 -0.866301 -1.1047518
  vertex 0.9097116 -0.884191 -0.95202947
  vertex 0.6828361 -1.0758965 -0.95598793
 endloop
endfacet
facet normal 0.6236165 -0.775365 -0.09955631
 outer loop
  vertex 0.91968465 -0.866301 -1.1047518
  vertex 0.6828361 -1.0758965 -0.95598793
  vertex 0.6944121 -1.0470243 -1.1083394
 endloop
endfacet
facet normal 0.6569078 -0.7502636 0.07467645
 outer loop
  vertex 0.9097116 -0.884191 -0.95202947
  vertex 0.884636 -0.8898861 -0.7886642
  vertex 0.65946823 -1.087435 -0.7926724
 endloop
endfacet
facet normal 0.6445574 -0.7635972 0.03827665
 outer loop
  vertex 0.9097116 -0.884191 -0.95202947
  vertex 0.65946823 -1.087435 -0.7926724
  vertex 0.6828361 -1.0758965 -0.95598793
 endloop
endfacet
facet normal 0.505827 -0.86255914 0.011434686
 outer loop
  vertex 0.6828361 -1.0758965 -0.95598793
  vertex 0.65946823 -1.087435 -0.7926724
  vertex 0.42415687 -1.2254438 -0.7938914
 endloop
endfacet
facet normal 0.4866005 -0.8731428 -0.029011915
 outer loop
  vertex 0.6828361 -1.0758965 -0.95598793
  vertex 0.42415687 -1.2254438 -0.7938914
  vertex 0.44307402 -1.2094564 -0.9577616
 endloop
endfacet
facet normal 0.4833951 -0.8660819 -0.12740245
 outer loop
  vertex 0.6944121 -1.0470243 -1.1083394
  vertex 0.6828361 -1.0758965 -0.95598793
  vertex 0.44307402 -1.2094564 -0.9577616
 endloop
endfacet
facet normal 0.45223176 -0.87227017 -0.18609436
 outer loop
  vertex 0.6944121 -1.0470243 -1.1083394
  vertex 0.44307402 -1.2094564 -0.9577616
  vertex 0.45347875 -1.1715167 -1.11031
 endloop
endfacet
facet normal 0.31891805 0.4342215 0.8424624
 outer loop
  vertex 0.42112753 0.27182165 1.5260631
  vertex 0.2770861 0.28614524 1.573208
  vertex 0.2876143 0.13387194 1.6477071
 endloop
endfacet
facet normal 0.32174775 0.43168405 0.8426906
 outer loop
  vertex 0.42112753 0.27182165 1.5260631
  vertex 0.2876143 0.13387194 1.6477071
  vertex 0.44446927 0.12954548 1.5900346
 endloop
endfacet
facet normal 0.15368022 0.44534057 0.88207376
 outer loop
  vertex 0.2770861 0.28614524 1.573208
  vertex 0.115463704 0.29469386 1.5970508
  vertex 0.11846605 0.13684657 1.6762215
 endloop
endfacet
facet normal 0.15661488 0.44276196 0.88285536
 outer loop
  vertex 0.2770861 0.28614524 1.573208
  vertex 0.11846605 0.13684657 1.6762215
  vertex 0.2876143 0.13387194 1.6477071
 endloop
endfacet
facet normal 0.33939904 0.26195836 0.9034302
 outer loop
  vertex 0.44446927 0.12954548 1.5900346
  vertex 0.2876143 0.13387194 1.6477071
  vertex 0.2967007 -0.038960755 1.694408
 endloop
endfacet
facet normal 0.3401161 0.26128355 0.90335596
 outer loop
  vertex 0.44446927 0.12954548 1.5900346
  vertex 0.2967007 -0.038960755 1.694408
  vertex 0.46250618 -0.03890854 1.6319667
 endloop
endfacet
facet normal 0.16475584 0.26714212 0.94946855
 outer loop
  vertex 0.2876143 0.13387194 1.6477071
  vertex 0.11846605 0.13684657 1.6762215
  vertex 0.12144041 -0.038787186 1.7251216
 endloop
endfacet
facet normal 0.16668138 0.26536202 0.94963163
 outer loop
  vertex 0.2876143 0.13387194 1.6477071
  vertex 0.12144041 -0.038787186 1.7251216
  vertex 0.2967007 -0.038960755 1.694408
 endloop
endfacet
facet normal 0.43900132 0.5816106 0.6848408
 outer loop
  vertex 0.49908346 0.35251483 1.4075614
  vertex 0.4080139 0.38321248 1.439869
  vertex 0.42112753 0.27182165 1.5260631
 endloop
endfacet
facet normal 0.4619607 0.56168014 0.68637294
 outer loop
  vertex 0.49908346 0.35251483 1.4075614
  vertex 0.42112753 0.27182165 1.5260631
  vertex 0.53876436 0.26668283 1.4510933
 endloop
endfacet
facet normal 0.30013868 0.60651916 0.7362414
 outer loop
  vertex 0.4080139 0.38321248 1.439869
  vertex 0.27217507 0.41252002 1.4711019
  vertex 0.2770861 0.28614524 1.573208
 endloop
endfacet
facet normal 0.30130702 0.6054718 0.73662615
 outer loop
  vertex 0.4080139 0.38321248 1.439869
  vertex 0.2770861 0.28614524 1.573208
  vertex 0.42112753 0.27182165 1.5260631
 endloop
endfacet
facet normal 0.14687444 0.62456745 0.7670355
 outer loop
  vertex 0.27217507 0.41252002 1.4711019
  vertex 0.11456689 0.42812857 1.4885718
  vertex 0.115463704 0.29469386 1.5970508
 endloop
endfacet
facet normal 0.1461703 0.62514484 0.7666995
 outer loop
  vertex 0.27217507 0.41252002 1.4711019
  vertex 0.115463704 0.29469386 1.5970508
  vertex 0.2770861 0.28614524 1.573208
 endloop
endfacet
facet normal 0.07813028 0.62706274 0.77504057
 outer loop
  vertex 0.11456689 0.42812857 1.4885718
  vertex -3.4647742e-16 0.4352331 1.494373
  vertex -3.4647742e-16 0.29915604 1.604469
 endloop
endfacet
facet normal 0.07402173 0.6293833 0.7735615
 outer loop
  vertex 0.11456689 0.42812857 1.4885718
  vertex -3.4647742e-16 0.29915604 1.604469
  vertex 0.115463704 0.29469386 1.5970508
 endloop
endfacet
facet normal 0.074537806 0.4457986 0.8920245
 outer loop
  vertex 0.115463704 0.29469386 1.5970508
  vertex -3.4647742e-16 0.29915604 1.604469
  vertex -3.4647742e-16 0.13902512 1.684496
 endloop
endfacet
facet normal 0.07048536 0.44828832 0.8911058
 outer loop
  vertex 0.115463704 0.29469386 1.5970508
  vertex -3.4647742e-16 0.13902512 1.684496
  vertex 0.11846605 0.13684657 1.6762215
 endloop
endfacet
facet normal 0.07203432 0.26617128 0.9612304
 outer loop
  vertex 0.11846605 0.13684657 1.6762215
  vertex -3.4647742e-16 0.13902512 1.684496
  vertex -3.4647742e-16 -0.038051188 1.7335297
 endloop
endfacet
facet normal 0.06815173 0.26866645 0.9608193
 outer loop
  vertex 0.11846605 0.13684657 1.6762215
  vertex -3.4647742e-16 -0.038051188 1.7335297
  vertex 0.12144041 -0.038787186 1.7251216
 endloop
endfacet
facet normal 0.06933316 0.09082593 0.99345034
 outer loop
  vertex 0.12144041 -0.038787186 1.7251216
  vertex -3.4647742e-16 -0.038051188 1.7335297
  vertex -3.4647742e-16 -0.22415513 1.7505442
 endloop
endfacet
facet normal 0.06657466 0.09263608 0.9934719
 outer loop
  vertex 0.12144041 -0.038787186 1.7251216
  vertex -3.4647742e-16 -0.22415513 1.7505442
  vertex 0.12259877 -0.22419792 1.7423326
 endloop
endfacet
facet normal 0.17196944 0.09211693 0.9807859
 outer loop
  vertex 0.2967007 -0.038960755 1.694408
  vertex 0.12144041 -0.038787186 1.7251216
  vertex 0.12259877 -0.22419792 1.7423326
 endloop
endfacet
facet normal 0.17126638 0.09279308 0.98084515
 outer loop
  vertex 0.2967007 -0.038960755 1.694408
  vertex 0.12259877 -0.22419792 1.7423326
  vertex 0.30034667 -0.22363728 1.7112428
 endloop
endfacet
facet normal 0.35091493 0.09187707 0.9318891
 outer loop
  vertex 0.46250618 -0.03890854 1.6319667
  vertex 0.2967007 -0.038960755 1.694408
  vertex 0.30034667 -0.22363728 1.7112428
 endloop
endfacet
facet normal 0.34928742 0.09349888 0.9323392
 outer loop
  vertex 0.46250618 -0.03890854 1.6319667
  vertex 0.30034667 -0.22363728 1.7112428
  vertex 0.4694432 -0.2229796 1.6478273
 endloop
endfacet
facet normal 0.5431043 0.09237869 0.83456814
 outer loop
  vertex 0.6110122 -0.035732925 1.5349733
  vertex 0.46250618 -0.03890854 1.6319667
  vertex 0.4694432 -0.2229796 1.6478273
 endloop
endfacet
facet normal 0.5381063 0.09773832 0.83719105
 outer loop
  vertex 0.6110122 -0.035732925 1.5349733
  vertex 0.4694432 -0.2229796 1.6478273
  vertex 0.622268 -0.22219151 1.5495068
 endloop
endfacet
facet normal 0.5311411 0.2577811 0.80711716
 outer loop
  vertex 0.58126915 0.13149336 1.4993883
  vertex 0.44446927 0.12954548 1.5900346
  vertex 0.46250618 -0.03890854 1.6319667
 endloop
endfacet
facet normal 0.5232354 0.26538715 0.8098113
 outer loop
  vertex 0.58126915 0.13149336 1.4993883
  vertex 0.46250618 -0.03890854 1.6319667
  vertex 0.6110122 -0.035732925 1.5349733
 endloop
endfacet
facet normal 0.5002714 0.42202094 0.7560601
 outer loop
  vertex 0.53876436 0.26668283 1.4510933
  vertex 0.42112753 0.27182165 1.5260631
  vertex 0.44446927 0.12954548 1.5900346
 endloop
endfacet
facet normal 0.4954657 0.42617193 0.7568957
 outer loop
  vertex 0.53876436 0.26668283 1.4510933
  vertex 0.44446927 0.12954548 1.5900346
  vertex 0.58126915 0.13149336 1.4993883
 endloop
endfacet
facet normal 0.33881277 -0.25212705 0.90644246
 outer loop
  vertex 0.46273816 -0.40802234 1.6348964
  vertex 0.29634747 -0.40902227 1.6968123
  vertex 0.28692576 -0.5836176 1.6517702
 endloop
endfacet
facet normal 0.3356556 -0.24876407 0.9085437
 outer loop
  vertex 0.46273816 -0.40802234 1.6348964
  vertex 0.28692576 -0.5836176 1.6517702
  vertex 0.44473886 -0.57875127 1.5947996
 endloop
endfacet
facet normal 0.16534212 -0.25877592 0.9516811
 outer loop
  vertex 0.29634747 -0.40902227 1.6968123
  vertex 0.120749444 -0.41013163 1.7270185
  vertex 0.1171743 -0.5871212 1.6795136
 endloop
endfacet
facet normal 0.16109388 -0.25467998 0.9535129
 outer loop
  vertex 0.29634747 -0.40902227 1.6968123
  vertex 0.1171743 -0.5871212 1.6795136
  vertex 0.28692576 -0.5836176 1.6517702
 endloop
endfacet
facet normal 0.31867555 -0.42689034 0.8462922
 outer loop
  vertex 0.44473886 -0.57875127 1.5947996
  vertex 0.28692576 -0.5836176 1.6517702
  vertex 0.27610606 -0.7380077 1.5779663
 endloop
endfacet
facet normal 0.3147426 -0.4230828 0.8496694
 outer loop
  vertex 0.44473886 -0.57875127 1.5947996
  vertex 0.27610606 -0.7380077 1.5779663
  vertex 0.4212509 -0.7234841 1.5314323
 endloop
endfacet
facet normal 0.15374942 -0.4388277 0.8853199
 outer loop
  vertex 0.28692576 -0.5836176 1.6517702
  vertex 0.1171743 -0.5871212 1.6795136
  vertex 0.11370361 -0.74670976 1.6010128
 endloop
endfacet
facet normal 0.14932007 -0.43495306 0.8879861
 outer loop
  vertex 0.28692576 -0.5836176 1.6517702
  vertex 0.11370361 -0.74670976 1.6010128
  vertex 0.27610606 -0.7380077 1.5779663
 endloop
endfacet
facet normal 0.5396843 -0.0781317 0.8382341
 outer loop
  vertex 0.622268 -0.22219151 1.5495068
  vertex 0.4694432 -0.2229796 1.6478273
  vertex 0.46273816 -0.40802234 1.6348964
 endloop
endfacet
facet normal 0.53998315 -0.078492165 0.8380079
 outer loop
  vertex 0.622268 -0.22219151 1.5495068
  vertex 0.46273816 -0.40802234 1.6348964
  vertex 0.6121851 -0.41003615 1.5384094
 endloop
endfacet
facet normal 0.35028687 -0.08019783 0.9332028
 outer loop
  vertex 0.4694432 -0.2229796 1.6478273
  vertex 0.30034667 -0.22363728 1.7112428
  vertex 0.29634747 -0.40902227 1.6968123
 endloop
endfacet
facet normal 0.3481003 -0.07789683 0.93421525
 outer loop
  vertex 0.4694432 -0.2229796 1.6478273
  vertex 0.29634747 -0.40902227 1.6968123
  vertex 0.46273816 -0.40802234 1.6348964
 endloop
endfacet
facet normal 0.17195822 -0.08256124 0.9816385
 outer loop
  vertex 0.30034667 -0.22363728 1.7112428
  vertex 0.12259877 -0.22419792 1.7423326
  vertex 0.120749444 -0.41013163 1.7270185
 endloop
endfacet
facet normal 0.16947572 -0.08011692 0.9822725
 outer loop
  vertex 0.30034667 -0.22363728 1.7112428
  vertex 0.120749444 -0.41013163 1.7270185
  vertex 0.29634747 -0.40902227 1.6968123
 endloop
endfacet
facet normal 0.06657069 -0.082949996 0.99432766
 outer loop
  vertex 0.12259877 -0.22419792 1.7423326
  vertex -3.4647742e-16 -0.22415513 1.7505442
  vertex -3.4647742e-16 -0.4106472 1.7349864
 endloop
endfacet
facet normal 0.06597046 -0.082558185 0.9944003
 outer loop
  vertex 0.12259877 -0.22419792 1.7423326
  vertex -3.4647742e-16 -0.4106472 1.7349864
  vertex 0.120749444 -0.41013163 1.7270185
 endloop
endfacet
facet normal 0.06469505 -0.25925896 0.96363854
 outer loop
  vertex 0.120749444 -0.41013163 1.7270185
  vertex -3.4647742e-16 -0.4106472 1.7349864
  vertex -3.4647742e-16 -0.5887582 1.6870672
 endloop
endfacet
facet normal 0.06573567 -0.25990754 0.9633934
 outer loop
  vertex 0.120749444 -0.41013163 1.7270185
  vertex -3.4647742e-16 -0.5887582 1.6870672
  vertex 0.1171743 -0.5871212 1.6795136
 endloop
endfacet
facet normal 0.06388085 -0.44047654 0.8954885
 outer loop
  vertex 0.1171743 -0.5871212 1.6795136
  vertex -3.4647742e-16 -0.5887582 1.6870672
  vertex -3.4647742e-16 -0.75027055 1.6076218
 endloop
endfacet
facet normal 0.06583864 -0.44158044 0.8948028
 outer loop
  vertex 0.1171743 -0.5871212 1.6795136
  vertex -3.4647742e-16 -0.75027055 1.6076218
  vertex 0.11370361 -0.74670976 1.6010128
 endloop
endfacet
facet normal 0.06481066 -0.6236146 0.7790407
 outer loop
  vertex 0.11370361 -0.74670976 1.6010128
  vertex -3.4647742e-16 -0.75027055 1.6076218
  vertex -3.4647742e-16 -0.88777465 1.4975511
 endloop
endfacet
facet normal 0.06750206 -0.62487495 0.7778013
 outer loop
  vertex 0.11370361 -0.74670976 1.6010128
  vertex -3.4647742e-16 -0.88777465 1.4975511
  vertex 0.11246082 -0.88188964 1.492519
 endloop
endfacet
facet normal 0.14268827 -0.62031806 0.77126235
 outer loop
  vertex 0.27610606 -0.7380077 1.5779663
  vertex 0.11370361 -0.74670976 1.6010128
  vertex 0.11246082 -0.88188964 1.492519
 endloop
endfacet
facet normal 0.14211658 -0.6199203 0.7716875
 outer loop
  vertex 0.27610606 -0.7380077 1.5779663
  vertex 0.11246082 -0.88188964 1.492519
  vertex 0.27098468 -0.8663915 1.4757749
 endloop
endfacet
facet normal 0.29780608 -0.6017638 0.74107486
 outer loop
  vertex 0.4212509 -0.7234841 1.5314323
  vertex 0.27610606 -0.7380077 1.5779663
  vertex 0.27098468 -0.8663915 1.4757749
 endloop
endfacet
facet normal 0.29551294 -0.6002021 0.7432561
 outer loop
  vertex 0.4212509 -0.7234841 1.5314323
  vertex 0.27098468 -0.8663915 1.4757749
  vertex 0.40801778 -0.8369605 1.445058
 endloop
endfacet
facet normal 0.45318907 -0.5727646 0.68305224
 outer loop
  vertex 0.5402239 -0.7183626 1.456791
  vertex 0.4212509 -0.7234841 1.5314323
  vertex 0.40801778 -0.8369605 1.445058
 endloop
endfacet
facet normal 0.43377084 -0.55385315 0.7106966
 outer loop
  vertex 0.5402239 -0.7183626 1.456791
  vertex 0.40801778 -0.8369605 1.445058
  vertex 0.5001431 -0.8059611 1.4129878
 endloop
endfacet
facet normal 0.49371555 -0.41476747 0.76433825
 outer loop
  vertex 0.5829182 -0.58029157 1.5047084
  vertex 0.44473886 -0.57875127 1.5947996
  vertex 0.4212509 -0.7234841 1.5314323
 endloop
endfacet
facet normal 0.4957281 -0.41756833 0.7615053
 outer loop
  vertex 0.5829182 -0.58029157 1.5047084
  vertex 0.4212509 -0.7234841 1.5314323
  vertex 0.5402239 -0.7183626 1.456791
 endloop
endfacet
facet normal 0.5232857 -0.24673016 0.81565696
 outer loop
  vertex 0.6121851 -0.41003615 1.5384094
  vertex 0.46273816 -0.40802234 1.6348964
  vertex 0.44473886 -0.57875127 1.5947996
 endloop
endfacet
facet normal 0.5266673 -0.25128067 0.8120835
 outer loop
  vertex 0.6121851 -0.41003615 1.5384094
  vertex 0.44473886 -0.57875127 1.5947996
  vertex 0.5829182 -0.58029157 1.5047084
 endloop
endfacet
facet normal 0.33120188 -0.83981323 -0.43013835
 outer loop
  vertex 0.42079255 -0.9011002 0.35154366
  vertex 0.44349766 -0.963159 0.49019158
  vertex 0.29027063 -1.021179 0.48548806
 endloop
endfacet
facet normal 0.32720754 -0.83951473 -0.43376294
 outer loop
  vertex 0.42079255 -0.9011002 0.35154366
  vertex 0.29027063 -1.021179 0.48548806
  vertex 0.27987218 -0.9483332 0.3366567
 endloop
endfacet
facet normal 0.34924224 -0.89865404 -0.26542577
 outer loop
  vertex 0.44349766 -0.963159 0.49019158
  vertex 0.46104348 -1.00457 0.6534835
  vertex 0.2991246 -1.0676138 0.65388167
 endloop
endfacet
facet normal 0.34847927 -0.8987358 -0.26615092
 outer loop
  vertex 0.44349766 -0.963159 0.49019158
  vertex 0.2991246 -1.0676138 0.65388167
  vertex 0.29027063 -1.021179 0.48548806
 endloop
endfacet
facet normal 0.16706847 -0.880902 -0.44283152
 outer loop
  vertex 0.27987218 -0.9483332 0.3366567
  vertex 0.29027063 -1.021179 0.48548806
  vertex 0.12368578 -1.0510354 0.48203194
 endloop
endfacet
facet normal 0.16334163 -0.87992746 -0.44614705
 outer loop
  vertex 0.27987218 -0.9483332 0.3366567
  vertex 0.12368578 -1.0510354 0.48203194
  vertex 0.12065312 -0.97311646 0.32724357
 endloop
endfacet
facet normal 0.17688793 -0.94639534 -0.27027103
 outer loop
  vertex 0.29027063 -1.021179 0.48548806
  vertex 0.2991246 -1.0676138 0.65388167
  vertex 0.12643856 -1.0999153 0.6539699
 endloop
endfacet
facet normal 0.1752344 -0.9462605 -0.2718159
 outer loop
  vertex 0.29027063 -1.021179 0.48548806
  vertex 0.12643856 -1.0999153 0.6539699
  vertex 0.12368578 -1.0510354 0.48203194
 endloop
endfacet
facet normal 0.4696088 -0.6858733 -0.5559184
 outer loop
  vertex 0.4967307 -0.7854771 0.27304006
  vertex 0.5351038 -0.8273937 0.35717082
  vertex 0.42079255 -0.9011002 0.35154366
 endloop
endfacet
facet normal 0.4455439 -0.68444145 -0.57708794
 outer loop
  vertex 0.4967307 -0.7854771 0.27304006
  vertex 0.42079255 -0.9011002 0.35154366
  vertex 0.40800527 -0.81738645 0.24238443
 endloop
endfacet
facet normal 0.50322163 -0.7537115 -0.42271373
 outer loop
  vertex 0.5351038 -0.8273937 0.35717082
  vertex 0.5759607 -0.8738362 0.48861754
  vertex 0.44349766 -0.963159 0.49019158
 endloop
endfacet
facet normal 0.5063005 -0.7531533 -0.42002368
 outer loop
  vertex 0.5351038 -0.8273937 0.35717082
  vertex 0.44349766 -0.963159 0.49019158
  vertex 0.42079255 -0.9011002 0.35154366
 endloop
endfacet
facet normal 0.5300069 -0.8043889 -0.2684234
 outer loop
  vertex 0.5759607 -0.8738362 0.48861754
  vertex 0.60456866 -0.9087903 0.6498519
  vertex 0.46104348 -1.00457 0.6534835
 endloop
endfacet
facet normal 0.5375593 -0.80178523 -0.26109454
 outer loop
  vertex 0.5759607 -0.8738362 0.48861754
  vertex 0.46104348 -1.00457 0.6534835
  vertex 0.44349766 -0.963159 0.49019158
 endloop
endfacet
facet normal 0.54229087 -0.83261985 -0.11253799
 outer loop
  vertex 0.60456866 -0.9087903 0.6498519
  vertex 0.6160894 -0.9255542 0.82939637
  vertex 0.46794635 -1.0223835 0.8319317
 endloop
endfacet
facet normal 0.55025506 -0.828496 -0.103989325
 outer loop
  vertex 0.60456866 -0.9087903 0.6498519
  vertex 0.46794635 -1.0223835 0.8319317
  vertex 0.46104348 -1.00457 0.6534835
 endloop
endfacet
facet normal 0.3565984 -0.92817366 -0.10644839
 outer loop
  vertex 0.46104348 -1.00457 0.6534835
  vertex 0.46794635 -1.0223835 0.8319317
  vertex 0.30246204 -1.0861981 0.833995
 endloop
endfacet
facet normal 0.36069965 -0.92705065 -0.10233756
 outer loop
  vertex 0.46104348 -1.00457 0.6534835
  vertex 0.30246204 -1.0861981 0.833995
  vertex 0.2991246 -1.0676138 0.65388167
 endloop
endfacet
facet normal 0.17999847 -0.978126 -0.104259215
 outer loop
  vertex 0.2991246 -1.0676138 0.65388167
  vertex 0.30246204 -1.0861981 0.833995
  vertex 0.12704775 -1.118665 0.8357445
 endloop
endfacet
facet normal 0.1828647 -0.9778866 -0.10148004
 outer loop
  vertex 0.2991246 -1.0676138 0.65388167
  vertex 0.12704775 -1.118665 0.8357445
  vertex 0.12643856 -1.0999153 0.6539699
 endloop
endfacet
facet normal 0.0927329 -0.9904043 -0.102469146
 outer loop
  vertex 0.12643856 -1.0999153 0.6539699
  vertex 0.12704775 -1.118665 0.8357445
  vertex -3.4647742e-16 -1.1304553 0.834726
 endloop
endfacet
facet normal 0.09756986 -0.99028593 -0.09906569
 outer loop
  vertex 0.12643856 -1.0999153 0.6539699
  vertex -3.4647742e-16 -1.1304553 0.834726
  vertex -3.4647742e-16 -1.1121233 0.6514746
 endloop
endfacet
facet normal 0.09778703 -0.9568627 -0.27359003
 outer loop
  vertex 0.12368578 -1.0510354 0.48203194
  vertex 0.12643856 -1.0999153 0.6539699
  vertex -3.4647742e-16 -1.1121233 0.6514746
 endloop
endfacet
facet normal 0.10226404 -0.9572808 -0.27047274
 outer loop
  vertex 0.12368578 -1.0510354 0.48203194
  vertex -3.4647742e-16 -1.1121233 0.6514746
  vertex -3.4647742e-16 -1.062938 0.47739375
 endloop
endfacet
facet normal 0.102260485 -0.887724 -0.44887507
 outer loop
  vertex 0.12065312 -0.97311646 0.32724357
  vertex 0.12368578 -1.0510354 0.48203194
  vertex -3.4647742e-16 -1.062938 0.47739375
 endloop
endfacet
facet normal 0.1058884 -0.8885264 -0.4464398
 outer loop
  vertex 0.12065312 -0.97311646 0.32724357
  vertex -3.4647742e-16 -1.062938 0.47739375
  vertex -3.4647742e-16 -0.9837796 0.3198489
 endloop
endfacet
facet normal 0.10663262 -0.7719987 -0.626616
 outer loop
  vertex 0.1195645 -0.86669964 0.19595146
  vertex 0.12065312 -0.97311646 0.32724357
  vertex -3.4647742e-16 -0.9837796 0.3198489
 endloop
endfacet
facet normal 0.10955285 -0.77306014 -0.6248009
 outer loop
  vertex 0.1195645 -0.86669964 0.19595146
  vertex -3.4647742e-16 -0.9837796 0.3198489
  vertex -3.4647742e-16 -0.8753068 0.18563652
 endloop
endfacet
facet normal 0.15617597 -0.7669372 -0.6224278
 outer loop
  vertex 0.27492183 -0.84865326 0.21259189
  vertex 0.27987218 -0.9483332 0.3366567
  vertex 0.12065312 -0.97311646 0.32724357
 endloop
endfacet
facet normal 0.15577035 -0.76674557 -0.62276554
 outer loop
  vertex 0.27492183 -0.84865326 0.21259189
  vertex 0.12065312 -0.97311646 0.32724357
  vertex 0.1195645 -0.86669964 0.19595146
 endloop
endfacet
facet normal 0.31033865 -0.73643684 -0.6011246
 outer loop
  vertex 0.40800527 -0.81738645 0.24238443
  vertex 0.42079255 -0.9011002 0.35154366
  vertex 0.27987218 -0.9483332 0.3366567
 endloop
endfacet
facet normal 0.3079002 -0.7356469 -0.6033416
 outer loop
  vertex 0.40800527 -0.81738645 0.24238443
  vertex 0.27987218 -0.9483332 0.3366567
  vertex 0.27492183 -0.84865326 0.21259189
 endloop
endfacet
facet normal 0.33728904 -0.91474444 0.22243817
 outer loop
  vertex 0.46170104 -1.0138533 1.0130087
  vertex 0.44429427 -0.97899014 1.1827728
  vertex 0.28818226 -1.0348878 1.1896187
 endloop
endfacet
facet normal 0.34641877 -0.9089127 0.2321027
 outer loop
  vertex 0.46170104 -1.0138533 1.0130087
  vertex 0.28818226 -1.0348878 1.1896187
  vertex 0.29808706 -1.0754244 1.0160943
 endloop
endfacet
facet normal 0.31410447 -0.8622539 0.39731178
 outer loop
  vertex 0.44429427 -0.97899014 1.1827728
  vertex 0.42117557 -0.9200458 1.328972
  vertex 0.27677238 -0.96525854 1.3450118
 endloop
endfacet
facet normal 0.32373357 -0.85433364 0.4065841
 outer loop
  vertex 0.44429427 -0.97899014 1.1827728
  vertex 0.27677238 -0.96525854 1.3450118
  vertex 0.28818226 -1.0348878 1.1896187
 endloop
endfacet
facet normal 0.16427441 -0.9584346 0.23327456
 outer loop
  vertex 0.29808706 -1.0754244 1.0160943
  vertex 0.28818226 -1.0348878 1.1896187
  vertex 0.119635195 -1.0624521 1.1950604
 endloop
endfacet
facet normal 0.17372479 -0.9544925 0.24241208
 outer loop
  vertex 0.29808706 -1.0754244 1.0160943
  vertex 0.119635195 -1.0624521 1.1950604
  vertex 0.1243242 -1.1063006 1.0190474
 endloop
endfacet
facet normal 0.14979972 -0.8981263 0.41343573
 outer loop
  vertex 0.28818226 -1.0348878 1.1896187
  vertex 0.27677238 -0.96525854 1.3450118
  vertex 0.11494279 -0.98749083 1.3553511
 endloop
endfacet
facet normal 0.15957397 -0.8924305 0.42202374
 outer loop
  vertex 0.28818226 -1.0348878 1.1896187
  vertex 0.11494279 -0.98749083 1.3553511
  vertex 0.119635195 -1.0624521 1.1950604
 endloop
endfacet
facet normal 0.541333 -0.8392239 0.051591337
 outer loop
  vertex 0.6160894 -0.9255542 0.82939637
  vertex 0.6078125 -0.9196307 1.0125996
  vertex 0.46170104 -1.0138533 1.0130087
 endloop
endfacet
facet normal 0.5468868 -0.83518076 0.058205564
 outer loop
  vertex 0.6160894 -0.9255542 0.82939637
  vertex 0.46170104 -1.0138533 1.0130087
  vertex 0.46794635 -1.0223835 0.8319317
 endloop
endfacet
facet normal 0.5263035 -0.82157236 0.21914242
 outer loop
  vertex 0.6078125 -0.9196307 1.0125996
  vertex 0.58077514 -0.8916604 1.1823956
  vertex 0.44429427 -0.97899014 1.1827728
 endloop
endfacet
facet normal 0.52881604 -0.819072 0.22242889
 outer loop
  vertex 0.6078125 -0.9196307 1.0125996
  vertex 0.44429427 -0.97899014 1.1827728
  vertex 0.46170104 -1.0138533 1.0130087
 endloop
endfacet
facet normal 0.49446407 -0.7779181 0.38774818
 outer loop
  vertex 0.58077514 -0.8916604 1.1823956
  vertex 0.5396184 -0.8478202 1.3228337
  vertex 0.42117557 -0.9200458 1.328972
 endloop
endfacet
facet normal 0.4968459 -0.7747933 0.39094684
 outer loop
  vertex 0.58077514 -0.8916604 1.1823956
  vertex 0.42117557 -0.9200458 1.328972
  vertex 0.44429427 -0.97899014 1.1827728
 endloop
endfacet
facet normal 0.43021443 -0.7320236 0.52825856
 outer loop
  vertex 0.5396184 -0.8478202 1.3228337
  vertex 0.5001431 -0.8059611 1.4129878
  vertex 0.40801778 -0.8369605 1.445058
 endloop
endfacet
facet normal 0.45484087 -0.6989942 0.5518395
 outer loop
  vertex 0.5396184 -0.8478202 1.3228337
  vertex 0.40801778 -0.8369605 1.445058
  vertex 0.42117557 -0.9200458 1.328972
 endloop
endfacet
facet normal 0.29313844 -0.76142204 0.57819223
 outer loop
  vertex 0.42117557 -0.9200458 1.328972
  vertex 0.40801778 -0.8369605 1.445058
  vertex 0.27098468 -0.8663915 1.4757749
 endloop
endfacet
facet normal 0.30097044 -0.75422615 0.583575
 outer loop
  vertex 0.42117557 -0.9200458 1.328972
  vertex 0.27098468 -0.8663915 1.4757749
  vertex 0.27677238 -0.96525854 1.3450118
 endloop
endfacet
facet normal 0.1404068 -0.7867656 0.60107064
 outer loop
  vertex 0.27677238 -0.96525854 1.3450118
  vertex 0.27098468 -0.8663915 1.4757749
  vertex 0.11246082 -0.88188964 1.492519
 endloop
endfacet
facet normal 0.14617465 -0.78258854 0.6051348
 outer loop
  vertex 0.27677238 -0.96525854 1.3450118
  vertex 0.11246082 -0.88188964 1.492519
  vertex 0.11494279 -0.98749083 1.3553511
 endloop
endfacet
facet normal 0.06860192 -0.7899128 0.6093698
 outer loop
  vertex 0.11494279 -0.98749083 1.3553511
  vertex 0.11246082 -0.88188964 1.492519
  vertex -3.4647742e-16 -0.88777465 1.4975511
 endloop
endfacet
facet normal 0.07166761 -0.7884939 0.6108529
 outer loop
  vertex 0.11494279 -0.98749083 1.3553511
  vertex -3.4647742e-16 -0.88777465 1.4975511
  vertex -3.4647742e-16 -0.9955171 1.3584763
 endloop
endfacet
facet normal 0.07455294 -0.90247846 0.42423385
 outer loop
  vertex 0.119635195 -1.0624521 1.1950604
  vertex 0.11494279 -0.98749083 1.3553511
  vertex -3.4647742e-16 -0.9955171 1.3584763
 endloop
endfacet
facet normal 0.07808167 -0.9012072 0.42629644
 outer loop
  vertex 0.119635195 -1.0624521 1.1950604
  vertex -3.4647742e-16 -0.9955171 1.3584763
  vertex -3.4647742e-16 -1.072154 1.1964628
 endloop
endfacet
facet normal 0.081237875 -0.96662587 0.2429709
 outer loop
  vertex 0.1243242 -1.1063006 1.0190474
  vertex 0.119635195 -1.0624521 1.1950604
  vertex -3.4647742e-16 -1.072154 1.1964628
 endloop
endfacet
facet normal 0.08504762 -0.96566975 0.24545656
 outer loop
  vertex 0.1243242 -1.1063006 1.0190474
  vertex -3.4647742e-16 -1.072154 1.1964628
  vertex -3.4647742e-16 -1.1172211 1.0191609
 endloop
endfacet
facet normal 0.087359525 -0.9938303 0.06833515
 outer loop
  vertex 0.12704775 -1.118665 0.8357445
  vertex 0.1243242 -1.1063006 1.0190474
  vertex -3.4647742e-16 -1.1172211 1.0191609
 endloop
endfacet
facet normal 0.0916034 -0.9932419 0.071270145
 outer loop
  vertex 0.12704775 -1.118665 0.8357445
  vertex -3.4647742e-16 -1.1172211 1.0191609
  vertex -3.4647742e-16 -1.1304553 0.834726
 endloop
endfacet
facet normal 0.17563756 -0.9824787 0.06234674
 outer loop
  vertex 0.30246204 -1.0861981 0.833995
  vertex 0.29808706 -1.0754244 1.0160943
  vertex 0.1243242 -1.1063006 1.0190474
 endloop
endfacet
facet normal 0.1822278 -0.98084164 0.06886859
 outer loop
  vertex 0.30246204 -1.0861981 0.833995
  vertex 0.1243242 -1.1063006 1.0190474
  vertex 0.12704775 -1.118665 0.8357445
 endloop
endfacet
facet normal 0.35257757 -0.9340957 0.05616354
 outer loop
  vertex 0.46794635 -1.0223835 0.8319317
  vertex 0.46170104 -1.0138533 1.0130087
  vertex 0.29808706 -1.0754244 1.0160943
 endloop
endfacet
facet normal 0.35975873 -0.9308672 0.06371678
 outer loop
  vertex 0.46794635 -1.0223835 0.8319317
  vertex 0.29808706 -1.0754244 1.0160943
  vertex 0.30246204 -1.0861981 0.833995
 endloop
endfacet
facet normal 0.34286413 -0.3249253 -0.88140106
 outer loop
  vertex 0.45997792 -0.40013987 0.05130124
  vertex 0.44306076 -0.5639109 0.105094075
  vertex 0.2915743 -0.57079726 0.048704624
 endloop
endfacet
facet normal 0.7117913 -0.7023911 -1.2567111e-06
 outer loop
  vertex 0.45997792 -0.40013987 0.05130124
  vertex 0.2915743 -0.57079726 0.048704624
  vertex 0.3755546 -0.48569304 0.04072666
 endloop
endfacet
facet normal 0.33572873 -0.399269 -0.8531532
 outer loop
  vertex 0.2915743 -0.57079726 0.048704624
  vertex 0.44306076 -0.5639109 0.105094075
  vertex 0.4207195 -0.70502 0.1623404
 endloop
endfacet
facet normal 0.32539207 -0.40878853 -0.85265
 outer loop
  vertex 0.2915743 -0.57079726 0.048704624
  vertex 0.4207195 -0.70502 0.1623404
  vertex 0.2805507 -0.72154135 0.11676943
 endloop
endfacet
facet normal 0.60334283 -0.23167923 -0.76308733
 outer loop
  vertex 0.45997792 -0.40013987 0.05130124
  vertex 0.6002872 -0.40076703 0.16242862
  vertex 0.5739578 -0.56344146 0.19100022
 endloop
endfacet
facet normal 0.5216439 -0.31439635 -0.793122
 outer loop
  vertex 0.45997792 -0.40013987 0.05130124
  vertex 0.5739578 -0.56344146 0.19100022
  vertex 0.44306076 -0.5639109 0.105094075
 endloop
endfacet
facet normal 0.50646836 -0.3888681 -0.7695917
 outer loop
  vertex 0.44306076 -0.5639109 0.105094075
  vertex 0.5739578 -0.56344146 0.19100022
  vertex 0.5345409 -0.6983158 0.2332108
 endloop
endfacet
facet normal 0.5027624 -0.39212915 -0.77036667
 outer loop
  vertex 0.44306076 -0.5639109 0.105094075
  vertex 0.5345409 -0.6983158 0.2332108
  vertex 0.4207195 -0.70502 0.1623404
 endloop
endfacet
facet normal 0.471229 -0.52745205 -0.7069212
 outer loop
  vertex 0.4207195 -0.70502 0.1623404
  vertex 0.5345409 -0.6983158 0.2332108
  vertex 0.4967307 -0.7854771 0.27304006
 endloop
endfacet
facet normal 0.44274104 -0.5529232 -0.70587265
 outer loop
  vertex 0.4207195 -0.70502 0.1623404
  vertex 0.4967307 -0.7854771 0.27304006
  vertex 0.40800527 -0.81738645 0.24238443
 endloop
endfacet
facet normal 0.31355897 -0.5742138 -0.75627995
 outer loop
  vertex 0.2805507 -0.72154135 0.11676943
  vertex 0.4207195 -0.70502 0.1623404
  vertex 0.40800527 -0.81738645 0.24238443
 endloop
endfacet
facet normal 0.3054367 -0.58178353 -0.7538145
 outer loop
  vertex 0.2805507 -0.72154135 0.11676943
  vertex 0.40800527 -0.81738645 0.24238443
  vertex 0.27492183 -0.84865326 0.21259189
 endloop
endfacet
facet normal 0.15957485 -0.5987448 -0.78488255
 outer loop
  vertex 0.12198877 -0.73272866 0.093066335
  vertex 0.2805507 -0.72154135 0.11676943
  vertex 0.27492183 -0.84865326 0.21259189
 endloop
endfacet
facet normal 0.15390535 -0.6035738 -0.78231186
 outer loop
  vertex 0.12198877 -0.73272866 0.093066335
  vertex 0.27492183 -0.84865326 0.21259189
  vertex 0.1195645 -0.86669964 0.19595146
 endloop
endfacet
facet normal 0.11360175 -0.6064296 -0.7869802
 outer loop
  vertex -3.4647742e-16 -0.73885006 0.08017409
  vertex 0.12198877 -0.73272866 0.093066335
  vertex 0.1195645 -0.86669964 0.19595146
 endloop
endfacet
facet normal 0.11158068 -0.60769635 -0.7862919
 outer loop
  vertex -3.4647742e-16 -0.73885006 0.08017409
  vertex 0.1195645 -0.86669964 0.19595146
  vertex -3.4647742e-16 -0.8753068 0.18563652
 endloop
endfacet
facet normal 0.77069414 0.45440966 -0.44670168
 outer loop
  vertex 0.6176005 0.2668896 0.34225893
  vertex 0.67871815 0.29836348 0.47972214
  vertex 0.7560767 0.14707395 0.45928872
 endloop
endfacet
facet normal 0.77012706 0.42866522 -0.472388
 outer loop
  vertex 0.6176005 0.2668896 0.34225893
  vertex 0.7560767 0.14707395 0.45928872
  vertex 0.67747486 0.12640706 0.31239128
 endloop
endfacet
facet normal 0.8236098 0.4926107 -0.28107223
 outer loop
  vertex 0.67871815 0.29836348 0.47972214
  vertex 0.7188069 0.32548007 0.64471686
  vertex 0.80893624 0.16752979 0.631992
 endloop
endfacet
facet normal 0.8292318 0.46573916 -0.30896866
 outer loop
  vertex 0.67871815 0.29836348 0.47972214
  vertex 0.80893624 0.16752979 0.631992
  vertex 0.7560767 0.14707395 0.45928872
 endloop
endfacet
facet normal 0.8289376 0.28176412 -0.48318887
 outer loop
  vertex 0.67747486 0.12640706 0.31239128
  vertex 0.7560767 0.14707395 0.45928872
  vertex 0.8055053 -0.029606402 0.4410578
 endloop
endfacet
facet normal 0.82300144 0.25804162 -0.5060466
 outer loop
  vertex 0.67747486 0.12640706 0.31239128
  vertex 0.8055053 -0.029606402 0.4410578
  vertex 0.715224 -0.04067737 0.28858495
 endloop
endfacet
facet normal 0.8971905 0.31291014 -0.31166708
 outer loop
  vertex 0.7560767 0.14707395 0.45928872
  vertex 0.80893624 0.16752979 0.631992
  vertex 0.86908907 -0.017353952 0.61953175
 endloop
endfacet
facet normal 0.8963588 0.28574336 -0.33895674
 outer loop
  vertex 0.7560767 0.14707395 0.45928872
  vertex 0.86908907 -0.017353952 0.61953175
  vertex 0.8055053 -0.029606402 0.4410578
 endloop
endfacet
facet normal 0.60557497 0.5728105 -0.5524194
 outer loop
  vertex 0.4961202 0.3329669 0.27760577
  vertex 0.53406143 0.37417915 0.36193132
  vertex 0.6176005 0.2668896 0.34225893
 endloop
endfacet
facet normal 0.605021 0.538092 -0.5868616
 outer loop
  vertex 0.4961202 0.3329669 0.27760577
  vertex 0.6176005 0.2668896 0.34225893
  vertex 0.5337626 0.24694696 0.23754144
 endloop
endfacet
facet normal 0.6645691 0.6199843 -0.41709405
 outer loop
  vertex 0.53406143 0.37417915 0.36193132
  vertex 0.57422894 0.41947022 0.49325383
  vertex 0.67871815 0.29836348 0.47972214
 endloop
endfacet
facet normal 0.6698191 0.601396 -0.43550578
 outer loop
  vertex 0.53406143 0.37417915 0.36193132
  vertex 0.67871815 0.29836348 0.47972214
  vertex 0.6176005 0.2668896 0.34225893
 endloop
endfacet
facet normal 0.7031276 0.66157895 -0.26062378
 outer loop
  vertex 0.57422894 0.41947022 0.49325383
  vertex 0.6020544 0.45304325 0.65354645
  vertex 0.7188069 0.32548007 0.64471686
 endloop
endfacet
facet normal 0.7114731 0.6450085 -0.2788727
 outer loop
  vertex 0.57422894 0.41947022 0.49325383
  vertex 0.7188069 0.32548007 0.64471686
  vertex 0.67871815 0.29836348 0.47972214
 endloop
endfacet
facet normal 0.7199213 0.6860833 -0.10489495
 outer loop
  vertex 0.6020544 0.45304325 0.65354645
  vertex 0.6129967 0.4686961 0.8310262
  vertex 0.7351618 0.34004828 0.82803404
 endloop
endfacet
facet normal 0.7283635 0.6748465 -0.11861183
 outer loop
  vertex 0.6020544 0.45304325 0.65354645
  vertex 0.7351618 0.34004828 0.82803404
  vertex 0.7188069 0.32548007 0.64471686
 endloop
endfacet
facet normal 0.84749544 0.51780176 -0.11675999
 outer loop
  vertex 0.7188069 0.32548007 0.64471686
  vertex 0.7351618 0.34004828 0.82803404
  vertex 0.83212864 0.18049446 0.8242804
 endloop
endfacet
facet normal 0.8555879 0.4992395 -0.13685493
 outer loop
  vertex 0.7188069 0.32548007 0.64471686
  vertex 0.83212864 0.18049446 0.8242804
  vertex 0.80893624 0.16752979 0.631992
 endloop
endfacet
facet normal 0.931967 0.33643442 -0.1350904
 outer loop
  vertex 0.80893624 0.16752979 0.631992
  vertex 0.83212864 0.18049446 0.8242804
  vertex 0.8997369 -0.0083524585 0.820387
 endloop
endfacet
facet normal 0.9359902 0.31510597 -0.15694125
 outer loop
  vertex 0.80893624 0.16752979 0.631992
  vertex 0.8997369 -0.0083524585 0.820387
  vertex 0.86908907 -0.017353952 0.61953175
 endloop
endfacet
facet normal 0.9793519 0.12950127 -0.15523964
 outer loop
  vertex 0.86908907 -0.017353952 0.61953175
  vertex 0.8997369 -0.0083524585 0.820387
  vertex 0.92737806 -0.22015971 0.8180753
 endloop
endfacet
facet normal 0.97882146 0.11659124 -0.16827106
 outer loop
  vertex 0.86908907 -0.017353952 0.61953175
  vertex 0.92737806 -0.22015971 0.8180753
  vertex 0.89225286 -0.22119755 0.6130353
 endloop
endfacet
facet normal 0.9329852 0.11686873 -0.34041193
 outer loop
  vertex 0.8055053 -0.029606402 0.4410578
  vertex 0.86908907 -0.017353952 0.61953175
  vertex 0.89225286 -0.22119755 0.6130353
 endloop
endfacet
facet normal 0.92942905 0.10267776 -0.35442758
 outer loop
  vertex 0.8055053 -0.029606402 0.4410578
  vertex 0.89225286 -0.22119755 0.6130353
  vertex 0.8235406 -0.22230905 0.4325266
 endloop
endfacet
facet normal 0.85266167 0.102482826 -0.5123137
 outer loop
  vertex 0.715224 -0.04067737 0.28858495
  vertex 0.8055053 -0.029606402 0.4410578
  vertex 0.8235406 -0.22230905 0.4325266
 endloop
endfacet
facet normal 0.8475805 0.091159426 -0.5227785
 outer loop
  vertex 0.715224 -0.04067737 0.28858495
  vertex 0.8235406 -0.22230905 0.4325266
  vertex 0.728703 -0.22322124 0.27860737
 endloop
endfacet
facet normal 0.72656393 0.090875186 -0.6810628
 outer loop
  vertex 0.59977424 -0.047611177 0.1644969
  vertex 0.715224 -0.04067737 0.28858495
  vertex 0.728703 -0.22322124 0.27860737
 endloop
endfacet
facet normal 0.7223102 0.084274314 -0.68641514
 outer loop
  vertex 0.59977424 -0.047611177 0.1644969
  vertex 0.728703 -0.22322124 0.27860737
  vertex 0.60938853 -0.22390169 0.15296996
 endloop
endfacet
facet normal 0.71039504 0.25401795 -0.65636396
 outer loop
  vertex 0.5731662 0.113657385 0.19456184
  vertex 0.67747486 0.12640706 0.31239128
  vertex 0.715224 -0.04067737 0.28858495
 endloop
endfacet
facet normal 0.703857 0.24072239 -0.6683098
 outer loop
  vertex 0.5731662 0.113657385 0.19456184
  vertex 0.715224 -0.04067737 0.28858495
  vertex 0.59977424 -0.047611177 0.1644969
 endloop
endfacet
facet normal 0.669513 0.4161616 -0.6152739
 outer loop
  vertex 0.5337626 0.24694696 0.23754144
  vertex 0.6176005 0.2668896 0.34225893
  vertex 0.67747486 0.12640706 0.31239128
 endloop
endfacet
facet normal 0.6643436 0.39999002 -0.63139176
 outer loop
  vertex 0.5337626 0.24694696 0.23754144
  vertex 0.67747486 0.12640706 0.31239128
  vertex 0.5731662 0.113657385 0.19456184
 endloop
endfacet
facet normal 0.8343137 0.49873692 0.2349088
 outer loop
  vertex 0.72481185 0.3365995 1.0157958
  vertex 0.6875911 0.3163356 1.1910135
  vertex 0.77209723 0.16536263 1.2114092
 endloop
endfacet
facet normal 0.8218206 0.5121349 0.24965715
 outer loop
  vertex 0.72481185 0.3365995 1.0157958
  vertex 0.77209723 0.16536263 1.2114092
  vertex 0.82038313 0.1794596 1.023544
 endloop
endfacet
facet normal 0.78239 0.46141285 0.41828707
 outer loop
  vertex 0.6875911 0.3163356 1.1910135
  vertex 0.6257831 0.28706083 1.338916
  vertex 0.6912606 0.14567283 1.372408
 endloop
endfacet
facet normal 0.75728244 0.48323494 0.43932605
 outer loop
  vertex 0.6875911 0.3163356 1.1910135
  vertex 0.6912606 0.14567283 1.372408
  vertex 0.77209723 0.16536263 1.2114092
 endloop
endfacet
facet normal 0.9116174 0.31974137 0.25830033
 outer loop
  vertex 0.82038313 0.1794596 1.023544
  vertex 0.77209723 0.16536263 1.2114092
  vertex 0.83011514 -0.015931427 1.2310649
 endloop
endfacet
facet normal 0.9011445 0.33592588 0.27402997
 outer loop
  vertex 0.82038313 0.1794596 1.023544
  vertex 0.83011514 -0.015931427 1.2310649
  vertex 0.88777596 -0.007904708 1.0316082
 endloop
endfacet
facet normal 0.84104896 0.28855065 0.45757532
 outer loop
  vertex 0.77209723 0.16536263 1.2114092
  vertex 0.6912606 0.14567283 1.372408
  vertex 0.73503196 -0.027152956 1.4009391
 endloop
endfacet
facet normal 0.8194169 0.31420726 0.47940564
 outer loop
  vertex 0.77209723 0.16536263 1.2114092
  vertex 0.73503196 -0.027152956 1.4009391
  vertex 0.83011514 -0.015931427 1.2310649
 endloop
endfacet
facet normal 0.7217298 0.68986964 0.05644377
 outer loop
  vertex 0.6129967 0.4686961 0.8310262
  vertex 0.60469854 0.46261486 1.0114585
  vertex 0.72481185 0.3365995 1.0157958
 endloop
endfacet
facet normal 0.7247486 0.68700504 0.052568894
 outer loop
  vertex 0.6129967 0.4686961 0.8310262
  vertex 0.72481185 0.3365995 1.0157958
  vertex 0.7351618 0.34004828 0.82803404
 endloop
endfacet
facet normal 0.70759434 0.67139775 0.2203074
 outer loop
  vertex 0.60469854 0.46261486 1.0114585
  vertex 0.57823485 0.43558595 1.1788279
  vertex 0.6875911 0.3163356 1.1910135
 endloop
endfacet
facet normal 0.7010264 0.6760096 0.2270967
 outer loop
  vertex 0.60469854 0.46261486 1.0114585
  vertex 0.6875911 0.3163356 1.1910135
  vertex 0.72481185 0.3365995 1.0157958
 endloop
endfacet
facet normal 0.6709615 0.6322853 0.3873319
 outer loop
  vertex 0.57823485 0.43558595 1.1788279
  vertex 0.5379101 0.39320245 1.3178684
  vertex 0.6257831 0.28706083 1.338916
 endloop
endfacet
facet normal 0.6545903 0.6412009 0.400466
 outer loop
  vertex 0.57823485 0.43558595 1.1788279
  vertex 0.6257831 0.28706083 1.338916
  vertex 0.6875911 0.3163356 1.1910135
 endloop
endfacet
facet normal 0.63488513 0.56226057 0.52989054
 outer loop
  vertex 0.5379101 0.39320245 1.3178684
  vertex 0.49908346 0.35251483 1.4075614
  vertex 0.53876436 0.26668283 1.4510933
 endloop
endfacet
facet normal 0.58122677 0.5919174 0.5583987
 outer loop
  vertex 0.5379101 0.39320245 1.3178684
  vertex 0.53876436 0.26668283 1.4510933
  vertex 0.6257831 0.28706083 1.338916
 endloop
endfacet
facet normal 0.6752144 0.42712718 0.6013717
 outer loop
  vertex 0.6257831 0.28706083 1.338916
  vertex 0.53876436 0.26668283 1.4510933
  vertex 0.58126915 0.13149336 1.4993883
 endloop
endfacet
facet normal 0.6509164 0.4468221 0.6137246
 outer loop
  vertex 0.6257831 0.28706083 1.338916
  vertex 0.58126915 0.13149336 1.4993883
  vertex 0.6912606 0.14567283 1.372408
 endloop
endfacet
facet normal 0.7140221 0.26490358 0.64807296
 outer loop
  vertex 0.6912606 0.14567283 1.372408
  vertex 0.58126915 0.13149336 1.4993883
  vertex 0.6110122 -0.035732925 1.5349733
 endloop
endfacet
facet normal 0.69440335 0.28495303 0.6607615
 outer loop
  vertex 0.6912606 0.14567283 1.372408
  vertex 0.6110122 -0.035732925 1.5349733
  vertex 0.73503196 -0.027152956 1.4009391
 endloop
endfacet
facet normal 0.7274455 0.09686077 0.67929447
 outer loop
  vertex 0.73503196 -0.027152956 1.4009391
  vertex 0.6110122 -0.035732925 1.5349733
  vertex 0.622268 -0.22219151 1.5495068
 endloop
endfacet
facet normal 0.7183682 0.10813622 0.6872071
 outer loop
  vertex 0.73503196 -0.027152956 1.4009391
  vertex 0.622268 -0.22219151 1.5495068
  vertex 0.7519084 -0.22123605 1.4138376
 endloop
endfacet
facet normal 0.86447054 0.10780017 0.49098855
 outer loop
  vertex 0.83011514 -0.015931427 1.2310649
  vertex 0.73503196 -0.027152956 1.4009391
  vertex 0.7519084 -0.22123605 1.4138376
 endloop
endfacet
facet normal 0.8554768 0.12212744 0.5032338
 outer loop
  vertex 0.83011514 -0.015931427 1.2310649
  vertex 0.7519084 -0.22123605 1.4138376
  vertex 0.8534751 -0.22026652 1.2409431
 endloop
endfacet
facet normal 0.95211554 0.12239188 0.28017193
 outer loop
  vertex 0.88777596 -0.007904708 1.0316082
  vertex 0.83011514 -0.015931427 1.2310649
  vertex 0.8534751 -0.22026652 1.2409431
 endloop
endfacet
facet normal 0.9483508 0.13142473 0.2887185
 outer loop
  vertex 0.88777596 -0.007904708 1.0316082
  vertex 0.8534751 -0.22026652 1.2409431
  vertex 0.91584766 -0.21976167 1.0358387
 endloop
endfacet
facet normal 0.9896474 0.13224481 0.055760894
 outer loop
  vertex 0.8997369 -0.0083524585 0.820387
  vertex 0.88777596 -0.007904708 1.0316082
  vertex 0.91584766 -0.21976167 1.0358387
 endloop
endfacet
facet normal 0.99031293 0.12866765 0.052201092
 outer loop
  vertex 0.8997369 -0.0083524585 0.820387
  vertex 0.91584766 -0.21976167 1.0358387
  vertex 0.92737806 -0.22015971 0.8180753
 endloop
endfacet
facet normal 0.93866056 0.340083 0.057095163
 outer loop
  vertex 0.83212864 0.18049446 0.8242804
  vertex 0.82038313 0.1794596 1.023544
  vertex 0.88777596 -0.007904708 1.0316082
 endloop
endfacet
facet normal 0.9405269 0.33563048 0.05254819
 outer loop
  vertex 0.83212864 0.18049446 0.8242804
  vertex 0.88777596 -0.007904708 1.0316082
  vertex 0.8997369 -0.0083524585 0.820387
 endloop
endfacet
facet normal 0.85178405 0.52083534 0.056519244
 outer loop
  vertex 0.7351618 0.34004828 0.82803404
  vertex 0.72481185 0.3365995 1.0157958
  vertex 0.82038313 0.1794596 1.023544
 endloop
endfacet
facet normal 0.853913 0.5177076 0.05302222
 outer loop
  vertex 0.7351618 0.34004828 0.82803404
  vertex 0.82038313 0.1794596 1.023544
  vertex 0.83212864 0.18049446 0.8242804
 endloop
endfacet
facet normal 0.91073287 -0.30425966 0.27927002
 outer loop
  vertex 0.89407563 -0.43532008 1.0328203
  vertex 0.83484656 -0.42764693 1.2343332
  vertex 0.77803713 -0.61466306 1.2158448
 endloop
endfacet
facet normal 0.9100334 -0.32046533 0.2629469
 outer loop
  vertex 0.89407563 -0.43532008 1.0328203
  vertex 0.77803713 -0.61466306 1.2158448
  vertex 0.827994 -0.6293097 1.0250984
 endloop
endfacet
facet normal 0.8281566 -0.27446422 0.48869827
 outer loop
  vertex 0.83484656 -0.42764693 1.2343332
  vertex 0.7377032 -0.41740578 1.4047056
  vertex 0.694847 -0.59447306 1.3778855
 endloop
endfacet
facet normal 0.8332375 -0.29908448 0.46504158
 outer loop
  vertex 0.83484656 -0.42764693 1.2343332
  vertex 0.694847 -0.59447306 1.3778855
  vertex 0.77803713 -0.61466306 1.2158448
 endloop
endfacet
facet normal 0.83143014 -0.49333072 0.2556342
 outer loop
  vertex 0.827994 -0.6293097 1.0250984
  vertex 0.77803713 -0.61466306 1.2158448
  vertex 0.6922145 -0.7700159 1.1951715
 endloop
endfacet
facet normal 0.82676667 -0.509449 0.23857601
 outer loop
  vertex 0.827994 -0.6293097 1.0250984
  vertex 0.6922145 -0.7700159 1.1951715
  vertex 0.73052835 -0.7911934 1.0171758
 endloop
endfacet
facet normal 0.76833385 -0.454123 0.45103815
 outer loop
  vertex 0.77803713 -0.61466306 1.2158448
  vertex 0.694847 -0.59447306 1.3778855
  vertex 0.628783 -0.73949283 1.3444124
 endloop
endfacet
facet normal 0.7674615 -0.48045775 0.4244563
 outer loop
  vertex 0.77803713 -0.61466306 1.2158448
  vertex 0.628783 -0.73949283 1.3444124
  vertex 0.6922145 -0.7700159 1.1951715
 endloop
endfacet
facet normal 0.9934765 -0.10108321 0.05278856
 outer loop
  vertex 0.92737806 -0.22015971 0.8180753
  vertex 0.91584766 -0.21976167 1.0358387
  vertex 0.89407563 -0.43532008 1.0328203
 endloop
endfacet
facet normal 0.993508 -0.1004213 0.05345662
 outer loop
  vertex 0.92737806 -0.22015971 0.8180753
  vertex 0.89407563 -0.43532008 1.0328203
  vertex 0.90558386 -0.43529946 0.8189751
 endloop
endfacet
facet normal 0.9524968 -0.09478562 0.2894225
 outer loop
  vertex 0.91584766 -0.21976167 1.0358387
  vertex 0.8534751 -0.22026652 1.2409431
  vertex 0.83484656 -0.42764693 1.2343332
 endloop
endfacet
facet normal 0.9535397 -0.10028821 0.28408515
 outer loop
  vertex 0.91584766 -0.21976167 1.0358387
  vertex 0.83484656 -0.42764693 1.2343332
  vertex 0.89407563 -0.43532008 1.0328203
 endloop
endfacet
facet normal 0.85926825 -0.08569759 0.50429565
 outer loop
  vertex 0.8534751 -0.22026652 1.2409431
  vertex 0.7519084 -0.22123605 1.4138376
  vertex 0.7377032 -0.41740578 1.4047056
 endloop
endfacet
facet normal 0.86249316 -0.093329385 0.49738827
 outer loop
  vertex 0.8534751 -0.22026652 1.2409431
  vertex 0.7377032 -0.41740578 1.4047056
  vertex 0.83484656 -0.42764693 1.2343332
 endloop
endfacet
facet normal 0.7209866 -0.07936869 0.68838865
 outer loop
  vertex 0.7519084 -0.22123605 1.4138376
  vertex 0.622268 -0.22219151 1.5495068
  vertex 0.6121851 -0.41003615 1.5384094
 endloop
endfacet
facet normal 0.72415406 -0.084300734 0.68446636
 outer loop
  vertex 0.7519084 -0.22123605 1.4138376
  vertex 0.6121851 -0.41003615 1.5384094
  vertex 0.7377032 -0.41740578 1.4047056
 endloop
endfacet
facet normal 0.69844115 -0.25260577 0.66960454
 outer loop
  vertex 0.7377032 -0.41740578 1.4047056
  vertex 0.6121851 -0.41003615 1.5384094
  vertex 0.5829182 -0.58029157 1.5047084
 endloop
endfacet
facet normal 0.70671123 -0.27009585 0.653917
 outer loop
  vertex 0.7377032 -0.41740578 1.4047056
  vertex 0.5829182 -0.58029157 1.5047084
  vertex 0.694847 -0.59447306 1.3778855
 endloop
endfacet
facet normal 0.65646225 -0.42037326 0.62637347
 outer loop
  vertex 0.694847 -0.59447306 1.3778855
  vertex 0.5829182 -0.58029157 1.5047084
  vertex 0.5402239 -0.7183626 1.456791
 endloop
endfacet
facet normal 0.6625238 -0.4414829 0.6051075
 outer loop
  vertex 0.694847 -0.59447306 1.3778855
  vertex 0.5402239 -0.7183626 1.456791
  vertex 0.628783 -0.73949283 1.3444124
 endloop
endfacet
facet normal 0.5960848 -0.5603125 0.57509387
 outer loop
  vertex 0.628783 -0.73949283 1.3444124
  vertex 0.5402239 -0.7183626 1.456791
  vertex 0.5001431 -0.8059611 1.4129878
 endloop
endfacet
facet normal 0.5952037 -0.59705013 0.5378324
 outer loop
  vertex 0.628783 -0.73949283 1.3444124
  vertex 0.5001431 -0.8059611 1.4129878
  vertex 0.5396184 -0.8478202 1.3228337
 endloop
endfacet
facet normal 0.6625341 -0.6269708 0.40982446
 outer loop
  vertex 0.6922145 -0.7700159 1.1951715
  vertex 0.628783 -0.73949283 1.3444124
  vertex 0.5396184 -0.8478202 1.3228337
 endloop
endfacet
facet normal 0.6569842 -0.6431762 0.3933143
 outer loop
  vertex 0.6922145 -0.7700159 1.1951715
  vertex 0.5396184 -0.8478202 1.3228337
  vertex 0.58077514 -0.8916604 1.1823956
 endloop
endfacet
facet normal 0.7050931 -0.670256 0.23151803
 outer loop
  vertex 0.73052835 -0.7911934 1.0171758
  vertex 0.6922145 -0.7700159 1.1951715
  vertex 0.58077514 -0.8916604 1.1823956
 endloop
endfacet
facet normal 0.7008028 -0.67753696 0.22320195
 outer loop
  vertex 0.73052835 -0.7911934 1.0171758
  vertex 0.58077514 -0.8916604 1.1823956
  vertex 0.6078125 -0.9196307 1.0125996
 endloop
endfacet
facet normal 0.7212156 -0.6908807 0.05031705
 outer loop
  vertex 0.74072266 -0.7944643 0.82614577
  vertex 0.73052835 -0.7911934 1.0171758
  vertex 0.6078125 -0.9196307 1.0125996
 endloop
endfacet
facet normal 0.7243146 -0.6872769 0.0549453
 outer loop
  vertex 0.74072266 -0.7944643 0.82614577
  vertex 0.6078125 -0.9196307 1.0125996
  vertex 0.6160894 -0.9255542 0.82939637
 endloop
endfacet
facet normal 0.8545234 -0.51695466 0.05047331
 outer loop
  vertex 0.8393684 -0.6303063 0.8223201
  vertex 0.827994 -0.6293097 1.0250984
  vertex 0.73052835 -0.7911934 1.0171758
 endloop
endfacet
facet normal 0.8564316 -0.51337653 0.054493565
 outer loop
  vertex 0.8393684 -0.6303063 0.8223201
  vertex 0.73052835 -0.7911934 1.0171758
  vertex 0.74072266 -0.7944643 0.82614577
 endloop
endfacet
facet normal 0.94474465 -0.3238453 0.050810836
 outer loop
  vertex 0.90558386 -0.43529946 0.8189751
  vertex 0.89407563 -0.43532008 1.0328203
  vertex 0.827994 -0.6293097 1.0250984
 endloop
endfacet
facet normal 0.94577235 -0.32020432 0.054624762
 outer loop
  vertex 0.90558386 -0.43529946 0.8189751
  vertex 0.827994 -0.6293097 1.0250984
  vertex 0.8393684 -0.6303063 0.8223201
 endloop
endfacet
facet normal 0.81826186 -0.2674518 -0.5088391
 outer loop
  vertex 0.716385 -0.4066376 0.28612876
  vertex 0.80776674 -0.41642982 0.43822622
  vertex 0.7593131 -0.59626335 0.45483077
 endloop
endfacet
facet normal 0.8350876 -0.24786998 -0.4911101
 outer loop
  vertex 0.716385 -0.4066376 0.28612876
  vertex 0.7593131 -0.59626335 0.45483077
  vertex 0.679229 -0.5757784 0.3083161
 endloop
endfacet
facet normal 0.8908508 -0.29678658 -0.3439514
 outer loop
  vertex 0.80776674 -0.41642982 0.43822622
  vertex 0.8730668 -0.4273458 0.61677563
  vertex 0.81422555 -0.616908 0.6279422
 endloop
endfacet
facet normal 0.906843 -0.2739126 -0.32032433
 outer loop
  vertex 0.80776674 -0.41642982 0.43822622
  vertex 0.81422555 -0.616908 0.6279422
  vertex 0.7593131 -0.59626335 0.45483077
 endloop
endfacet
facet normal 0.75869966 -0.44392246 -0.47676793
 outer loop
  vertex 0.679229 -0.5757784 0.3083161
  vertex 0.7593131 -0.59626335 0.45483077
  vertex 0.6815856 -0.7506185 0.47486126
 endloop
endfacet
facet normal 0.7839604 -0.42261449 -0.4547561
 outer loop
  vertex 0.679229 -0.5757784 0.3083161
  vertex 0.6815856 -0.7506185 0.47486126
  vertex 0.61926365 -0.71845156 0.33753014
 endloop
endfacet
facet normal 0.81598395 -0.48371792 -0.3165237
 outer loop
  vertex 0.7593131 -0.59626335 0.45483077
  vertex 0.81422555 -0.616908 0.6279422
  vertex 0.7231469 -0.77883714 0.6406089
 endloop
endfacet
facet normal 0.8394969 -0.46022406 -0.28885767
 outer loop
  vertex 0.7593131 -0.59626335 0.45483077
  vertex 0.7231469 -0.77883714 0.6406089
  vertex 0.6815856 -0.7506185 0.47486126
 endloop
endfacet
facet normal 0.72318834 -0.07671483 -0.6863771
 outer loop
  vertex 0.60938853 -0.22390169 0.15296996
  vertex 0.728703 -0.22322124 0.27860737
  vertex 0.716385 -0.4066376 0.28612876
 endloop
endfacet
facet normal 0.7254096 -0.07392683 -0.68433595
 outer loop
  vertex 0.60938853 -0.22390169 0.15296996
  vertex 0.716385 -0.4066376 0.28612876
  vertex 0.6002872 -0.40076703 0.16242862
 endloop
endfacet
facet normal 0.84856 -0.084289044 -0.52234226
 outer loop
  vertex 0.728703 -0.22322124 0.27860737
  vertex 0.8235406 -0.22230905 0.4325266
  vertex 0.80776674 -0.41642982 0.43822622
 endloop
endfacet
facet normal 0.85230714 -0.07844573 -0.5171254
 outer loop
  vertex 0.728703 -0.22322124 0.27860737
  vertex 0.80776674 -0.41642982 0.43822622
  vertex 0.716385 -0.4066376 0.28612876
 endloop
endfacet
facet normal 0.93071556 -0.09303875 -0.35371214
 outer loop
  vertex 0.8235406 -0.22230905 0.4325266
  vertex 0.89225286 -0.22119755 0.6130353
  vertex 0.8730668 -0.4273458 0.61677563
 endloop
endfacet
facet normal 0.933967 -0.08607603 -0.34683788
 outer loop
  vertex 0.8235406 -0.22230905 0.4325266
  vertex 0.8730668 -0.4273458 0.61677563
  vertex 0.80776674 -0.41642982 0.43822622
 endloop
endfacet
facet normal 0.9807799 -0.10005606 -0.16750997
 outer loop
  vertex 0.89225286 -0.22119755 0.6130353
  vertex 0.92737806 -0.22015971 0.8180753
  vertex 0.90558386 -0.43529946 0.8189751
 endloop
endfacet
facet normal 0.98232096 -0.09435754 -0.16168535
 outer loop
  vertex 0.89225286 -0.22119755 0.6130353
  vertex 0.90558386 -0.43529946 0.8189751
  vertex 0.8730668 -0.4273458 0.61677563
 endloop
endfacet
facet normal 0.93343306 -0.31974208 -0.162689
 outer loop
  vertex 0.8730668 -0.4273458 0.61677563
  vertex 0.90558386 -0.43529946 0.8189751
  vertex 0.8393684 -0.6303063 0.8223201
 endloop
endfacet
facet normal 0.94286066 -0.30107632 -0.14271227
 outer loop
  vertex 0.8730668 -0.4273458 0.61677563
  vertex 0.8393684 -0.6303063 0.8223201
  vertex 0.81422555 -0.616908 0.6279422
 endloop
endfacet
facet normal 0.8466167 -0.51212335 -0.14481035
 outer loop
  vertex 0.81422555 -0.616908 0.6279422
  vertex 0.8393684 -0.6303063 0.8223201
  vertex 0.74072266 -0.7944643 0.82614577
 endloop
endfacet
facet normal 0.860811 -0.49380374 -0.12313529
 outer loop
  vertex 0.81422555 -0.616908 0.6279422
  vertex 0.74072266 -0.7944643 0.82614577
  vertex 0.7231469 -0.77883714 0.6406089
 endloop
endfacet
facet normal 0.7174254 -0.68520576 -0.12567364
 outer loop
  vertex 0.7231469 -0.77883714 0.6406089
  vertex 0.74072266 -0.7944643 0.82614577
  vertex 0.6160894 -0.9255542 0.82939637
 endloop
endfacet
facet normal 0.73032784 -0.6742123 -0.10981327
 outer loop
  vertex 0.7231469 -0.77883714 0.6406089
  vertex 0.6160894 -0.9255542 0.82939637
  vertex 0.60456866 -0.9087903 0.6498519
 endloop
endfacet
facet normal 0.6974449 -0.656789 -0.28670335
 outer loop
  vertex 0.6815856 -0.7506185 0.47486126
  vertex 0.7231469 -0.77883714 0.6406089
  vertex 0.60456866 -0.9087903 0.6498519
 endloop
endfacet
facet normal 0.71677613 -0.64422685 -0.26684046
 outer loop
  vertex 0.6815856 -0.7506185 0.47486126
  vertex 0.60456866 -0.9087903 0.6498519
  vertex 0.5759607 -0.8738362 0.48861754
 endloop
endfacet
facet normal 0.65640044 -0.6119388 -0.44121364
 outer loop
  vertex 0.61926365 -0.71845156 0.33753014
  vertex 0.6815856 -0.7506185 0.47486126
  vertex 0.5759607 -0.8738362 0.48861754
 endloop
endfacet
facet normal 0.67855924 -0.60047334 -0.42307115
 outer loop
  vertex 0.61926365 -0.71845156 0.33753014
  vertex 0.5759607 -0.8738362 0.48861754
  vertex 0.5351038 -0.8273937 0.35717082
 endloop
endfacet
facet normal 0.5873941 -0.55923915 -0.5849956
 outer loop
  vertex 0.5345409 -0.6983158 0.2332108
  vertex 0.61926365 -0.71845156 0.33753014
  vertex 0.5351038 -0.8273937 0.35717082
 endloop
endfacet
facet normal 0.63899714 -0.53135145 -0.55619085
 outer loop
  vertex 0.5345409 -0.6983158 0.2332108
  vertex 0.5351038 -0.8273937 0.35717082
  vertex 0.4967307 -0.7854771 0.27304006
 endloop
endfacet
facet normal 0.6583761 -0.40643606 -0.6335224
 outer loop
  vertex 0.5739578 -0.56344146 0.19100022
  vertex 0.679229 -0.5757784 0.3083161
  vertex 0.61926365 -0.71845156 0.33753014
 endloop
endfacet
facet normal 0.67531866 -0.39273247 -0.62426424
 outer loop
  vertex 0.5739578 -0.56344146 0.19100022
  vertex 0.61926365 -0.71845156 0.33753014
  vertex 0.5345409 -0.6983158 0.2332108
 endloop
endfacet
facet normal 0.7017173 -0.24204844 -0.6700786
 outer loop
  vertex 0.6002872 -0.40076703 0.16242862
  vertex 0.716385 -0.4066376 0.28612876
  vertex 0.679229 -0.5757784 0.3083161
 endloop
endfacet
facet normal 0.711797 -0.2316679 -0.66308004
 outer loop
  vertex 0.6002872 -0.40076703 0.16242862
  vertex 0.679229 -0.5757784 0.3083161
  vertex 0.5739578 -0.56344146 0.19100022
 endloop
endfacet
facet normal 0.16893293 0.9556902 0.24107647
 outer loop
  vertex 0.12684837 0.64914465 1.0183364
  vertex 0.12213561 0.6059586 1.1928397
  vertex 0.2894547 0.5778676 1.1869518
 endloop
endfacet
facet normal 0.17893226 0.95620173 0.2316497
 outer loop
  vertex 0.12684837 0.64914465 1.0183364
  vertex 0.2894547 0.5778676 1.1869518
  vertex 0.2992908 0.61762357 1.0152498
 endloop
endfacet
facet normal 0.15414985 0.8946488 0.41933456
 outer loop
  vertex 0.12213561 0.6059586 1.1928397
  vertex 0.11729732 0.5321896 1.3520042
  vertex 0.27805465 0.5096315 1.3410364
 endloop
endfacet
facet normal 0.16504736 0.89723384 0.40954947
 outer loop
  vertex 0.12213561 0.6059586 1.1928397
  vertex 0.27805465 0.5096315 1.3410364
  vertex 0.2894547 0.5778676 1.1869518
 endloop
endfacet
facet normal 0.3408244 0.91141826 0.23055467
 outer loop
  vertex 0.2992908 0.61762357 1.0152498
  vertex 0.2894547 0.5778676 1.1869518
  vertex 0.44382918 0.52197826 1.1796824
 endloop
endfacet
facet normal 0.35138246 0.9099194 0.22040208
 outer loop
  vertex 0.2992908 0.61762357 1.0152498
  vertex 0.44382918 0.52197826 1.1796824
  vertex 0.4609859 0.55596125 1.0120326
 endloop
endfacet
facet normal 0.31743228 0.8581454 0.40351352
 outer loop
  vertex 0.2894547 0.5778676 1.1869518
  vertex 0.27805465 0.5096315 1.3410364
  vertex 0.4210197 0.4645308 1.324485
 endloop
endfacet
facet normal 0.32937557 0.85872287 0.39256442
 outer loop
  vertex 0.2894547 0.5778676 1.1869518
  vertex 0.4210197 0.4645308 1.324485
  vertex 0.44382918 0.52197826 1.1796824
 endloop
endfacet
facet normal 0.09992737 0.9924262 0.07144763
 outer loop
  vertex -3.4647742e-16 0.6750845 0.83543694
  vertex -3.4647742e-16 0.6618991 1.0185853
  vertex 0.12684837 0.64914465 1.0183364
 endloop
endfacet
facet normal 0.10348939 0.9922378 0.06895052
 outer loop
  vertex -3.4647742e-16 0.6750845 0.83543694
  vertex 0.12684837 0.64914465 1.0183364
  vertex 0.12947059 0.66149735 0.8366381
 endloop
endfacet
facet normal 0.09391207 0.9652084 0.24403538
 outer loop
  vertex -3.4647742e-16 0.6618991 1.0185853
  vertex -3.4647742e-16 0.61737776 1.194676
  vertex 0.12213561 0.6059586 1.1928397
 endloop
endfacet
facet normal 0.09755059 0.96546805 0.24156846
 outer loop
  vertex -3.4647742e-16 0.6618991 1.0185853
  vertex 0.12213561 0.6059586 1.1928397
  vertex 0.12684837 0.64914465 1.0183364
 endloop
endfacet
facet normal 0.086808 0.9017138 0.42352876
 outer loop
  vertex -3.4647742e-16 0.61737776 1.194676
  vertex -3.4647742e-16 0.54171 1.3557764
  vertex 0.11729732 0.5321896 1.3520042
 endloop
endfacet
facet normal 0.09070983 0.9024939 0.42104217
 outer loop
  vertex -3.4647742e-16 0.61737776 1.194676
  vertex 0.11729732 0.5321896 1.3520042
  vertex 0.12213561 0.6059586 1.1928397
 endloop
endfacet
facet normal 0.07976897 0.7904723 0.60728115
 outer loop
  vertex -3.4647742e-16 0.54171 1.3557764
  vertex -3.4647742e-16 0.4352331 1.494373
  vertex 0.11456689 0.42812857 1.4885718
 endloop
endfacet
facet normal 0.08372364 0.7918046 0.6050089
 outer loop
  vertex -3.4647742e-16 0.54171 1.3557764
  vertex 0.11456689 0.42812857 1.4885718
  vertex 0.11729732 0.5321896 1.3520042
 endloop
endfacet
facet normal 0.14448485 0.7856641 0.60154474
 outer loop
  vertex 0.11729732 0.5321896 1.3520042
  vertex 0.11456689 0.42812857 1.4885718
  vertex 0.27217507 0.41252002 1.4711019
 endloop
endfacet
facet normal 0.15133 0.7887723 0.59576637
 outer loop
  vertex 0.11729732 0.5321896 1.3520042
  vertex 0.27217507 0.41252002 1.4711019
  vertex 0.27805465 0.5096315 1.3410364
 endloop
endfacet
facet normal 0.2970053 0.7586496 0.57986087
 outer loop
  vertex 0.27805465 0.5096315 1.3410364
  vertex 0.27217507 0.41252002 1.4711019
  vertex 0.4080139 0.38321248 1.439869
 endloop
endfacet
facet normal 0.3063559 0.76149374 0.5712034
 outer loop
  vertex 0.27805465 0.5096315 1.3410364
  vertex 0.4080139 0.38321248 1.439869
  vertex 0.4210197 0.4645308 1.324485
 endloop
endfacet
facet normal 0.43542632 0.71200067 0.5508711
 outer loop
  vertex 0.4210197 0.4645308 1.324485
  vertex 0.4080139 0.38321248 1.439869
  vertex 0.49908346 0.35251483 1.4075614
 endloop
endfacet
facet normal 0.46486625 0.7131311 0.52473176
 outer loop
  vertex 0.4210197 0.4645308 1.324485
  vertex 0.49908346 0.35251483 1.4075614
  vertex 0.5379101 0.39320245 1.3178684
 endloop
endfacet
facet normal 0.49624446 0.77736855 0.38657415
 outer loop
  vertex 0.44382918 0.52197826 1.1796824
  vertex 0.4210197 0.4645308 1.324485
  vertex 0.5379101 0.39320245 1.3178684
 endloop
endfacet
facet normal 0.5014069 0.77628976 0.38205406
 outer loop
  vertex 0.44382918 0.52197826 1.1796824
  vertex 0.5379101 0.39320245 1.3178684
  vertex 0.57823485 0.43558595 1.1788279
 endloop
endfacet
facet normal 0.5284171 0.8199113 0.22027437
 outer loop
  vertex 0.4609859 0.55596125 1.0120326
  vertex 0.44382918 0.52197826 1.1796824
  vertex 0.57823485 0.43558595 1.1788279
 endloop
endfacet
facet normal 0.53242147 0.8183658 0.21634412
 outer loop
  vertex 0.4609859 0.55596125 1.0120326
  vertex 0.57823485 0.43558595 1.1788279
  vertex 0.60469854 0.46261486 1.0114585
 endloop
endfacet
facet normal 0.543923 0.83703923 0.05927121
 outer loop
  vertex 0.4671802 0.5645926 0.833295
  vertex 0.4609859 0.55596125 1.0120326
  vertex 0.60469854 0.46261486 1.0114585
 endloop
endfacet
facet normal 0.5492714 0.8339382 0.05336797
 outer loop
  vertex 0.4671802 0.5645926 0.833295
  vertex 0.60469854 0.46261486 1.0114585
  vertex 0.6129967 0.4686961 0.8310262
 endloop
endfacet
facet normal 0.35669774 0.9319947 0.06444078
 outer loop
  vertex 0.30357698 0.6284385 0.8351108
  vertex 0.2992908 0.61762357 1.0152498
  vertex 0.4609859 0.55596125 1.0120326
 endloop
endfacet
facet normal 0.3634983 0.9298187 0.057498828
 outer loop
  vertex 0.30357698 0.6284385 0.8351108
  vertex 0.4609859 0.55596125 1.0120326
  vertex 0.4671802 0.5645926 0.833295
 endloop
endfacet
facet normal 0.1805805 0.9811153 0.06930692
 outer loop
  vertex 0.12947059 0.66149735 0.8366381
  vertex 0.12684837 0.64914465 1.0183364
  vertex 0.2992908 0.61762357 1.0152498
 endloop
endfacet
facet normal 0.18670629 0.9803743 0.063300595
 outer loop
  vertex 0.12947059 0.66149735 0.8366381
  vertex 0.2992908 0.61762357 1.0152498
  vertex 0.30357698 0.6284385 0.8351108
 endloop
endfacet
facet normal 0.17039366 0.88080597 -0.44175425
 outer loop
  vertex 0.12232265 0.51863945 0.33080363
  vertex 0.12564611 0.5954256 0.48518813
  vertex 0.29123205 0.5654073 0.489205
 endloop
endfacet
facet normal 0.16567247 0.88377684 -0.43759698
 outer loop
  vertex 0.12232265 0.51863945 0.33080363
  vertex 0.29123205 0.5654073 0.489205
  vertex 0.28074107 0.49386945 0.3407544
 endloop
endfacet
facet normal 0.1809837 0.9462026 -0.2682267
 outer loop
  vertex 0.12564611 0.5954256 0.48518813
  vertex 0.12866166 0.6433338 0.65622485
  vertex 0.30016235 0.6106396 0.6566106
 endloop
endfacet
facet normal 0.17820783 0.9474934 -0.26551533
 outer loop
  vertex 0.12564611 0.5954256 0.48518813
  vertex 0.30016235 0.6106396 0.6566106
  vertex 0.29123205 0.5654073 0.489205
 endloop
endfacet
facet normal 0.33360916 0.83981115 -0.42827812
 outer loop
  vertex 0.28074107 0.49386945 0.3407544
  vertex 0.29123205 0.5654073 0.489205
  vertex 0.44316095 0.50770843 0.49440897
 endloop
endfacet
facet normal 0.32900995 0.84389526 -0.42378435
 outer loop
  vertex 0.28074107 0.49386945 0.3407544
  vertex 0.44316095 0.50770843 0.49440897
  vertex 0.4206916 0.44698903 0.35605216
 endloop
endfacet
facet normal 0.35263517 0.8984592 -0.26157132
 outer loop
  vertex 0.29123205 0.5654073 0.489205
  vertex 0.30016235 0.6106396 0.6566106
  vertex 0.4604432 0.54775584 0.6566955
 endloop
endfacet
facet normal 0.3506338 0.89987063 -0.25940064
 outer loop
  vertex 0.29123205 0.5654073 0.489205
  vertex 0.4604432 0.54775584 0.6566955
  vertex 0.44316095 0.50770843 0.49440897
 endloop
endfacet
facet normal 0.11236873 0.8895184 -0.44286597
 outer loop
  vertex -3.4647742e-16 0.5304693 0.32283986
  vertex -3.4647742e-16 0.60871637 0.480003
  vertex 0.12564611 0.5954256 0.48518813
 endloop
endfacet
facet normal 0.114852674 0.8884542 -0.44436258
 outer loop
  vertex -3.4647742e-16 0.5304693 0.32283986
  vertex 0.12564611 0.5954256 0.48518813
  vertex 0.12232265 0.51863945 0.33080363
 endloop
endfacet
facet normal 0.10897685 0.9573399 -0.26762733
 outer loop
  vertex -3.4647742e-16 0.60871637 0.480003
  vertex -3.4647742e-16 0.65716326 0.6533042
  vertex 0.12866166 0.6433338 0.65622485
 endloop
endfacet
facet normal 0.112296246 0.956331 -0.26985267
 outer loop
  vertex -3.4647742e-16 0.60871637 0.480003
  vertex 0.12866166 0.6433338 0.65622485
  vertex 0.12564611 0.5954256 0.48518813
 endloop
endfacet
facet normal 0.10476801 0.98971707 -0.09738463
 outer loop
  vertex -3.4647742e-16 0.65716326 0.6533042
  vertex -3.4647742e-16 0.6750845 0.83543694
  vertex 0.12947059 0.66149735 0.8366381
 endloop
endfacet
facet normal 0.108580336 0.98903894 -0.10006086
 outer loop
  vertex -3.4647742e-16 0.65716326 0.6533042
  vertex 0.12947059 0.66149735 0.8366381
  vertex 0.12866166 0.6433338 0.65622485
 endloop
endfacet
facet normal 0.18478253 0.97775334 -0.09926631
 outer loop
  vertex 0.12866166 0.6433338 0.65622485
  vertex 0.12947059 0.66149735 0.8366381
  vertex 0.30357698 0.6284385 0.8351108
 endloop
endfacet
facet normal 0.18652508 0.9772434 -0.10101264
 outer loop
  vertex 0.12866166 0.6433338 0.65622485
  vertex 0.30357698 0.6284385 0.8351108
  vertex 0.30016235 0.6106396 0.6566106
 endloop
endfacet
facet normal 0.36078936 0.9273385 -0.099370025
 outer loop
  vertex 0.30016235 0.6106396 0.6566106
  vertex 0.30357698 0.6284385 0.8351108
  vertex 0.4671802 0.5645926 0.833295
 endloop
endfacet
facet normal 0.36336744 0.9260291 -0.10214828
 outer loop
  vertex 0.30016235 0.6106396 0.6566106
  vertex 0.4671802 0.5645926 0.833295
  vertex 0.4604432 0.54775584 0.6566955
 endloop
endfacet
facet normal 0.54562485 0.83202505 -0.1001389
 outer loop
  vertex 0.4604432 0.54775584 0.6566955
  vertex 0.4671802 0.5645926 0.833295
  vertex 0.6129967 0.4686961 0.8310262
 endloop
endfacet
facet normal 0.55110544 0.82755154 -0.106963634
 outer loop
  vertex 0.4604432 0.54775584 0.6566955
  vertex 0.6129967 0.4686961 0.8310262
  vertex 0.6020544 0.45304325 0.65354645
 endloop
endfacet
facet normal 0.5335131 0.80619526 -0.2557596
 outer loop
  vertex 0.44316095 0.50770843 0.49440897
  vertex 0.4604432 0.54775584 0.6566955
  vertex 0.6020544 0.45304325 0.65354645
 endloop
endfacet
facet normal 0.53748274 0.8017904 -0.26123625
 outer loop
  vertex 0.44316095 0.50770843 0.49440897
  vertex 0.6020544 0.45304325 0.65354645
  vertex 0.57422894 0.41947022 0.49325383
 endloop
endfacet
facet normal 0.5057811 0.75670403 -0.41422743
 outer loop
  vertex 0.4206916 0.44698903 0.35605216
  vertex 0.44316095 0.50770843 0.49440897
  vertex 0.57422894 0.41947022 0.49325383
 endloop
endfacet
facet normal 0.5066879 0.7553961 -0.4155045
 outer loop
  vertex 0.4206916 0.44698903 0.35605216
  vertex 0.57422894 0.41947022 0.49325383
  vertex 0.53406143 0.37417915 0.36193132
 endloop
endfacet
facet normal 0.49694473 0.73675185 -0.45852226
 outer loop
  vertex 0.40800297 0.38753206 0.24676502
  vertex 0.4206916 0.44698903 0.35605216
  vertex 0.53406143 0.37417915 0.36193132
 endloop
endfacet
facet normal 0.5698633 0.6075302 -0.5533199
 outer loop
  vertex 0.40800297 0.38753206 0.24676502
  vertex 0.53406143 0.37417915 0.36193132
  vertex 0.4961202 0.3329669 0.27760577
 endloop
endfacet
facet normal 0.41450965 -0.35742766 0.8369154
 outer loop
  vertex 0.3431635 -0.8763152 -0.11882639
  vertex 0.51162773 -0.80314964 -0.17101645
  vertex 0.5251745 -0.60886115 -0.09474969
 endloop
endfacet
facet normal 0.5694944 -0.4495119 0.6881971
 outer loop
  vertex 0.3431635 -0.8763152 -0.11882639
  vertex 0.5251745 -0.60886115 -0.09474969
  vertex 0.3773024 -0.7185722 -0.04404342
 endloop
endfacet
facet normal 0.9663837 -0.2570579 0.0048873103
 outer loop
  vertex 1.3124273 -0.072144985 -1.08855
  vertex 1.3117508 -0.071686864 -0.9306851
  vertex 1.2711005 -0.2245732 -0.93414414
 endloop
endfacet
facet normal 0.96743184 -0.25296417 0.009209178
 outer loop
  vertex 1.3124273 -0.072144985 -1.08855
  vertex 1.2711005 -0.2245732 -0.93414414
  vertex 1.2729201 -0.22332948 -1.0911326
 endloop
endfacet
facet normal 0.9544688 -0.25679758 0.15180357
 outer loop
  vertex 1.3117508 -0.071686864 -0.9306851
  vertex 1.2857782 -0.06889802 -0.76266396
  vertex 1.2452163 -0.22220975 -0.76697874
 endloop
endfacet
facet normal 0.95442295 -0.25719306 0.15142132
 outer loop
  vertex 1.3117508 -0.071686864 -0.9306851
  vertex 1.2452163 -0.22220975 -0.76697874
  vertex 1.2711005 -0.2245732 -0.93414414
 endloop
endfacet
facet normal 0.8855338 -0.22269994 -0.4077189
 outer loop
  vertex 1.2341981 -0.06251371 -1.35679
  vertex 1.2914362 -0.068775654 -1.2290529
  vertex 1.2534885 -0.21657747 -1.2307415
 endloop
endfacet
facet normal 0.88860154 -0.21863472 -0.40321964
 outer loop
  vertex 1.2341981 -0.06251371 -1.35679
  vertex 1.2534885 -0.21657747 -1.2307415
  vertex 1.1987021 -0.20516884 -1.357664
 endloop
endfacet
facet normal 0.95733607 -0.24762389 -0.14896382
 outer loop
  vertex 1.2914362 -0.068775654 -1.2290529
  vertex 1.3124273 -0.072144985 -1.08855
  vertex 1.2729201 -0.22332948 -1.0911326
 endloop
endfacet
facet normal 0.95871013 -0.24448624 -0.14526325
 outer loop
  vertex 1.2914362 -0.068775654 -1.2290529
  vertex 1.2729201 -0.22332948 -1.0911326
  vertex 1.2534885 -0.21657747 -1.2307415
 endloop
endfacet
facet normal 0.5881455 -0.13558339 -0.7973092
 outer loop
  vertex 0.9836973 -0.04785508 -1.5871276
  vertex 1.129386 -0.054757714 -1.4784846
  vertex 1.0977575 -0.19064695 -1.4787077
 endloop
endfacet
facet normal 0.5979998 -0.123610154 -0.7919071
 outer loop
  vertex 0.9836973 -0.04785508 -1.5871276
  vertex 1.0977575 -0.19064695 -1.4787077
  vertex 0.95724595 -0.17752725 -1.5868613
 endloop
endfacet
facet normal 0.7396205 -0.18006194 -0.64848995
 outer loop
  vertex 1.129386 -0.054757714 -1.4784846
  vertex 1.2341981 -0.06251371 -1.35679
  vertex 1.1987021 -0.20516884 -1.357664
 endloop
endfacet
facet normal 0.74617416 -0.17261817 -0.64298296
 outer loop
  vertex 1.129386 -0.054757714 -1.4784846
  vertex 1.1987021 -0.20516884 -1.357664
  vertex 1.0977575 -0.19064695 -1.4787077
 endloop
endfacet
facet normal 0.6798117 -0.16986562 0.7134436
 outer loop
  vertex 1.1215034 -0.06017393 -0.4331081
  vertex 0.96730924 -0.05335027 -0.28455806
  vertex 0.94084036 -0.20102376 -0.2944969
 endloop
endfacet
facet normal 0.6847832 -0.18456358 0.70498806
 outer loop
  vertex 1.1215034 -0.06017393 -0.4331081
  vertex 0.94084036 -0.20102376 -0.2944969
  vertex 1.0880079 -0.21097153 -0.44005096
 endloop
endfacet
facet normal 0.58992785 -0.15501896 0.7924357
 outer loop
  vertex 0.96730924 -0.05335027 -0.28455806
  vertex 0.78023356 -0.049461782 -0.1445291
  vertex 0.7613317 -0.19660378 -0.15924203
 endloop
endfacet
facet normal 0.59159195 -0.15922971 0.7903575
 outer loop
  vertex 0.96730924 -0.05335027 -0.28455806
  vertex 0.7613317 -0.19660378 -0.15924203
  vertex 0.94084036 -0.20102376 -0.2944969
 endloop
endfacet
facet normal 0.91299766 -0.240155 0.32978925
 outer loop
  vertex 1.2857782 -0.06889802 -0.76266396
  vertex 1.225864 -0.06531131 -0.5941842
  vertex 1.1875898 -0.21807271 -0.5994666
 endloop
endfacet
facet normal 0.9134898 -0.25070193 0.3204447
 outer loop
  vertex 1.2857782 -0.06889802 -0.76266396
  vertex 1.1875898 -0.21807271 -0.5994666
  vertex 1.2452163 -0.22220975 -0.76697874
 endloop
endfacet
facet normal 0.8181538 -0.20643824 0.53666335
 outer loop
  vertex 1.225864 -0.06531131 -0.5941842
  vertex 1.1215034 -0.06017393 -0.4331081
  vertex 1.0880079 -0.21097153 -0.44005096
 endloop
endfacet
facet normal 0.82204473 -0.22406474 0.5234859
 outer loop
  vertex 1.225864 -0.06531131 -0.5941842
  vertex 1.0880079 -0.21097153 -0.44005096
  vertex 1.1875898 -0.21807271 -0.5994666
 endloop
endfacet
facet normal 0.00016332859 -0.0012713314 -0.99999917
 outer loop
  vertex 0.44819614 -0.06298816 -1.5976474
  vertex 0.7131193 -0.05502063 -1.5976143
  vertex 0.69605345 -0.19148773 -1.5974436
 endloop
endfacet
facet normal 0.000605261 -0.00041890767 -0.9999998
 outer loop
  vertex 0.44819614 -0.06298816 -1.5976474
  vertex 0.69605345 -0.19148773 -1.5974436
  vertex 0.43927813 -0.20620722 -1.5975928
 endloop
endfacet
facet normal 0.038990308 -0.01000557 -0.99918944
 outer loop
  vertex 0.7131193 -0.05502063 -1.5976143
  vertex 0.9836973 -0.04785508 -1.5871276
  vertex 0.95724595 -0.17752725 -1.5868613
 endloop
endfacet
facet normal 0.040820494 -0.006354647 -0.9991463
 outer loop
  vertex 0.7131193 -0.05502063 -1.5976143
  vertex 0.95724595 -0.17752725 -1.5868613
  vertex 0.69605345 -0.19148773 -1.5974436
 endloop
endfacet
facet normal 9.452394e-06 -4.7171343e-05 -1
 outer loop
  vertex -3.4647742e-16 -0.071835995 -1.597663
  vertex 0.21467687 -0.06925261 -1.5976611
  vertex 0.21106914 -0.21655053 -1.5976542
 endloop
endfacet
facet normal 4.17943e-05 0 -1
 outer loop
  vertex -3.4647742e-16 -0.071835995 -1.597663
  vertex 0.21106914 -0.21655053 -1.5976542
  vertex -3.4647742e-16 -0.22045153 -1.597663
 endloop
endfacet
facet normal 6.9048394e-05 -0.00038551874 -0.9999999
 outer loop
  vertex 0.21467687 -0.06925261 -1.5976611
  vertex 0.44819614 -0.06298816 -1.5976474
  vertex 0.43927813 -0.20620722 -1.5975928
 endloop
endfacet
facet normal 0.0002714488 -5.358834e-05 -0.9999999
 outer loop
  vertex 0.21467687 -0.06925261 -1.5976611
  vertex 0.43927813 -0.20620722 -1.5975928
  vertex 0.21106914 -0.21655053 -1.5976542
 endloop
endfacet
facet normal 0.54393166 -0.15906638 0.8239151
 outer loop
  vertex 0.7613317 -0.19660378 -0.15924203
  vertex 0.5672569 -0.21643251 -0.034946084
  vertex 0.55573595 -0.35675883 -0.054431796
 endloop
endfacet
facet normal 0.5404013 -0.15216626 0.82753366
 outer loop
  vertex 0.7613317 -0.19660378 -0.15924203
  vertex 0.55573595 -0.35675883 -0.054431796
  vertex 0.7424298 -0.34374577 -0.17395496
 endloop
endfacet
facet normal 0.03910735 -0.52968645 0.84729147
 outer loop
  vertex 0.14498329 -0.78407687 -0.027157187
  vertex -3.4647742e-16 -0.79478115 -0.027157187
  vertex -3.4647742e-16 -0.92531663 -0.10876179
 endloop
endfacet
facet normal 0.03892873 -0.52955526 0.8473817
 outer loop
  vertex 0.14498329 -0.78407687 -0.027157187
  vertex -3.4647742e-16 -0.92531663 -0.10876179
  vertex 0.15182374 -0.9144667 -0.1089561
 endloop
endfacet
facet normal 0.13494484 -0.44815588 0.8837116
 outer loop
  vertex 0.15182374 -0.9144667 -0.1089561
  vertex 0.3431635 -0.8763152 -0.11882639
  vertex 0.3773024 -0.7185722 -0.04404342
 endloop
endfacet
facet normal 0.2050851 -0.51238537 0.83390725
 outer loop
  vertex 0.15182374 -0.9144667 -0.1089561
  vertex 0.3773024 -0.7185722 -0.04404342
  vertex 0.14498329 -0.78407687 -0.027157187
 endloop
endfacet
facet normal 0.5964064 -0.15823928 0.7869305
 outer loop
  vertex 0.5672569 -0.21643251 -0.034946084
  vertex 0.5807153 -0.052508652 -0.012183547
  vertex 0.49006033 -0.048854113 0.05725777
 endloop
endfacet
facet normal 0.74952483 -0.018805306 0.661709
 outer loop
  vertex 0.5672569 -0.21643251 -0.034946084
  vertex 0.49006033 -0.048854113 0.05725777
  vertex 0.5048568 -0.22537255 0.035481095
 endloop
endfacet
facet normal 0.040328342 -0.5462241 0.8366677
 outer loop
  vertex -3.4647742e-16 -0.68312436 0.045738697
  vertex -3.4647742e-16 -0.79478115 -0.027157187
  vertex 0.14498329 -0.78407687 -0.027157187
 endloop
endfacet
facet normal 0 -0.5854153 0.8107337
 outer loop
  vertex -3.4647742e-16 -0.68312436 0.045738697
  vertex 0.14498329 -0.78407687 -0.027157187
  vertex 0.13670838 -0.68312436 0.045738697
 endloop
endfacet
facet normal 0.11550383 -0.5221577 -0.8449912
 outer loop
  vertex 0.12198877 -0.73272866 0.093066335
  vertex -3.4647742e-16 -0.73885006 0.08017409
  vertex -3.4647742e-16 -0.68312436 0.045738697
 endloop
endfacet
facet normal -0 -0.69030845 -0.72351515
 outer loop
  vertex 0.12198877 -0.73272866 0.093066335
  vertex -3.4647742e-16 -0.68312436 0.045738697
  vertex 0.13670838 -0.68312436 0.045738697
 endloop
endfacet
facet normal 0.1630858 -0.41589293 -0.8946709
 outer loop
  vertex 0.2915743 -0.57079726 0.048704624
  vertex 0.2805507 -0.72154135 0.11676943
  vertex 0.12198877 -0.73272866 0.093066335
 endloop
endfacet
facet normal 0.4975809 -0.67151946 -0.54906726
 outer loop
  vertex 0.2915743 -0.57079726 0.048704624
  vertex 0.12198877 -0.73272866 0.093066335
  vertex 0.13670838 -0.68312436 0.045738697
 endloop
endfacet
facet normal 0.18823615 -0.441436 0.87732637
 outer loop
  vertex 0.14498329 -0.78407687 -0.027157187
  vertex 0.3773024 -0.7185722 -0.04404342
  vertex 0.2915743 -0.57079726 0.048704624
 endloop
endfacet
facet normal 0.3659966 -0.52489203 0.7684626
 outer loop
  vertex 0.14498329 -0.78407687 -0.027157187
  vertex 0.2915743 -0.57079726 0.048704624
  vertex 0.13670838 -0.68312436 0.045738697
 endloop
endfacet
facet normal 0.19474292 0.8187271 -0.54014915
 outer loop
  vertex 0.1449965 0.41631767 0.15917623
  vertex 0.11801013 0.4789721 0.24441469
  vertex 0.2650058 0.44480622 0.24562514
 endloop
endfacet
facet normal 0.253541 0.7574961 -0.6015951
 outer loop
  vertex 0.1449965 0.41631767 0.15917623
  vertex 0.2650058 0.44480622 0.24562514
  vertex 0.27539617 0.35016277 0.13083422
 endloop
endfacet
facet normal 0.39741674 -0.311245 0.86324185
 outer loop
  vertex 0.2915743 -0.57079726 0.048704624
  vertex 0.3773024 -0.7185722 -0.04404342
  vertex 0.3755546 -0.48569304 0.04072666
 endloop
endfacet
facet normal 0.48531938 -0.29585028 0.82276213
 outer loop
  vertex 0.3773024 -0.7185722 -0.04404342
  vertex 0.4884113 -0.36190224 0.018669248
  vertex 0.3755546 -0.48569304 0.04072666
 endloop
endfacet
facet normal 0.3304046 0.8154675 -0.47523215
 outer loop
  vertex 0.40800297 0.38753206 0.24676502
  vertex 0.2650058 0.44480622 0.24562514
  vertex 0.28074107 0.49386945 0.3407544
 endloop
endfacet
facet normal 0.32531434 0.8142684 -0.4807677
 outer loop
  vertex 0.40800297 0.38753206 0.24676502
  vertex 0.28074107 0.49386945 0.3407544
  vertex 0.4206916 0.44698903 0.35605216
 endloop
endfacet
facet normal 0.067466795 0.905424 -0.4191128
 outer loop
  vertex 0.12232265 0.51863945 0.33080363
  vertex 0.11801013 0.4789721 0.24441469
  vertex -3.4647742e-16 0.4872982 0.2434051
 endloop
endfacet
facet normal 0.11528651 0.8727659 -0.47432983
 outer loop
  vertex 0.12232265 0.51863945 0.33080363
  vertex -3.4647742e-16 0.4872982 0.2434051
  vertex -3.4647742e-16 0.5304693 0.32283986
 endloop
endfacet
facet normal 0.13852388 0.8183979 -0.55770606
 outer loop
  vertex 0.11801013 0.4789721 0.24441469
  vertex 0.1449965 0.41631767 0.15917623
  vertex -3.4647742e-16 0.4441271 0.16397035
 endloop
endfacet
facet normal 0.06593182 0.8767127 -0.47647446
 outer loop
  vertex 0.11801013 0.4789721 0.24441469
  vertex -3.4647742e-16 0.4441271 0.16397035
  vertex -3.4647742e-16 0.4872982 0.2434051
 endloop
endfacet
facet normal 0.20291501 0.85618985 -0.47514686
 outer loop
  vertex 0.28074107 0.49386945 0.3407544
  vertex 0.2650058 0.44480622 0.24562514
  vertex 0.11801013 0.4789721 0.24441469
 endloop
endfacet
facet normal 0.16590662 0.893015 -0.41832903
 outer loop
  vertex 0.28074107 0.49386945 0.3407544
  vertex 0.11801013 0.4789721 0.24441469
  vertex 0.12232265 0.51863945 0.33080363
 endloop
endfacet
facet normal 0.99655926 -0.082875445 0.0010831171
 outer loop
  vertex 1.3386976 0.25032088 -1.0853596
  vertex 1.3387495 0.25302458 -0.926306
  vertex 1.3252501 0.09066886 -0.9284955
 endloop
endfacet
facet normal 0.99669194 -0.08122442 0.0027748595
 outer loop
  vertex 1.3386976 0.25032088 -1.0853596
  vertex 1.3252501 0.09066886 -0.9284955
  vertex 1.3255625 0.08908796 -1.0869548
 endloop
endfacet
facet normal 0.6399644 0.5363368 -0.5502621
 outer loop
  vertex 0.4961202 0.3329669 0.27760577
  vertex 0.5337626 0.24694696 0.23754144
  vertex 0.39653248 0.2742019 0.10450566
 endloop
endfacet
facet normal 0.5717035 0.6186355 -0.53892964
 outer loop
  vertex 0.4961202 0.3329669 0.27760577
  vertex 0.39653248 0.2742019 0.10450566
  vertex 0.40800297 0.38753206 0.24676502
 endloop
endfacet
facet normal 0.7259272 -0.24460012 -0.6428067
 outer loop
  vertex 0.45997792 -0.40013987 0.05130124
  vertex 0.5048568 -0.22537255 0.035481095
  vertex 0.60938853 -0.22390169 0.15296996
 endloop
endfacet
facet normal 0.61898243 -0.07367011 -0.78194207
 outer loop
  vertex 0.45997792 -0.40013987 0.05130124
  vertex 0.60938853 -0.22390169 0.15296996
  vertex 0.6002872 -0.40076703 0.16242862
 endloop
endfacet
facet normal 0.7385131 0.14318717 -0.65885943
 outer loop
  vertex 0.60938853 -0.22390169 0.15296996
  vertex 0.5048568 -0.22537255 0.035481095
  vertex 0.49006033 -0.048854113 0.05725777
 endloop
endfacet
facet normal 0.6960004 0.08458056 -0.7130425
 outer loop
  vertex 0.60938853 -0.22390169 0.15296996
  vertex 0.49006033 -0.048854113 0.05725777
  vertex 0.59977424 -0.047611177 0.1644969
 endloop
endfacet
facet normal 0.71139723 -0.68011457 -0.17708206
 outer loop
  vertex 0.3755546 -0.48569304 0.04072666
  vertex 0.4884113 -0.36190224 0.018669248
  vertex 0.45997792 -0.40013987 0.05130124
 endloop
endfacet
facet normal 0.8313716 -0.16546735 0.53051084
 outer loop
  vertex 0.4884113 -0.36190224 0.018669248
  vertex 0.5048568 -0.22537255 0.035481095
  vertex 0.45997792 -0.40013987 0.05130124
 endloop
endfacet
facet normal 0.5418004 -0.058189556 0.8384905
 outer loop
  vertex 0.5807153 -0.052508652 -0.012183547
  vertex 0.5889703 0.12335831 -0.0053128004
  vertex 0.45510945 0.11901766 0.080881715
 endloop
endfacet
facet normal 0.6084087 0.01500699 0.79348195
 outer loop
  vertex 0.5807153 -0.052508652 -0.012183547
  vertex 0.45510945 0.11901766 0.080881715
  vertex 0.49006033 -0.048854113 0.05725777
 endloop
endfacet
facet normal 0.9852207 -0.07875744 -0.15211043
 outer loop
  vertex 1.3166324 0.24783811 -1.2269903
  vertex 1.3386976 0.25032088 -1.0853596
  vertex 1.3255625 0.08908796 -1.0869548
 endloop
endfacet
facet normal 0.985549 -0.077449195 -0.15064828
 outer loop
  vertex 1.3166324 0.24783811 -1.2269903
  vertex 1.3255625 0.08908796 -1.0869548
  vertex 1.3040342 0.08953124 -1.2280216
 endloop
endfacet
facet normal 0.90724385 -0.069496684 -0.4148238
 outer loop
  vertex 1.2576492 0.24596596 -1.3556764
  vertex 1.3166324 0.24783811 -1.2269903
  vertex 1.3040342 0.08953124 -1.2280216
 endloop
endfacet
facet normal 0.9082976 -0.06755976 -0.4128331
 outer loop
  vertex 1.2576492 0.24596596 -1.3556764
  vertex 1.3040342 0.08953124 -1.2280216
  vertex 1.2459236 0.091726124 -1.3562332
 endloop
endfacet
facet normal 0.75016695 -0.054649796 -0.65898633
 outer loop
  vertex 1.1500757 0.2449922 -1.4780536
  vertex 1.2576492 0.24596596 -1.3556764
  vertex 1.2459236 0.091726124 -1.3562332
 endloop
endfacet
facet normal 0.75269246 -0.051009357 -0.65639323
 outer loop
  vertex 1.1500757 0.2449922 -1.4780536
  vertex 1.2459236 0.091726124 -1.3562332
  vertex 1.1397308 0.09511727 -1.4782691
 endloop
endfacet
facet normal 0.58979255 -0.039549507 -0.8065858
 outer loop
  vertex 1.0008187 0.24458072 -1.5871732
  vertex 1.1500757 0.2449922 -1.4780536
  vertex 1.1397308 0.09511727 -1.4782691
 endloop
endfacet
facet normal 0.5931089 -0.03485103 -0.80436754
 outer loop
  vertex 1.0008187 0.24458072 -1.5871732
  vertex 1.1397308 0.09511727 -1.4782691
  vertex 0.992258 0.0983628 -1.5871503
 endloop
endfacet
facet normal 0.5963633 -0.06167051 0.8003422
 outer loop
  vertex 0.98573107 0.26781735 -0.27320468
  vertex 0.79624873 0.27947685 -0.13111627
  vertex 0.78824115 0.11500752 -0.13782275
 endloop
endfacet
facet normal 0.59676325 -0.06250936 0.7999788
 outer loop
  vertex 0.98573107 0.26781735 -0.27320468
  vertex 0.78824115 0.11500752 -0.13782275
  vertex 0.9765202 0.107233524 -0.27888143
 endloop
endfacet
facet normal 0.68842113 -0.065023966 0.7223907
 outer loop
  vertex 1.1438156 0.26226798 -0.42435503
  vertex 0.98573107 0.26781735 -0.27320468
  vertex 0.9765202 0.107233524 -0.27888143
 endloop
endfacet
facet normal 0.68946874 -0.067287356 0.72118324
 outer loop
  vertex 1.1438156 0.26226798 -0.42435503
  vertex 0.9765202 0.107233524 -0.27888143
  vertex 1.1326594 0.10104704 -0.42873156
 endloop
endfacet
facet normal 0.83208376 -0.07250613 0.54989046
 outer loop
  vertex 1.2511832 0.25871265 -0.5872903
  vertex 1.1438156 0.26226798 -0.42435503
  vertex 1.1326594 0.10104704 -0.42873156
 endloop
endfacet
facet normal 0.8337021 -0.07677986 0.5468506
 outer loop
  vertex 1.2511832 0.25871265 -0.5872903
  vertex 1.1326594 0.10104704 -0.42873156
  vertex 1.2385236 0.09670067 -0.5907372
 endloop
endfacet
facet normal 0.93678653 -0.08044514 0.34052828
 outer loop
  vertex 1.3126518 0.25580782 -0.7570754
  vertex 1.2511832 0.25871265 -0.5872903
  vertex 1.2385236 0.09670067 -0.5907372
 endloop
endfacet
facet normal 0.9374459 -0.083402924 0.33799285
 outer loop
  vertex 1.3126518 0.25580782 -0.7570754
  vertex 1.2385236 0.09670067 -0.5907372
  vertex 1.299215 0.0934549 -0.7598697
 endloop
endfacet
facet normal 0.037974104 -0.0023797164 -0.99927586
 outer loop
  vertex 0.7247806 0.24454954 -1.597663
  vertex 1.0008187 0.24458072 -1.5871732
  vertex 0.992258 0.0983628 -1.5871503
 endloop
endfacet
facet normal 0.038368776 -0.0016566087 -0.9992623
 outer loop
  vertex 0.7247806 0.24454954 -1.597663
  vertex 0.992258 0.0983628 -1.5871503
  vertex 0.71895 0.09476447 -1.5976386
 endloop
endfacet
facet normal -0 -0.00016315313 -1
 outer loop
  vertex 0.4549201 0.24454954 -1.597663
  vertex 0.7247806 0.24454954 -1.597663
  vertex 0.71895 0.09476447 -1.5976386
 endloop
endfacet
facet normal 6.31865e-05 -5.177275e-05 -1
 outer loop
  vertex 0.4549201 0.24454954 -1.597663
  vertex 0.71895 0.09476447 -1.5976386
  vertex 0.4515581 0.090780675 -1.5976553
 endloop
endfacet
facet normal 6.3300693e-12 -5.039124e-05 -1
 outer loop
  vertex 0.21767531 0.24454951 -1.597663
  vertex 0.4549201 0.24454954 -1.597663
  vertex 0.4515581 0.090780675 -1.5976553
 endloop
endfacet
facet normal 2.8952227e-05 -6.3548323e-06 -1
 outer loop
  vertex 0.21767531 0.24454951 -1.597663
  vertex 0.4515581 0.090780675 -1.5976553
  vertex 0.2161761 0.08764845 -1.5976621
 endloop
endfacet
facet normal -0 -6.078189e-06 -1
 outer loop
  vertex -3.4647742e-16 0.24454951 -1.597663
  vertex 0.21767531 0.24454951 -1.597663
  vertex 0.2161761 0.08764845 -1.5976621
 endloop
endfacet
facet normal 4.4115623e-06 0 -1
 outer loop
  vertex -3.4647742e-16 0.24454951 -1.597663
  vertex 0.2161761 0.08764845 -1.5976621
  vertex -3.4647742e-16 0.08635676 -1.597663
 endloop
endfacet
facet normal 0.54971576 -0.058358353 0.83331084
 outer loop
  vertex 0.79624873 0.27947685 -0.13111627
  vertex 0.59722537 0.2992253 0.001557827
  vertex 0.5889703 0.12335831 -0.0053128004
 endloop
endfacet
facet normal 0.550934 -0.06076319 0.83233374
 outer loop
  vertex 0.79624873 0.27947685 -0.13111627
  vertex 0.5889703 0.12335831 -0.0053128004
  vertex 0.78824115 0.11500752 -0.13782275
 endloop
endfacet
facet normal 0.5381188 0.075324334 0.83949655
 outer loop
  vertex 0.39653248 0.2742019 0.10450566
  vertex 0.45510945 0.11901766 0.080881715
  vertex 0.5889703 0.12335831 -0.0053128004
 endloop
endfacet
facet normal 0.46123683 -0.056243815 0.8854926
 outer loop
  vertex 0.39653248 0.2742019 0.10450566
  vertex 0.5889703 0.12335831 -0.0053128004
  vertex 0.59722537 0.2992253 0.001557827
 endloop
endfacet
facet normal 0.677363 0.23893906 -0.69576406
 outer loop
  vertex 0.59977424 -0.047611177 0.1644969
  vertex 0.49006033 -0.048854113 0.05725777
  vertex 0.45510945 0.11901766 0.080881715
 endloop
endfacet
facet normal 0.6787959 0.24129328 -0.6935516
 outer loop
  vertex 0.59977424 -0.047611177 0.1644969
  vertex 0.45510945 0.11901766 0.080881715
  vertex 0.5731662 0.113657385 0.19456184
 endloop
endfacet
facet normal 0.6777772 0.39942273 -0.6173165
 outer loop
  vertex 0.39653248 0.2742019 0.10450566
  vertex 0.5337626 0.24694696 0.23754144
  vertex 0.5731662 0.113657385 0.19456184
 endloop
endfacet
facet normal 0.65798247 0.3498775 -0.66681695
 outer loop
  vertex 0.39653248 0.2742019 0.10450566
  vertex 0.5731662 0.113657385 0.19456184
  vertex 0.45510945 0.11901766 0.080881715
 endloop
endfacet
facet normal 0.29902834 0.7344634 -0.6092172
 outer loop
  vertex 0.2650058 0.44480622 0.24562514
  vertex 0.40800297 0.38753206 0.24676502
  vertex 0.39653248 0.2742019 0.10450566
 endloop
endfacet
facet normal 0.33845842 0.740839 -0.58017534
 outer loop
  vertex 0.2650058 0.44480622 0.24562514
  vertex 0.39653248 0.2742019 0.10450566
  vertex 0.27539617 0.35016277 0.13083422
 endloop
endfacet
facet normal 0.24435754 0.06613486 0.96742725
 outer loop
  vertex 0.17528427 0.58391154 0.1400969
  vertex 0.29695776 0.55734265 0.111180305
  vertex 0.41319618 0.7473422 0.06883156
 endloop
endfacet
facet normal 0.24447936 0.06594965 0.96740913
 outer loop
  vertex 0.17528427 0.58391154 0.1400969
  vertex 0.41319618 0.7473422 0.06883156
  vertex 0.20904522 0.7707239 0.11882973
 endloop
endfacet
facet normal 0.05933926 0.09529885 0.9936785
 outer loop
  vertex 0.17528427 0.58391154 0.1400969
  vertex -3.4647742e-16 0.58855534 0.15011895
  vertex -3.4647742e-16 0.4441271 0.16397035
 endloop
endfacet
facet normal 0.05269959 0.103547685 0.9932274
 outer loop
  vertex 0.17528427 0.58391154 0.1400969
  vertex -3.4647742e-16 0.4441271 0.16397035
  vertex 0.1449965 0.41631767 0.15917623
 endloop
endfacet
facet normal 0.24439608 0.06633706 0.96740377
 outer loop
  vertex 0.27539617 0.35016277 0.13083422
  vertex 0.29695776 0.55734265 0.111180305
  vertex 0.17528427 0.58391154 0.1400969
 endloop
endfacet
facet normal 0.24382456 0.06608588 0.9675651
 outer loop
  vertex 0.27539617 0.35016277 0.13083422
  vertex 0.17528427 0.58391154 0.1400969
  vertex 0.1449965 0.41631767 0.15917623
 endloop
endfacet
facet normal -0.65801096 0.33212513 0.6758066
 outer loop
  vertex -0.65962344 1.3270603 -0.21560824
  vertex -0.705838 1.1776662 -0.18718612
  vertex -0.5776067 1.2608869 -0.10323024
 endloop
endfacet
facet normal -0.63714874 0.36401883 0.6793612
 outer loop
  vertex -0.65962344 1.3270603 -0.21560824
  vertex -0.5776067 1.2608869 -0.10323024
  vertex -0.55999255 1.4157567 -0.16969371
 endloop
endfacet
facet normal -0.73317456 0.33690044 0.59072256
 outer loop
  vertex -0.55999255 1.4157567 -0.16969371
  vertex -0.5776067 1.2608869 -0.10323024
  vertex -0.4477958 1.3698696 -0.0042705536
 endloop
endfacet
facet normal -0.71002924 0.38632807 0.5887352
 outer loop
  vertex -0.55999255 1.4157567 -0.16969371
  vertex -0.4477958 1.3698696 -0.0042705536
  vertex -0.44288027 1.5103407 -0.09051943
 endloop
endfacet
facet normal -0.6107232 0.19542687 0.7673497
 outer loop
  vertex -0.5776067 1.2608869 -0.10323024
  vertex -0.59781486 1.0279346 -0.059985876
  vertex -0.40717256 1.1738007 0.054594874
 endloop
endfacet
facet normal -0.6510843 0.0913222 0.7534915
 outer loop
  vertex -0.5776067 1.2608869 -0.10323024
  vertex -0.40717256 1.1738007 0.054594874
  vertex -0.4477958 1.3698696 -0.0042705536
 endloop
endfacet
facet normal -0.6049967 0.21485041 0.7666932
 outer loop
  vertex -0.705838 1.1776662 -0.18718612
  vertex -0.75710154 0.93426883 -0.15943086
  vertex -0.59781486 1.0279346 -0.059985876
 endloop
endfacet
facet normal -0.6225982 0.19470865 0.7579314
 outer loop
  vertex -0.705838 1.1776662 -0.18718612
  vertex -0.59781486 1.0279346 -0.059985876
  vertex -0.5776067 1.2608869 -0.10323024
 endloop
endfacet
facet normal -0.24159008 0.035785016 0.9697183
 outer loop
  vertex -0.40717256 1.1738007 0.054594874
  vertex -0.41319618 0.7473422 0.06883156
  vertex -0.20904522 0.7707239 0.11882973
 endloop
endfacet
facet normal -0.3431257 -0.019003348 0.9390972
 outer loop
  vertex -0.40717256 1.1738007 0.054594874
  vertex -0.20904522 0.7707239 0.11882973
  vertex -0.20006886 1.1473093 0.12972999
 endloop
endfacet
facet normal -0.063500576 -0.027362099 0.99760664
 outer loop
  vertex -0.20006886 1.1473093 0.12972999
  vertex -0.20904522 0.7707239 0.11882973
  vertex -3.4647742e-16 0.7748761 0.13224995
 endloop
endfacet
facet normal -0.08174961 -0.03717652 0.9959593
 outer loop
  vertex -0.20006886 1.1473093 0.12972999
  vertex -3.4647742e-16 0.7748761 0.13224995
  vertex -3.4647742e-16 1.1473606 0.14615381
 endloop
endfacet
facet normal -0.059484277 0.10229256 0.9929742
 outer loop
  vertex -0.20904522 0.7707239 0.11882973
  vertex -0.17528427 0.58391154 0.1400969
  vertex -3.4647742e-16 0.58855534 0.15011895
 endloop
endfacet
facet normal -0.06565875 0.095260434 0.9932846
 outer loop
  vertex -0.20904522 0.7707239 0.11882973
  vertex -3.4647742e-16 0.58855534 0.15011895
  vertex -3.4647742e-16 0.7748761 0.13224995
 endloop
endfacet
facet normal -0.2501298 0.06403256 0.96609265
 outer loop
  vertex -0.41319618 0.7473422 0.06883156
  vertex -0.39653248 0.2742019 0.10450566
  vertex -0.27539617 0.35016277 0.13083422
 endloop
endfacet
facet normal -0.24396743 0.06639159 0.9675082
 outer loop
  vertex -0.41319618 0.7473422 0.06883156
  vertex -0.27539617 0.35016277 0.13083422
  vertex -0.29695776 0.55734265 0.111180305
 endloop
endfacet
facet normal -0.55909723 0.11210815 0.82148767
 outer loop
  vertex -0.75710154 0.93426883 -0.15943086
  vertex -0.78867453 0.6213374 -0.13821352
  vertex -0.6048482 0.68247306 -0.021446109
 endloop
endfacet
facet normal -0.56949276 0.10257972 0.81557053
 outer loop
  vertex -0.75710154 0.93426883 -0.15943086
  vertex -0.6048482 0.68247306 -0.021446109
  vertex -0.59781486 1.0279346 -0.059985876
 endloop
endfacet
facet normal -0.45331454 0.10793669 0.8847912
 outer loop
  vertex -0.59781486 1.0279346 -0.059985876
  vertex -0.6048482 0.68247306 -0.021446109
  vertex -0.41319618 0.7473422 0.06883156
 endloop
endfacet
facet normal -0.53475827 0.035737336 0.84424895
 outer loop
  vertex -0.59781486 1.0279346 -0.059985876
  vertex -0.41319618 0.7473422 0.06883156
  vertex -0.40717256 1.1738007 0.054594874
 endloop
endfacet
facet normal -0.45156518 0.044507053 0.89112735
 outer loop
  vertex -0.6048482 0.68247306 -0.021446109
  vertex -0.59722537 0.2992253 0.001557827
  vertex -0.39653248 0.2742019 0.10450566
 endloop
endfacet
facet normal -0.4399385 0.0521016 0.8965153
 outer loop
  vertex -0.6048482 0.68247306 -0.021446109
  vertex -0.39653248 0.2742019 0.10450566
  vertex -0.41319618 0.7473422 0.06883156
 endloop
endfacet
facet normal -0.55646366 0.029567415 0.83034563
 outer loop
  vertex -0.78867453 0.6213374 -0.13821352
  vertex -0.79624873 0.27947685 -0.13111627
  vertex -0.59722537 0.2992253 0.001557827
 endloop
endfacet
facet normal -0.54507196 0.039425984 0.8374617
 outer loop
  vertex -0.78867453 0.6213374 -0.13821352
  vertex -0.59722537 0.2992253 0.001557827
  vertex -0.6048482 0.68247306 -0.021446109
 endloop
endfacet
facet normal -0.5523932 -0.060794074 0.8313638
 outer loop
  vertex -0.78824115 0.11500752 -0.13782275
  vertex -0.78023356 -0.049461782 -0.1445291
  vertex -0.5807153 -0.052508652 -0.012183547
 endloop
endfacet
facet normal -0.55108166 -0.058387503 0.8324061
 outer loop
  vertex -0.78824115 0.11500752 -0.13782275
  vertex -0.5807153 -0.052508652 -0.012183547
  vertex -0.5889703 0.12335831 -0.0053128004
 endloop
endfacet
facet normal -0.9845924 -0.08393462 0.15340409
 outer loop
  vertex -1.3387495 0.25302458 -0.926306
  vertex -1.3252501 0.09066886 -0.9284955
  vertex -1.299215 0.0934549 -0.7598697
 endloop
endfacet
facet normal -0.9846042 -0.08412581 0.1532236
 outer loop
  vertex -1.3387495 0.25302458 -0.926306
  vertex -1.299215 0.0934549 -0.7598697
  vertex -1.3126518 0.25580782 -0.7570754
 endloop
endfacet
facet normal -0.7482498 -0.16912165 0.6414982
 outer loop
  vertex -0.4884113 -0.36190224 0.018669248
  vertex -0.5048568 -0.22537255 0.035481095
  vertex -0.5672569 -0.21643251 -0.034946084
 endloop
endfacet
facet normal -0.7323082 -0.15228856 0.6637265
 outer loop
  vertex -0.4884113 -0.36190224 0.018669248
  vertex -0.5672569 -0.21643251 -0.034946084
  vertex -0.55573595 -0.35675883 -0.054431796
 endloop
endfacet
facet normal -0.5440199 -0.15238956 0.825118
 outer loop
  vertex -0.78023356 -0.049461782 -0.1445291
  vertex -0.7613317 -0.19660378 -0.15924203
  vertex -0.5672569 -0.21643251 -0.034946084
 endloop
endfacet
facet normal -0.5474215 -0.15903275 0.82160705
 outer loop
  vertex -0.78023356 -0.049461782 -0.1445291
  vertex -0.5672569 -0.21643251 -0.034946084
  vertex -0.5807153 -0.052508652 -0.012183547
 endloop
endfacet
facet normal -0.58937335 -0.25384638 0.7669427
 outer loop
  vertex -0.7424298 -0.34374577 -0.17395496
  vertex -0.68781215 -0.58502036 -0.2118411
  vertex -0.5251745 -0.60886115 -0.09474969
 endloop
endfacet
facet normal -0.5383553 -0.19632755 0.8195298
 outer loop
  vertex -0.7424298 -0.34374577 -0.17395496
  vertex -0.5251745 -0.60886115 -0.09474969
  vertex -0.55573595 -0.35675883 -0.054431796
 endloop
endfacet
facet normal -0.7058041 -0.3300807 0.6268073
 outer loop
  vertex -0.3773024 -0.7185722 -0.04404342
  vertex -0.4884113 -0.36190224 0.018669248
  vertex -0.55573595 -0.35675883 -0.054431796
 endloop
endfacet
facet normal -0.4437584 -0.19372419 0.8749568
 outer loop
  vertex -0.3773024 -0.7185722 -0.04404342
  vertex -0.55573595 -0.35675883 -0.054431796
  vertex -0.5251745 -0.60886115 -0.09474969
 endloop
endfacet
facet normal -0.6042686 -0.35452244 0.7135638
 outer loop
  vertex -0.68781215 -0.58502036 -0.2118411
  vertex -0.6377104 -0.7386083 -0.24572098
  vertex -0.51162773 -0.80314964 -0.17101645
 endloop
endfacet
facet normal -0.5827273 -0.33183262 0.74183285
 outer loop
  vertex -0.68781215 -0.58502036 -0.2118411
  vertex -0.51162773 -0.80314964 -0.17101645
  vertex -0.5251745 -0.60886115 -0.09474969
 endloop
endfacet
facet normal -0.42432135 -0.5288328 -0.7350423
 outer loop
  vertex -0.73097485 -0.62617475 -1.5795068
  vertex -0.5694772 -0.74746424 -1.5854725
  vertex -0.6183349 -0.85450274 -1.4802583
 endloop
endfacet
facet normal -0.36435392 -0.5165586 -0.77486354
 outer loop
  vertex -0.73097485 -0.62617475 -1.5795068
  vertex -0.6183349 -0.85450274 -1.4802583
  vertex -0.8080973 -0.72243816 -1.479069
 endloop
endfacet
facet normal -0.44125873 -0.62827015 -0.64075536
 outer loop
  vertex -0.8080973 -0.72243816 -1.479069
  vertex -0.6183349 -0.85450274 -1.4802583
  vertex -0.6658192 -0.94030005 -1.3634325
 endloop
endfacet
facet normal -0.4602115 -0.6316756 -0.623852
 outer loop
  vertex -0.8080973 -0.72243816 -1.479069
  vertex -0.6658192 -0.94030005 -1.3634325
  vertex -0.8763481 -0.78867525 -1.3616531
 endloop
endfacet
facet normal -0.29796022 -0.693687 -0.65575755
 outer loop
  vertex -0.6183349 -0.85450274 -1.4802583
  vertex -0.41018584 -0.94281715 -1.4814136
  vertex -0.43754065 -1.0414779 -1.3646169
 endloop
endfacet
facet normal -0.31359765 -0.70003235 -0.6415694
 outer loop
  vertex -0.6183349 -0.85450274 -1.4802583
  vertex -0.43754065 -1.0414779 -1.3646169
  vertex -0.6658192 -0.94030005 -1.3634325
 endloop
endfacet
facet normal -0.24075222 -0.6018962 -0.7614193
 outer loop
  vertex -0.5694772 -0.74746424 -1.5854725
  vertex -0.38152805 -0.82096606 -1.5867972
  vertex -0.41018584 -0.94281715 -1.4814136
 endloop
endfacet
facet normal -0.26388702 -0.6122075 -0.74536276
 outer loop
  vertex -0.5694772 -0.74746424 -1.5854725
  vertex -0.41018584 -0.94281715 -1.4814136
  vertex -0.6183349 -0.85450274 -1.4802583
 endloop
endfacet
facet normal -0.5168462 -0.7120562 -0.4752325
 outer loop
  vertex -0.8763481 -0.78867525 -1.3616531
  vertex -0.6658192 -0.94030005 -1.3634325
  vertex -0.6904157 -1.0033882 -1.2421553
 endloop
endfacet
facet normal -0.5473516 -0.7155497 -0.43404466
 outer loop
  vertex -0.8763481 -0.78867525 -1.3616531
  vertex -0.6904157 -1.0033882 -1.2421553
  vertex -0.91161865 -0.8358328 -1.239433
 endloop
endfacet
facet normal -0.5839087 -0.7665192 -0.2673931
 outer loop
  vertex -0.91161865 -0.8358328 -1.239433
  vertex -0.6904157 -1.0033882 -1.2421553
  vertex -0.6944121 -1.0470243 -1.1083394
 endloop
endfacet
facet normal -0.6139689 -0.76116735 -0.2089652
 outer loop
  vertex -0.91161865 -0.8358328 -1.239433
  vertex -0.6944121 -1.0470243 -1.1083394
  vertex -0.91968465 -0.866301 -1.1047518
 endloop
endfacet
facet normal -0.40432245 -0.84474474 -0.35061333
 outer loop
  vertex -0.6904157 -1.0033882 -1.2421553
  vertex -0.4521029 -1.1167812 -1.2437725
  vertex -0.45347875 -1.1715167 -1.11031
 endloop
endfacet
facet normal -0.44118005 -0.8492351 -0.2901034
 outer loop
  vertex -0.6904157 -1.0033882 -1.2421553
  vertex -0.45347875 -1.1715167 -1.11031
  vertex -0.6944121 -1.0470243 -1.1083394
 endloop
endfacet
facet normal -0.3469552 -0.77664953 -0.5257732
 outer loop
  vertex -0.6658192 -0.94030005 -1.3634325
  vertex -0.43754065 -1.0414779 -1.3646169
  vertex -0.4521029 -1.1167812 -1.2437725
 endloop
endfacet
facet normal -0.37809023 -0.7876768 -0.4864288
 outer loop
  vertex -0.6658192 -0.94030005 -1.3634325
  vertex -0.4521029 -1.1167812 -1.2437725
  vertex -0.6904157 -1.0033882 -1.2421553
 endloop
endfacet
facet normal -0.1801334 -0.81040835 -0.55748576
 outer loop
  vertex -0.43754065 -1.0414779 -1.3646169
  vertex -0.21565369 -1.0908444 -1.3645492
  vertex -0.22227317 -1.1722453 -1.2440791
 endloop
endfacet
facet normal -0.19880325 -0.8208333 -0.5354531
 outer loop
  vertex -0.43754065 -1.0414779 -1.3646169
  vertex -0.22227317 -1.1722453 -1.2440791
  vertex -0.4521029 -1.1167812 -1.2437725
 endloop
endfacet
facet normal -0.21514937 -0.8892969 -0.40356138
 outer loop
  vertex -0.4521029 -1.1167812 -1.2437725
  vertex -0.22227317 -1.1722453 -1.2440791
  vertex -0.22253834 -1.2325711 -1.1110023
 endloop
endfacet
facet normal -0.23842965 -0.8976647 -0.37060663
 outer loop
  vertex -0.4521029 -1.1167812 -1.2437725
  vertex -0.22253834 -1.2325711 -1.1110023
  vertex -0.45347875 -1.1715167 -1.11031
 endloop
endfacet
facet normal -0.055827588 -0.90568167 -0.42026663
 outer loop
  vertex -0.22227317 -1.1722453 -1.2440791
  vertex -3.4647742e-16 -1.1860149 -1.2439318
  vertex -3.4647742e-16 -1.2476671 -1.1110703
 endloop
endfacet
facet normal -0.0617882 -0.90900123 -0.41218802
 outer loop
  vertex -0.22227317 -1.1722453 -1.2440791
  vertex -3.4647742e-16 -1.2476671 -1.1110703
  vertex -0.22253834 -1.2325711 -1.1110023
 endloop
endfacet
facet normal -0.045993432 -0.8225711 -0.5667992
 outer loop
  vertex -0.21565369 -1.0908444 -1.3645492
  vertex -3.4647742e-16 -1.103132 -1.3642161
  vertex -3.4647742e-16 -1.1860149 -1.2439318
 endloop
endfacet
facet normal -0.05081132 -0.82621425 -0.5610599
 outer loop
  vertex -0.21565369 -1.0908444 -1.3645492
  vertex -3.4647742e-16 -1.1860149 -1.2439318
  vertex -0.22227317 -1.1722453 -1.2440791
 endloop
endfacet
facet normal -0.127556 -0.62568825 -0.7695738
 outer loop
  vertex -0.38152805 -0.82096606 -1.5867972
  vertex -0.19077578 -0.8591487 -1.5873705
  vertex -0.20356284 -0.9867292 -1.481524
 endloop
endfacet
facet normal -0.13429062 -0.62996584 -0.7649243
 outer loop
  vertex -0.38152805 -0.82096606 -1.5867972
  vertex -0.20356284 -0.9867292 -1.481524
  vertex -0.41018584 -0.94281715 -1.4814136
 endloop
endfacet
facet normal -0.15546644 -0.7298556 -0.6656883
 outer loop
  vertex -0.41018584 -0.94281715 -1.4814136
  vertex -0.20356284 -0.9867292 -1.481524
  vertex -0.21565369 -1.0908444 -1.3645492
 endloop
endfacet
facet normal -0.16321562 -0.7345069 -0.6586806
 outer loop
  vertex -0.41018584 -0.94281715 -1.4814136
  vertex -0.21565369 -1.0908444 -1.3645492
  vertex -0.43754065 -1.0414779 -1.3646169
 endloop
endfacet
facet normal -0.040637996 -0.7436212 -0.66736513
 outer loop
  vertex -0.20356284 -0.9867292 -1.481524
  vertex -3.4647742e-16 -0.99804956 -1.4813057
  vertex -3.4647742e-16 -1.103132 -1.3642161
 endloop
endfacet
facet normal -0.04137405 -0.7442057 -0.6666679
 outer loop
  vertex -0.20356284 -0.9867292 -1.481524
  vertex -3.4647742e-16 -1.103132 -1.3642161
  vertex -0.21565369 -1.0908444 -1.3645492
 endloop
endfacet
facet normal -0.035339825 -0.63672495 -0.7702808
 outer loop
  vertex -0.19077578 -0.8591487 -1.5873705
  vertex -3.4647742e-16 -0.8696657 -1.5874296
  vertex -3.4647742e-16 -0.99804956 -1.4813057
 endloop
endfacet
facet normal -0.034546178 -0.6360733 -0.7708549
 outer loop
  vertex -0.19077578 -0.8591487 -1.5873705
  vertex -3.4647742e-16 -0.99804956 -1.4813057
  vertex -0.20356284 -0.9867292 -1.481524
 endloop
endfacet
facet normal -0.64702237 -0.7411166 0.17918809
 outer loop
  vertex -0.884636 -0.8898861 -0.7886642
  vertex -0.65946823 -1.087435 -0.7926724
  vertex -0.627111 -1.0759287 -0.62824535
 endloop
endfacet
facet normal -0.65171033 -0.7325237 0.19667937
 outer loop
  vertex -0.884636 -0.8898861 -0.7886642
  vertex -0.627111 -1.0759287 -0.62824535
  vertex -0.8446264 -0.8815771 -0.6251433
 endloop
endfacet
facet normal -0.619244 -0.69876486 0.35814047
 outer loop
  vertex -0.8446264 -0.8815771 -0.6251433
  vertex -0.627111 -1.0759287 -0.62824535
  vertex -0.5859051 -1.0303724 -0.46811354
 endloop
endfacet
facet normal -0.6219881 -0.68913245 0.37178907
 outer loop
  vertex -0.8446264 -0.8815771 -0.6251433
  vertex -0.5859051 -1.0303724 -0.46811354
  vertex -0.7850082 -0.8524048 -0.47133183
 endloop
endfacet
facet normal -0.47736225 -0.80215114 0.35871825
 outer loop
  vertex -0.627111 -1.0759287 -0.62824535
  vertex -0.4004166 -1.2106211 -0.6277668
  vertex -0.37536633 -1.1502526 -0.4594376
 endloop
endfacet
facet normal -0.47410744 -0.8071989 0.3516418
 outer loop
  vertex -0.627111 -1.0759287 -0.62824535
  vertex -0.37536633 -1.1502526 -0.4594376
  vertex -0.5859051 -1.0303724 -0.46811354
 endloop
endfacet
facet normal -0.49979588 -0.85347825 0.14757693
 outer loop
  vertex -0.65946823 -1.087435 -0.7926724
  vertex -0.42415687 -1.2254438 -0.7938914
  vertex -0.4004166 -1.2106211 -0.6277668
 endloop
endfacet
facet normal -0.50457406 -0.84866077 0.1586817
 outer loop
  vertex -0.65946823 -1.087435 -0.7926724
  vertex -0.4004166 -1.2106211 -0.6277668
  vertex -0.627111 -1.0759287 -0.62824535
 endloop
endfacet
facet normal -0.5823407 -0.64249265 0.4980788
 outer loop
  vertex -0.7850082 -0.8524048 -0.47133183
  vertex -0.5859051 -1.0303724 -0.46811354
  vertex -0.5396445 -0.9406623 -0.2983061
 endloop
endfacet
facet normal -0.60512024 -0.54555196 0.5798298
 outer loop
  vertex -0.7850082 -0.8524048 -0.47133183
  vertex -0.5396445 -0.9406623 -0.2983061
  vertex -0.70594496 -0.79805094 -0.3376795
 endloop
endfacet
facet normal -0.5750343 -0.48958468 0.65547115
 outer loop
  vertex -0.70594496 -0.79805094 -0.3376795
  vertex -0.5396445 -0.9406623 -0.2983061
  vertex -0.51162773 -0.80314964 -0.17101645
 endloop
endfacet
facet normal -0.6077741 -0.38056728 0.69697857
 outer loop
  vertex -0.70594496 -0.79805094 -0.3376795
  vertex -0.51162773 -0.80314964 -0.17101645
  vertex -0.6377104 -0.7386083 -0.24572098
 endloop
endfacet
facet normal -0.40578458 -0.62389565 0.667902
 outer loop
  vertex -0.5396445 -0.9406623 -0.2983061
  vertex -0.35346904 -1.032232 -0.27073145
  vertex -0.3431635 -0.8763152 -0.11882639
 endloop
endfacet
facet normal -0.4561205 -0.5526982 0.69748026
 outer loop
  vertex -0.5396445 -0.9406623 -0.2983061
  vertex -0.3431635 -0.8763152 -0.11882639
  vertex -0.51162773 -0.80314964 -0.17101645
 endloop
endfacet
facet normal -0.44082448 -0.7371284 0.5121674
 outer loop
  vertex -0.5859051 -1.0303724 -0.46811354
  vertex -0.37536633 -1.1502526 -0.4594376
  vertex -0.35346904 -1.032232 -0.27073145
 endloop
endfacet
facet normal -0.4392396 -0.7393801 0.5102799
 outer loop
  vertex -0.5859051 -1.0303724 -0.46811354
  vertex -0.35346904 -1.032232 -0.27073145
  vertex -0.5396445 -0.9406623 -0.2983061
 endloop
endfacet
facet normal -0.24842545 -0.8091658 0.5324806
 outer loop
  vertex -0.37536633 -1.1502526 -0.4594376
  vertex -0.1814928 -1.2058454 -0.45346677
  vertex -0.1735445 -1.0736499 -0.24887228
 endloop
endfacet
facet normal -0.2507449 -0.8074053 0.53406334
 outer loop
  vertex -0.37536633 -1.1502526 -0.4594376
  vertex -0.1735445 -1.0736499 -0.24887228
  vertex -0.35346904 -1.032232 -0.27073145
 endloop
endfacet
facet normal -0.23416522 -0.62361217 0.74583817
 outer loop
  vertex -0.35346904 -1.032232 -0.27073145
  vertex -0.1735445 -1.0736499 -0.24887228
  vertex -0.15182374 -0.9144667 -0.1089561
 endloop
endfacet
facet normal -0.17256966 -0.6814871 0.71119267
 outer loop
  vertex -0.35346904 -1.032232 -0.27073145
  vertex -0.15182374 -0.9144667 -0.1089561
  vertex -0.3431635 -0.8763152 -0.11882639
 endloop
endfacet
facet normal -0.047826495 -0.65574384 0.7534671
 outer loop
  vertex -3.4647742e-16 -0.92531663 -0.10876179
  vertex -0.15182374 -0.9144667 -0.1089561
  vertex -0.1735445 -1.0736499 -0.24887228
 endloop
endfacet
facet normal -0.0542673 -0.6513715 0.75681585
 outer loop
  vertex -3.4647742e-16 -0.92531663 -0.10876179
  vertex -0.1735445 -1.0736499 -0.24887228
  vertex -3.4647742e-16 -1.0824904 -0.24403715
 endloop
endfacet
facet normal -0.06256263 -0.8353052 0.5462153
 outer loop
  vertex -0.1814928 -1.2058454 -0.45346677
  vertex -3.4647742e-16 -1.218188 -0.45155406
  vertex -3.4647742e-16 -1.0824904 -0.24403715
 endloop
endfacet
facet normal -0.05780209 -0.83749485 0.5433795
 outer loop
  vertex -0.1814928 -1.2058454 -0.45346677
  vertex -3.4647742e-16 -1.0824904 -0.24403715
  vertex -0.1735445 -1.0736499 -0.24887228
 endloop
endfacet
facet normal -0.28705335 -0.95043796 0.11944889
 outer loop
  vertex -0.42415687 -1.2254438 -0.7938914
  vertex -0.20584756 -1.291384 -0.7939382
  vertex -0.19320431 -1.2741771 -0.6266417
 endloop
endfacet
facet normal -0.29151544 -0.9481963 0.1262637
 outer loop
  vertex -0.42415687 -1.2254438 -0.7938914
  vertex -0.19320431 -1.2741771 -0.6266417
  vertex -0.4004166 -1.2106211 -0.6277668
 endloop
endfacet
facet normal -0.27437764 -0.8880256 0.36895466
 outer loop
  vertex -0.4004166 -1.2106211 -0.6277668
  vertex -0.19320431 -1.2741771 -0.6266417
  vertex -0.1814928 -1.2058454 -0.45346677
 endloop
endfacet
facet normal -0.26736298 -0.89370084 0.3602996
 outer loop
  vertex -0.4004166 -1.2106211 -0.6277668
  vertex -0.1814928 -1.2058454 -0.45346677
  vertex -0.37536633 -1.1502526 -0.4594376
 endloop
endfacet
facet normal -0.070171304 -0.9250735 0.37324947
 outer loop
  vertex -0.19320431 -1.2741771 -0.6266417
  vertex -3.4647742e-16 -1.2886102 -0.62609065
  vertex -3.4647742e-16 -1.218188 -0.45155406
 endloop
endfacet
facet normal -0.06691328 -0.9265663 0.37013173
 outer loop
  vertex -0.19320431 -1.2741771 -0.6266417
  vertex -3.4647742e-16 -1.218188 -0.45155406
  vertex -0.1814928 -1.2058454 -0.45346677
 endloop
endfacet
facet normal -0.07389831 -0.99150753 0.10701372
 outer loop
  vertex -0.20584756 -1.291384 -0.7939382
  vertex -3.4647742e-16 -1.3067086 -0.7937762
  vertex -3.4647742e-16 -1.2886102 -0.62609065
 endloop
endfacet
facet normal -0.0743692 -0.99140996 0.1075896
 outer loop
  vertex -0.20584756 -1.291384 -0.7939382
  vertex -3.4647742e-16 -1.2886102 -0.62609065
  vertex -0.19320431 -1.2741771 -0.6266417
 endloop
endfacet
facet normal -0.001981774 0.040808596 -0.99916506
 outer loop
  vertex -3.4647742e-16 1.3957086 -1.5873506
  vertex -3.4647742e-16 1.143217 -1.597663
  vertex -0.19843332 1.1332273 -1.5976775
 endloop
endfacet
facet normal -0.0029052529 0.041505523 -0.99913406
 outer loop
  vertex -3.4647742e-16 1.3957086 -1.5873506
  vertex -0.19843332 1.1332273 -1.5976775
  vertex -0.19086672 1.3810945 -1.5874027
 endloop
endfacet
facet normal -0.0050213863 0.041569665 -0.999123
 outer loop
  vertex -0.19086672 1.3810945 -1.5874027
  vertex -0.19843332 1.1332273 -1.5976775
  vertex -0.40537098 1.1058036 -1.5977784
 endloop
endfacet
facet normal -0.008671524 0.04440827 -0.9989758
 outer loop
  vertex -0.19086672 1.3810945 -1.5874027
  vertex -0.40537098 1.1058036 -1.5977784
  vertex -0.38224107 1.3391476 -1.5876062
 endloop
endfacet
facet normal 0.00014757508 -4.04558e-05 -1
 outer loop
  vertex -0.19843332 1.1332273 -1.5976775
  vertex -0.20747761 0.8586098 -1.5976677
  vertex -0.43048975 0.8436474 -1.5977
 endloop
endfacet
facet normal 0.0005343629 -0.00035041035 -0.99999976
 outer loop
  vertex -0.19843332 1.1332273 -1.5976775
  vertex -0.43048975 0.8436474 -1.5977
  vertex -0.40537098 1.1058036 -1.5977784
 endloop
endfacet
facet normal 2.240802e-05 0 -1
 outer loop
  vertex -3.4647742e-16 1.143217 -1.597663
  vertex -3.4647742e-16 0.8644842 -1.597663
  vertex -0.20747761 0.8586098 -1.5976677
 endloop
endfacet
facet normal 7.46067e-05 -3.8052654e-05 -1
 outer loop
  vertex -3.4647742e-16 1.143217 -1.597663
  vertex -0.20747761 0.8586098 -1.5976677
  vertex -0.19843332 1.1332273 -1.5976775
 endloop
endfacet
facet normal -0.0072132275 0.044264503 -0.9989938
 outer loop
  vertex -0.38224107 1.3391476 -1.5876062
  vertex -0.40537098 1.1058036 -1.5977784
  vertex -0.6259552 1.0645335 -1.5980144
 endloop
endfacet
facet normal -0.017603481 0.053463675 -0.99841464
 outer loop
  vertex -0.38224107 1.3391476 -1.5876062
  vertex -0.6259552 1.0645335 -1.5980144
  vertex -0.57152873 1.2702843 -1.5879563
 endloop
endfacet
facet normal -0.059316292 0.06438761 -0.9961605
 outer loop
  vertex -0.57152873 1.2702843 -1.5879563
  vertex -0.6259552 1.0645335 -1.5980144
  vertex -0.8426472 1.0219934 -1.5878611
 endloop
endfacet
facet normal -0.15000911 0.1634267 -0.9750841
 outer loop
  vertex -0.57152873 1.2702843 -1.5879563
  vertex -0.8426472 1.0219934 -1.5878611
  vertex -0.73381734 1.1511772 -1.5829521
 endloop
endfacet
facet normal -0.041570835 0.008233226 -0.99910164
 outer loop
  vertex -0.6259552 1.0645335 -1.5980144
  vertex -0.67939276 0.8233474 -1.5977784
  vertex -0.9315061 0.80450714 -1.5874437
 endloop
endfacet
facet normal -0.0504591 0.018699998 -0.998551
 outer loop
  vertex -0.6259552 1.0645335 -1.5980144
  vertex -0.9315061 0.80450714 -1.5874437
  vertex -0.8426472 1.0219934 -1.5878611
 endloop
endfacet
facet normal 0.0003422189 -0.00033199988 -0.9999999
 outer loop
  vertex -0.40537098 1.1058036 -1.5977784
  vertex -0.43048975 0.8436474 -1.5977
  vertex -0.67939276 0.8233474 -1.5977784
 endloop
endfacet
facet normal 0.0013066706 -0.001267652 -0.9999984
 outer loop
  vertex -0.40537098 1.1058036 -1.5977784
  vertex -0.67939276 0.8233474 -1.5977784
  vertex -0.6259552 1.0645335 -1.5980144
 endloop
endfacet
facet normal 4.0243576e-05 -0.00011349841 -1
 outer loop
  vertex -0.43048975 0.8436474 -1.5977
  vertex -0.44821236 0.5527276 -1.5976677
  vertex -0.71317 0.5449065 -1.5976775
 endloop
endfacet
facet normal 0.0003481614 -0.0004048622 -0.9999999
 outer loop
  vertex -0.43048975 0.8436474 -1.5977
  vertex -0.71317 0.5449065 -1.5976775
  vertex -0.67939276 0.8233474 -1.5977784
 endloop
endfacet
facet normal -0.03872609 0.0043354505 -0.9992405
 outer loop
  vertex -0.67939276 0.8233474 -1.5977784
  vertex -0.71317 0.5449065 -1.5976775
  vertex -0.9837872 0.5380385 -1.5872194
 endloop
endfacet
facet normal -0.04150161 0.007301409 -0.9991117
 outer loop
  vertex -0.67939276 0.8233474 -1.5977784
  vertex -0.9837872 0.5380385 -1.5872194
  vertex -0.9315061 0.80450714 -1.5874437
 endloop
endfacet
facet normal -0.037973747 0.0014199275 -0.9992778
 outer loop
  vertex -0.71317 0.5449065 -1.5976775
  vertex -0.7247806 0.24454954 -1.597663
  vertex -1.0008187 0.24458072 -1.5871732
 endloop
endfacet
facet normal -0.038669385 0.0020871835 -0.9992499
 outer loop
  vertex -0.71317 0.5449065 -1.5976775
  vertex -1.0008187 0.24458072 -1.5871732
  vertex -0.9837872 0.5380385 -1.5872194
 endloop
endfacet
facet normal 0 -1.5085963e-05 -1
 outer loop
  vertex -0.44821236 0.5527276 -1.5976677
  vertex -0.4549201 0.24454954 -1.597663
  vertex -0.7247806 0.24454954 -1.597663
 endloop
endfacet
facet normal 3.835465e-05 -4.950658e-05 -1
 outer loop
  vertex -0.44821236 0.5527276 -1.5976677
  vertex -0.7247806 0.24454954 -1.597663
  vertex -0.71317 0.5449065 -1.5976775
 endloop
endfacet
facet normal 2.7764556e-06 0 -1
 outer loop
  vertex -3.4647742e-16 0.8644842 -1.597663
  vertex -3.4647742e-16 0.5617248 -1.597663
  vertex -0.2146789 0.5590595 -1.5976636
 endloop
endfacet
facet normal 2.280664e-05 -1.4078947e-05 -1
 outer loop
  vertex -3.4647742e-16 0.8644842 -1.597663
  vertex -0.2146789 0.5590595 -1.5976636
  vertex -0.20747761 0.8586098 -1.5976677
 endloop
endfacet
facet normal 1.7734035e-05 -1.3957001e-05 -1
 outer loop
  vertex -0.20747761 0.8586098 -1.5976677
  vertex -0.2146789 0.5590595 -1.5976636
  vertex -0.44821236 0.5527276 -1.5976677
 endloop
endfacet
facet normal 0.00015293626 -0.00012036355 -1
 outer loop
  vertex -0.20747761 0.8586098 -1.5976677
  vertex -0.44821236 0.5527276 -1.5976677
  vertex -0.43048975 0.8436474 -1.5977
 endloop
endfacet
facet normal -2.3806692e-13 -1.895159e-06 -1
 outer loop
  vertex -0.2146789 0.5590595 -1.5976636
  vertex -0.21767531 0.24454951 -1.597663
  vertex -0.4549201 0.24454954 -1.597663
 endloop
endfacet
facet normal 1.7775135e-05 -1.5472853e-05 -1
 outer loop
  vertex -0.2146789 0.5590595 -1.5976636
  vertex -0.4549201 0.24454954 -1.597663
  vertex -0.44821236 0.5527276 -1.5976677
 endloop
endfacet
facet normal 0 0 -1
 outer loop
  vertex -3.4647742e-16 0.5617248 -1.597663
  vertex -3.4647742e-16 0.24454951 -1.597663
  vertex -0.21767531 0.24454951 -1.597663
 endloop
endfacet
facet normal 2.8003158e-06 -1.9218382e-06 -1
 outer loop
  vertex -3.4647742e-16 0.5617248 -1.597663
  vertex -0.21767531 0.24454951 -1.597663
  vertex -0.2146789 0.5590595 -1.5976636
 endloop
endfacet
facet normal -8.884743e-06 0 -1
 outer loop
  vertex -3.4647742e-16 0.08635676 -1.597663
  vertex -3.4647742e-16 -0.071835995 -1.597663
  vertex -0.21467687 -0.06925261 -1.5976611
 endloop
endfacet
facet normal -4.448135e-06 -6.120692e-06 -1
 outer loop
  vertex -3.4647742e-16 0.08635676 -1.597663
  vertex -0.21467687 -0.06925261 -1.5976611
  vertex -0.2161761 0.08764845 -1.5976621
 endloop
endfacet
facet normal -5.8884518e-05 -6.640842e-06 -1
 outer loop
  vertex -0.2161761 0.08764845 -1.5976621
  vertex -0.21467687 -0.06925261 -1.5976611
  vertex -0.44819614 -0.06298816 -1.5976474
 endloop
endfacet
facet normal -2.9557137e-05 -5.1812734e-05 -1
 outer loop
  vertex -0.2161761 0.08764845 -1.5976621
  vertex -0.44819614 -0.06298816 -1.5976474
  vertex -0.4515581 0.090780675 -1.5976553
 endloop
endfacet
facet normal -0.0004936564 -5.822146e-05 -0.9999999
 outer loop
  vertex -0.21106914 -0.21655053 -1.5976542
  vertex -0.20746142 -0.3638485 -1.5976474
  vertex -0.43036014 -0.34942627 -1.5975382
 endloop
endfacet
facet normal -0.00028710862 -0.0003990969 -0.9999999
 outer loop
  vertex -0.21106914 -0.21655053 -1.5976542
  vertex -0.43036014 -0.34942627 -1.5975382
  vertex -0.43927813 -0.20620722 -1.5975928
 endloop
endfacet
facet normal -7.527384e-05 0 -1
 outer loop
  vertex -3.4647742e-16 -0.22045153 -1.597663
  vertex -3.4647742e-16 -0.369067 -1.597663
  vertex -0.20746142 -0.3638485 -1.5976474
 endloop
endfacet
facet normal -4.2666205e-05 -4.7175512e-05 -1
 outer loop
  vertex -3.4647742e-16 -0.22045153 -1.597663
  vertex -0.20746142 -0.3638485 -1.5976474
  vertex -0.21106914 -0.21655053 -1.5976542
 endloop
endfacet
facet normal -0.0001267157 -5.3936983e-05 -1
 outer loop
  vertex -0.4515581 0.090780675 -1.5976553
  vertex -0.44819614 -0.06298816 -1.5976474
  vertex -0.7131193 -0.05502063 -1.5976143
 endloop
endfacet
facet normal -6.487168e-05 -0.00016488247 -1
 outer loop
  vertex -0.4515581 0.090780675 -1.5976553
  vertex -0.7131193 -0.05502063 -1.5976143
  vertex -0.71895 0.09476447 -1.5976386
 endloop
endfacet
facet normal -0.03877182 -0.0016714955 -0.9992467
 outer loop
  vertex -0.71895 0.09476447 -1.5976386
  vertex -0.7131193 -0.05502063 -1.5976143
  vertex -0.9836973 -0.04785508 -1.5871276
 endloop
endfacet
facet normal -0.038378526 -0.0024025775 -0.99926037
 outer loop
  vertex -0.71895 0.09476447 -1.5976386
  vertex -0.9836973 -0.04785508 -1.5871276
  vertex -0.992258 0.0983628 -1.5871503
 endloop
endfacet
facet normal -0.042910066 -0.0066158455 -0.999057
 outer loop
  vertex -0.69605345 -0.19148773 -1.5974436
  vertex -0.67898756 -0.32795477 -1.5972729
  vertex -0.93079466 -0.30719948 -1.586595
 endloop
endfacet
facet normal -0.041036133 -0.010421771 -0.9991033
 outer loop
  vertex -0.69605345 -0.19148773 -1.5974436
  vertex -0.93079466 -0.30719948 -1.586595
  vertex -0.95724595 -0.17752725 -1.5868613
 endloop
endfacet
facet normal -0.0011061691 -0.0004500981 -0.9999993
 outer loop
  vertex -0.43927813 -0.20620722 -1.5975928
  vertex -0.43036014 -0.34942627 -1.5975382
  vertex -0.67898756 -0.32795477 -1.5972729
 endloop
endfacet
facet normal -0.00065766904 -0.0013331515 -0.9999989
 outer loop
  vertex -0.43927813 -0.20620722 -1.5975928
  vertex -0.67898756 -0.32795477 -1.5972729
  vertex -0.69605345 -0.19148773 -1.5974436
 endloop
endfacet
facet normal -0.0039252853 -0.0014527561 -0.99999124
 outer loop
  vertex -0.43036014 -0.34942627 -1.5975382
  vertex -0.404966 -0.6006982 -1.5972729
  vertex -0.62472194 -0.55604976 -1.5964751
 endloop
endfacet
facet normal -0.0013980514 -0.0038300185 -0.99999166
 outer loop
  vertex -0.43036014 -0.34942627 -1.5975382
  vertex -0.62472194 -0.55604976 -1.5964751
  vertex -0.67898756 -0.32795477 -1.5972729
 endloop
endfacet
facet normal -0.055038705 -0.016585803 -0.99834645
 outer loop
  vertex -0.67898756 -0.32795477 -1.5972729
  vertex -0.62472194 -0.55604976 -1.5964751
  vertex -0.84059674 -0.5088988 -1.5853573
 endloop
endfacet
facet normal -0.04449353 -0.026025515 -0.9986706
 outer loop
  vertex -0.67898756 -0.32795477 -1.5972729
  vertex -0.84059674 -0.5088988 -1.5853573
  vertex -0.93079466 -0.30719948 -1.586595
 endloop
endfacet
facet normal -0.10136974 -0.08622618 -0.9911051
 outer loop
  vertex -0.62472194 -0.55604976 -1.5964751
  vertex -0.5694772 -0.74746424 -1.5854725
  vertex -0.73097485 -0.62617475 -1.5795068
 endloop
endfacet
facet normal -0.07758219 -0.1218824 -0.9895078
 outer loop
  vertex -0.62472194 -0.55604976 -1.5964751
  vertex -0.73097485 -0.62617475 -1.5795068
  vertex -0.84059674 -0.5088988 -1.5853573
 endloop
endfacet
facet normal -0.026717585 -0.05032428 -0.9983755
 outer loop
  vertex -0.404966 -0.6006982 -1.5972729
  vertex -0.38152805 -0.82096606 -1.5867972
  vertex -0.5694772 -0.74746424 -1.5854725
 endloop
endfacet
facet normal -0.016228804 -0.062046323 -0.9979413
 outer loop
  vertex -0.404966 -0.6006982 -1.5972729
  vertex -0.5694772 -0.74746424 -1.5854725
  vertex -0.62472194 -0.55604976 -1.5964751
 endloop
endfacet
facet normal -0.0002457704 0 -0.99999994
 outer loop
  vertex -3.4647742e-16 -0.369067 -1.597663
  vertex -3.4647742e-16 -0.6343742 -1.597663
  vertex -0.1983827 -0.6264339 -1.5976143
 endloop
endfacet
facet normal -7.851675e-05 -0.0001289219 -1
 outer loop
  vertex -3.4647742e-16 -0.369067 -1.597663
  vertex -0.1983827 -0.6264339 -1.5976143
  vertex -0.20746142 -0.3638485 -1.5976474
 endloop
endfacet
facet normal -0.0016756143 -0.0001841403 -0.99999857
 outer loop
  vertex -0.20746142 -0.3638485 -1.5976474
  vertex -0.1983827 -0.6264339 -1.5976143
  vertex -0.404966 -0.6006982 -1.5972729
 endloop
endfacet
facet normal -0.000561894 -0.0011128521 -0.9999992
 outer loop
  vertex -0.20746142 -0.3638485 -1.5976474
  vertex -0.404966 -0.6006982 -1.5972729
  vertex -0.43036014 -0.34942627 -1.5975382
 endloop
endfacet
facet normal -0.011881765 -0.044360526 -0.99894494
 outer loop
  vertex -0.1983827 -0.6264339 -1.5976143
  vertex -0.19077578 -0.8591487 -1.5873705
  vertex -0.38152805 -0.82096606 -1.5867972
 endloop
endfacet
facet normal -0.0076700384 -0.04831781 -0.99880254
 outer loop
  vertex -0.1983827 -0.6264339 -1.5976143
  vertex -0.38152805 -0.82096606 -1.5867972
  vertex -0.404966 -0.6006982 -1.5972729
 endloop
endfacet
facet normal -0.0027049987 -0.043451212 -0.99905187
 outer loop
  vertex -3.4647742e-16 -0.6343742 -1.597663
  vertex -3.4647742e-16 -0.8696657 -1.5874296
  vertex -0.19077578 -0.8591487 -1.5873705
 endloop
endfacet
facet normal -0.002008296 -0.04404143 -0.99902767
 outer loop
  vertex -3.4647742e-16 -0.6343742 -1.597663
  vertex -0.19077578 -0.8591487 -1.5873705
  vertex -0.1983827 -0.6264339 -1.5976143
 endloop
endfacet
facet normal -0.52196586 0.46685246 -0.7138631
 outer loop
  vertex -0.73381734 1.1511772 -1.5829521
  vertex -0.8426472 1.0219934 -1.5878611
  vertex -0.9601255 1.0562189 -1.4795799
 endloop
endfacet
facet normal -0.5172351 0.42239395 -0.7443461
 outer loop
  vertex -0.73381734 1.1511772 -1.5829521
  vertex -0.9601255 1.0562189 -1.4795799
  vertex -0.8097578 1.2392757 -1.480189
 endloop
endfacet
facet normal -0.6205894 0.5077804 -0.59751815
 outer loop
  vertex -0.8097578 1.2392757 -1.480189
  vertex -0.9601255 1.0562189 -1.4795799
  vertex -1.0443206 1.0961409 -1.3582076
 endloop
endfacet
facet normal -0.6203785 0.5058694 -0.59935516
 outer loop
  vertex -0.8097578 1.2392757 -1.480189
  vertex -1.0443206 1.0961409 -1.3582076
  vertex -0.8769256 1.3000009 -1.3594117
 endloop
endfacet
facet normal -0.711974 0.32274523 -0.62364143
 outer loop
  vertex -0.9601255 1.0562189 -1.4795799
  vertex -1.0665573 0.82270896 -1.4789186
  vertex -1.1633697 0.8446435 -1.3570422
 endloop
endfacet
facet normal -0.7180254 0.33706346 -0.6089562
 outer loop
  vertex -0.9601255 1.0562189 -1.4795799
  vertex -1.1633697 0.8446435 -1.3570422
  vertex -1.0443206 1.0961409 -1.3582076
 endloop
endfacet
facet normal -0.5884792 0.23895422 -0.7723944
 outer loop
  vertex -0.8426472 1.0219934 -1.5878611
  vertex -0.9315061 0.80450714 -1.5874437
  vertex -1.0665573 0.82270896 -1.4789186
 endloop
endfacet
facet normal -0.60719484 0.2746424 -0.7455776
 outer loop
  vertex -0.8426472 1.0219934 -1.5878611
  vertex -1.0665573 0.82270896 -1.4789186
  vertex -0.9601255 1.0562189 -1.4795799
 endloop
endfacet
facet normal -0.70845807 0.5793536 -0.40303415
 outer loop
  vertex -0.8769256 1.3000009 -1.3594117
  vertex -1.0443206 1.0961409 -1.3582076
  vertex -1.0887784 1.1304955 -1.230675
 endloop
endfacet
facet normal -0.70871615 0.56888556 -0.41724178
 outer loop
  vertex -0.8769256 1.3000009 -1.3594117
  vertex -1.0887784 1.1304955 -1.230675
  vertex -0.9117153 1.3495066 -1.2328205
 endloop
endfacet
facet normal -0.7652975 0.61691797 -0.18366255
 outer loop
  vertex -0.9117153 1.3495066 -1.2328205
  vertex -1.0887784 1.1304955 -1.230675
  vertex -1.1017765 1.1562364 -1.0900507
 endloop
endfacet
facet normal -0.7693239 0.6050407 -0.2051011
 outer loop
  vertex -0.9117153 1.3495066 -1.2328205
  vertex -1.1017765 1.1562364 -1.0900507
  vertex -0.9196137 1.386827 -1.0931003
 endloop
endfacet
facet normal -0.8908336 0.42487076 -0.16093542
 outer loop
  vertex -1.0887784 1.1304955 -1.230675
  vertex -1.2155753 0.8654223 -1.228605
  vertex -1.2333714 0.8817484 -1.0869968
 endloop
endfacet
facet normal -0.8907773 0.4252738 -0.16018099
 outer loop
  vertex -1.0887784 1.1304955 -1.230675
  vertex -1.2333714 0.8817484 -1.0869968
  vertex -1.1017765 1.1562364 -1.0900507
 endloop
endfacet
facet normal -0.829042 0.3905819 -0.40016878
 outer loop
  vertex -1.0443206 1.0961409 -1.3582076
  vertex -1.1633697 0.8446435 -1.3570422
  vertex -1.2155753 0.8654223 -1.228605
 endloop
endfacet
facet normal -0.82980305 0.3938463 -0.3953631
 outer loop
  vertex -1.0443206 1.0961409 -1.3582076
  vertex -1.2155753 0.8654223 -1.228605
  vertex -1.0887784 1.1304955 -1.230675
 endloop
endfacet
facet normal -0.88604313 0.21539578 -0.41052675
 outer loop
  vertex -1.1633697 0.8446435 -1.3570422
  vertex -1.2342317 0.55522424 -1.355953
  vertex -1.2914475 0.56551117 -1.2270663
 endloop
endfacet
facet normal -0.8899261 0.22309437 -0.39781973
 outer loop
  vertex -1.1633697 0.8446435 -1.3570422
  vertex -1.2914475 0.56551117 -1.2270663
  vertex -1.2155753 0.8654223 -1.228605
 endloop
endfacet
facet normal -0.9577365 0.24148846 -0.15628189
 outer loop
  vertex -1.2155753 0.8654223 -1.228605
  vertex -1.2914475 0.56551117 -1.2270663
  vertex -1.3124057 0.57428664 -1.0850691
 endloop
endfacet
facet normal -0.95797443 0.2453192 -0.1486725
 outer loop
  vertex -1.2155753 0.8654223 -1.228605
  vertex -1.3124057 0.57428664 -1.0850691
  vertex -1.2333714 0.8817484 -1.0869968
 endloop
endfacet
facet normal -0.9848582 0.07804178 -0.15480262
 outer loop
  vertex -1.2914475 0.56551117 -1.2270663
  vertex -1.3166324 0.24783811 -1.2269903
  vertex -1.3386976 0.25032088 -1.0853596
 endloop
endfacet
facet normal -0.9853765 0.08010432 -0.15038785
 outer loop
  vertex -1.2914475 0.56551117 -1.2270663
  vertex -1.3386976 0.25032088 -1.0853596
  vertex -1.3124057 0.57428664 -1.0850691
 endloop
endfacet
facet normal -0.9065615 0.068273626 -0.41651535
 outer loop
  vertex -1.2342317 0.55522424 -1.355953
  vertex -1.2576492 0.24596596 -1.3556764
  vertex -1.3166324 0.24783811 -1.2269903
 endloop
endfacet
facet normal -0.909472 0.07200434 -0.40948272
 outer loop
  vertex -1.2342317 0.55522424 -1.355953
  vertex -1.3166324 0.24783811 -1.2269903
  vertex -1.2914475 0.56551117 -1.2270663
 endloop
endfacet
facet normal -0.591097 0.11530095 -0.79831696
 outer loop
  vertex -0.9315061 0.80450714 -1.5874437
  vertex -0.9837872 0.5380385 -1.5872194
  vertex -1.1294484 0.545568 -1.4782801
 endloop
endfacet
facet normal -0.6092966 0.13646708 -0.78111094
 outer loop
  vertex -0.9315061 0.80450714 -1.5874437
  vertex -1.1294484 0.545568 -1.4782801
  vertex -1.0665573 0.82270896 -1.4789186
 endloop
endfacet
facet normal -0.742259 0.16694443 -0.6489847
 outer loop
  vertex -1.0665573 0.82270896 -1.4789186
  vertex -1.1294484 0.545568 -1.4782801
  vertex -1.2342317 0.55522424 -1.355953
 endloop
endfacet
facet normal -0.7536926 0.18215926 -0.6314788
 outer loop
  vertex -1.0665573 0.82270896 -1.4789186
  vertex -1.2342317 0.55522424 -1.355953
  vertex -1.1633697 0.8446435 -1.3570422
 endloop
endfacet
facet normal -0.7498965 0.05096523 -0.65958905
 outer loop
  vertex -1.1294484 0.545568 -1.4782801
  vertex -1.1500757 0.2449922 -1.4780536
  vertex -1.2576492 0.24596596 -1.3556764
 endloop
endfacet
facet normal -0.75603205 0.056664668 -0.6520772
 outer loop
  vertex -1.1294484 0.545568 -1.4782801
  vertex -1.2576492 0.24596596 -1.3556764
  vertex -1.2342317 0.55522424 -1.355953
 endloop
endfacet
facet normal -0.58977866 0.03410243 -0.80684453
 outer loop
  vertex -0.9837872 0.5380385 -1.5872194
  vertex -1.0008187 0.24458072 -1.5871732
  vertex -1.1500757 0.2449922 -1.4780536
 endloop
endfacet
facet normal -0.59709305 0.040372297 -0.8011554
 outer loop
  vertex -0.9837872 0.5380385 -1.5872194
  vertex -1.1500757 0.2449922 -1.4780536
  vertex -1.1294484 0.545568 -1.4782801
 endloop
endfacet
facet normal -0.7811414 0.5860616 0.2152903
 outer loop
  vertex -0.88414145 1.4270059 -0.76643634
  vertex -1.069236 1.1789198 -0.7626801
  vertex -1.0210009 1.1811473 -0.5937314
 endloop
endfacet
facet normal -0.8015559 0.5709393 0.17758518
 outer loop
  vertex -0.88414145 1.4270059 -0.76643634
  vertex -1.0210009 1.1811473 -0.5937314
  vertex -0.84431195 1.430433 -0.5976786
 endloop
endfacet
facet normal -0.74772704 0.5361765 0.39168724
 outer loop
  vertex -0.84431195 1.430433 -0.5976786
  vertex -1.0210009 1.1811473 -0.5937314
  vertex -0.9425783 1.1745263 -0.43496013
 endloop
endfacet
facet normal -0.78641796 0.51695406 0.33809054
 outer loop
  vertex -0.84431195 1.430433 -0.5976786
  vertex -0.9425783 1.1745263 -0.43496013
  vertex -0.7872665 1.413577 -0.439214
 endloop
endfacet
facet normal -0.8008451 0.37041593 0.47057325
 outer loop
  vertex -1.0210009 1.1811473 -0.5937314
  vertex -1.1489154 0.89802706 -0.58856213
  vertex -1.0541061 0.8978423 -0.4270655
 endloop
endfacet
facet normal -0.83451194 0.34855697 0.42672923
 outer loop
  vertex -1.0210009 1.1811473 -0.5937314
  vertex -1.0541061 0.8978423 -0.4270655
  vertex -0.9425783 1.1745263 -0.43496013
 endloop
endfacet
facet normal -0.86581874 0.41700825 0.27651766
 outer loop
  vertex -1.069236 1.1789198 -0.7626801
  vertex -1.2043645 0.895484 -0.7583466
  vertex -1.1489154 0.89802706 -0.58856213
 endloop
endfacet
facet normal -0.88152087 0.40277183 0.2463654
 outer loop
  vertex -1.069236 1.1789198 -0.7626801
  vertex -1.1489154 0.89802706 -0.58856213
  vertex -1.0210009 1.1811473 -0.5937314
 endloop
endfacet
facet normal -0.67503643 0.44899064 0.5854342
 outer loop
  vertex -0.7872665 1.413577 -0.439214
  vertex -0.9425783 1.1745263 -0.43496013
  vertex -0.8312166 1.1613877 -0.29647768
 endloop
endfacet
facet normal -0.73985577 0.42439425 0.52201825
 outer loop
  vertex -0.7872665 1.413577 -0.439214
  vertex -0.8312166 1.1613877 -0.29647768
  vertex -0.7157172 1.3711233 -0.303293
 endloop
endfacet
facet normal -0.63679177 0.37260982 0.6750247
 outer loop
  vertex -0.7157172 1.3711233 -0.303293
  vertex -0.8312166 1.1613877 -0.29647768
  vertex -0.705838 1.1776662 -0.18718612
 endloop
endfacet
facet normal -0.7070696 0.33700305 0.62167645
 outer loop
  vertex -0.7157172 1.3711233 -0.303293
  vertex -0.705838 1.1776662 -0.18718612
  vertex -0.65962344 1.3270603 -0.21560824
 endloop
endfacet
facet normal -0.6245882 0.24385644 0.7419054
 outer loop
  vertex -0.8312166 1.1613877 -0.29647768
  vertex -0.9159545 0.8997309 -0.2818122
  vertex -0.75710154 0.93426883 -0.15943086
 endloop
endfacet
facet normal -0.6570228 0.22058347 0.7208773
 outer loop
  vertex -0.8312166 1.1613877 -0.29647768
  vertex -0.75710154 0.93426883 -0.15943086
  vertex -0.705838 1.1776662 -0.18718612
 endloop
endfacet
facet normal -0.6935489 0.2982716 0.65576214
 outer loop
  vertex -0.9425783 1.1745263 -0.43496013
  vertex -1.0541061 0.8978423 -0.4270655
  vertex -0.9159545 0.8997309 -0.2818122
 endloop
endfacet
facet normal -0.7367961 0.2732744 0.6184275
 outer loop
  vertex -0.9425783 1.1745263 -0.43496013
  vertex -0.9159545 0.8997309 -0.2818122
  vertex -0.8312166 1.1613877 -0.29647768
 endloop
endfacet
facet normal -0.6938364 0.16054392 0.7020091
 outer loop
  vertex -1.0541061 0.8978423 -0.4270655
  vertex -1.1212914 0.58811015 -0.42263532
  vertex -0.9682336 0.5940575 -0.2727195
 endloop
endfacet
facet normal -0.71807206 0.14307179 0.6811042
 outer loop
  vertex -1.0541061 0.8978423 -0.4270655
  vertex -0.9682336 0.5940575 -0.2727195
  vertex -0.9159545 0.8997309 -0.2818122
 endloop
endfacet
facet normal -0.6069696 0.1271453 0.7844883
 outer loop
  vertex -0.9159545 0.8997309 -0.2818122
  vertex -0.9682336 0.5940575 -0.2727195
  vertex -0.78867453 0.6213374 -0.13821352
 endloop
endfacet
facet normal -0.6218334 0.11526026 0.7746215
 outer loop
  vertex -0.9159545 0.8997309 -0.2818122
  vertex -0.78867453 0.6213374 -0.13821352
  vertex -0.75710154 0.93426883 -0.15943086
 endloop
endfacet
facet normal -0.60086966 0.031039001 0.79874414
 outer loop
  vertex -0.9682336 0.5940575 -0.2727195
  vertex -0.98573107 0.26781735 -0.27320468
  vertex -0.79624873 0.27947685 -0.13111627
 endloop
endfacet
facet normal -0.6021722 0.029904583 0.7978059
 outer loop
  vertex -0.9682336 0.5940575 -0.2727195
  vertex -0.79624873 0.27947685 -0.13111627
  vertex -0.78867453 0.6213374 -0.13821352
 endloop
endfacet
facet normal -0.6912145 0.043974154 0.7213105
 outer loop
  vertex -1.1212914 0.58811015 -0.42263532
  vertex -1.1438156 0.26226798 -0.42435503
  vertex -0.98573107 0.26781735 -0.27320468
 endloop
endfacet
facet normal -0.69999343 0.036482576 0.71321684
 outer loop
  vertex -1.1212914 0.58811015 -0.42263532
  vertex -0.98573107 0.26781735 -0.27320468
  vertex -0.9682336 0.5940575 -0.2727195
 endloop
endfacet
facet normal -0.91661805 0.24072032 0.31916305
 outer loop
  vertex -1.2043645 0.895484 -0.7583466
  vertex -1.285627 0.5828444 -0.7559276
  vertex -1.2256554 0.58556014 -0.585741
 endloop
endfacet
facet normal -0.92608577 0.23014073 0.29899892
 outer loop
  vertex -1.2043645 0.895484 -0.7583466
  vertex -1.2256554 0.58556014 -0.585741
  vertex -1.1489154 0.89802706 -0.58856213
 endloop
endfacet
facet normal -0.82546824 0.20746957 0.5249367
 outer loop
  vertex -1.1489154 0.89802706 -0.58856213
  vertex -1.2256554 0.58556014 -0.585741
  vertex -1.1212914 0.58811015 -0.42263532
 endloop
endfacet
facet normal -0.8464501 0.19071773 0.49714082
 outer loop
  vertex -1.1489154 0.89802706 -0.58856213
  vertex -1.1212914 0.58811015 -0.42263532
  vertex -1.0541061 0.8978423 -0.4270655
 endloop
endfacet
facet normal -0.83400106 0.062539265 0.5482072
 outer loop
  vertex -1.2256554 0.58556014 -0.585741
  vertex -1.2511832 0.25871265 -0.5872903
  vertex -1.1438156 0.26226798 -0.42435503
 endloop
endfacet
facet normal -0.84142894 0.055327863 0.5375278
 outer loop
  vertex -1.2256554 0.58556014 -0.585741
  vertex -1.1438156 0.26226798 -0.42435503
  vertex -1.1212914 0.58811015 -0.42263532
 endloop
endfacet
facet normal -0.9379501 0.076320514 0.33826742
 outer loop
  vertex -1.285627 0.5828444 -0.7559276
  vertex -1.3126518 0.25580782 -0.7570754
  vertex -1.2511832 0.25871265 -0.5872903
 endloop
endfacet
facet normal -0.9410702 0.07193376 0.33047307
 outer loop
  vertex -1.285627 0.5828444 -0.7559276
  vertex -1.2511832 0.25871265 -0.5872903
  vertex -1.2256554 0.58556014 -0.585741
 endloop
endfacet
facet normal -0.9383494 -0.08343427 0.3354684
 outer loop
  vertex -1.299215 0.0934549 -0.7598697
  vertex -1.2857782 -0.06889802 -0.76266396
  vertex -1.225864 -0.06531131 -0.5941842
 endloop
endfacet
facet normal -0.93769133 -0.080462694 0.33802453
 outer loop
  vertex -1.299215 0.0934549 -0.7598697
  vertex -1.225864 -0.06531131 -0.5941842
  vertex -1.2385236 0.09670067 -0.5907372
 endloop
endfacet
facet normal -0.83564556 -0.07686835 0.5438637
 outer loop
  vertex -1.2385236 0.09670067 -0.5907372
  vertex -1.225864 -0.06531131 -0.5941842
  vertex -1.1215034 -0.06017393 -0.4331081
 endloop
endfacet
facet normal -0.83401865 -0.07255941 0.5469442
 outer loop
  vertex -1.2385236 0.09670067 -0.5907372
  vertex -1.1215034 -0.06017393 -0.4331081
  vertex -1.1326594 0.10104704 -0.42873156
 endloop
endfacet
facet normal -0.8292899 -0.22545923 0.51131815
 outer loop
  vertex -1.1875898 -0.21807271 -0.5994666
  vertex -1.1493155 -0.3708341 -0.604749
  vertex -1.0545124 -0.36176914 -0.44699395
 endloop
endfacet
facet normal -0.8254806 -0.20752494 0.52489537
 outer loop
  vertex -1.1875898 -0.21807271 -0.5994666
  vertex -1.0545124 -0.36176914 -0.44699395
  vertex -1.0880079 -0.21097153 -0.44005096
 endloop
endfacet
facet normal -0.9164106 -0.25122488 0.3115727
 outer loop
  vertex -1.2452163 -0.22220975 -0.76697874
  vertex -1.2046543 -0.37552148 -0.77129346
  vertex -1.1493155 -0.3708341 -0.604749
 endloop
endfacet
facet normal -0.9159882 -0.24060224 0.32105476
 outer loop
  vertex -1.2452163 -0.22220975 -0.76697874
  vertex -1.1493155 -0.3708341 -0.604749
  vertex -1.1875898 -0.21807271 -0.5994666
 endloop
endfacet
facet normal -0.69068164 -0.067339115 0.7200169
 outer loop
  vertex -1.1326594 0.10104704 -0.42873156
  vertex -1.1215034 -0.06017393 -0.4331081
  vertex -0.96730924 -0.05335027 -0.28455806
 endloop
endfacet
facet normal -0.6896176 -0.06505186 0.72124606
 outer loop
  vertex -1.1326594 0.10104704 -0.42873156
  vertex -0.96730924 -0.05335027 -0.28455806
  vertex -0.9765202 0.107233524 -0.27888143
 endloop
endfacet
facet normal -0.59723324 -0.06252353 0.799627
 outer loop
  vertex -0.9765202 0.107233524 -0.27888143
  vertex -0.96730924 -0.05335027 -0.28455806
  vertex -0.78023356 -0.049461782 -0.1445291
 endloop
endfacet
facet normal -0.59681624 -0.061678186 0.80000377
 outer loop
  vertex -0.9765202 0.107233524 -0.27888143
  vertex -0.78023356 -0.049461782 -0.1445291
  vertex -0.78824115 0.11500752 -0.13782275
 endloop
endfacet
facet normal -0.5938509 -0.1595163 0.7886036
 outer loop
  vertex -0.94084036 -0.20102376 -0.2944969
  vertex -0.91437155 -0.34869725 -0.30443573
  vertex -0.7424298 -0.34374577 -0.17395496
 endloop
endfacet
facet normal -0.592049 -0.15513091 0.79083014
 outer loop
  vertex -0.94084036 -0.20102376 -0.2944969
  vertex -0.7424298 -0.34374577 -0.17395496
  vertex -0.7613317 -0.19660378 -0.15924203
 endloop
endfacet
facet normal -0.6921303 -0.18584886 0.69743514
 outer loop
  vertex -1.0880079 -0.21097153 -0.44005096
  vertex -1.0545124 -0.36176914 -0.44699395
  vertex -0.91437155 -0.34869725 -0.30443573
 endloop
endfacet
facet normal -0.6870243 -0.17067768 0.70630497
 outer loop
  vertex -1.0880079 -0.21097153 -0.44005096
  vertex -0.91437155 -0.34869725 -0.30443573
  vertex -0.94084036 -0.20102376 -0.2944969
 endloop
endfacet
facet normal -0.68728685 -0.3261528 0.64904636
 outer loop
  vertex -1.0545124 -0.36176914 -0.44699395
  vertex -0.94277775 -0.6278005 -0.4623598
  vertex -0.82842875 -0.60030013 -0.32745433
 endloop
endfacet
facet normal -0.668782 -0.29103267 0.6841276
 outer loop
  vertex -1.0545124 -0.36176914 -0.44699395
  vertex -0.82842875 -0.60030013 -0.32745433
  vertex -0.91437155 -0.34869725 -0.30443573
 endloop
endfacet
facet normal -0.5933412 -0.27198607 0.757608
 outer loop
  vertex -0.91437155 -0.34869725 -0.30443573
  vertex -0.82842875 -0.60030013 -0.32745433
  vertex -0.68781215 -0.58502036 -0.2118411
 endloop
endfacet
facet normal -0.58022493 -0.2529138 0.7741923
 outer loop
  vertex -0.91437155 -0.34869725 -0.30443573
  vertex -0.68781215 -0.58502036 -0.2118411
  vertex -0.7424298 -0.34374577 -0.17395496
 endloop
endfacet
facet normal -0.5913179 -0.4023901 0.6988743
 outer loop
  vertex -0.82842875 -0.60030013 -0.32745433
  vertex -0.70594496 -0.79805094 -0.3376795
  vertex -0.6377104 -0.7386083 -0.24572098
 endloop
endfacet
facet normal -0.57187647 -0.35019267 0.74183714
 outer loop
  vertex -0.82842875 -0.60030013 -0.32745433
  vertex -0.6377104 -0.7386083 -0.24572098
  vertex -0.68781215 -0.58502036 -0.2118411
 endloop
endfacet
facet normal -0.65373826 -0.48249406 0.5829458
 outer loop
  vertex -0.94277775 -0.6278005 -0.4623598
  vertex -0.7850082 -0.8524048 -0.47133183
  vertex -0.70594496 -0.79805094 -0.3376795
 endloop
endfacet
facet normal -0.643085 -0.43104574 0.6329622
 outer loop
  vertex -0.94277775 -0.6278005 -0.4623598
  vertex -0.70594496 -0.79805094 -0.3376795
  vertex -0.82842875 -0.60030013 -0.32745433
 endloop
endfacet
facet normal -0.8612209 -0.4318129 0.26802284
 outer loop
  vertex -1.2046543 -0.37552148 -0.77129346
  vertex -1.0696411 -0.6507296 -0.78085315
  vertex -1.0215147 -0.6446076 -0.61634827
 endloop
endfacet
facet normal -0.8602156 -0.41416308 0.29748625
 outer loop
  vertex -1.2046543 -0.37552148 -0.77129346
  vertex -1.0215147 -0.6446076 -0.61634827
  vertex -1.1493155 -0.3708341 -0.604749
 endloop
endfacet
facet normal -0.8006615 -0.39292067 0.452277
 outer loop
  vertex -1.1493155 -0.3708341 -0.604749
  vertex -1.0215147 -0.6446076 -0.61634827
  vertex -0.94277775 -0.6278005 -0.4623598
 endloop
endfacet
facet normal -0.7902029 -0.36051446 0.49558932
 outer loop
  vertex -1.1493155 -0.3708341 -0.604749
  vertex -0.94277775 -0.6278005 -0.4623598
  vertex -1.0545124 -0.36176914 -0.44699395
 endloop
endfacet
facet normal -0.7310495 -0.5601591 0.38960043
 outer loop
  vertex -1.0215147 -0.6446076 -0.61634827
  vertex -0.8446264 -0.8815771 -0.6251433
  vertex -0.7850082 -0.8524048 -0.47133183
 endloop
endfacet
facet normal -0.7301273 -0.53009 0.43118307
 outer loop
  vertex -1.0215147 -0.6446076 -0.61634827
  vertex -0.7850082 -0.8524048 -0.47133183
  vertex -0.94277775 -0.6278005 -0.4623598
 endloop
endfacet
facet normal -0.76836944 -0.6015289 0.21856667
 outer loop
  vertex -1.0696411 -0.6507296 -0.78085315
  vertex -0.884636 -0.8898861 -0.7886642
  vertex -0.8446264 -0.8815771 -0.6251433
 endloop
endfacet
facet normal -0.7719729 -0.5854376 0.24763016
 outer loop
  vertex -1.0696411 -0.6507296 -0.78085315
  vertex -0.8446264 -0.8815771 -0.6251433
  vertex -1.0215147 -0.6446076 -0.61634827
 endloop
endfacet
facet normal -0.5963673 -0.0350408 -0.8019465
 outer loop
  vertex -0.992258 0.0983628 -1.5871503
  vertex -0.9836973 -0.04785508 -1.5871276
  vertex -1.129386 -0.054757714 -1.4784846
 endloop
endfacet
facet normal -0.5929298 -0.03976936 -0.8042715
 outer loop
  vertex -0.992258 0.0983628 -1.5871503
  vertex -1.129386 -0.054757714 -1.4784846
  vertex -1.1397308 0.09511727 -1.4782691
 endloop
endfacet
facet normal -0.75510055 -0.051179584 -0.6536083
 outer loop
  vertex -1.1397308 0.09511727 -1.4782691
  vertex -1.129386 -0.054757714 -1.4784846
  vertex -1.2341981 -0.06251371 -1.35679
 endloop
endfacet
facet normal -0.75248677 -0.054836273 -0.6563206
 outer loop
  vertex -1.1397308 0.09511727 -1.4782691
  vertex -1.2341981 -0.06251371 -1.35679
  vertex -1.2459236 0.091726124 -1.3562332
 endloop
endfacet
facet normal -0.7513581 -0.17383532 -0.63658655
 outer loop
  vertex -1.0977575 -0.19064695 -1.4787077
  vertex -1.066129 -0.32653612 -1.4789307
  vertex -1.1632062 -0.34782398 -1.358538
 endloop
endfacet
facet normal -0.7444528 -0.18129985 -0.642589
 outer loop
  vertex -1.0977575 -0.19064695 -1.4787077
  vertex -1.1632062 -0.34782398 -1.358538
  vertex -1.1987021 -0.20516884 -1.357664
 endloop
endfacet
facet normal -0.60662514 -0.12535445 -0.7850428
 outer loop
  vertex -0.95724595 -0.17752725 -1.5868613
  vertex -0.93079466 -0.30719948 -1.586595
  vertex -1.066129 -0.32653612 -1.4789307
 endloop
endfacet
facet normal -0.5960724 -0.13743865 -0.7910805
 outer loop
  vertex -0.95724595 -0.17752725 -1.5868613
  vertex -1.066129 -0.32653612 -1.4789307
  vertex -1.0977575 -0.19064695 -1.4787077
 endloop
endfacet
facet normal -0.90924007 -0.06763929 -0.41074008
 outer loop
  vertex -1.2459236 0.091726124 -1.3562332
  vertex -1.2341981 -0.06251371 -1.35679
  vertex -1.2914362 -0.068775654 -1.2290529
 endloop
endfacet
facet normal -0.90815794 -0.06958187 -0.41280442
 outer loop
  vertex -1.2459236 0.091726124 -1.3562332
  vertex -1.2914362 -0.068775654 -1.2290529
  vertex -1.3040342 0.08953124 -1.2280216
 endloop
endfacet
facet normal -0.98577726 -0.07747649 -0.14913268
 outer loop
  vertex -1.3040342 0.08953124 -1.2280216
  vertex -1.2914362 -0.068775654 -1.2290529
  vertex -1.3124273 -0.072144985 -1.08855
 endloop
endfacet
facet normal -0.9854443 -0.07879107 -0.15063652
 outer loop
  vertex -1.3040342 0.08953124 -1.2280216
  vertex -1.3124273 -0.072144985 -1.08855
  vertex -1.3255625 0.08908796 -1.0869548
 endloop
endfacet
facet normal -0.95923305 -0.24466313 -0.14146298
 outer loop
  vertex -1.2534885 -0.21657747 -1.2307415
  vertex -1.215541 -0.36437923 -1.2324302
  vertex -1.233413 -0.37451404 -1.0937154
 endloop
endfacet
facet normal -0.95784754 -0.24781986 -0.14530441
 outer loop
  vertex -1.2534885 -0.21657747 -1.2307415
  vertex -1.233413 -0.37451404 -1.0937154
  vertex -1.2729201 -0.22332948 -1.0911326
 endloop
endfacet
facet normal -0.890645 -0.21917203 -0.39839056
 outer loop
  vertex -1.1987021 -0.20516884 -1.357664
  vertex -1.1632062 -0.34782398 -1.358538
  vertex -1.215541 -0.36437923 -1.2324302
 endloop
endfacet
facet normal -0.88748354 -0.22325175 -0.40315205
 outer loop
  vertex -1.1987021 -0.20516884 -1.357664
  vertex -1.215541 -0.36437923 -1.2324302
  vertex -1.2534885 -0.21657747 -1.2307415
 endloop
endfacet
facet normal -0.8247567 -0.4020754 -0.3976326
 outer loop
  vertex -1.1632062 -0.34782398 -1.358538
  vertex -1.0438999 -0.59101516 -1.360091
  vertex -1.0887061 -0.6217659 -1.236061
 endloop
endfacet
facet normal -0.82605857 -0.4014854 -0.39552096
 outer loop
  vertex -1.1632062 -0.34782398 -1.358538
  vertex -1.0887061 -0.6217659 -1.236061
  vertex -1.215541 -0.36437923 -1.2324302
 endloop
endfacet
facet normal -0.8881753 -0.4356116 -0.14624357
 outer loop
  vertex -1.215541 -0.36437923 -1.2324302
  vertex -1.0887061 -0.6217659 -1.236061
  vertex -1.1018344 -0.64083105 -1.0995407
 endloop
endfacet
facet normal -0.88817024 -0.43561676 -0.14625879
 outer loop
  vertex -1.215541 -0.36437923 -1.2324302
  vertex -1.1018344 -0.64083105 -1.0995407
  vertex -1.233413 -0.37451404 -1.0937154
 endloop
endfacet
facet normal -0.7584161 -0.6244613 -0.18668981
 outer loop
  vertex -1.0887061 -0.6217659 -1.236061
  vertex -0.91161865 -0.8358328 -1.239433
  vertex -0.91968465 -0.866301 -1.1047518
 endloop
endfacet
facet normal -0.76962095 -0.61804616 -0.1603201
 outer loop
  vertex -1.0887061 -0.6217659 -1.236061
  vertex -0.91968465 -0.866301 -1.1047518
  vertex -1.1018344 -0.64083105 -1.0995407
 endloop
endfacet
facet normal -0.6921981 -0.5834024 -0.42485702
 outer loop
  vertex -1.0438999 -0.59101516 -1.360091
  vertex -0.8763481 -0.78867525 -1.3616531
  vertex -0.91161865 -0.8358328 -1.239433
 endloop
endfacet
facet normal -0.7092395 -0.5804178 -0.40011805
 outer loop
  vertex -1.0438999 -0.59101516 -1.360091
  vertex -0.91161865 -0.8358328 -1.239433
  vertex -1.0887061 -0.6217659 -1.236061
 endloop
endfacet
facet normal -0.5927987 -0.2697503 -0.75883096
 outer loop
  vertex -0.93079466 -0.30719948 -1.586595
  vertex -0.84059674 -0.5088988 -1.5853573
  vertex -0.95892817 -0.54844207 -1.4788599
 endloop
endfacet
facet normal -0.5735672 -0.27733117 -0.77078414
 outer loop
  vertex -0.93079466 -0.30719948 -1.586595
  vertex -0.95892817 -0.54844207 -1.4788599
  vertex -1.066129 -0.32653612 -1.4789307
 endloop
endfacet
facet normal -0.702998 -0.33981147 -0.62475747
 outer loop
  vertex -1.066129 -0.32653612 -1.4789307
  vertex -0.95892817 -0.54844207 -1.4788599
  vertex -1.0438999 -0.59101516 -1.360091
 endloop
endfacet
facet normal -0.70170355 -0.34024906 -0.62597346
 outer loop
  vertex -1.066129 -0.32653612 -1.4789307
  vertex -1.0438999 -0.59101516 -1.360091
  vertex -1.1632062 -0.34782398 -1.358538
 endloop
endfacet
facet normal -0.58791006 -0.5088821 -0.62880903
 outer loop
  vertex -0.95892817 -0.54844207 -1.4788599
  vertex -0.8080973 -0.72243816 -1.479069
  vertex -0.8763481 -0.78867525 -1.3616531
 endloop
endfacet
facet normal -0.6043327 -0.5074241 -0.6142499
 outer loop
  vertex -0.95892817 -0.54844207 -1.4788599
  vertex -0.8763481 -0.78867525 -1.3616531
  vertex -1.0438999 -0.59101516 -1.360091
 endloop
endfacet
facet normal -0.442924 -0.45262486 -0.773918
 outer loop
  vertex -0.84059674 -0.5088988 -1.5853573
  vertex -0.73097485 -0.62617475 -1.5795068
  vertex -0.8080973 -0.72243816 -1.479069
 endloop
endfacet
facet normal -0.5129818 -0.4438022 -0.73477155
 outer loop
  vertex -0.84059674 -0.5088988 -1.5853573
  vertex -0.8080973 -0.72243816 -1.479069
  vertex -0.95892817 -0.54844207 -1.4788599
 endloop
endfacet
facet normal -0.10744375 -0.6114748 0.7839351
 outer loop
  vertex -3.4647742e-16 1.1473606 0.14615381
  vertex -3.4647742e-16 1.3374062 0.29439068
  vertex -0.15026803 1.3372242 0.2736535
 endloop
endfacet
facet normal -0.06580822 -0.59165925 0.8034978
 outer loop
  vertex -3.4647742e-16 1.1473606 0.14615381
  vertex -0.15026803 1.3372242 0.2736535
  vertex -0.20006886 1.1473093 0.12972999
 endloop
endfacet
facet normal -0.47484514 -0.449067 0.7568757
 outer loop
  vertex -0.20006886 1.1473093 0.12972999
  vertex -0.15026803 1.3372242 0.2736535
  vertex -0.27124915 1.3658295 0.2147249
 endloop
endfacet
facet normal -0.3556169 -0.43715328 0.8260954
 outer loop
  vertex -0.20006886 1.1473093 0.12972999
  vertex -0.27124915 1.3658295 0.2147249
  vertex -0.40717256 1.1738007 0.054594874
 endloop
endfacet
facet normal -0.53528064 -0.5603575 0.63203967
 outer loop
  vertex -0.15026803 1.3372242 0.2736535
  vertex -0.10787426 1.4311538 0.39283383
  vertex -0.194363 1.4331328 0.3213402
 endloop
endfacet
facet normal -0.46648914 -0.5563714 0.68763274
 outer loop
  vertex -0.15026803 1.3372242 0.2736535
  vertex -0.194363 1.4331328 0.3213402
  vertex -0.27124915 1.3658295 0.2147249
 endloop
endfacet
facet normal -0.12750883 -0.784287 0.60715353
 outer loop
  vertex -3.4647742e-16 1.3374062 0.29439068
  vertex -3.4647742e-16 1.4349678 0.42041528
  vertex -0.10787426 1.4311538 0.39283383
 endloop
endfacet
facet normal -0.08677321 -0.767196 0.635516
 outer loop
  vertex -3.4647742e-16 1.3374062 0.29439068
  vertex -0.10787426 1.4311538 0.39283383
  vertex -0.15026803 1.3372242 0.2736535
 endloop
endfacet
facet normal -0.13249981 0.98706484 -0.09025974
 outer loop
  vertex -3.4647742e-16 1.9028518 -0.76599133
  vertex -0.20555736 1.8752248 -0.76636046
  vertex -0.19233315 1.8928487 -0.5930415
 endloop
endfacet
facet normal -0.14155452 0.98481995 -0.10045908
 outer loop
  vertex -3.4647742e-16 1.9028518 -0.76599133
  vertex -0.19233315 1.8928487 -0.5930415
  vertex -3.4647742e-16 1.9204872 -0.5931086
 endloop
endfacet
facet normal -0.1421104 0.9890302 0.04029631
 outer loop
  vertex -3.4647742e-16 1.9204872 -0.5931086
  vertex -0.19233315 1.8928487 -0.5930415
  vertex -0.17606094 1.8881156 -0.41948676
 endloop
endfacet
facet normal -0.15302466 0.9877968 0.028998766
 outer loop
  vertex -3.4647742e-16 1.9204872 -0.5931086
  vertex -0.17606094 1.8881156 -0.41948676
  vertex -3.4647742e-16 1.9154763 -0.42242217
 endloop
endfacet
facet normal -0.39823872 0.90626305 0.14175044
 outer loop
  vertex -0.19233315 1.8928487 -0.5930415
  vertex -0.39926955 1.8018336 -0.5925227
  vertex -0.36959654 1.782826 -0.3876351
 endloop
endfacet
facet normal -0.4681375 0.8810415 0.067919046
 outer loop
  vertex -0.19233315 1.8928487 -0.5930415
  vertex -0.36959654 1.782826 -0.3876351
  vertex -0.17606094 1.8881156 -0.41948676
 endloop
endfacet
facet normal -0.37473217 0.92675966 -0.026312904
 outer loop
  vertex -0.20555736 1.8752248 -0.76636046
  vertex -0.4236648 1.7870119 -0.767134
  vertex -0.39926955 1.8018336 -0.5925227
 endloop
endfacet
facet normal -0.4019523 0.9135439 -0.062224567
 outer loop
  vertex -0.20555736 1.8752248 -0.76636046
  vertex -0.39926955 1.8018336 -0.5925227
  vertex -0.19233315 1.8928487 -0.5930415
 endloop
endfacet
facet normal -0.7672549 0.49919605 0.40264535
 outer loop
  vertex -0.44288027 1.5103407 -0.09051943
  vertex -0.33791494 1.5780835 0.025508761
  vertex -0.32869485 1.698673 -0.10642779
 endloop
endfacet
facet normal -0.757252 0.49510098 0.42596298
 outer loop
  vertex -0.44288027 1.5103407 -0.09051943
  vertex -0.32869485 1.698673 -0.10642779
  vertex -0.4267454 1.6454566 -0.21888232
 endloop
endfacet
facet normal -0.6895263 0.6652264 0.28640425
 outer loop
  vertex -0.4267454 1.6454566 -0.21888232
  vertex -0.32869485 1.698673 -0.10642779
  vertex -0.27483752 1.8015327 -0.21567535
 endloop
endfacet
facet normal -0.68541306 0.66082424 0.30581087
 outer loop
  vertex -0.4267454 1.6454566 -0.21888232
  vertex -0.27483752 1.8015327 -0.21567535
  vertex -0.36959654 1.782826 -0.3876351
 endloop
endfacet
facet normal -0.6384601 0.6863651 0.3482407
 outer loop
  vertex -0.32869485 1.698673 -0.10642779
  vertex -0.24282815 1.7268167 -0.004470587
  vertex -0.22767267 1.7925255 -0.10619366
 endloop
endfacet
facet normal -0.64210093 0.6903211 0.33341163
 outer loop
  vertex -0.32869485 1.698673 -0.10642779
  vertex -0.22767267 1.7925255 -0.10619366
  vertex -0.27483752 1.8015327 -0.21567535
 endloop
endfacet
facet normal -0.7141042 0.5450742 0.43925992
 outer loop
  vertex -0.33791494 1.5780835 0.025508761
  vertex -0.23500021 1.6249359 0.13467836
  vertex -0.24282815 1.7268167 -0.004470587
 endloop
endfacet
facet normal -0.7097569 0.54397416 0.44759047
 outer loop
  vertex -0.33791494 1.5780835 0.025508761
  vertex -0.24282815 1.7268167 -0.004470587
  vertex -0.32869485 1.698673 -0.10642779
 endloop
endfacet
facet normal -0.5897968 0.66407347 0.45950648
 outer loop
  vertex -0.36959654 1.782826 -0.3876351
  vertex -0.5929002 1.6141753 -0.43052328
  vertex -0.56909883 1.5323908 -0.28177917
 endloop
endfacet
facet normal -0.6718113 0.66930926 0.31732428
 outer loop
  vertex -0.36959654 1.782826 -0.3876351
  vertex -0.56909883 1.5323908 -0.28177917
  vertex -0.4267454 1.6454566 -0.21888232
 endloop
endfacet
facet normal -0.64989024 0.49963942 0.57271564
 outer loop
  vertex -0.4267454 1.6454566 -0.21888232
  vertex -0.56909883 1.5323908 -0.28177917
  vertex -0.55999255 1.4157567 -0.16969371
 endloop
endfacet
facet normal -0.7251103 0.51783836 0.45393664
 outer loop
  vertex -0.4267454 1.6454566 -0.21888232
  vertex -0.55999255 1.4157567 -0.16969371
  vertex -0.44288027 1.5103407 -0.09051943
 endloop
endfacet
facet normal -0.61403584 0.47407454 0.6310414
 outer loop
  vertex -0.56909883 1.5323908 -0.28177917
  vertex -0.7157172 1.3711233 -0.303293
  vertex -0.65962344 1.3270603 -0.21560824
 endloop
endfacet
facet normal -0.681379 0.478806 0.55359495
 outer loop
  vertex -0.56909883 1.5323908 -0.28177917
  vertex -0.65962344 1.3270603 -0.21560824
  vertex -0.55999255 1.4157567 -0.16969371
 endloop
endfacet
facet normal -0.6273953 0.5856702 0.51319164
 outer loop
  vertex -0.5929002 1.6141753 -0.43052328
  vertex -0.7872665 1.413577 -0.439214
  vertex -0.7157172 1.3711233 -0.303293
 endloop
endfacet
facet normal -0.69636875 0.5759974 0.4281326
 outer loop
  vertex -0.5929002 1.6141753 -0.43052328
  vertex -0.7157172 1.3711233 -0.303293
  vertex -0.56909883 1.5323908 -0.28177917
 endloop
endfacet
facet normal -0.5442762 0.83656317 0.06265329
 outer loop
  vertex -0.4236648 1.7870119 -0.767134
  vertex -0.65892375 1.6339872 -0.767629
  vertex -0.62700063 1.641969 -0.59688413
 endloop
endfacet
facet normal -0.57465947 0.81832105 0.010824038
 outer loop
  vertex -0.4236648 1.7870119 -0.767134
  vertex -0.62700063 1.641969 -0.59688413
  vertex -0.39926955 1.8018336 -0.5925227
 endloop
endfacet
facet normal -0.55992883 0.790896 0.24690717
 outer loop
  vertex -0.39926955 1.8018336 -0.5925227
  vertex -0.62700063 1.641969 -0.59688413
  vertex -0.5929002 1.6141753 -0.43052328
 endloop
endfacet
facet normal -0.6143133 0.7725377 0.16063781
 outer loop
  vertex -0.39926955 1.8018336 -0.5925227
  vertex -0.5929002 1.6141753 -0.43052328
  vertex -0.36959654 1.782826 -0.3876351
 endloop
endfacet
facet normal -0.66346526 0.68041044 0.31121603
 outer loop
  vertex -0.62700063 1.641969 -0.59688413
  vertex -0.84431195 1.430433 -0.5976786
  vertex -0.7872665 1.413577 -0.439214
 endloop
endfacet
facet normal -0.69994146 0.6671514 0.25493294
 outer loop
  vertex -0.62700063 1.641969 -0.59688413
  vertex -0.7872665 1.413577 -0.439214
  vertex -0.5929002 1.6141753 -0.43052328
 endloop
endfacet
facet normal -0.669288 0.7290815 0.14315628
 outer loop
  vertex -0.65892375 1.6339872 -0.767629
  vertex -0.88414145 1.4270059 -0.76643634
  vertex -0.84431195 1.430433 -0.5976786
 endloop
endfacet
facet normal -0.69444627 0.7130438 0.09650377
 outer loop
  vertex -0.65892375 1.6339872 -0.767629
  vertex -0.84431195 1.430433 -0.5976786
  vertex -0.62700063 1.641969 -0.59688413
 endloop
endfacet
facet normal -0.047560748 0.62394506 -0.7800196
 outer loop
  vertex -3.4647742e-16 1.3957086 -1.5873506
  vertex -0.19086672 1.3810945 -1.5874027
  vertex -0.2036372 1.5137978 -1.4804734
 endloop
endfacet
facet normal -0.05599049 0.6151798 -0.7863962
 outer loop
  vertex -3.4647742e-16 1.3957086 -1.5873506
  vertex -0.2036372 1.5137978 -1.4804734
  vertex -3.4647742e-16 1.5327016 -1.4801841
 endloop
endfacet
facet normal -0.06773547 0.73990744 -0.66928995
 outer loop
  vertex -3.4647742e-16 1.5327016 -1.4801841
  vertex -0.2036372 1.5137978 -1.4804734
  vertex -0.21570443 1.6207612 -1.3610029
 endloop
endfacet
facet normal -0.07524063 0.7320584 -0.6770741
 outer loop
  vertex -3.4647742e-16 1.5327016 -1.4801841
  vertex -0.21570443 1.6207612 -1.3610029
  vertex -3.4647742e-16 1.6432812 -1.3606244
 endloop
endfacet
facet normal -0.19342825 0.7411468 -0.6428739
 outer loop
  vertex -0.2036372 1.5137978 -1.4804734
  vertex -0.41063115 1.4594603 -1.4808367
  vertex -0.43772888 1.5560639 -1.3613126
 endloop
endfacet
facet normal -0.20833455 0.7181294 -0.6639932
 outer loop
  vertex -0.2036372 1.5137978 -1.4804734
  vertex -0.43772888 1.5560639 -1.3613126
  vertex -0.21570443 1.6207612 -1.3610029
 endloop
endfacet
facet normal -0.13919413 0.63871676 -0.756747
 outer loop
  vertex -0.19086672 1.3810945 -1.5874027
  vertex -0.38224107 1.3391476 -1.5876062
  vertex -0.41063115 1.4594603 -1.4808367
 endloop
endfacet
facet normal -0.15880924 0.6101603 -0.77619845
 outer loop
  vertex -0.19086672 1.3810945 -1.5874027
  vertex -0.41063115 1.4594603 -1.4808367
  vertex -0.2036372 1.5137978 -1.4804734
 endloop
endfacet
facet normal -0.08537441 0.8270807 -0.55556154
 outer loop
  vertex -3.4647742e-16 1.6432812 -1.3606244
  vertex -0.21570443 1.6207612 -1.3610029
  vertex -0.2222937 1.7041721 -1.235814
 endloop
endfacet
facet normal -0.09182532 0.820697 -0.56393653
 outer loop
  vertex -3.4647742e-16 1.6432812 -1.3606244
  vertex -0.2222937 1.7041721 -1.235814
  vertex -3.4647742e-16 1.729187 -1.2356057
 endloop
endfacet
facet normal -0.10029418 0.8948809 -0.4348899
 outer loop
  vertex -3.4647742e-16 1.729187 -1.2356057
  vertex -0.2222937 1.7041721 -1.235814
  vertex -0.22249673 1.7718072 -1.0965933
 endloop
endfacet
facet normal -0.10612748 0.89030564 -0.44282368
 outer loop
  vertex -3.4647742e-16 1.729187 -1.2356057
  vertex -0.22249673 1.7718072 -1.0965933
  vertex -3.4647742e-16 1.7983472 -1.0965577
 endloop
endfacet
facet normal -0.27557644 0.878074 -0.39120778
 outer loop
  vertex -0.2222937 1.7041721 -1.235814
  vertex -0.45215055 1.6320579 -1.235759
  vertex -0.45340824 1.69379 -1.0963142
 endloop
endfacet
facet normal -0.2911823 0.86033034 -0.4183832
 outer loop
  vertex -0.2222937 1.7041721 -1.235814
  vertex -0.45340824 1.69379 -1.0963142
  vertex -0.22249673 1.7718072 -1.0965933
 endloop
endfacet
facet normal -0.23781203 0.81861264 -0.5227991
 outer loop
  vertex -0.21570443 1.6207612 -1.3610029
  vertex -0.43772888 1.5560639 -1.3613126
  vertex -0.45215055 1.6320579 -1.235759
 endloop
endfacet
facet normal -0.25093818 0.7994242 -0.54584897
 outer loop
  vertex -0.21570443 1.6207612 -1.3610029
  vertex -0.45215055 1.6320579 -1.235759
  vertex -0.2222937 1.7041721 -1.235814
 endloop
endfacet
facet normal -0.3673676 0.79846376 -0.47696602
 outer loop
  vertex -0.43772888 1.5560639 -1.3613126
  vertex -0.66625696 1.4513185 -1.360645
  vertex -0.6904972 1.515414 -1.2346759
 endloop
endfacet
facet normal -0.37983778 0.7714083 -0.5105414
 outer loop
  vertex -0.43772888 1.5560639 -1.3613126
  vertex -0.6904972 1.515414 -1.2346759
  vertex -0.45215055 1.6320579 -1.235759
 endloop
endfacet
facet normal -0.41768754 0.85052234 -0.31960732
 outer loop
  vertex -0.45215055 1.6320579 -1.235759
  vertex -0.6904972 1.515414 -1.2346759
  vertex -0.69433415 1.5659354 -1.0952166
 endloop
endfacet
facet normal -0.43729436 0.82087296 -0.36734354
 outer loop
  vertex -0.45215055 1.6320579 -1.235759
  vertex -0.69433415 1.5659354 -1.0952166
  vertex -0.45340824 1.69379 -1.0963142
 endloop
endfacet
facet normal -0.5837125 0.7756265 -0.24017331
 outer loop
  vertex -0.6904972 1.515414 -1.2346759
  vertex -0.9117153 1.3495066 -1.2328205
  vertex -0.9196137 1.386827 -1.0931003
 endloop
endfacet
facet normal -0.59769815 0.7483772 -0.28755617
 outer loop
  vertex -0.6904972 1.515414 -1.2346759
  vertex -0.9196137 1.386827 -1.0931003
  vertex -0.69433415 1.5659354 -1.0952166
 endloop
endfacet
facet normal -0.528018 0.73160684 -0.4312174
 outer loop
  vertex -0.66625696 1.4513185 -1.360645
  vertex -0.8769256 1.3000009 -1.3594117
  vertex -0.9117153 1.3495066 -1.2328205
 endloop
endfacet
facet normal -0.5343657 0.70733935 -0.46273565
 outer loop
  vertex -0.66625696 1.4513185 -1.360645
  vertex -0.9117153 1.3495066 -1.2328205
  vertex -0.6904972 1.515414 -1.2346759
 endloop
endfacet
facet normal -0.23653589 0.6538313 -0.71871793
 outer loop
  vertex -0.38224107 1.3391476 -1.5876062
  vertex -0.57152873 1.2702843 -1.5879563
  vertex -0.61954385 1.370819 -1.4806958
 endloop
endfacet
facet normal -0.2578674 0.60655487 -0.7520609
 outer loop
  vertex -0.38224107 1.3391476 -1.5876062
  vertex -0.61954385 1.370819 -1.4806958
  vertex -0.41063115 1.4594603 -1.4808367
 endloop
endfacet
facet normal -0.30993032 0.72948474 -0.6097502
 outer loop
  vertex -0.41063115 1.4594603 -1.4808367
  vertex -0.61954385 1.370819 -1.4806958
  vertex -0.66625696 1.4513185 -1.360645
 endloop
endfacet
facet normal -0.32232827 0.6991719 -0.6381717
 outer loop
  vertex -0.41063115 1.4594603 -1.4808367
  vertex -0.66625696 1.4513185 -1.360645
  vertex -0.43772888 1.5560639 -1.3613126
 endloop
endfacet
facet normal -0.4604395 0.66353166 -0.5896789
 outer loop
  vertex -0.61954385 1.370819 -1.4806958
  vertex -0.8097578 1.2392757 -1.480189
  vertex -0.8769256 1.3000009 -1.3594117
 endloop
endfacet
facet normal -0.46428677 0.64141506 -0.6107573
 outer loop
  vertex -0.61954385 1.370819 -1.4806958
  vertex -0.8769256 1.3000009 -1.3594117
  vertex -0.66625696 1.4513185 -1.360645
 endloop
endfacet
facet normal -0.40688595 0.5229316 -0.74899024
 outer loop
  vertex -0.57152873 1.2702843 -1.5879563
  vertex -0.73381734 1.1511772 -1.5829521
  vertex -0.8097578 1.2392757 -1.480189
 endloop
endfacet
facet normal -0.3984591 0.5734208 -0.7158345
 outer loop
  vertex -0.57152873 1.2702843 -1.5879563
  vertex -0.8097578 1.2392757 -1.480189
  vertex -0.61954385 1.370819 -1.4806958
 endloop
endfacet
facet normal -0.5781187 0.5641499 0.5895029
 outer loop
  vertex -0.23500021 1.6249359 0.13467836
  vertex -0.21215767 1.5111196 0.2660011
  vertex -0.105239846 1.5394746 0.34371865
 endloop
endfacet
facet normal -0.49235597 0.6548671 0.5733539
 outer loop
  vertex -0.23500021 1.6249359 0.13467836
  vertex -0.105239846 1.5394746 0.34371865
  vertex -0.12123189 1.6593742 0.19304013
 endloop
endfacet
facet normal -0.21044944 0.75396645 0.62229055
 outer loop
  vertex -0.12123189 1.6593742 0.19304013
  vertex -0.105239846 1.5394746 0.34371865
  vertex -3.4647742e-16 1.5497794 0.3668239
 endloop
endfacet
facet normal -0.1655172 0.77798283 0.6060914
 outer loop
  vertex -0.12123189 1.6593742 0.19304013
  vertex -3.4647742e-16 1.5497794 0.3668239
  vertex -3.4647742e-16 1.6735151 0.20799601
 endloop
endfacet
facet normal -0.23984595 0.40573433 0.88196003
 outer loop
  vertex -0.105239846 1.5394746 0.34371865
  vertex -0.10787426 1.4311538 0.39283383
  vertex -3.4647742e-16 1.4349678 0.42041528
 endloop
endfacet
facet normal -0.23370275 0.41125432 0.88105214
 outer loop
  vertex -0.105239846 1.5394746 0.34371865
  vertex -3.4647742e-16 1.4349678 0.42041528
  vertex -3.4647742e-16 1.5497794 0.3668239
 endloop
endfacet
facet normal -0.585192 0.37620735 0.71834415
 outer loop
  vertex -0.21215767 1.5111196 0.2660011
  vertex -0.194363 1.4331328 0.3213402
  vertex -0.10787426 1.4311538 0.39283383
 endloop
endfacet
facet normal -0.6103028 0.3393944 0.7157807
 outer loop
  vertex -0.21215767 1.5111196 0.2660011
  vertex -0.10787426 1.4311538 0.39283383
  vertex -0.105239846 1.5394746 0.34371865
 endloop
endfacet
facet normal -0.13147125 0.8883963 0.43984926
 outer loop
  vertex -3.4647742e-16 1.84723 -0.098636985
  vertex -0.13854471 1.8281405 -0.10149169
  vertex -0.13210453 1.7583778 0.041338205
 endloop
endfacet
facet normal -0.14135846 0.8907276 0.43199784
 outer loop
  vertex -3.4647742e-16 1.84723 -0.098636985
  vertex -0.13210453 1.7583778 0.041338205
  vertex -3.4647742e-16 1.7746887 0.050934315
 endloop
endfacet
facet normal -0.14159517 0.8243273 0.54811984
 outer loop
  vertex -3.4647742e-16 1.7746887 0.050934315
  vertex -0.13210453 1.7583778 0.041338205
  vertex -0.12123189 1.6593742 0.19304013
 endloop
endfacet
facet normal -0.1626702 0.8294806 0.5343223
 outer loop
  vertex -3.4647742e-16 1.7746887 0.050934315
  vertex -0.12123189 1.6593742 0.19304013
  vertex -3.4647742e-16 1.6735151 0.20799601
 endloop
endfacet
facet normal -0.43117046 0.716266 0.54868484
 outer loop
  vertex -0.13210453 1.7583778 0.041338205
  vertex -0.24282815 1.7268167 -0.004470587
  vertex -0.23500021 1.6249359 0.13467836
 endloop
endfacet
facet normal -0.4766283 0.720173 0.50415903
 outer loop
  vertex -0.13210453 1.7583778 0.041338205
  vertex -0.23500021 1.6249359 0.13467836
  vertex -0.12123189 1.6593742 0.19304013
 endloop
endfacet
facet normal -0.34858683 0.81012195 0.47136992
 outer loop
  vertex -0.13854471 1.8281405 -0.10149169
  vertex -0.22767267 1.7925255 -0.10619366
  vertex -0.24282815 1.7268167 -0.004470587
 endloop
endfacet
facet normal -0.4043062 0.81451076 0.41606328
 outer loop
  vertex -0.13854471 1.8281405 -0.10149169
  vertex -0.24282815 1.7268167 -0.004470587
  vertex -0.13210453 1.7583778 0.041338205
 endloop
endfacet
facet normal -0.44644493 0.8821404 0.15005055
 outer loop
  vertex -0.36959654 1.782826 -0.3876351
  vertex -0.27483752 1.8015327 -0.21567535
  vertex -0.15460822 1.868753 -0.25314212
 endloop
endfacet
facet normal -0.45120656 0.8778905 0.16037746
 outer loop
  vertex -0.36959654 1.782826 -0.3876351
  vertex -0.15460822 1.868753 -0.25314212
  vertex -0.17606094 1.8881156 -0.41948676
 endloop
endfacet
facet normal -0.14717934 0.980118 0.1330678
 outer loop
  vertex -0.17606094 1.8881156 -0.41948676
  vertex -0.15460822 1.868753 -0.25314212
  vertex -3.4647742e-16 1.8924127 -0.25640488
 endloop
endfacet
facet normal -0.14991844 0.97929347 0.13604662
 outer loop
  vertex -0.17606094 1.8881156 -0.41948676
  vertex -3.4647742e-16 1.8924127 -0.25640488
  vertex -3.4647742e-16 1.9154763 -0.42242217
 endloop
endfacet
facet normal -0.13688849 0.9531491 0.26975614
 outer loop
  vertex -0.15460822 1.868753 -0.25314212
  vertex -0.13854471 1.8281405 -0.10149169
  vertex -3.4647742e-16 1.84723 -0.098636985
 endloop
endfacet
facet normal -0.13991575 0.9518965 0.27261096
 outer loop
  vertex -0.15460822 1.868753 -0.25314212
  vertex -3.4647742e-16 1.84723 -0.098636985
  vertex -3.4647742e-16 1.8924127 -0.25640488
 endloop
endfacet
facet normal -0.37138692 0.89852905 0.23391724
 outer loop
  vertex -0.27483752 1.8015327 -0.21567535
  vertex -0.22767267 1.7925255 -0.10619366
  vertex -0.13854471 1.8281405 -0.10149169
 endloop
endfacet
facet normal -0.40195173 0.87296104 0.27635828
 outer loop
  vertex -0.27483752 1.8015327 -0.21567535
  vertex -0.13854471 1.8281405 -0.10149169
  vertex -0.15460822 1.868753 -0.25314212
 endloop
endfacet
facet normal -0.7944004 0.058126204 0.60460687
 outer loop
  vertex -0.40717256 1.1738007 0.054594874
  vertex -0.27124915 1.3658295 0.2147249
  vertex -0.3240349 1.4574893 0.13655698
 endloop
endfacet
facet normal -0.7617697 0.036365576 0.6468264
 outer loop
  vertex -0.40717256 1.1738007 0.054594874
  vertex -0.3240349 1.4574893 0.13655698
  vertex -0.4477958 1.3698696 -0.0042705536
 endloop
endfacet
facet normal -0.8006769 0.35334736 0.4837997
 outer loop
  vertex -0.4477958 1.3698696 -0.0042705536
  vertex -0.3240349 1.4574893 0.13655698
  vertex -0.33791494 1.5780835 0.025508761
 endloop
endfacet
facet normal -0.78748226 0.34227008 0.51256496
 outer loop
  vertex -0.4477958 1.3698696 -0.0042705536
  vertex -0.33791494 1.5780835 0.025508761
  vertex -0.44288027 1.5103407 -0.09051943
 endloop
endfacet
facet normal -0.76666695 0.4131657 0.49144265
 outer loop
  vertex -0.3240349 1.4574893 0.13655698
  vertex -0.21215767 1.5111196 0.2660011
  vertex -0.23500021 1.6249359 0.13467836
 endloop
endfacet
facet normal -0.74599606 0.40261236 0.53046495
 outer loop
  vertex -0.3240349 1.4574893 0.13655698
  vertex -0.23500021 1.6249359 0.13467836
  vertex -0.33791494 1.5780835 0.025508761
 endloop
endfacet
facet normal -0.8465478 0.16578017 0.5058397
 outer loop
  vertex -0.27124915 1.3658295 0.2147249
  vertex -0.194363 1.4331328 0.3213402
  vertex -0.21215767 1.5111196 0.2660011
 endloop
endfacet
facet normal -0.77190286 0.09193441 0.62905806
 outer loop
  vertex -0.27124915 1.3658295 0.2147249
  vertex -0.21215767 1.5111196 0.2660011
  vertex -0.3240349 1.4574893 0.13655698
 endloop
endfacet
facet normal -0.46108305 0.86724025 -0.18787478
 outer loop
  vertex -0.45340824 1.69379 -1.0963142
  vertex -0.69433415 1.5659354 -1.0952166
  vertex -0.6825463 1.6064899 -0.9369445
 endloop
endfacet
facet normal -0.49207082 0.83363485 -0.25083685
 outer loop
  vertex -0.45340824 1.69379 -1.0963142
  vertex -0.6825463 1.6064899 -0.9369445
  vertex -0.4428121 1.7478516 -0.9374316
 endloop
endfacet
facet normal -0.5068305 0.85929275 -0.068839446
 outer loop
  vertex -0.4428121 1.7478516 -0.9374316
  vertex -0.6825463 1.6064899 -0.9369445
  vertex -0.65892375 1.6339872 -0.767629
 endloop
endfacet
facet normal -0.54040736 0.83123976 -0.13038486
 outer loop
  vertex -0.4428121 1.7478516 -0.9374316
  vertex -0.65892375 1.6339872 -0.767629
  vertex -0.4236648 1.7870119 -0.767134
 endloop
endfacet
facet normal -0.64984214 0.75943303 0.03108987
 outer loop
  vertex -0.6825463 1.6064899 -0.9369445
  vertex -0.9094482 1.4122568 -0.9351242
  vertex -0.88414145 1.4270059 -0.76643634
 endloop
endfacet
facet normal -0.6765271 0.73598856 -0.025138775
 outer loop
  vertex -0.6825463 1.6064899 -0.9369445
  vertex -0.88414145 1.4270059 -0.76643634
  vertex -0.65892375 1.6339872 -0.767629
 endloop
endfacet
facet normal -0.6205402 0.7794944 -0.08554657
 outer loop
  vertex -0.69433415 1.5659354 -1.0952166
  vertex -0.9196137 1.386827 -1.0931003
  vertex -0.9094482 1.4122568 -0.9351242
 endloop
endfacet
facet normal -0.6441451 0.75113237 -0.14448994
 outer loop
  vertex -0.69433415 1.5659354 -1.0952166
  vertex -0.9094482 1.4122568 -0.9351242
  vertex -0.6825463 1.6064899 -0.9369445
 endloop
endfacet
facet normal -0.11107776 0.9316763 -0.34589154
 outer loop
  vertex -3.4647742e-16 1.7983472 -1.0965577
  vertex -0.22249673 1.7718072 -1.0965933
  vertex -0.21628931 1.8316615 -0.9373662
 endloop
endfacet
facet normal -0.11723928 0.9280565 -0.3535055
 outer loop
  vertex -3.4647742e-16 1.7983472 -1.0965577
  vertex -0.21628931 1.8316615 -0.9373662
  vertex -3.4647742e-16 1.8590295 -0.93724877
 endloop
endfacet
facet normal -0.1218042 0.9636367 -0.23784031
 outer loop
  vertex -3.4647742e-16 1.8590295 -0.93724877
  vertex -0.21628931 1.8316615 -0.9373662
  vertex -0.20555736 1.8752248 -0.76636046
 endloop
endfacet
facet normal -0.12868126 0.9607316 -0.24583727
 outer loop
  vertex -3.4647742e-16 1.8590295 -0.93724877
  vertex -0.20555736 1.8752248 -0.76636046
  vertex -3.4647742e-16 1.9028518 -0.76599133
 endloop
endfacet
facet normal -0.34166065 0.92358226 -0.17396517
 outer loop
  vertex -0.21628931 1.8316615 -0.9373662
  vertex -0.4428121 1.7478516 -0.9374316
  vertex -0.4236648 1.7870119 -0.767134
 endloop
endfacet
facet normal -0.3661007 0.9070124 -0.20808388
 outer loop
  vertex -0.21628931 1.8316615 -0.9373662
  vertex -0.4236648 1.7870119 -0.767134
  vertex -0.20555736 1.8752248 -0.76636046
 endloop
endfacet
facet normal -0.3068229 0.90708834 -0.28818473
 outer loop
  vertex -0.22249673 1.7718072 -1.0965933
  vertex -0.45340824 1.69379 -1.0963142
  vertex -0.4428121 1.7478516 -0.9374316
 endloop
endfacet
facet normal -0.32854107 0.8882372 -0.3210848
 outer loop
  vertex -0.22249673 1.7718072 -1.0965933
  vertex -0.4428121 1.7478516 -0.9374316
  vertex -0.21628931 1.8316615 -0.9373662
 endloop
endfacet
facet normal -0.89636916 -0.44313666 0.012338069
 outer loop
  vertex -1.233413 -0.37451404 -1.0937154
  vertex -1.1018344 -0.64083105 -1.0995407
  vertex -1.0952766 -0.64980394 -0.9453824
 endloop
endfacet
facet normal -0.8956059 -0.44476497 0.008605369
 outer loop
  vertex -1.233413 -0.37451404 -1.0937154
  vertex -1.0952766 -0.64980394 -0.9453824
  vertex -1.2304503 -0.37745947 -0.93760324
 endloop
endfacet
facet normal -0.8859237 -0.44358516 0.13554107
 outer loop
  vertex -1.2304503 -0.37745947 -0.93760324
  vertex -1.0952766 -0.64980394 -0.9453824
  vertex -1.0696411 -0.6507296 -0.78085315
 endloop
endfacet
facet normal -0.88663256 -0.43992454 0.14265
 outer loop
  vertex -1.2304503 -0.37745947 -0.93760324
  vertex -1.0696411 -0.6507296 -0.78085315
  vertex -1.2046543 -0.37552148 -0.77129346
 endloop
endfacet
facet normal -0.77890676 -0.6194412 0.09796321
 outer loop
  vertex -1.0952766 -0.64980394 -0.9453824
  vertex -0.9097116 -0.884191 -0.95202947
  vertex -0.884636 -0.8898861 -0.7886642
 endloop
endfacet
facet normal -0.78349507 -0.6099661 0.1186455
 outer loop
  vertex -1.0952766 -0.64980394 -0.9453824
  vertex -0.884636 -0.8898861 -0.7886642
  vertex -1.0696411 -0.6507296 -0.78085315
 endloop
endfacet
facet normal -0.77793026 -0.6279384 -0.022756757
 outer loop
  vertex -1.1018344 -0.64083105 -1.0995407
  vertex -0.91968465 -0.866301 -1.1047518
  vertex -0.9097116 -0.884191 -0.95202947
 endloop
endfacet
facet normal -0.7840671 -0.62066984 -0.002772676
 outer loop
  vertex -1.1018344 -0.64083105 -1.0995407
  vertex -0.9097116 -0.884191 -0.95202947
  vertex -1.0952766 -0.64980394 -0.9453824
 endloop
endfacet
facet normal -0.99668425 -0.08124165 0.004506944
 outer loop
  vertex -1.3255625 0.08908796 -1.0869548
  vertex -1.3124273 -0.072144985 -1.08855
  vertex -1.3117508 -0.071686864 -0.9306851
 endloop
endfacet
facet normal -0.99655414 -0.082898065 0.0027912788
 outer loop
  vertex -1.3255625 0.08908796 -1.0869548
  vertex -1.3117508 -0.071686864 -0.9306851
  vertex -1.3252501 0.09066886 -0.9284955
 endloop
endfacet
facet normal -0.98456395 -0.083934784 0.15358645
 outer loop
  vertex -1.3252501 0.09066886 -0.9284955
  vertex -1.3117508 -0.071686864 -0.9306851
  vertex -1.2857782 -0.06889802 -0.76266396
 endloop
endfacet
facet normal -0.9845759 -0.084126584 0.15340474
 outer loop
  vertex -1.3252501 0.09066886 -0.9284955
  vertex -1.2857782 -0.06889802 -0.76266396
  vertex -1.299215 0.0934549 -0.7598697
 endloop
endfacet
facet normal -0.9544809 -0.2572001 0.15104452
 outer loop
  vertex -1.2711005 -0.2245732 -0.93414414
  vertex -1.2304503 -0.37745947 -0.93760324
  vertex -1.2046543 -0.37552148 -0.77129346
 endloop
endfacet
facet normal -0.9545266 -0.25680235 0.15143181
 outer loop
  vertex -1.2711005 -0.2245732 -0.93414414
  vertex -1.2046543 -0.37552148 -0.77129346
  vertex -1.2452163 -0.22220975 -0.76697874
 endloop
endfacet
facet normal -0.96736526 -0.25302142 0.013584884
 outer loop
  vertex -1.2729201 -0.22332948 -1.0911326
  vertex -1.233413 -0.37451404 -1.0937154
  vertex -1.2304503 -0.37745947 -0.93760324
 endloop
endfacet
facet normal -0.9663305 -0.25714064 0.009163339
 outer loop
  vertex -1.2729201 -0.22332948 -1.0911326
  vertex -1.2304503 -0.37745947 -0.93760324
  vertex -1.2711005 -0.2245732 -0.93414414
 endloop
endfacet
facet normal -0.9685122 0.24893564 -0.0039055606
 outer loop
  vertex -1.2333714 0.8817484 -1.0869968
  vertex -1.3124057 0.57428664 -1.0850691
  vertex -1.3116704 0.5796493 -0.9255954
 endloop
endfacet
facet normal -0.9674819 0.25290808 0.004029579
 outer loop
  vertex -1.2333714 0.8817484 -1.0869968
  vertex -1.3116704 0.5796493 -0.9255954
  vertex -1.2302961 0.8909761 -0.9278021
 endloop
endfacet
facet normal -0.95741403 0.25125605 0.14222828
 outer loop
  vertex -1.2302961 0.8909761 -0.9278021
  vertex -1.3116704 0.5796493 -0.9255954
  vertex -1.285627 0.5828444 -0.7559276
 endloop
endfacet
facet normal -0.9580505 0.250103 0.13995618
 outer loop
  vertex -1.2302961 0.8909761 -0.9278021
  vertex -1.285627 0.5828444 -0.7559276
  vertex -1.2043645 0.895484 -0.7583466
 endloop
endfacet
facet normal -0.9852416 0.08135465 0.15060036
 outer loop
  vertex -1.3116704 0.5796493 -0.9255954
  vertex -1.3387495 0.25302458 -0.926306
  vertex -1.3126518 0.25580782 -0.7570754
 endloop
endfacet
facet normal -0.98541075 0.08090413 0.1497336
 outer loop
  vertex -1.3116704 0.5796493 -0.9255954
  vertex -1.3126518 0.25580782 -0.7570754
  vertex -1.285627 0.5828444 -0.7559276
 endloop
endfacet
facet normal -0.99672145 0.0808917 -0.001700757
 outer loop
  vertex -1.3124057 0.57428664 -1.0850691
  vertex -1.3386976 0.25032088 -1.0853596
  vertex -1.3387495 0.25302458 -0.926306
 endloop
endfacet
facet normal -0.9965796 0.08261834 0.0018166701
 outer loop
  vertex -1.3124057 0.57428664 -1.0850691
  vertex -1.3387495 0.25302458 -0.926306
  vertex -1.3116704 0.5796493 -0.9255954
 endloop
endfacet
facet normal -0.78458744 0.6194648 -0.026187481
 outer loop
  vertex -0.9196137 1.386827 -1.0931003
  vertex -1.1017765 1.1562364 -1.0900507
  vertex -1.0950608 1.1714412 -0.9315852
 endloop
endfacet
facet normal -0.79148954 0.6093606 -0.04715931
 outer loop
  vertex -0.9196137 1.386827 -1.0931003
  vertex -1.0950608 1.1714412 -0.9315852
  vertex -0.9094482 1.4122568 -0.9351242
 endloop
endfacet
facet normal -0.78789985 0.6086611 0.09351652
 outer loop
  vertex -0.9094482 1.4122568 -0.9351242
  vertex -1.0950608 1.1714412 -0.9315852
  vertex -1.069236 1.1789198 -0.7626801
 endloop
endfacet
facet normal -0.79917306 0.5972798 0.0676704
 outer loop
  vertex -0.9094482 1.4122568 -0.9351242
  vertex -1.069236 1.1789198 -0.7626801
  vertex -0.88414145 1.4270059 -0.76643634
 endloop
endfacet
facet normal -0.8930106 0.4322821 0.12515682
 outer loop
  vertex -1.0950608 1.1714412 -0.9315852
  vertex -1.2302961 0.8909761 -0.9278021
  vertex -1.2043645 0.895484 -0.7583466
 endloop
endfacet
facet normal -0.8956604 0.428811 0.117955826
 outer loop
  vertex -1.0950608 1.1714412 -0.9315852
  vertex -1.2043645 0.895484 -0.7583466
  vertex -1.069236 1.1789198 -0.7626801
 endloop
endfacet
facet normal -0.901734 0.43222386 -0.0076345424
 outer loop
  vertex -1.1017765 1.1562364 -1.0900507
  vertex -1.2333714 0.8817484 -1.0869968
  vertex -1.2302961 0.8909761 -0.9278021
 endloop
endfacet
facet normal -0.90076774 0.43428707 -0.0034959817
 outer loop
  vertex -1.1017765 1.1562364 -1.0900507
  vertex -1.2302961 0.8909761 -0.9278021
  vertex -1.0950608 1.1714412 -0.9315852
 endloop
endfacet
facet normal -0.24843448 -0.9369229 -0.24587747
 outer loop
  vertex -0.45347875 -1.1715167 -1.11031
  vertex -0.22253834 -1.2325711 -1.1110023
  vertex -0.21644384 -1.2742586 -0.9583089
 endloop
endfacet
facet normal -0.2689622 -0.9388143 -0.21514444
 outer loop
  vertex -0.45347875 -1.1715167 -1.11031
  vertex -0.21644384 -1.2742586 -0.9583089
  vertex -0.44307402 -1.2094564 -0.9577616
 endloop
endfacet
facet normal -0.274174 -0.9581646 -0.08215394
 outer loop
  vertex -0.44307402 -1.2094564 -0.9577616
  vertex -0.21644384 -1.2742586 -0.9583089
  vertex -0.20584756 -1.291384 -0.7939382
 endloop
endfacet
facet normal -0.28863952 -0.9555619 -0.059905447
 outer loop
  vertex -0.44307402 -1.2094564 -0.9577616
  vertex -0.20584756 -1.291384 -0.7939382
  vertex -0.42415687 -1.2254438 -0.7938914
 endloop
endfacet
facet normal -0.07145805 -0.99224615 -0.10169225
 outer loop
  vertex -0.21644384 -1.2742586 -0.9583089
  vertex -3.4647742e-16 -1.2898424 -0.9583456
  vertex -3.4647742e-16 -1.3067086 -0.7937762
 endloop
endfacet
facet normal -0.07380164 -0.9923832 -0.09863625
 outer loop
  vertex -0.21644384 -1.2742586 -0.9583089
  vertex -3.4647742e-16 -1.3067086 -0.7937762
  vertex -0.20584756 -1.291384 -0.7939382
 endloop
endfacet
facet normal -0.06532925 -0.9618617 -0.26562044
 outer loop
  vertex -0.22253834 -1.2325711 -1.1110023
  vertex -3.4647742e-16 -1.2476671 -1.1110703
  vertex -3.4647742e-16 -1.2898424 -0.9583456
 endloop
endfacet
facet normal -0.06938419 -0.9630688 -0.2601622
 outer loop
  vertex -0.22253834 -1.2325711 -1.1110023
  vertex -3.4647742e-16 -1.2898424 -0.9583456
  vertex -0.21644384 -1.2742586 -0.9583089
 endloop
endfacet
facet normal -0.6236165 -0.7753651 -0.09955632
 outer loop
  vertex -0.91968465 -0.866301 -1.1047518
  vertex -0.6944121 -1.0470243 -1.1083394
  vertex -0.6828361 -1.0758965 -0.95598793
 endloop
endfacet
facet normal -0.64518124 -0.76257044 -0.047196444
 outer loop
  vertex -0.91968465 -0.866301 -1.1047518
  vertex -0.6828361 -1.0758965 -0.95598793
  vertex -0.9097116 -0.884191 -0.95202947
 endloop
endfacet
facet normal -0.6445575 -0.76359725 0.038276646
 outer loop
  vertex -0.9097116 -0.884191 -0.95202947
  vertex -0.6828361 -1.0758965 -0.95598793
  vertex -0.65946823 -1.087435 -0.7926724
 endloop
endfacet
facet normal -0.6569078 -0.7502636 0.07467638
 outer loop
  vertex -0.9097116 -0.884191 -0.95202947
  vertex -0.65946823 -1.087435 -0.7926724
  vertex -0.884636 -0.8898861 -0.7886642
 endloop
endfacet
facet normal -0.4866005 -0.8731428 -0.029011909
 outer loop
  vertex -0.6828361 -1.0758965 -0.95598793
  vertex -0.44307402 -1.2094564 -0.9577616
  vertex -0.42415687 -1.2254438 -0.7938914
 endloop
endfacet
facet normal -0.50582707 -0.86255914 0.011434675
 outer loop
  vertex -0.6828361 -1.0758965 -0.95598793
  vertex -0.42415687 -1.2254438 -0.7938914
  vertex -0.65946823 -1.087435 -0.7926724
 endloop
endfacet
facet normal -0.45223176 -0.8722702 -0.18609436
 outer loop
  vertex -0.6944121 -1.0470243 -1.1083394
  vertex -0.45347875 -1.1715167 -1.11031
  vertex -0.44307402 -1.2094564 -0.9577616
 endloop
endfacet
facet normal -0.48339504 -0.8660819 -0.1274024
 outer loop
  vertex -0.6944121 -1.0470243 -1.1083394
  vertex -0.44307402 -1.2094564 -0.9577616
  vertex -0.6828361 -1.0758965 -0.95598793
 endloop
endfacet
facet normal -0.32174775 0.43168405 0.8426906
 outer loop
  vertex -0.42112753 0.27182165 1.5260631
  vertex -0.44446927 0.12954548 1.5900346
  vertex -0.2876143 0.13387194 1.6477071
 endloop
endfacet
facet normal -0.31891805 0.4342215 0.8424624
 outer loop
  vertex -0.42112753 0.27182165 1.5260631
  vertex -0.2876143 0.13387194 1.6477071
  vertex -0.2770861 0.28614524 1.573208
 endloop
endfacet
facet normal -0.15661488 0.44276196 0.88285536
 outer loop
  vertex -0.2770861 0.28614524 1.573208
  vertex -0.2876143 0.13387194 1.6477071
  vertex -0.11846605 0.13684657 1.6762215
 endloop
endfacet
facet normal -0.15368024 0.4453406 0.88207376
 outer loop
  vertex -0.2770861 0.28614524 1.573208
  vertex -0.11846605 0.13684657 1.6762215
  vertex -0.115463704 0.29469386 1.5970508
 endloop
endfacet
facet normal -0.3401161 0.26128352 0.90335596
 outer loop
  vertex -0.44446927 0.12954548 1.5900346
  vertex -0.46250618 -0.03890854 1.6319667
  vertex -0.2967007 -0.038960755 1.694408
 endloop
endfacet
facet normal -0.33939907 0.26195836 0.90343016
 outer loop
  vertex -0.44446927 0.12954548 1.5900346
  vertex -0.2967007 -0.038960755 1.694408
  vertex -0.2876143 0.13387194 1.6477071
 endloop
endfacet
facet normal -0.1666814 0.26536205 0.94963163
 outer loop
  vertex -0.2876143 0.13387194 1.6477071
  vertex -0.2967007 -0.038960755 1.694408
  vertex -0.12144041 -0.038787186 1.7251216
 endloop
endfacet
facet normal -0.16475584 0.26714212 0.94946855
 outer loop
  vertex -0.2876143 0.13387194 1.6477071
  vertex -0.12144041 -0.038787186 1.7251216
  vertex -0.11846605 0.13684657 1.6762215
 endloop
endfacet
facet normal -0.4619607 0.56168014 0.68637294
 outer loop
  vertex -0.49908346 0.35251483 1.4075614
  vertex -0.53876436 0.26668283 1.4510933
  vertex -0.42112753 0.27182165 1.5260631
 endloop
endfacet
facet normal -0.43900132 0.5816106 0.68484086
 outer loop
  vertex -0.49908346 0.35251483 1.4075614
  vertex -0.42112753 0.27182165 1.5260631
  vertex -0.4080139 0.38321248 1.439869
 endloop
endfacet
facet normal -0.30130702 0.6054718 0.7366261
 outer loop
  vertex -0.4080139 0.38321248 1.439869
  vertex -0.42112753 0.27182165 1.5260631
  vertex -0.2770861 0.28614524 1.573208
 endloop
endfacet
facet normal -0.3001387 0.6065191 0.73624134
 outer loop
  vertex -0.4080139 0.38321248 1.439869
  vertex -0.2770861 0.28614524 1.573208
  vertex -0.27217507 0.41252002 1.4711019
 endloop
endfacet
facet normal -0.1461703 0.62514484 0.7666995
 outer loop
  vertex -0.27217507 0.41252002 1.4711019
  vertex -0.2770861 0.28614524 1.573208
  vertex -0.115463704 0.29469386 1.5970508
 endloop
endfacet
facet normal -0.14687441 0.62456745 0.7670354
 outer loop
  vertex -0.27217507 0.41252002 1.4711019
  vertex -0.115463704 0.29469386 1.5970508
  vertex -0.11456689 0.42812857 1.4885718
 endloop
endfacet
facet normal -0.07402172 0.62938327 0.7735615
 outer loop
  vertex -0.11456689 0.42812857 1.4885718
  vertex -0.115463704 0.29469386 1.5970508
  vertex -3.4647742e-16 0.29915604 1.604469
 endloop
endfacet
facet normal -0.07813029 0.62706274 0.77504057
 outer loop
  vertex -0.11456689 0.42812857 1.4885718
  vertex -3.4647742e-16 0.29915604 1.604469
  vertex -3.4647742e-16 0.4352331 1.494373
 endloop
endfacet
facet normal -0.07048537 0.44828832 0.8911057
 outer loop
  vertex -0.115463704 0.29469386 1.5970508
  vertex -0.11846605 0.13684657 1.6762215
  vertex -3.4647742e-16 0.13902512 1.684496
 endloop
endfacet
facet normal -0.07453778 0.4457986 0.8920245
 outer loop
  vertex -0.115463704 0.29469386 1.5970508
  vertex -3.4647742e-16 0.13902512 1.684496
  vertex -3.4647742e-16 0.29915604 1.604469
 endloop
endfacet
facet normal -0.06815172 0.26866642 0.96081924
 outer loop
  vertex -0.11846605 0.13684657 1.6762215
  vertex -0.12144041 -0.038787186 1.7251216
  vertex -3.4647742e-16 -0.038051188 1.7335297
 endloop
endfacet
facet normal -0.072034284 0.26617128 0.9612304
 outer loop
  vertex -0.11846605 0.13684657 1.6762215
  vertex -3.4647742e-16 -0.038051188 1.7335297
  vertex -3.4647742e-16 0.13902512 1.684496
 endloop
endfacet
facet normal -0.06657466 0.092636086 0.9934719
 outer loop
  vertex -0.12144041 -0.038787186 1.7251216
  vertex -0.12259877 -0.22419792 1.7423326
  vertex -3.4647742e-16 -0.22415513 1.7505442
 endloop
endfacet
facet normal -0.069333166 0.09082593 0.99345034
 outer loop
  vertex -0.12144041 -0.038787186 1.7251216
  vertex -3.4647742e-16 -0.22415513 1.7505442
  vertex -3.4647742e-16 -0.038051188 1.7335297
 endloop
endfacet
facet normal -0.17126638 0.09279308 0.98084515
 outer loop
  vertex -0.2967007 -0.038960755 1.694408
  vertex -0.30034667 -0.22363728 1.7112428
  vertex -0.12259877 -0.22419792 1.7423326
 endloop
endfacet
facet normal -0.17196946 0.09211693 0.9807859
 outer loop
  vertex -0.2967007 -0.038960755 1.694408
  vertex -0.12259877 -0.22419792 1.7423326
  vertex -0.12144041 -0.038787186 1.7251216
 endloop
endfacet
facet normal -0.34928742 0.09349886 0.9323392
 outer loop
  vertex -0.46250618 -0.03890854 1.6319667
  vertex -0.4694432 -0.2229796 1.6478273
  vertex -0.30034667 -0.22363728 1.7112428
 endloop
endfacet
facet normal -0.35091493 0.091877066 0.9318891
 outer loop
  vertex -0.46250618 -0.03890854 1.6319667
  vertex -0.30034667 -0.22363728 1.7112428
  vertex -0.2967007 -0.038960755 1.694408
 endloop
endfacet
facet normal -0.5381064 0.09773833 0.83719105
 outer loop
  vertex -0.6110122 -0.035732925 1.5349733
  vertex -0.622268 -0.22219151 1.5495068
  vertex -0.4694432 -0.2229796 1.6478273
 endloop
endfacet
facet normal -0.5431043 0.09237869 0.834568
 outer loop
  vertex -0.6110122 -0.035732925 1.5349733
  vertex -0.4694432 -0.2229796 1.6478273
  vertex -0.46250618 -0.03890854 1.6319667
 endloop
endfacet
facet normal -0.5232354 0.26538715 0.80981135
 outer loop
  vertex -0.58126915 0.13149336 1.4993883
  vertex -0.6110122 -0.035732925 1.5349733
  vertex -0.46250618 -0.03890854 1.6319667
 endloop
endfacet
facet normal -0.53114104 0.25778112 0.80711716
 outer loop
  vertex -0.58126915 0.13149336 1.4993883
  vertex -0.46250618 -0.03890854 1.6319667
  vertex -0.44446927 0.12954548 1.5900346
 endloop
endfacet
facet normal -0.4954657 0.42617196 0.7568958
 outer loop
  vertex -0.53876436 0.26668283 1.4510933
  vertex -0.58126915 0.13149336 1.4993883
  vertex -0.44446927 0.12954548 1.5900346
 endloop
endfacet
facet normal -0.5002714 0.42202094 0.7560601
 outer loop
  vertex -0.53876436 0.26668283 1.4510933
  vertex -0.44446927 0.12954548 1.5900346
  vertex -0.42112753 0.27182165 1.5260631
 endloop
endfacet
facet normal -0.3356556 -0.24876408 0.90854377
 outer loop
  vertex -0.46273816 -0.40802234 1.6348964
  vertex -0.44473886 -0.57875127 1.5947996
  vertex -0.28692576 -0.5836176 1.6517702
 endloop
endfacet
facet normal -0.33881277 -0.25212705 0.90644246
 outer loop
  vertex -0.46273816 -0.40802234 1.6348964
  vertex -0.28692576 -0.5836176 1.6517702
  vertex -0.29634747 -0.40902227 1.6968123
 endloop
endfacet
facet normal -0.16109386 -0.25467998 0.9535129
 outer loop
  vertex -0.29634747 -0.40902227 1.6968123
  vertex -0.28692576 -0.5836176 1.6517702
  vertex -0.1171743 -0.5871212 1.6795136
 endloop
endfacet
facet normal -0.16534214 -0.25877595 0.95168114
 outer loop
  vertex -0.29634747 -0.40902227 1.6968123
  vertex -0.1171743 -0.5871212 1.6795136
  vertex -0.120749444 -0.41013163 1.7270185
 endloop
endfacet
facet normal -0.31474257 -0.4230828 0.8496694
 outer loop
  vertex -0.44473886 -0.57875127 1.5947996
  vertex -0.4212509 -0.7234841 1.5314323
  vertex -0.27610606 -0.7380077 1.5779663
 endloop
endfacet
facet normal -0.31867555 -0.42689034 0.8462922
 outer loop
  vertex -0.44473886 -0.57875127 1.5947996
  vertex -0.27610606 -0.7380077 1.5779663
  vertex -0.28692576 -0.5836176 1.6517702
 endloop
endfacet
facet normal -0.14932007 -0.434953 0.8879861
 outer loop
  vertex -0.28692576 -0.5836176 1.6517702
  vertex -0.27610606 -0.7380077 1.5779663
  vertex -0.11370361 -0.74670976 1.6010128
 endloop
endfacet
facet normal -0.15374944 -0.43882772 0.8853199
 outer loop
  vertex -0.28692576 -0.5836176 1.6517702
  vertex -0.11370361 -0.74670976 1.6010128
  vertex -0.1171743 -0.5871212 1.6795136
 endloop
endfacet
facet normal -0.53998315 -0.078492165 0.8380079
 outer loop
  vertex -0.622268 -0.22219151 1.5495068
  vertex -0.6121851 -0.41003615 1.5384094
  vertex -0.46273816 -0.40802234 1.6348964
 endloop
endfacet
facet normal -0.5396843 -0.0781317 0.8382341
 outer loop
  vertex -0.622268 -0.22219151 1.5495068
  vertex -0.46273816 -0.40802234 1.6348964
  vertex -0.4694432 -0.2229796 1.6478273
 endloop
endfacet
facet normal -0.34810027 -0.07789683 0.93421525
 outer loop
  vertex -0.4694432 -0.2229796 1.6478273
  vertex -0.46273816 -0.40802234 1.6348964
  vertex -0.29634747 -0.40902227 1.6968123
 endloop
endfacet
facet normal -0.35028687 -0.080197826 0.9332028
 outer loop
  vertex -0.4694432 -0.2229796 1.6478273
  vertex -0.29634747 -0.40902227 1.6968123
  vertex -0.30034667 -0.22363728 1.7112428
 endloop
endfacet
facet normal -0.16947572 -0.08011692 0.9822725
 outer loop
  vertex -0.30034667 -0.22363728 1.7112428
  vertex -0.29634747 -0.40902227 1.6968123
  vertex -0.120749444 -0.41013163 1.7270185
 endloop
endfacet
facet normal -0.17195822 -0.08256125 0.9816385
 outer loop
  vertex -0.30034667 -0.22363728 1.7112428
  vertex -0.120749444 -0.41013163 1.7270185
  vertex -0.12259877 -0.22419792 1.7423326
 endloop
endfacet
facet normal -0.065970466 -0.082558185 0.9944003
 outer loop
  vertex -0.12259877 -0.22419792 1.7423326
  vertex -0.120749444 -0.41013163 1.7270185
  vertex -3.4647742e-16 -0.4106472 1.7349864
 endloop
endfacet
facet normal -0.066570684 -0.082949996 0.99432766
 outer loop
  vertex -0.12259877 -0.22419792 1.7423326
  vertex -3.4647742e-16 -0.4106472 1.7349864
  vertex -3.4647742e-16 -0.22415513 1.7505442
 endloop
endfacet
facet normal -0.06573567 -0.25990757 0.9633934
 outer loop
  vertex -0.120749444 -0.41013163 1.7270185
  vertex -0.1171743 -0.5871212 1.6795136
  vertex -3.4647742e-16 -0.5887582 1.6870672
 endloop
endfacet
facet normal -0.06469503 -0.25925896 0.96363854
 outer loop
  vertex -0.120749444 -0.41013163 1.7270185
  vertex -3.4647742e-16 -0.5887582 1.6870672
  vertex -3.4647742e-16 -0.4106472 1.7349864
 endloop
endfacet
facet normal -0.06583863 -0.44158038 0.89480275
 outer loop
  vertex -0.1171743 -0.5871212 1.6795136
  vertex -0.11370361 -0.74670976 1.6010128
  vertex -3.4647742e-16 -0.75027055 1.6076218
 endloop
endfacet
facet normal -0.063880816 -0.44047654 0.8954885
 outer loop
  vertex -0.1171743 -0.5871212 1.6795136
  vertex -3.4647742e-16 -0.75027055 1.6076218
  vertex -3.4647742e-16 -0.5887582 1.6870672
 endloop
endfacet
facet normal -0.06750205 -0.6248749 0.7778013
 outer loop
  vertex -0.11370361 -0.74670976 1.6010128
  vertex -0.11246082 -0.88188964 1.492519
  vertex -3.4647742e-16 -0.88777465 1.4975511
 endloop
endfacet
facet normal -0.06481066 -0.6236146 0.7790407
 outer loop
  vertex -0.11370361 -0.74670976 1.6010128
  vertex -3.4647742e-16 -0.88777465 1.4975511
  vertex -3.4647742e-16 -0.75027055 1.6076218
 endloop
endfacet
facet normal -0.14211658 -0.6199203 0.7716875
 outer loop
  vertex -0.27610606 -0.7380077 1.5779663
  vertex -0.27098468 -0.8663915 1.4757749
  vertex -0.11246082 -0.88188964 1.492519
 endloop
endfacet
facet normal -0.14268826 -0.62031806 0.77126235
 outer loop
  vertex -0.27610606 -0.7380077 1.5779663
  vertex -0.11246082 -0.88188964 1.492519
  vertex -0.11370361 -0.74670976 1.6010128
 endloop
endfacet
facet normal -0.29551294 -0.600202 0.74325603
 outer loop
  vertex -0.4212509 -0.7234841 1.5314323
  vertex -0.40801778 -0.8369605 1.445058
  vertex -0.27098468 -0.8663915 1.4757749
 endloop
endfacet
facet normal -0.29780602 -0.6017638 0.74107486
 outer loop
  vertex -0.4212509 -0.7234841 1.5314323
  vertex -0.27098468 -0.8663915 1.4757749
  vertex -0.27610606 -0.7380077 1.5779663
 endloop
endfacet
facet normal -0.43377084 -0.55385315 0.7106966
 outer loop
  vertex -0.5402239 -0.7183626 1.456791
  vertex -0.5001431 -0.8059611 1.4129878
  vertex -0.40801778 -0.8369605 1.445058
 endloop
endfacet
facet normal -0.45318907 -0.5727645 0.6830523
 outer loop
  vertex -0.5402239 -0.7183626 1.456791
  vertex -0.40801778 -0.8369605 1.445058
  vertex -0.4212509 -0.7234841 1.5314323
 endloop
endfacet
facet normal -0.49572808 -0.4175684 0.7615053
 outer loop
  vertex -0.5829182 -0.58029157 1.5047084
  vertex -0.5402239 -0.7183626 1.456791
  vertex -0.4212509 -0.7234841 1.5314323
 endloop
endfacet
facet normal -0.49371555 -0.41476747 0.76433825
 outer loop
  vertex -0.5829182 -0.58029157 1.5047084
  vertex -0.4212509 -0.7234841 1.5314323
  vertex -0.44473886 -0.57875127 1.5947996
 endloop
endfacet
facet normal -0.5266673 -0.25128067 0.8120835
 outer loop
  vertex -0.6121851 -0.41003615 1.5384094
  vertex -0.5829182 -0.58029157 1.5047084
  vertex -0.44473886 -0.57875127 1.5947996
 endloop
endfacet
facet normal -0.52328575 -0.24673016 0.81565696
 outer loop
  vertex -0.6121851 -0.41003615 1.5384094
  vertex -0.44473886 -0.57875127 1.5947996
  vertex -0.46273816 -0.40802234 1.6348964
 endloop
endfacet
facet normal -0.3272075 -0.83951473 -0.43376294
 outer loop
  vertex -0.42079255 -0.9011002 0.35154366
  vertex -0.27987218 -0.9483332 0.3366567
  vertex -0.29027063 -1.021179 0.48548806
 endloop
endfacet
facet normal -0.33120182 -0.83981323 -0.43013832
 outer loop
  vertex -0.42079255 -0.9011002 0.35154366
  vertex -0.29027063 -1.021179 0.48548806
  vertex -0.44349766 -0.963159 0.49019158
 endloop
endfacet
facet normal -0.34847924 -0.8987358 -0.2661509
 outer loop
  vertex -0.44349766 -0.963159 0.49019158
  vertex -0.29027063 -1.021179 0.48548806
  vertex -0.2991246 -1.0676138 0.65388167
 endloop
endfacet
facet normal -0.34924224 -0.89865404 -0.26542577
 outer loop
  vertex -0.44349766 -0.963159 0.49019158
  vertex -0.2991246 -1.0676138 0.65388167
  vertex -0.46104348 -1.00457 0.6534835
 endloop
endfacet
facet normal -0.16334164 -0.87992746 -0.44614705
 outer loop
  vertex -0.27987218 -0.9483332 0.3366567
  vertex -0.12065312 -0.97311646 0.32724357
  vertex -0.12368578 -1.0510354 0.48203194
 endloop
endfacet
facet normal -0.16706847 -0.880902 -0.44283152
 outer loop
  vertex -0.27987218 -0.9483332 0.3366567
  vertex -0.12368578 -1.0510354 0.48203194
  vertex -0.29027063 -1.021179 0.48548806
 endloop
endfacet
facet normal -0.17523444 -0.9462605 -0.2718159
 outer loop
  vertex -0.29027063 -1.021179 0.48548806
  vertex -0.12368578 -1.0510354 0.48203194
  vertex -0.12643856 -1.0999153 0.6539699
 endloop
endfacet
facet normal -0.17688793 -0.94639534 -0.270271
 outer loop
  vertex -0.29027063 -1.021179 0.48548806
  vertex -0.12643856 -1.0999153 0.6539699
  vertex -0.2991246 -1.0676138 0.65388167
 endloop
endfacet
facet normal -0.44554392 -0.6844415 -0.5770879
 outer loop
  vertex -0.4967307 -0.7854771 0.27304006
  vertex -0.40800527 -0.81738645 0.24238443
  vertex -0.42079255 -0.9011002 0.35154366
 endloop
endfacet
facet normal -0.46960884 -0.6858733 -0.5559184
 outer loop
  vertex -0.4967307 -0.7854771 0.27304006
  vertex -0.42079255 -0.9011002 0.35154366
  vertex -0.5351038 -0.8273937 0.35717082
 endloop
endfacet
facet normal -0.50630045 -0.7531533 -0.42002365
 outer loop
  vertex -0.5351038 -0.8273937 0.35717082
  vertex -0.42079255 -0.9011002 0.35154366
  vertex -0.44349766 -0.963159 0.49019158
 endloop
endfacet
facet normal -0.5032216 -0.7537116 -0.42271367
 outer loop
  vertex -0.5351038 -0.8273937 0.35717082
  vertex -0.44349766 -0.963159 0.49019158
  vertex -0.5759607 -0.8738362 0.48861754
 endloop
endfacet
facet normal -0.5375593 -0.80178523 -0.26109454
 outer loop
  vertex -0.5759607 -0.8738362 0.48861754
  vertex -0.44349766 -0.963159 0.49019158
  vertex -0.46104348 -1.00457 0.6534835
 endloop
endfacet
facet normal -0.53000695 -0.80438894 -0.26842344
 outer loop
  vertex -0.5759607 -0.8738362 0.48861754
  vertex -0.46104348 -1.00457 0.6534835
  vertex -0.60456866 -0.9087903 0.6498519
 endloop
endfacet
facet normal -0.55025506 -0.828496 -0.103989325
 outer loop
  vertex -0.60456866 -0.9087903 0.6498519
  vertex -0.46104348 -1.00457 0.6534835
  vertex -0.46794635 -1.0223835 0.8319317
 endloop
endfacet
facet normal -0.54229087 -0.83261985 -0.11253799
 outer loop
  vertex -0.60456866 -0.9087903 0.6498519
  vertex -0.46794635 -1.0223835 0.8319317
  vertex -0.6160894 -0.9255542 0.82939637
 endloop
endfacet
facet normal -0.36069965 -0.92705065 -0.10233756
 outer loop
  vertex -0.46104348 -1.00457 0.6534835
  vertex -0.2991246 -1.0676138 0.65388167
  vertex -0.30246204 -1.0861981 0.833995
 endloop
endfacet
facet normal -0.35659838 -0.9281736 -0.10644839
 outer loop
  vertex -0.46104348 -1.00457 0.6534835
  vertex -0.30246204 -1.0861981 0.833995
  vertex -0.46794635 -1.0223835 0.8319317
 endloop
endfacet
facet normal -0.1828647 -0.9778866 -0.10148004
 outer loop
  vertex -0.2991246 -1.0676138 0.65388167
  vertex -0.12643856 -1.0999153 0.6539699
  vertex -0.12704775 -1.118665 0.8357445
 endloop
endfacet
facet normal -0.17999847 -0.978126 -0.10425922
 outer loop
  vertex -0.2991246 -1.0676138 0.65388167
  vertex -0.12704775 -1.118665 0.8357445
  vertex -0.30246204 -1.0861981 0.833995
 endloop
endfacet
facet normal -0.09756986 -0.99028593 -0.09906569
 outer loop
  vertex -0.12643856 -1.0999153 0.6539699
  vertex -3.4647742e-16 -1.1121233 0.6514746
  vertex -3.4647742e-16 -1.1304553 0.834726
 endloop
endfacet
facet normal -0.0927329 -0.9904043 -0.10246913
 outer loop
  vertex -0.12643856 -1.0999153 0.6539699
  vertex -3.4647742e-16 -1.1304553 0.834726
  vertex -0.12704775 -1.118665 0.8357445
 endloop
endfacet
facet normal -0.102264054 -0.9572808 -0.27047274
 outer loop
  vertex -0.12368578 -1.0510354 0.48203194
  vertex -3.4647742e-16 -1.062938 0.47739375
  vertex -3.4647742e-16 -1.1121233 0.6514746
 endloop
endfacet
facet normal -0.09778704 -0.9568627 -0.27359
 outer loop
  vertex -0.12368578 -1.0510354 0.48203194
  vertex -3.4647742e-16 -1.1121233 0.6514746
  vertex -0.12643856 -1.0999153 0.6539699
 endloop
endfacet
facet normal -0.105888404 -0.8885264 -0.4464398
 outer loop
  vertex -0.12065312 -0.97311646 0.32724357
  vertex -3.4647742e-16 -0.9837796 0.3198489
  vertex -3.4647742e-16 -1.062938 0.47739375
 endloop
endfacet
facet normal -0.102260485 -0.88772404 -0.44887507
 outer loop
  vertex -0.12065312 -0.97311646 0.32724357
  vertex -3.4647742e-16 -1.062938 0.47739375
  vertex -0.12368578 -1.0510354 0.48203194
 endloop
endfacet
facet normal -0.10955283 -0.77306014 -0.6248009
 outer loop
  vertex -0.1195645 -0.86669964 0.19595146
  vertex -3.4647742e-16 -0.8753068 0.18563652
  vertex -3.4647742e-16 -0.9837796 0.3198489
 endloop
endfacet
facet normal -0.10663262 -0.7719987 -0.626616
 outer loop
  vertex -0.1195645 -0.86669964 0.19595146
  vertex -3.4647742e-16 -0.9837796 0.3198489
  vertex -0.12065312 -0.97311646 0.32724357
 endloop
endfacet
facet normal -0.15577032 -0.76674557 -0.6227655
 outer loop
  vertex -0.27492183 -0.84865326 0.21259189
  vertex -0.1195645 -0.86669964 0.19595146
  vertex -0.12065312 -0.97311646 0.32724357
 endloop
endfacet
facet normal -0.15617596 -0.7669372 -0.6224278
 outer loop
  vertex -0.27492183 -0.84865326 0.21259189
  vertex -0.12065312 -0.97311646 0.32724357
  vertex -0.27987218 -0.9483332 0.3366567
 endloop
endfacet
facet normal -0.30790022 -0.7356469 -0.60334164
 outer loop
  vertex -0.40800527 -0.81738645 0.24238443
  vertex -0.27492183 -0.84865326 0.21259189
  vertex -0.27987218 -0.9483332 0.3366567
 endloop
endfacet
facet normal -0.31033862 -0.73643684 -0.6011245
 outer loop
  vertex -0.40800527 -0.81738645 0.24238443
  vertex -0.27987218 -0.9483332 0.3366567
  vertex -0.42079255 -0.9011002 0.35154366
 endloop
endfacet
facet normal -0.34641877 -0.9089127 0.2321027
 outer loop
  vertex -0.46170104 -1.0138533 1.0130087
  vertex -0.29808706 -1.0754244 1.0160943
  vertex -0.28818226 -1.0348878 1.1896187
 endloop
endfacet
facet normal -0.337289 -0.91474444 0.22243817
 outer loop
  vertex -0.46170104 -1.0138533 1.0130087
  vertex -0.28818226 -1.0348878 1.1896187
  vertex -0.44429427 -0.97899014 1.1827728
 endloop
endfacet
facet normal -0.3237336 -0.85433364 0.4065841
 outer loop
  vertex -0.44429427 -0.97899014 1.1827728
  vertex -0.28818226 -1.0348878 1.1896187
  vertex -0.27677238 -0.96525854 1.3450118
 endloop
endfacet
facet normal -0.31410444 -0.86225384 0.39731178
 outer loop
  vertex -0.44429427 -0.97899014 1.1827728
  vertex -0.27677238 -0.96525854 1.3450118
  vertex -0.42117557 -0.9200458 1.328972
 endloop
endfacet
facet normal -0.1737248 -0.9544925 0.24241208
 outer loop
  vertex -0.29808706 -1.0754244 1.0160943
  vertex -0.1243242 -1.1063006 1.0190474
  vertex -0.119635195 -1.0624521 1.1950604
 endloop
endfacet
facet normal -0.1642744 -0.9584346 0.23327456
 outer loop
  vertex -0.29808706 -1.0754244 1.0160943
  vertex -0.119635195 -1.0624521 1.1950604
  vertex -0.28818226 -1.0348878 1.1896187
 endloop
endfacet
facet normal -0.15957397 -0.8924305 0.42202374
 outer loop
  vertex -0.28818226 -1.0348878 1.1896187
  vertex -0.119635195 -1.0624521 1.1950604
  vertex -0.11494279 -0.98749083 1.3553511
 endloop
endfacet
facet normal -0.14979972 -0.8981264 0.4134357
 outer loop
  vertex -0.28818226 -1.0348878 1.1896187
  vertex -0.11494279 -0.98749083 1.3553511
  vertex -0.27677238 -0.96525854 1.3450118
 endloop
endfacet
facet normal -0.54688686 -0.8351807 0.058205564
 outer loop
  vertex -0.6160894 -0.9255542 0.82939637
  vertex -0.46794635 -1.0223835 0.8319317
  vertex -0.46170104 -1.0138533 1.0130087
 endloop
endfacet
facet normal -0.541333 -0.8392239 0.051591337
 outer loop
  vertex -0.6160894 -0.9255542 0.82939637
  vertex -0.46170104 -1.0138533 1.0130087
  vertex -0.6078125 -0.9196307 1.0125996
 endloop
endfacet
facet normal -0.52881604 -0.819072 0.22242886
 outer loop
  vertex -0.6078125 -0.9196307 1.0125996
  vertex -0.46170104 -1.0138533 1.0130087
  vertex -0.44429427 -0.97899014 1.1827728
 endloop
endfacet
facet normal -0.5263035 -0.82157236 0.21914242
 outer loop
  vertex -0.6078125 -0.9196307 1.0125996
  vertex -0.44429427 -0.97899014 1.1827728
  vertex -0.58077514 -0.8916604 1.1823956
 endloop
endfacet
facet normal -0.4968459 -0.7747934 0.3909468
 outer loop
  vertex -0.58077514 -0.8916604 1.1823956
  vertex -0.44429427 -0.97899014 1.1827728
  vertex -0.42117557 -0.9200458 1.328972
 endloop
endfacet
facet normal -0.49446407 -0.7779181 0.38774818
 outer loop
  vertex -0.58077514 -0.8916604 1.1823956
  vertex -0.42117557 -0.9200458 1.328972
  vertex -0.5396184 -0.8478202 1.3228337
 endloop
endfacet
facet normal -0.45484087 -0.6989943 0.55183953
 outer loop
  vertex -0.5396184 -0.8478202 1.3228337
  vertex -0.42117557 -0.9200458 1.328972
  vertex -0.40801778 -0.8369605 1.445058
 endloop
endfacet
facet normal -0.43021438 -0.7320236 0.52825856
 outer loop
  vertex -0.5396184 -0.8478202 1.3228337
  vertex -0.40801778 -0.8369605 1.445058
  vertex -0.5001431 -0.8059611 1.4129878
 endloop
endfacet
facet normal -0.30097044 -0.75422615 0.583575
 outer loop
  vertex -0.42117557 -0.9200458 1.328972
  vertex -0.27677238 -0.96525854 1.3450118
  vertex -0.27098468 -0.8663915 1.4757749
 endloop
endfacet
facet normal -0.29313844 -0.76142204 0.57819223
 outer loop
  vertex -0.42117557 -0.9200458 1.328972
  vertex -0.27098468 -0.8663915 1.4757749
  vertex -0.40801778 -0.8369605 1.445058
 endloop
endfacet
facet normal -0.14617467 -0.7825886 0.6051348
 outer loop
  vertex -0.27677238 -0.96525854 1.3450118
  vertex -0.11494279 -0.98749083 1.3553511
  vertex -0.11246082 -0.88188964 1.492519
 endloop
endfacet
facet normal -0.1404068 -0.7867656 0.6010706
 outer loop
  vertex -0.27677238 -0.96525854 1.3450118
  vertex -0.11246082 -0.88188964 1.492519
  vertex -0.27098468 -0.8663915 1.4757749
 endloop
endfacet
facet normal -0.071667604 -0.7884939 0.6108529
 outer loop
  vertex -0.11494279 -0.98749083 1.3553511
  vertex -3.4647742e-16 -0.9955171 1.3584763
  vertex -3.4647742e-16 -0.88777465 1.4975511
 endloop
endfacet
facet normal -0.06860192 -0.78991276 0.6093699
 outer loop
  vertex -0.11494279 -0.98749083 1.3553511
  vertex -3.4647742e-16 -0.88777465 1.4975511
  vertex -0.11246082 -0.88188964 1.492519
 endloop
endfacet
facet normal -0.07808164 -0.9012072 0.42629644
 outer loop
  vertex -0.119635195 -1.0624521 1.1950604
  vertex -3.4647742e-16 -1.072154 1.1964628
  vertex -3.4647742e-16 -0.9955171 1.3584763
 endloop
endfacet
facet normal -0.07455295 -0.9024786 0.42423385
 outer loop
  vertex -0.119635195 -1.0624521 1.1950604
  vertex -3.4647742e-16 -0.9955171 1.3584763
  vertex -0.11494279 -0.98749083 1.3553511
 endloop
endfacet
facet normal -0.08504761 -0.96566975 0.24545656
 outer loop
  vertex -0.1243242 -1.1063006 1.0190474
  vertex -3.4647742e-16 -1.1172211 1.0191609
  vertex -3.4647742e-16 -1.072154 1.1964628
 endloop
endfacet
facet normal -0.081237875 -0.96662587 0.24297088
 outer loop
  vertex -0.1243242 -1.1063006 1.0190474
  vertex -3.4647742e-16 -1.072154 1.1964628
  vertex -0.119635195 -1.0624521 1.1950604
 endloop
endfacet
facet normal -0.0916034 -0.9932419 0.071270145
 outer loop
  vertex -0.12704775 -1.118665 0.8357445
  vertex -3.4647742e-16 -1.1304553 0.834726
  vertex -3.4647742e-16 -1.1172211 1.0191609
 endloop
endfacet
facet normal -0.087359525 -0.9938303 0.06833515
 outer loop
  vertex -0.12704775 -1.118665 0.8357445
  vertex -3.4647742e-16 -1.1172211 1.0191609
  vertex -0.1243242 -1.1063006 1.0190474
 endloop
endfacet
facet normal -0.1822278 -0.98084164 0.06886859
 outer loop
  vertex -0.30246204 -1.0861981 0.833995
  vertex -0.12704775 -1.118665 0.8357445
  vertex -0.1243242 -1.1063006 1.0190474
 endloop
endfacet
facet normal -0.17563754 -0.9824787 0.06234674
 outer loop
  vertex -0.30246204 -1.0861981 0.833995
  vertex -0.1243242 -1.1063006 1.0190474
  vertex -0.29808706 -1.0754244 1.0160943
 endloop
endfacet
facet normal -0.35975873 -0.93086725 0.06371678
 outer loop
  vertex -0.46794635 -1.0223835 0.8319317
  vertex -0.30246204 -1.0861981 0.833995
  vertex -0.29808706 -1.0754244 1.0160943
 endloop
endfacet
facet normal -0.35257757 -0.9340957 0.05616354
 outer loop
  vertex -0.46794635 -1.0223835 0.8319317
  vertex -0.29808706 -1.0754244 1.0160943
  vertex -0.46170104 -1.0138533 1.0130087
 endloop
endfacet
facet normal -0.7117913 -0.7023911 -1.0472593e-06
 outer loop
  vertex -0.45997792 -0.40013987 0.05130124
  vertex -0.3755546 -0.48569304 0.04072666
  vertex -0.2915743 -0.57079726 0.048704624
 endloop
endfacet
facet normal -0.34286413 -0.32492527 -0.88140094
 outer loop
  vertex -0.45997792 -0.40013987 0.05130124
  vertex -0.2915743 -0.57079726 0.048704624
  vertex -0.44306076 -0.5639109 0.105094075
 endloop
endfacet
facet normal -0.32539204 -0.4087885 -0.85265
 outer loop
  vertex -0.2915743 -0.57079726 0.048704624
  vertex -0.2805507 -0.72154135 0.11676943
  vertex -0.4207195 -0.70502 0.1623404
 endloop
endfacet
facet normal -0.3357287 -0.39926898 -0.8531533
 outer loop
  vertex -0.2915743 -0.57079726 0.048704624
  vertex -0.4207195 -0.70502 0.1623404
  vertex -0.44306076 -0.5639109 0.105094075
 endloop
endfacet
facet normal -0.52164394 -0.31439638 -0.793122
 outer loop
  vertex -0.45997792 -0.40013987 0.05130124
  vertex -0.44306076 -0.5639109 0.105094075
  vertex -0.5739578 -0.56344146 0.19100022
 endloop
endfacet
facet normal -0.60334283 -0.2316792 -0.76308733
 outer loop
  vertex -0.45997792 -0.40013987 0.05130124
  vertex -0.5739578 -0.56344146 0.19100022
  vertex -0.6002872 -0.40076703 0.16242862
 endloop
endfacet
facet normal -0.5027624 -0.39212918 -0.77036667
 outer loop
  vertex -0.44306076 -0.5639109 0.105094075
  vertex -0.4207195 -0.70502 0.1623404
  vertex -0.5345409 -0.6983158 0.2332108
 endloop
endfacet
facet normal -0.5064684 -0.38886806 -0.7695917
 outer loop
  vertex -0.44306076 -0.5639109 0.105094075
  vertex -0.5345409 -0.6983158 0.2332108
  vertex -0.5739578 -0.56344146 0.19100022
 endloop
endfacet
facet normal -0.44274104 -0.5529232 -0.7058727
 outer loop
  vertex -0.4207195 -0.70502 0.1623404
  vertex -0.40800527 -0.81738645 0.24238443
  vertex -0.4967307 -0.7854771 0.27304006
 endloop
endfacet
facet normal -0.471229 -0.52745205 -0.70692116
 outer loop
  vertex -0.4207195 -0.70502 0.1623404
  vertex -0.4967307 -0.7854771 0.27304006
  vertex -0.5345409 -0.6983158 0.2332108
 endloop
endfacet
facet normal -0.30543673 -0.58178353 -0.7538145
 outer loop
  vertex -0.2805507 -0.72154135 0.11676943
  vertex -0.27492183 -0.84865326 0.21259189
  vertex -0.40800527 -0.81738645 0.24238443
 endloop
endfacet
facet normal -0.31355894 -0.5742138 -0.75627995
 outer loop
  vertex -0.2805507 -0.72154135 0.11676943
  vertex -0.40800527 -0.81738645 0.24238443
  vertex -0.4207195 -0.70502 0.1623404
 endloop
endfacet
facet normal -0.15390535 -0.6035738 -0.78231186
 outer loop
  vertex -0.12198877 -0.73272866 0.093066335
  vertex -0.1195645 -0.86669964 0.19595146
  vertex -0.27492183 -0.84865326 0.21259189
 endloop
endfacet
facet normal -0.15957485 -0.5987448 -0.78488255
 outer loop
  vertex -0.12198877 -0.73272866 0.093066335
  vertex -0.27492183 -0.84865326 0.21259189
  vertex -0.2805507 -0.72154135 0.11676943
 endloop
endfacet
facet normal -0.11158068 -0.60769635 -0.7862919
 outer loop
  vertex -3.4647742e-16 -0.73885006 0.08017409
  vertex -3.4647742e-16 -0.8753068 0.18563652
  vertex -0.1195645 -0.86669964 0.19595146
 endloop
endfacet
facet normal -0.11360175 -0.6064295 -0.7869802
 outer loop
  vertex -3.4647742e-16 -0.73885006 0.08017409
  vertex -0.1195645 -0.86669964 0.19595146
  vertex -0.12198877 -0.73272866 0.093066335
 endloop
endfacet
facet normal -0.77012706 0.42866522 -0.472388
 outer loop
  vertex -0.6176005 0.2668896 0.34225893
  vertex -0.67747486 0.12640706 0.31239128
  vertex -0.7560767 0.14707395 0.45928872
 endloop
endfacet
facet normal -0.77069414 0.45440966 -0.44670165
 outer loop
  vertex -0.6176005 0.2668896 0.34225893
  vertex -0.7560767 0.14707395 0.45928872
  vertex -0.67871815 0.29836348 0.47972214
 endloop
endfacet
facet normal -0.8292318 0.46573913 -0.30896866
 outer loop
  vertex -0.67871815 0.29836348 0.47972214
  vertex -0.7560767 0.14707395 0.45928872
  vertex -0.80893624 0.16752979 0.631992
 endloop
endfacet
facet normal -0.8236098 0.49261072 -0.28107223
 outer loop
  vertex -0.67871815 0.29836348 0.47972214
  vertex -0.80893624 0.16752979 0.631992
  vertex -0.7188069 0.32548007 0.64471686
 endloop
endfacet
facet normal -0.82300144 0.25804162 -0.5060466
 outer loop
  vertex -0.67747486 0.12640706 0.31239128
  vertex -0.715224 -0.04067737 0.28858495
  vertex -0.8055053 -0.029606402 0.4410578
 endloop
endfacet
facet normal -0.8289376 0.2817641 -0.48318887
 outer loop
  vertex -0.67747486 0.12640706 0.31239128
  vertex -0.8055053 -0.029606402 0.4410578
  vertex -0.7560767 0.14707395 0.45928872
 endloop
endfacet
facet normal -0.8963588 0.28574333 -0.3389567
 outer loop
  vertex -0.7560767 0.14707395 0.45928872
  vertex -0.8055053 -0.029606402 0.4410578
  vertex -0.86908907 -0.017353952 0.61953175
 endloop
endfacet
facet normal -0.8971905 0.31291014 -0.31166708
 outer loop
  vertex -0.7560767 0.14707395 0.45928872
  vertex -0.86908907 -0.017353952 0.61953175
  vertex -0.80893624 0.16752979 0.631992
 endloop
endfacet
facet normal -0.605021 0.538092 -0.5868616
 outer loop
  vertex -0.4961202 0.3329669 0.27760577
  vertex -0.5337626 0.24694696 0.23754144
  vertex -0.6176005 0.2668896 0.34225893
 endloop
endfacet
facet normal -0.60557497 0.57281053 -0.5524193
 outer loop
  vertex -0.4961202 0.3329669 0.27760577
  vertex -0.6176005 0.2668896 0.34225893
  vertex -0.53406143 0.37417915 0.36193132
 endloop
endfacet
facet normal -0.6698191 0.601396 -0.43550584
 outer loop
  vertex -0.53406143 0.37417915 0.36193132
  vertex -0.6176005 0.2668896 0.34225893
  vertex -0.67871815 0.29836348 0.47972214
 endloop
endfacet
facet normal -0.6645691 0.6199843 -0.41709405
 outer loop
  vertex -0.53406143 0.37417915 0.36193132
  vertex -0.67871815 0.29836348 0.47972214
  vertex -0.57422894 0.41947022 0.49325383
 endloop
endfacet
facet normal -0.7114731 0.6450085 -0.2788727
 outer loop
  vertex -0.57422894 0.41947022 0.49325383
  vertex -0.67871815 0.29836348 0.47972214
  vertex -0.7188069 0.32548007 0.64471686
 endloop
endfacet
facet normal -0.7031276 0.6615789 -0.26062378
 outer loop
  vertex -0.57422894 0.41947022 0.49325383
  vertex -0.7188069 0.32548007 0.64471686
  vertex -0.6020544 0.45304325 0.65354645
 endloop
endfacet
facet normal -0.7283635 0.6748465 -0.118611835
 outer loop
  vertex -0.6020544 0.45304325 0.65354645
  vertex -0.7188069 0.32548007 0.64471686
  vertex -0.7351618 0.34004828 0.82803404
 endloop
endfacet
facet normal -0.7199213 0.6860833 -0.10489492
 outer loop
  vertex -0.6020544 0.45304325 0.65354645
  vertex -0.7351618 0.34004828 0.82803404
  vertex -0.6129967 0.4686961 0.8310262
 endloop
endfacet
facet normal -0.8555879 0.4992395 -0.13685493
 outer loop
  vertex -0.7188069 0.32548007 0.64471686
  vertex -0.80893624 0.16752979 0.631992
  vertex -0.83212864 0.18049446 0.8242804
 endloop
endfacet
facet normal -0.84749544 0.51780176 -0.11675999
 outer loop
  vertex -0.7188069 0.32548007 0.64471686
  vertex -0.83212864 0.18049446 0.8242804
  vertex -0.7351618 0.34004828 0.82803404
 endloop
endfacet
facet normal -0.93599015 0.315106 -0.15694126
 outer loop
  vertex -0.80893624 0.16752979 0.631992
  vertex -0.86908907 -0.017353952 0.61953175
  vertex -0.8997369 -0.0083524585 0.820387
 endloop
endfacet
facet normal -0.931967 0.33643442 -0.13509043
 outer loop
  vertex -0.80893624 0.16752979 0.631992
  vertex -0.8997369 -0.0083524585 0.820387
  vertex -0.83212864 0.18049446 0.8242804
 endloop
endfacet
facet normal -0.97882146 0.11659126 -0.16827108
 outer loop
  vertex -0.86908907 -0.017353952 0.61953175
  vertex -0.89225286 -0.22119755 0.6130353
  vertex -0.92737806 -0.22015971 0.8180753
 endloop
endfacet
facet normal -0.9793519 0.12950127 -0.15523966
 outer loop
  vertex -0.86908907 -0.017353952 0.61953175
  vertex -0.92737806 -0.22015971 0.8180753
  vertex -0.8997369 -0.0083524585 0.820387
 endloop
endfacet
facet normal -0.92942905 0.10267776 -0.35442758
 outer loop
  vertex -0.8055053 -0.029606402 0.4410578
  vertex -0.8235406 -0.22230905 0.4325266
  vertex -0.89225286 -0.22119755 0.6130353
 endloop
endfacet
facet normal -0.9329852 0.116868734 -0.34041196
 outer loop
  vertex -0.8055053 -0.029606402 0.4410578
  vertex -0.89225286 -0.22119755 0.6130353
  vertex -0.86908907 -0.017353952 0.61953175
 endloop
endfacet
facet normal -0.84758043 0.091159426 -0.52277845
 outer loop
  vertex -0.715224 -0.04067737 0.28858495
  vertex -0.728703 -0.22322124 0.27860737
  vertex -0.8235406 -0.22230905 0.4325266
 endloop
endfacet
facet normal -0.8526616 0.10248281 -0.5123137
 outer loop
  vertex -0.715224 -0.04067737 0.28858495
  vertex -0.8235406 -0.22230905 0.4325266
  vertex -0.8055053 -0.029606402 0.4410578
 endloop
endfacet
facet normal -0.7223102 0.084274344 -0.68641514
 outer loop
  vertex -0.59977424 -0.047611177 0.1644969
  vertex -0.60938853 -0.22390169 0.15296996
  vertex -0.728703 -0.22322124 0.27860737
 endloop
endfacet
facet normal -0.7265639 0.090875186 -0.6810628
 outer loop
  vertex -0.59977424 -0.047611177 0.1644969
  vertex -0.728703 -0.22322124 0.27860737
  vertex -0.715224 -0.04067737 0.28858495
 endloop
endfacet
facet normal -0.703857 0.24072243 -0.66830987
 outer loop
  vertex -0.5731662 0.113657385 0.19456184
  vertex -0.59977424 -0.047611177 0.1644969
  vertex -0.715224 -0.04067737 0.28858495
 endloop
endfacet
facet normal -0.71039504 0.25401798 -0.65636396
 outer loop
  vertex -0.5731662 0.113657385 0.19456184
  vertex -0.715224 -0.04067737 0.28858495
  vertex -0.67747486 0.12640706 0.31239128
 endloop
endfacet
facet normal -0.6643436 0.39999002 -0.6313917
 outer loop
  vertex -0.5337626 0.24694696 0.23754144
  vertex -0.5731662 0.113657385 0.19456184
  vertex -0.67747486 0.12640706 0.31239128
 endloop
endfacet
facet normal -0.6695129 0.41616157 -0.6152739
 outer loop
  vertex -0.5337626 0.24694696 0.23754144
  vertex -0.67747486 0.12640706 0.31239128
  vertex -0.6176005 0.2668896 0.34225893
 endloop
endfacet
facet normal -0.82182056 0.51213485 0.24965712
 outer loop
  vertex -0.72481185 0.3365995 1.0157958
  vertex -0.82038313 0.1794596 1.023544
  vertex -0.77209723 0.16536263 1.2114092
 endloop
endfacet
facet normal -0.8343137 0.4987369 0.23490882
 outer loop
  vertex -0.72481185 0.3365995 1.0157958
  vertex -0.77209723 0.16536263 1.2114092
  vertex -0.6875911 0.3163356 1.1910135
 endloop
endfacet
facet normal -0.75728244 0.48323497 0.43932605
 outer loop
  vertex -0.6875911 0.3163356 1.1910135
  vertex -0.77209723 0.16536263 1.2114092
  vertex -0.6912606 0.14567283 1.372408
 endloop
endfacet
facet normal -0.78238994 0.46141288 0.4182871
 outer loop
  vertex -0.6875911 0.3163356 1.1910135
  vertex -0.6912606 0.14567283 1.372408
  vertex -0.6257831 0.28706083 1.338916
 endloop
endfacet
facet normal -0.9011445 0.3359259 0.27402997
 outer loop
  vertex -0.82038313 0.1794596 1.023544
  vertex -0.88777596 -0.007904708 1.0316082
  vertex -0.83011514 -0.015931427 1.2310649
 endloop
endfacet
facet normal -0.9116175 0.3197414 0.25830033
 outer loop
  vertex -0.82038313 0.1794596 1.023544
  vertex -0.83011514 -0.015931427 1.2310649
  vertex -0.77209723 0.16536263 1.2114092
 endloop
endfacet
facet normal -0.8194169 0.31420726 0.47940567
 outer loop
  vertex -0.77209723 0.16536263 1.2114092
  vertex -0.83011514 -0.015931427 1.2310649
  vertex -0.73503196 -0.027152956 1.4009391
 endloop
endfacet
facet normal -0.841049 0.28855065 0.45757532
 outer loop
  vertex -0.77209723 0.16536263 1.2114092
  vertex -0.73503196 -0.027152956 1.4009391
  vertex -0.6912606 0.14567283 1.372408
 endloop
endfacet
facet normal -0.7247487 0.68700504 0.052568894
 outer loop
  vertex -0.6129967 0.4686961 0.8310262
  vertex -0.7351618 0.34004828 0.82803404
  vertex -0.72481185 0.3365995 1.0157958
 endloop
endfacet
facet normal -0.7217299 0.68986964 0.056443784
 outer loop
  vertex -0.6129967 0.4686961 0.8310262
  vertex -0.72481185 0.3365995 1.0157958
  vertex -0.60469854 0.46261486 1.0114585
 endloop
endfacet
facet normal -0.70102644 0.6760096 0.2270967
 outer loop
  vertex -0.60469854 0.46261486 1.0114585
  vertex -0.72481185 0.3365995 1.0157958
  vertex -0.6875911 0.3163356 1.1910135
 endloop
endfacet
facet normal -0.70759434 0.6713977 0.22030741
 outer loop
  vertex -0.60469854 0.46261486 1.0114585
  vertex -0.6875911 0.3163356 1.1910135
  vertex -0.57823485 0.43558595 1.1788279
 endloop
endfacet
facet normal -0.6545903 0.6412009 0.400466
 outer loop
  vertex -0.57823485 0.43558595 1.1788279
  vertex -0.6875911 0.3163356 1.1910135
  vertex -0.6257831 0.28706083 1.338916
 endloop
endfacet
facet normal -0.67096144 0.6322853 0.3873319
 outer loop
  vertex -0.57823485 0.43558595 1.1788279
  vertex -0.6257831 0.28706083 1.338916
  vertex -0.5379101 0.39320245 1.3178684
 endloop
endfacet
facet normal -0.58122677 0.5919174 0.5583987
 outer loop
  vertex -0.5379101 0.39320245 1.3178684
  vertex -0.6257831 0.28706083 1.338916
  vertex -0.53876436 0.26668283 1.4510933
 endloop
endfacet
facet normal -0.63488513 0.56226057 0.52989054
 outer loop
  vertex -0.5379101 0.39320245 1.3178684
  vertex -0.53876436 0.26668283 1.4510933
  vertex -0.49908346 0.35251483 1.4075614
 endloop
endfacet
facet normal -0.6509164 0.44682214 0.6137245
 outer loop
  vertex -0.6257831 0.28706083 1.338916
  vertex -0.6912606 0.14567283 1.372408
  vertex -0.58126915 0.13149336 1.4993883
 endloop
endfacet
facet normal -0.6752144 0.42712718 0.6013717
 outer loop
  vertex -0.6257831 0.28706083 1.338916
  vertex -0.58126915 0.13149336 1.4993883
  vertex -0.53876436 0.26668283 1.4510933
 endloop
endfacet
facet normal -0.6944033 0.28495306 0.66076154
 outer loop
  vertex -0.6912606 0.14567283 1.372408
  vertex -0.73503196 -0.027152956 1.4009391
  vertex -0.6110122 -0.035732925 1.5349733
 endloop
endfacet
facet normal -0.71402204 0.26490358 0.64807296
 outer loop
  vertex -0.6912606 0.14567283 1.372408
  vertex -0.6110122 -0.035732925 1.5349733
  vertex -0.58126915 0.13149336 1.4993883
 endloop
endfacet
facet normal -0.7183683 0.108136244 0.68720716
 outer loop
  vertex -0.73503196 -0.027152956 1.4009391
  vertex -0.7519084 -0.22123605 1.4138376
  vertex -0.622268 -0.22219151 1.5495068
 endloop
endfacet
facet normal -0.7274455 0.09686077 0.67929447
 outer loop
  vertex -0.73503196 -0.027152956 1.4009391
  vertex -0.622268 -0.22219151 1.5495068
  vertex -0.6110122 -0.035732925 1.5349733
 endloop
endfacet
facet normal -0.8554768 0.12212743 0.50323373
 outer loop
  vertex -0.83011514 -0.015931427 1.2310649
  vertex -0.8534751 -0.22026652 1.2409431
  vertex -0.7519084 -0.22123605 1.4138376
 endloop
endfacet
facet normal -0.86447054 0.10780018 0.4909886
 outer loop
  vertex -0.83011514 -0.015931427 1.2310649
  vertex -0.7519084 -0.22123605 1.4138376
  vertex -0.73503196 -0.027152956 1.4009391
 endloop
endfacet
facet normal -0.9483508 0.13142473 0.2887185
 outer loop
  vertex -0.88777596 -0.007904708 1.0316082
  vertex -0.91584766 -0.21976167 1.0358387
  vertex -0.8534751 -0.22026652 1.2409431
 endloop
endfacet
facet normal -0.95211554 0.122391894 0.28017193
 outer loop
  vertex -0.88777596 -0.007904708 1.0316082
  vertex -0.8534751 -0.22026652 1.2409431
  vertex -0.83011514 -0.015931427 1.2310649
 endloop
endfacet
facet normal -0.99031293 0.12866765 0.052201092
 outer loop
  vertex -0.8997369 -0.0083524585 0.820387
  vertex -0.92737806 -0.22015971 0.8180753
  vertex -0.91584766 -0.21976167 1.0358387
 endloop
endfacet
facet normal -0.9896474 0.13224481 0.055760894
 outer loop
  vertex -0.8997369 -0.0083524585 0.820387
  vertex -0.91584766 -0.21976167 1.0358387
  vertex -0.88777596 -0.007904708 1.0316082
 endloop
endfacet
facet normal -0.9405269 0.33563048 0.05254818
 outer loop
  vertex -0.83212864 0.18049446 0.8242804
  vertex -0.8997369 -0.0083524585 0.820387
  vertex -0.88777596 -0.007904708 1.0316082
 endloop
endfacet
facet normal -0.93866056 0.340083 0.057095174
 outer loop
  vertex -0.83212864 0.18049446 0.8242804
  vertex -0.88777596 -0.007904708 1.0316082
  vertex -0.82038313 0.1794596 1.023544
 endloop
endfacet
facet normal -0.853913 0.5177076 0.05302223
 outer loop
  vertex -0.7351618 0.34004828 0.82803404
  vertex -0.83212864 0.18049446 0.8242804
  vertex -0.82038313 0.1794596 1.023544
 endloop
endfacet
facet normal -0.85178405 0.52083534 0.056519244
 outer loop
  vertex -0.7351618 0.34004828 0.82803404
  vertex -0.82038313 0.1794596 1.023544
  vertex -0.72481185 0.3365995 1.0157958
 endloop
endfacet
facet normal -0.9100334 -0.32046536 0.2629469
 outer loop
  vertex -0.89407563 -0.43532008 1.0328203
  vertex -0.827994 -0.6293097 1.0250984
  vertex -0.77803713 -0.61466306 1.2158448
 endloop
endfacet
facet normal -0.9107328 -0.3042597 0.27927005
 outer loop
  vertex -0.89407563 -0.43532008 1.0328203
  vertex -0.77803713 -0.61466306 1.2158448
  vertex -0.83484656 -0.42764693 1.2343332
 endloop
endfacet
facet normal -0.8332376 -0.2990845 0.46504158
 outer loop
  vertex -0.83484656 -0.42764693 1.2343332
  vertex -0.77803713 -0.61466306 1.2158448
  vertex -0.694847 -0.59447306 1.3778855
 endloop
endfacet
facet normal -0.8281566 -0.27446422 0.48869827
 outer loop
  vertex -0.83484656 -0.42764693 1.2343332
  vertex -0.694847 -0.59447306 1.3778855
  vertex -0.7377032 -0.41740578 1.4047056
 endloop
endfacet
facet normal -0.82676667 -0.509449 0.23857601
 outer loop
  vertex -0.827994 -0.6293097 1.0250984
  vertex -0.73052835 -0.7911934 1.0171758
  vertex -0.6922145 -0.7700159 1.1951715
 endloop
endfacet
facet normal -0.83143014 -0.49333072 0.2556342
 outer loop
  vertex -0.827994 -0.6293097 1.0250984
  vertex -0.6922145 -0.7700159 1.1951715
  vertex -0.77803713 -0.61466306 1.2158448
 endloop
endfacet
facet normal -0.7674615 -0.48045775 0.42445636
 outer loop
  vertex -0.77803713 -0.61466306 1.2158448
  vertex -0.6922145 -0.7700159 1.1951715
  vertex -0.628783 -0.73949283 1.3444124
 endloop
endfacet
facet normal -0.76833385 -0.454123 0.45103812
 outer loop
  vertex -0.77803713 -0.61466306 1.2158448
  vertex -0.628783 -0.73949283 1.3444124
  vertex -0.694847 -0.59447306 1.3778855
 endloop
endfacet
facet normal -0.993508 -0.1004213 0.05345662
 outer loop
  vertex -0.92737806 -0.22015971 0.8180753
  vertex -0.90558386 -0.43529946 0.8189751
  vertex -0.89407563 -0.43532008 1.0328203
 endloop
endfacet
facet normal -0.9934765 -0.1010832 0.05278855
 outer loop
  vertex -0.92737806 -0.22015971 0.8180753
  vertex -0.89407563 -0.43532008 1.0328203
  vertex -0.91584766 -0.21976167 1.0358387
 endloop
endfacet
facet normal -0.9535397 -0.10028821 0.28408515
 outer loop
  vertex -0.91584766 -0.21976167 1.0358387
  vertex -0.89407563 -0.43532008 1.0328203
  vertex -0.83484656 -0.42764693 1.2343332
 endloop
endfacet
facet normal -0.9524968 -0.09478563 0.2894225
 outer loop
  vertex -0.91584766 -0.21976167 1.0358387
  vertex -0.83484656 -0.42764693 1.2343332
  vertex -0.8534751 -0.22026652 1.2409431
 endloop
endfacet
facet normal -0.86249316 -0.093329355 0.49738827
 outer loop
  vertex -0.8534751 -0.22026652 1.2409431
  vertex -0.83484656 -0.42764693 1.2343332
  vertex -0.7377032 -0.41740578 1.4047056
 endloop
endfacet
facet normal -0.85926825 -0.08569759 0.50429565
 outer loop
  vertex -0.8534751 -0.22026652 1.2409431
  vertex -0.7377032 -0.41740578 1.4047056
  vertex -0.7519084 -0.22123605 1.4138376
 endloop
endfacet
facet normal -0.72415406 -0.08430073 0.68446636
 outer loop
  vertex -0.7519084 -0.22123605 1.4138376
  vertex -0.7377032 -0.41740578 1.4047056
  vertex -0.6121851 -0.41003615 1.5384094
 endloop
endfacet
facet normal -0.7209866 -0.07936868 0.6883886
 outer loop
  vertex -0.7519084 -0.22123605 1.4138376
  vertex -0.6121851 -0.41003615 1.5384094
  vertex -0.622268 -0.22219151 1.5495068
 endloop
endfacet
facet normal -0.7067113 -0.27009585 0.65391695
 outer loop
  vertex -0.7377032 -0.41740578 1.4047056
  vertex -0.694847 -0.59447306 1.3778855
  vertex -0.5829182 -0.58029157 1.5047084
 endloop
endfacet
facet normal -0.6984412 -0.2526058 0.66960454
 outer loop
  vertex -0.7377032 -0.41740578 1.4047056
  vertex -0.5829182 -0.58029157 1.5047084
  vertex -0.6121851 -0.41003615 1.5384094
 endloop
endfacet
facet normal -0.6625238 -0.4414829 0.6051075
 outer loop
  vertex -0.694847 -0.59447306 1.3778855
  vertex -0.628783 -0.73949283 1.3444124
  vertex -0.5402239 -0.7183626 1.456791
 endloop
endfacet
facet normal -0.65646225 -0.42037326 0.62637347
 outer loop
  vertex -0.694847 -0.59447306 1.3778855
  vertex -0.5402239 -0.7183626 1.456791
  vertex -0.5829182 -0.58029157 1.5047084
 endloop
endfacet
facet normal -0.5952037 -0.59705013 0.5378324
 outer loop
  vertex -0.628783 -0.73949283 1.3444124
  vertex -0.5396184 -0.8478202 1.3228337
  vertex -0.5001431 -0.8059611 1.4129878
 endloop
endfacet
facet normal -0.5960847 -0.5603125 0.57509387
 outer loop
  vertex -0.628783 -0.73949283 1.3444124
  vertex -0.5001431 -0.8059611 1.4129878
  vertex -0.5402239 -0.7183626 1.456791
 endloop
endfacet
facet normal -0.65698427 -0.64317614 0.39331427
 outer loop
  vertex -0.6922145 -0.7700159 1.1951715
  vertex -0.58077514 -0.8916604 1.1823956
  vertex -0.5396184 -0.8478202 1.3228337
 endloop
endfacet
facet normal -0.6625341 -0.6269708 0.40982446
 outer loop
  vertex -0.6922145 -0.7700159 1.1951715
  vertex -0.5396184 -0.8478202 1.3228337
  vertex -0.628783 -0.73949283 1.3444124
 endloop
endfacet
facet normal -0.7008028 -0.67753696 0.22320195
 outer loop
  vertex -0.73052835 -0.7911934 1.0171758
  vertex -0.6078125 -0.9196307 1.0125996
  vertex -0.58077514 -0.8916604 1.1823956
 endloop
endfacet
facet normal -0.705093 -0.6702561 0.23151802
 outer loop
  vertex -0.73052835 -0.7911934 1.0171758
  vertex -0.58077514 -0.8916604 1.1823956
  vertex -0.6922145 -0.7700159 1.1951715
 endloop
endfacet
facet normal -0.7243146 -0.6872769 0.0549453
 outer loop
  vertex -0.74072266 -0.7944643 0.82614577
  vertex -0.6160894 -0.9255542 0.82939637
  vertex -0.6078125 -0.9196307 1.0125996
 endloop
endfacet
facet normal -0.7212156 -0.6908807 0.050317034
 outer loop
  vertex -0.74072266 -0.7944643 0.82614577
  vertex -0.6078125 -0.9196307 1.0125996
  vertex -0.73052835 -0.7911934 1.0171758
 endloop
endfacet
facet normal -0.8564316 -0.51337653 0.05449357
 outer loop
  vertex -0.8393684 -0.6303063 0.8223201
  vertex -0.74072266 -0.7944643 0.82614577
  vertex -0.73052835 -0.7911934 1.0171758
 endloop
endfacet
facet normal -0.8545234 -0.5169547 0.05047332
 outer loop
  vertex -0.8393684 -0.6303063 0.8223201
  vertex -0.73052835 -0.7911934 1.0171758
  vertex -0.827994 -0.6293097 1.0250984
 endloop
endfacet
facet normal -0.94577235 -0.3202043 0.054624762
 outer loop
  vertex -0.90558386 -0.43529946 0.8189751
  vertex -0.8393684 -0.6303063 0.8223201
  vertex -0.827994 -0.6293097 1.0250984
 endloop
endfacet
facet normal -0.94474465 -0.3238453 0.05081083
 outer loop
  vertex -0.90558386 -0.43529946 0.8189751
  vertex -0.827994 -0.6293097 1.0250984
  vertex -0.89407563 -0.43532008 1.0328203
 endloop
endfacet
facet normal -0.8350876 -0.24787001 -0.4911101
 outer loop
  vertex -0.716385 -0.4066376 0.28612876
  vertex -0.679229 -0.5757784 0.3083161
  vertex -0.7593131 -0.59626335 0.45483077
 endloop
endfacet
facet normal -0.8182618 -0.26745176 -0.508839
 outer loop
  vertex -0.716385 -0.4066376 0.28612876
  vertex -0.7593131 -0.59626335 0.45483077
  vertex -0.80776674 -0.41642982 0.43822622
 endloop
endfacet
facet normal -0.906843 -0.27391264 -0.3203243
 outer loop
  vertex -0.80776674 -0.41642982 0.43822622
  vertex -0.7593131 -0.59626335 0.45483077
  vertex -0.81422555 -0.616908 0.6279422
 endloop
endfacet
facet normal -0.8908508 -0.29678652 -0.34395137
 outer loop
  vertex -0.80776674 -0.41642982 0.43822622
  vertex -0.81422555 -0.616908 0.6279422
  vertex -0.8730668 -0.4273458 0.61677563
 endloop
endfacet
facet normal -0.7839604 -0.42261449 -0.45475614
 outer loop
  vertex -0.679229 -0.5757784 0.3083161
  vertex -0.61926365 -0.71845156 0.33753014
  vertex -0.6815856 -0.7506185 0.47486126
 endloop
endfacet
facet normal -0.75869966 -0.4439225 -0.4767679
 outer loop
  vertex -0.679229 -0.5757784 0.3083161
  vertex -0.6815856 -0.7506185 0.47486126
  vertex -0.7593131 -0.59626335 0.45483077
 endloop
endfacet
facet normal -0.8394969 -0.460224 -0.28885767
 outer loop
  vertex -0.7593131 -0.59626335 0.45483077
  vertex -0.6815856 -0.7506185 0.47486126
  vertex -0.7231469 -0.77883714 0.6406089
 endloop
endfacet
facet normal -0.81598395 -0.4837179 -0.3165237
 outer loop
  vertex -0.7593131 -0.59626335 0.45483077
  vertex -0.7231469 -0.77883714 0.6406089
  vertex -0.81422555 -0.616908 0.6279422
 endloop
endfacet
facet normal -0.7254096 -0.073926836 -0.684336
 outer loop
  vertex -0.60938853 -0.22390169 0.15296996
  vertex -0.6002872 -0.40076703 0.16242862
  vertex -0.716385 -0.4066376 0.28612876
 endloop
endfacet
facet normal -0.7231883 -0.076714836 -0.6863771
 outer loop
  vertex -0.60938853 -0.22390169 0.15296996
  vertex -0.716385 -0.4066376 0.28612876
  vertex -0.728703 -0.22322124 0.27860737
 endloop
endfacet
facet normal -0.8523072 -0.078445755 -0.5171254
 outer loop
  vertex -0.728703 -0.22322124 0.27860737
  vertex -0.716385 -0.4066376 0.28612876
  vertex -0.80776674 -0.41642982 0.43822622
 endloop
endfacet
facet normal -0.84856 -0.08428904 -0.5223422
 outer loop
  vertex -0.728703 -0.22322124 0.27860737
  vertex -0.80776674 -0.41642982 0.43822622
  vertex -0.8235406 -0.22230905 0.4325266
 endloop
endfacet
facet normal -0.933967 -0.086076014 -0.34683785
 outer loop
  vertex -0.8235406 -0.22230905 0.4325266
  vertex -0.80776674 -0.41642982 0.43822622
  vertex -0.8730668 -0.4273458 0.61677563
 endloop
endfacet
facet normal -0.93071556 -0.09303875 -0.35371214
 outer loop
  vertex -0.8235406 -0.22230905 0.4325266
  vertex -0.8730668 -0.4273458 0.61677563
  vertex -0.89225286 -0.22119755 0.6130353
 endloop
endfacet
facet normal -0.98232096 -0.09435753 -0.16168535
 outer loop
  vertex -0.89225286 -0.22119755 0.6130353
  vertex -0.8730668 -0.4273458 0.61677563
  vertex -0.90558386 -0.43529946 0.8189751
 endloop
endfacet
facet normal -0.9807799 -0.10005606 -0.16750997
 outer loop
  vertex -0.89225286 -0.22119755 0.6130353
  vertex -0.90558386 -0.43529946 0.8189751
  vertex -0.92737806 -0.22015971 0.8180753
 endloop
endfacet
facet normal -0.94286066 -0.30107632 -0.14271227
 outer loop
  vertex -0.8730668 -0.4273458 0.61677563
  vertex -0.81422555 -0.616908 0.6279422
  vertex -0.8393684 -0.6303063 0.8223201
 endloop
endfacet
facet normal -0.9334331 -0.31974208 -0.16268902
 outer loop
  vertex -0.8730668 -0.4273458 0.61677563
  vertex -0.8393684 -0.6303063 0.8223201
  vertex -0.90558386 -0.43529946 0.8189751
 endloop
endfacet
facet normal -0.86081094 -0.49380374 -0.12313529
 outer loop
  vertex -0.81422555 -0.616908 0.6279422
  vertex -0.7231469 -0.77883714 0.6406089
  vertex -0.74072266 -0.7944643 0.82614577
 endloop
endfacet
facet normal -0.8466167 -0.5121233 -0.14481035
 outer loop
  vertex -0.81422555 -0.616908 0.6279422
  vertex -0.74072266 -0.7944643 0.82614577
  vertex -0.8393684 -0.6303063 0.8223201
 endloop
endfacet
facet normal -0.73032784 -0.6742123 -0.10981327
 outer loop
  vertex -0.7231469 -0.77883714 0.6406089
  vertex -0.60456866 -0.9087903 0.6498519
  vertex -0.6160894 -0.9255542 0.82939637
 endloop
endfacet
facet normal -0.7174254 -0.6852059 -0.12567365
 outer loop
  vertex -0.7231469 -0.77883714 0.6406089
  vertex -0.6160894 -0.9255542 0.82939637
  vertex -0.74072266 -0.7944643 0.82614577
 endloop
endfacet
facet normal -0.71677613 -0.64422685 -0.26684046
 outer loop
  vertex -0.6815856 -0.7506185 0.47486126
  vertex -0.5759607 -0.8738362 0.48861754
  vertex -0.60456866 -0.9087903 0.6498519
 endloop
endfacet
facet normal -0.6974449 -0.656789 -0.28670332
 outer loop
  vertex -0.6815856 -0.7506185 0.47486126
  vertex -0.60456866 -0.9087903 0.6498519
  vertex -0.7231469 -0.77883714 0.6406089
 endloop
endfacet
facet normal -0.67855924 -0.6004733 -0.42307115
 outer loop
  vertex -0.61926365 -0.71845156 0.33753014
  vertex -0.5351038 -0.8273937 0.35717082
  vertex -0.5759607 -0.8738362 0.48861754
 endloop
endfacet
facet normal -0.6564004 -0.6119388 -0.4412136
 outer loop
  vertex -0.61926365 -0.71845156 0.33753014
  vertex -0.5759607 -0.8738362 0.48861754
  vertex -0.6815856 -0.7506185 0.47486126
 endloop
endfacet
facet normal -0.63899714 -0.53135145 -0.5561908
 outer loop
  vertex -0.5345409 -0.6983158 0.2332108
  vertex -0.4967307 -0.7854771 0.27304006
  vertex -0.5351038 -0.8273937 0.35717082
 endloop
endfacet
facet normal -0.5873941 -0.55923915 -0.58499557
 outer loop
  vertex -0.5345409 -0.6983158 0.2332108
  vertex -0.5351038 -0.8273937 0.35717082
  vertex -0.61926365 -0.71845156 0.33753014
 endloop
endfacet
facet normal -0.6753187 -0.39273247 -0.6242643
 outer loop
  vertex -0.5739578 -0.56344146 0.19100022
  vertex -0.5345409 -0.6983158 0.2332108
  vertex -0.61926365 -0.71845156 0.33753014
 endloop
endfacet
facet normal -0.6583761 -0.40643606 -0.6335224
 outer loop
  vertex -0.5739578 -0.56344146 0.19100022
  vertex -0.61926365 -0.71845156 0.33753014
  vertex -0.679229 -0.5757784 0.3083161
 endloop
endfacet
facet normal -0.711797 -0.23166794 -0.66308004
 outer loop
  vertex -0.6002872 -0.40076703 0.16242862
  vertex -0.5739578 -0.56344146 0.19100022
  vertex -0.679229 -0.5757784 0.3083161
 endloop
endfacet
facet normal -0.7017173 -0.24204843 -0.6700786
 outer loop
  vertex -0.6002872 -0.40076703 0.16242862
  vertex -0.679229 -0.5757784 0.3083161
  vertex -0.716385 -0.4066376 0.28612876
 endloop
endfacet
facet normal -0.17893225 0.95620173 0.2316497
 outer loop
  vertex -0.12684837 0.64914465 1.0183364
  vertex -0.2992908 0.61762357 1.0152498
  vertex -0.2894547 0.5778676 1.1869518
 endloop
endfacet
facet normal -0.16893294 0.9556902 0.24107644
 outer loop
  vertex -0.12684837 0.64914465 1.0183364
  vertex -0.2894547 0.5778676 1.1869518
  vertex -0.12213561 0.6059586 1.1928397
 endloop
endfacet
facet normal -0.16504738 0.89723384 0.40954947
 outer loop
  vertex -0.12213561 0.6059586 1.1928397
  vertex -0.2894547 0.5778676 1.1869518
  vertex -0.27805465 0.5096315 1.3410364
 endloop
endfacet
facet normal -0.15414986 0.8946488 0.41933453
 outer loop
  vertex -0.12213561 0.6059586 1.1928397
  vertex -0.27805465 0.5096315 1.3410364
  vertex -0.11729732 0.5321896 1.3520042
 endloop
endfacet
facet normal -0.35138246 0.90991944 0.22040209
 outer loop
  vertex -0.2992908 0.61762357 1.0152498
  vertex -0.4609859 0.55596125 1.0120326
  vertex -0.44382918 0.52197826 1.1796824
 endloop
endfacet
facet normal -0.34082437 0.91141826 0.23055467
 outer loop
  vertex -0.2992908 0.61762357 1.0152498
  vertex -0.44382918 0.52197826 1.1796824
  vertex -0.2894547 0.5778676 1.1869518
 endloop
endfacet
facet normal -0.32937554 0.85872287 0.3925644
 outer loop
  vertex -0.2894547 0.5778676 1.1869518
  vertex -0.44382918 0.52197826 1.1796824
  vertex -0.4210197 0.4645308 1.324485
 endloop
endfacet
facet normal -0.31743234 0.8581454 0.40351352
 outer loop
  vertex -0.2894547 0.5778676 1.1869518
  vertex -0.4210197 0.4645308 1.324485
  vertex -0.27805465 0.5096315 1.3410364
 endloop
endfacet
facet normal -0.103489384 0.9922378 0.06895051
 outer loop
  vertex -3.4647742e-16 0.6750845 0.83543694
  vertex -0.12947059 0.66149735 0.8366381
  vertex -0.12684837 0.64914465 1.0183364
 endloop
endfacet
facet normal -0.09992737 0.9924262 0.07144763
 outer loop
  vertex -3.4647742e-16 0.6750845 0.83543694
  vertex -0.12684837 0.64914465 1.0183364
  vertex -3.4647742e-16 0.6618991 1.0185853
 endloop
endfacet
facet normal -0.097550586 0.96546805 0.24156846
 outer loop
  vertex -3.4647742e-16 0.6618991 1.0185853
  vertex -0.12684837 0.64914465 1.0183364
  vertex -0.12213561 0.6059586 1.1928397
 endloop
endfacet
facet normal -0.09391207 0.9652084 0.24403538
 outer loop
  vertex -3.4647742e-16 0.6618991 1.0185853
  vertex -0.12213561 0.6059586 1.1928397
  vertex -3.4647742e-16 0.61737776 1.194676
 endloop
endfacet
facet normal -0.090709805 0.90249395 0.4210421
 outer loop
  vertex -3.4647742e-16 0.61737776 1.194676
  vertex -0.12213561 0.6059586 1.1928397
  vertex -0.11729732 0.5321896 1.3520042
 endloop
endfacet
facet normal -0.08680801 0.9017138 0.4235287
 outer loop
  vertex -3.4647742e-16 0.61737776 1.194676
  vertex -0.11729732 0.5321896 1.3520042
  vertex -3.4647742e-16 0.54171 1.3557764
 endloop
endfacet
facet normal -0.08372361 0.7918046 0.60500896
 outer loop
  vertex -3.4647742e-16 0.54171 1.3557764
  vertex -0.11729732 0.5321896 1.3520042
  vertex -0.11456689 0.42812857 1.4885718
 endloop
endfacet
facet normal -0.07976897 0.7904723 0.60728115
 outer loop
  vertex -3.4647742e-16 0.54171 1.3557764
  vertex -0.11456689 0.42812857 1.4885718
  vertex -3.4647742e-16 0.4352331 1.494373
 endloop
endfacet
facet normal -0.15132996 0.7887723 0.5957663
 outer loop
  vertex -0.11729732 0.5321896 1.3520042
  vertex -0.27805465 0.5096315 1.3410364
  vertex -0.27217507 0.41252002 1.4711019
 endloop
endfacet
facet normal -0.14448485 0.7856641 0.6015448
 outer loop
  vertex -0.11729732 0.5321896 1.3520042
  vertex -0.27217507 0.41252002 1.4711019
  vertex -0.11456689 0.42812857 1.4885718
 endloop
endfacet
facet normal -0.3063559 0.76149374 0.5712034
 outer loop
  vertex -0.27805465 0.5096315 1.3410364
  vertex -0.4210197 0.4645308 1.324485
  vertex -0.4080139 0.38321248 1.439869
 endloop
endfacet
facet normal -0.2970053 0.7586496 0.5798608
 outer loop
  vertex -0.27805465 0.5096315 1.3410364
  vertex -0.4080139 0.38321248 1.439869
  vertex -0.27217507 0.41252002 1.4711019
 endloop
endfacet
facet normal -0.4648662 0.7131311 0.52473176
 outer loop
  vertex -0.4210197 0.4645308 1.324485
  vertex -0.5379101 0.39320245 1.3178684
  vertex -0.49908346 0.35251483 1.4075614
 endloop
endfacet
facet normal -0.4354263 0.71200067 0.55087113
 outer loop
  vertex -0.4210197 0.4645308 1.324485
  vertex -0.49908346 0.35251483 1.4075614
  vertex -0.4080139 0.38321248 1.439869
 endloop
endfacet
facet normal -0.5014069 0.77628976 0.38205406
 outer loop
  vertex -0.44382918 0.52197826 1.1796824
  vertex -0.57823485 0.43558595 1.1788279
  vertex -0.5379101 0.39320245 1.3178684
 endloop
endfacet
facet normal -0.49624443 0.77736855 0.38657412
 outer loop
  vertex -0.44382918 0.52197826 1.1796824
  vertex -0.5379101 0.39320245 1.3178684
  vertex -0.4210197 0.4645308 1.324485
 endloop
endfacet
facet normal -0.53242147 0.8183658 0.21634413
 outer loop
  vertex -0.4609859 0.55596125 1.0120326
  vertex -0.60469854 0.46261486 1.0114585
  vertex -0.57823485 0.43558595 1.1788279
 endloop
endfacet
facet normal -0.5284171 0.8199113 0.22027439
 outer loop
  vertex -0.4609859 0.55596125 1.0120326
  vertex -0.57823485 0.43558595 1.1788279
  vertex -0.44382918 0.52197826 1.1796824
 endloop
endfacet
facet normal -0.5492714 0.8339381 0.05336797
 outer loop
  vertex -0.4671802 0.5645926 0.833295
  vertex -0.6129967 0.4686961 0.8310262
  vertex -0.60469854 0.46261486 1.0114585
 endloop
endfacet
facet normal -0.5439231 0.83703923 0.059271205
 outer loop
  vertex -0.4671802 0.5645926 0.833295
  vertex -0.60469854 0.46261486 1.0114585
  vertex -0.4609859 0.55596125 1.0120326
 endloop
endfacet
facet normal -0.3634983 0.92981875 0.057498824
 outer loop
  vertex -0.30357698 0.6284385 0.8351108
  vertex -0.4671802 0.5645926 0.833295
  vertex -0.4609859 0.55596125 1.0120326
 endloop
endfacet
facet normal -0.35669774 0.9319947 0.064440764
 outer loop
  vertex -0.30357698 0.6284385 0.8351108
  vertex -0.4609859 0.55596125 1.0120326
  vertex -0.2992908 0.61762357 1.0152498
 endloop
endfacet
facet normal -0.18670629 0.9803743 0.063300595
 outer loop
  vertex -0.12947059 0.66149735 0.8366381
  vertex -0.30357698 0.6284385 0.8351108
  vertex -0.2992908 0.61762357 1.0152498
 endloop
endfacet
facet normal -0.18058047 0.9811153 0.0693069
 outer loop
  vertex -0.12947059 0.66149735 0.8366381
  vertex -0.2992908 0.61762357 1.0152498
  vertex -0.12684837 0.64914465 1.0183364
 endloop
endfacet
facet normal -0.16567245 0.88377684 -0.43759698
 outer loop
  vertex -0.12232265 0.51863945 0.33080363
  vertex -0.28074107 0.49386945 0.3407544
  vertex -0.29123205 0.5654073 0.489205
 endloop
endfacet
facet normal -0.17039369 0.88080597 -0.44175428
 outer loop
  vertex -0.12232265 0.51863945 0.33080363
  vertex -0.29123205 0.5654073 0.489205
  vertex -0.12564611 0.5954256 0.48518813
 endloop
endfacet
facet normal -0.17820783 0.9474933 -0.26551527
 outer loop
  vertex -0.12564611 0.5954256 0.48518813
  vertex -0.29123205 0.5654073 0.489205
  vertex -0.30016235 0.6106396 0.6566106
 endloop
endfacet
facet normal -0.18098369 0.9462026 -0.2682267
 outer loop
  vertex -0.12564611 0.5954256 0.48518813
  vertex -0.30016235 0.6106396 0.6566106
  vertex -0.12866166 0.6433338 0.65622485
 endloop
endfacet
facet normal -0.32900995 0.84389526 -0.42378435
 outer loop
  vertex -0.28074107 0.49386945 0.3407544
  vertex -0.4206916 0.44698903 0.35605216
  vertex -0.44316095 0.50770843 0.49440897
 endloop
endfacet
facet normal -0.3336092 0.83981115 -0.42827815
 outer loop
  vertex -0.28074107 0.49386945 0.3407544
  vertex -0.44316095 0.50770843 0.49440897
  vertex -0.29123205 0.5654073 0.489205
 endloop
endfacet
facet normal -0.3506338 0.89987063 -0.25940064
 outer loop
  vertex -0.29123205 0.5654073 0.489205
  vertex -0.44316095 0.50770843 0.49440897
  vertex -0.4604432 0.54775584 0.6566955
 endloop
endfacet
facet normal -0.35263517 0.89845914 -0.26157132
 outer loop
  vertex -0.29123205 0.5654073 0.489205
  vertex -0.4604432 0.54775584 0.6566955
  vertex -0.30016235 0.6106396 0.6566106
 endloop
endfacet
facet normal -0.114852704 0.88845414 -0.44436258
 outer loop
  vertex -3.4647742e-16 0.5304693 0.32283986
  vertex -0.12232265 0.51863945 0.33080363
  vertex -0.12564611 0.5954256 0.48518813
 endloop
endfacet
facet normal -0.11236874 0.8895184 -0.44286603
 outer loop
  vertex -3.4647742e-16 0.5304693 0.32283986
  vertex -0.12564611 0.5954256 0.48518813
  vertex -3.4647742e-16 0.60871637 0.480003
 endloop
endfacet
facet normal -0.112296276 0.9563311 -0.26985273
 outer loop
  vertex -3.4647742e-16 0.60871637 0.480003
  vertex -0.12564611 0.5954256 0.48518813
  vertex -0.12866166 0.6433338 0.65622485
 endloop
endfacet
facet normal -0.10897684 0.9573399 -0.2676273
 outer loop
  vertex -3.4647742e-16 0.60871637 0.480003
  vertex -0.12866166 0.6433338 0.65622485
  vertex -3.4647742e-16 0.65716326 0.6533042
 endloop
endfacet
facet normal -0.10858032 0.98903894 -0.10006085
 outer loop
  vertex -3.4647742e-16 0.65716326 0.6533042
  vertex -0.12866166 0.6433338 0.65622485
  vertex -0.12947059 0.66149735 0.8366381
 endloop
endfacet
facet normal -0.10476801 0.98971707 -0.09738463
 outer loop
  vertex -3.4647742e-16 0.65716326 0.6533042
  vertex -0.12947059 0.66149735 0.8366381
  vertex -3.4647742e-16 0.6750845 0.83543694
 endloop
endfacet
facet normal -0.18652509 0.9772435 -0.10101264
 outer loop
  vertex -0.12866166 0.6433338 0.65622485
  vertex -0.30016235 0.6106396 0.6566106
  vertex -0.30357698 0.6284385 0.8351108
 endloop
endfacet
facet normal -0.18478255 0.97775334 -0.09926632
 outer loop
  vertex -0.12866166 0.6433338 0.65622485
  vertex -0.30357698 0.6284385 0.8351108
  vertex -0.12947059 0.66149735 0.8366381
 endloop
endfacet
facet normal -0.3633674 0.9260291 -0.10214827
 outer loop
  vertex -0.30016235 0.6106396 0.6566106
  vertex -0.4604432 0.54775584 0.6566955
  vertex -0.4671802 0.5645926 0.833295
 endloop
endfacet
facet normal -0.36078936 0.9273385 -0.099370025
 outer loop
  vertex -0.30016235 0.6106396 0.6566106
  vertex -0.4671802 0.5645926 0.833295
  vertex -0.30357698 0.6284385 0.8351108
 endloop
endfacet
facet normal -0.55110544 0.82755154 -0.106963634
 outer loop
  vertex -0.4604432 0.54775584 0.6566955
  vertex -0.6020544 0.45304325 0.65354645
  vertex -0.6129967 0.4686961 0.8310262
 endloop
endfacet
facet normal -0.5456249 0.83202505 -0.100138895
 outer loop
  vertex -0.4604432 0.54775584 0.6566955
  vertex -0.6129967 0.4686961 0.8310262
  vertex -0.4671802 0.5645926 0.833295
 endloop
endfacet
facet normal -0.5374828 0.8017904 -0.26123628
 outer loop
  vertex -0.44316095 0.50770843 0.49440897
  vertex -0.57422894 0.41947022 0.49325383
  vertex -0.6020544 0.45304325 0.65354645
 endloop
endfacet
facet normal -0.5335131 0.80619526 -0.2557596
 outer loop
  vertex -0.44316095 0.50770843 0.49440897
  vertex -0.6020544 0.45304325 0.65354645
  vertex -0.4604432 0.54775584 0.6566955
 endloop
endfacet
facet normal -0.5066879 0.7553961 -0.4155045
 outer loop
  vertex -0.4206916 0.44698903 0.35605216
  vertex -0.53406143 0.37417915 0.36193132
  vertex -0.57422894 0.41947022 0.49325383
 endloop
endfacet
facet normal -0.5057811 0.75670403 -0.41422743
 outer loop
  vertex -0.4206916 0.44698903 0.35605216
  vertex -0.57422894 0.41947022 0.49325383
  vertex -0.44316095 0.50770843 0.49440897
 endloop
endfacet
facet normal -0.5698633 0.6075302 -0.5533198
 outer loop
  vertex -0.40800297 0.38753206 0.24676502
  vertex -0.4961202 0.3329669 0.27760577
  vertex -0.53406143 0.37417915 0.36193132
 endloop
endfacet
facet normal -0.4969448 0.73675185 -0.45852226
 outer loop
  vertex -0.40800297 0.38753206 0.24676502
  vertex -0.53406143 0.37417915 0.36193132
  vertex -0.4206916 0.44698903 0.35605216
 endloop
endfacet
facet normal -0.56949437 -0.44951186 0.6881971
 outer loop
  vertex -0.3431635 -0.8763152 -0.11882639
  vertex -0.3773024 -0.7185722 -0.04404342
  vertex -0.5251745 -0.60886115 -0.09474969
 endloop
endfacet
facet normal -0.41450965 -0.3574277 0.8369154
 outer loop
  vertex -0.3431635 -0.8763152 -0.11882639
  vertex -0.5251745 -0.60886115 -0.09474969
  vertex -0.51162773 -0.80314964 -0.17101645
 endloop
endfacet
facet normal -0.96743184 -0.25296417 0.009209178
 outer loop
  vertex -1.3124273 -0.072144985 -1.08855
  vertex -1.2729201 -0.22332948 -1.0911326
  vertex -1.2711005 -0.2245732 -0.93414414
 endloop
endfacet
facet normal -0.9663837 -0.2570579 0.0048873043
 outer loop
  vertex -1.3124273 -0.072144985 -1.08855
  vertex -1.2711005 -0.2245732 -0.93414414
  vertex -1.3117508 -0.071686864 -0.9306851
 endloop
endfacet
facet normal -0.95442295 -0.25719306 0.15142132
 outer loop
  vertex -1.3117508 -0.071686864 -0.9306851
  vertex -1.2711005 -0.2245732 -0.93414414
  vertex -1.2452163 -0.22220975 -0.76697874
 endloop
endfacet
facet normal -0.9544688 -0.25679758 0.15180355
 outer loop
  vertex -1.3117508 -0.071686864 -0.9306851
  vertex -1.2452163 -0.22220975 -0.76697874
  vertex -1.2857782 -0.06889802 -0.76266396
 endloop
endfacet
facet normal -0.88860154 -0.21863475 -0.4032197
 outer loop
  vertex -1.2341981 -0.06251371 -1.35679
  vertex -1.1987021 -0.20516884 -1.357664
  vertex -1.2534885 -0.21657747 -1.2307415
 endloop
endfacet
facet normal -0.8855338 -0.22269994 -0.40771887
 outer loop
  vertex -1.2341981 -0.06251371 -1.35679
  vertex -1.2534885 -0.21657747 -1.2307415
  vertex -1.2914362 -0.068775654 -1.2290529
 endloop
endfacet
facet normal -0.95871013 -0.24448624 -0.14526325
 outer loop
  vertex -1.2914362 -0.068775654 -1.2290529
  vertex -1.2534885 -0.21657747 -1.2307415
  vertex -1.2729201 -0.22332948 -1.0911326
 endloop
endfacet
facet normal -0.95733607 -0.2476239 -0.1489638
 outer loop
  vertex -1.2914362 -0.068775654 -1.2290529
  vertex -1.2729201 -0.22332948 -1.0911326
  vertex -1.3124273 -0.072144985 -1.08855
 endloop
endfacet
facet normal -0.5979999 -0.123610154 -0.7919071
 outer loop
  vertex -0.9836973 -0.04785508 -1.5871276
  vertex -0.95724595 -0.17752725 -1.5868613
  vertex -1.0977575 -0.19064695 -1.4787077
 endloop
endfacet
facet normal -0.5881455 -0.13558339 -0.7973092
 outer loop
  vertex -0.9836973 -0.04785508 -1.5871276
  vertex -1.0977575 -0.19064695 -1.4787077
  vertex -1.129386 -0.054757714 -1.4784846
 endloop
endfacet
facet normal -0.74617416 -0.17261818 -0.64298296
 outer loop
  vertex -1.129386 -0.054757714 -1.4784846
  vertex -1.0977575 -0.19064695 -1.4787077
  vertex -1.1987021 -0.20516884 -1.357664
 endloop
endfacet
facet normal -0.73962057 -0.18006195 -0.64848995
 outer loop
  vertex -1.129386 -0.054757714 -1.4784846
  vertex -1.1987021 -0.20516884 -1.357664
  vertex -1.2341981 -0.06251371 -1.35679
 endloop
endfacet
facet normal -0.6847833 -0.1845636 0.7049881
 outer loop
  vertex -1.1215034 -0.06017393 -0.4331081
  vertex -1.0880079 -0.21097153 -0.44005096
  vertex -0.94084036 -0.20102376 -0.2944969
 endloop
endfacet
facet normal -0.67981166 -0.16986561 0.7134435
 outer loop
  vertex -1.1215034 -0.06017393 -0.4331081
  vertex -0.94084036 -0.20102376 -0.2944969
  vertex -0.96730924 -0.05335027 -0.28455806
 endloop
endfacet
facet normal -0.5915919 -0.15922968 0.7903574
 outer loop
  vertex -0.96730924 -0.05335027 -0.28455806
  vertex -0.94084036 -0.20102376 -0.2944969
  vertex -0.7613317 -0.19660378 -0.15924203
 endloop
endfacet
facet normal -0.58992785 -0.15501897 0.7924357
 outer loop
  vertex -0.96730924 -0.05335027 -0.28455806
  vertex -0.7613317 -0.19660378 -0.15924203
  vertex -0.78023356 -0.049461782 -0.1445291
 endloop
endfacet
facet normal -0.9134898 -0.2507019 0.32044473
 outer loop
  vertex -1.2857782 -0.06889802 -0.76266396
  vertex -1.2452163 -0.22220975 -0.76697874
  vertex -1.1875898 -0.21807271 -0.5994666
 endloop
endfacet
facet normal -0.91299766 -0.240155 0.32978925
 outer loop
  vertex -1.2857782 -0.06889802 -0.76266396
  vertex -1.1875898 -0.21807271 -0.5994666
  vertex -1.225864 -0.06531131 -0.5941842
 endloop
endfacet
facet normal -0.82204473 -0.22406474 0.5234859
 outer loop
  vertex -1.225864 -0.06531131 -0.5941842
  vertex -1.1875898 -0.21807271 -0.5994666
  vertex -1.0880079 -0.21097153 -0.44005096
 endloop
endfacet
facet normal -0.8181538 -0.20643826 0.53666335
 outer loop
  vertex -1.225864 -0.06531131 -0.5941842
  vertex -1.0880079 -0.21097153 -0.44005096
  vertex -1.1215034 -0.06017393 -0.4331081
 endloop
endfacet
facet normal -0.00060526107 -0.0004189077 -0.9999998
 outer loop
  vertex -0.44819614 -0.06298816 -1.5976474
  vertex -0.43927813 -0.20620722 -1.5975928
  vertex -0.69605345 -0.19148773 -1.5974436
 endloop
endfacet
facet normal -0.00016332856 -0.0012713314 -0.99999917
 outer loop
  vertex -0.44819614 -0.06298816 -1.5976474
  vertex -0.69605345 -0.19148773 -1.5974436
  vertex -0.7131193 -0.05502063 -1.5976143
 endloop
endfacet
facet normal -0.040820498 -0.0063546435 -0.9991463
 outer loop
  vertex -0.7131193 -0.05502063 -1.5976143
  vertex -0.69605345 -0.19148773 -1.5974436
  vertex -0.95724595 -0.17752725 -1.5868613
 endloop
endfacet
facet normal -0.038990304 -0.010005568 -0.99918944
 outer loop
  vertex -0.7131193 -0.05502063 -1.5976143
  vertex -0.95724595 -0.17752725 -1.5868613
  vertex -0.9836973 -0.04785508 -1.5871276
 endloop
endfacet
facet normal -4.17943e-05 0 -1
 outer loop
  vertex -3.4647742e-16 -0.071835995 -1.597663
  vertex -3.4647742e-16 -0.22045153 -1.597663
  vertex -0.21106914 -0.21655053 -1.5976542
 endloop
endfacet
facet normal -9.452395e-06 -4.7171343e-05 -1
 outer loop
  vertex -3.4647742e-16 -0.071835995 -1.597663
  vertex -0.21106914 -0.21655053 -1.5976542
  vertex -0.21467687 -0.06925261 -1.5976611
 endloop
endfacet
facet normal -0.0002714488 -5.3588356e-05 -0.9999999
 outer loop
  vertex -0.21467687 -0.06925261 -1.5976611
  vertex -0.21106914 -0.21655053 -1.5976542
  vertex -0.43927813 -0.20620722 -1.5975928
 endloop
endfacet
facet normal -6.904838e-05 -0.0003855187 -0.9999999
 outer loop
  vertex -0.21467687 -0.06925261 -1.5976611
  vertex -0.43927813 -0.20620722 -1.5975928
  vertex -0.44819614 -0.06298816 -1.5976474
 endloop
endfacet
facet normal -0.5404013 -0.15216626 0.82753366
 outer loop
  vertex -0.7613317 -0.19660378 -0.15924203
  vertex -0.7424298 -0.34374577 -0.17395496
  vertex -0.55573595 -0.35675883 -0.054431796
 endloop
endfacet
facet normal -0.5439317 -0.1590664 0.8239152
 outer loop
  vertex -0.7613317 -0.19660378 -0.15924203
  vertex -0.55573595 -0.35675883 -0.054431796
  vertex -0.5672569 -0.21643251 -0.034946084
 endloop
endfacet
facet normal -0.03892873 -0.5295553 0.8473817
 outer loop
  vertex -0.14498329 -0.78407687 -0.027157187
  vertex -0.15182374 -0.9144667 -0.1089561
  vertex -3.4647742e-16 -0.92531663 -0.10876179
 endloop
endfacet
facet normal -0.039107338 -0.52968645 0.84729147
 outer loop
  vertex -0.14498329 -0.78407687 -0.027157187
  vertex -3.4647742e-16 -0.92531663 -0.10876179
  vertex -3.4647742e-16 -0.79478115 -0.027157187
 endloop
endfacet
facet normal -0.2050851 -0.51238537 0.83390725
 outer loop
  vertex -0.15182374 -0.9144667 -0.1089561
  vertex -0.14498329 -0.78407687 -0.027157187
  vertex -0.3773024 -0.7185722 -0.04404342
 endloop
endfacet
facet normal -0.13494486 -0.44815594 0.88371164
 outer loop
  vertex -0.15182374 -0.9144667 -0.1089561
  vertex -0.3773024 -0.7185722 -0.04404342
  vertex -0.3431635 -0.8763152 -0.11882639
 endloop
endfacet
facet normal -0.74952483 -0.018805308 0.66170913
 outer loop
  vertex -0.5672569 -0.21643251 -0.034946084
  vertex -0.5048568 -0.22537255 0.035481095
  vertex -0.49006033 -0.048854113 0.05725777
 endloop
endfacet
facet normal -0.5964064 -0.15823926 0.7869305
 outer loop
  vertex -0.5672569 -0.21643251 -0.034946084
  vertex -0.49006033 -0.048854113 0.05725777
  vertex -0.5807153 -0.052508652 -0.012183547
 endloop
endfacet
facet normal 0 -0.5854153 0.81073356
 outer loop
  vertex -3.4647742e-16 -0.68312436 0.045738697
  vertex -0.13670838 -0.68312436 0.045738697
  vertex -0.14498329 -0.78407687 -0.027157187
 endloop
endfacet
facet normal -0.040328342 -0.5462241 0.8366677
 outer loop
  vertex -3.4647742e-16 -0.68312436 0.045738697
  vertex -0.14498329 -0.78407687 -0.027157187
  vertex -3.4647742e-16 -0.79478115 -0.027157187
 endloop
endfacet
facet normal -0 -0.69030845 -0.72351515
 outer loop
  vertex -0.12198877 -0.73272866 0.093066335
  vertex -0.13670838 -0.68312436 0.045738697
  vertex -3.4647742e-16 -0.68312436 0.045738697
 endloop
endfacet
facet normal -0.11550382 -0.5221577 -0.8449912
 outer loop
  vertex -0.12198877 -0.73272866 0.093066335
  vertex -3.4647742e-16 -0.68312436 0.045738697
  vertex -3.4647742e-16 -0.73885006 0.08017409
 endloop
endfacet
facet normal -0.49758092 -0.6715194 -0.54906726
 outer loop
  vertex -0.2915743 -0.57079726 0.048704624
  vertex -0.13670838 -0.68312436 0.045738697
  vertex -0.12198877 -0.73272866 0.093066335
 endloop
endfacet
facet normal -0.16308582 -0.41589296 -0.8946709
 outer loop
  vertex -0.2915743 -0.57079726 0.048704624
  vertex -0.12198877 -0.73272866 0.093066335
  vertex -0.2805507 -0.72154135 0.11676943
 endloop
endfacet
facet normal -0.36599663 -0.5248921 0.7684626
 outer loop
  vertex -0.14498329 -0.78407687 -0.027157187
  vertex -0.13670838 -0.68312436 0.045738697
  vertex -0.2915743 -0.57079726 0.048704624
 endloop
endfacet
facet normal -0.18823616 -0.441436 0.87732625
 outer loop
  vertex -0.14498329 -0.78407687 -0.027157187
  vertex -0.2915743 -0.57079726 0.048704624
  vertex -0.3773024 -0.7185722 -0.04404342
 endloop
endfacet
facet normal -0.253541 0.75749606 -0.6015951
 outer loop
  vertex -0.1449965 0.41631767 0.15917623
  vertex -0.27539617 0.35016277 0.13083422
  vertex -0.2650058 0.44480622 0.24562514
 endloop
endfacet
facet normal -0.19474293 0.8187271 -0.5401492
 outer loop
  vertex -0.1449965 0.41631767 0.15917623
  vertex -0.2650058 0.44480622 0.24562514
  vertex -0.11801013 0.4789721 0.24441469
 endloop
endfacet
facet normal -0.39741674 -0.31124496 0.86324185
 outer loop
  vertex -0.2915743 -0.57079726 0.048704624
  vertex -0.3755546 -0.48569304 0.04072666
  vertex -0.3773024 -0.7185722 -0.04404342
 endloop
endfacet
facet normal -0.48531938 -0.29585028 0.82276213
 outer loop
  vertex -0.3755546 -0.48569304 0.04072666
  vertex -0.4884113 -0.36190224 0.018669248
  vertex -0.3773024 -0.7185722 -0.04404342
 endloop
endfacet
facet normal -0.32531434 0.81426835 -0.4807677
 outer loop
  vertex -0.40800297 0.38753206 0.24676502
  vertex -0.4206916 0.44698903 0.35605216
  vertex -0.28074107 0.49386945 0.3407544
 endloop
endfacet
facet normal -0.33040458 0.8154675 -0.47523215
 outer loop
  vertex -0.40800297 0.38753206 0.24676502
  vertex -0.28074107 0.49386945 0.3407544
  vertex -0.2650058 0.44480622 0.24562514
 endloop
endfacet
facet normal -0.1152865 0.8727659 -0.47432983
 outer loop
  vertex -0.12232265 0.51863945 0.33080363
  vertex -3.4647742e-16 0.5304693 0.32283986
  vertex -3.4647742e-16 0.4872982 0.2434051
 endloop
endfacet
facet normal -0.067466795 0.90542406 -0.4191128
 outer loop
  vertex -0.12232265 0.51863945 0.33080363
  vertex -3.4647742e-16 0.4872982 0.2434051
  vertex -0.11801013 0.4789721 0.24441469
 endloop
endfacet
facet normal -0.06593183 0.8767127 -0.47647446
 outer loop
  vertex -0.11801013 0.4789721 0.24441469
  vertex -3.4647742e-16 0.4872982 0.2434051
  vertex -3.4647742e-16 0.4441271 0.16397035
 endloop
endfacet
facet normal -0.13852388 0.8183979 -0.55770606
 outer loop
  vertex -0.11801013 0.4789721 0.24441469
  vertex -3.4647742e-16 0.4441271 0.16397035
  vertex -0.1449965 0.41631767 0.15917623
 endloop
endfacet
facet normal -0.16590664 0.893015 -0.41832903
 outer loop
  vertex -0.28074107 0.49386945 0.3407544
  vertex -0.12232265 0.51863945 0.33080363
  vertex -0.11801013 0.4789721 0.24441469
 endloop
endfacet
facet normal -0.20291503 0.85618985 -0.47514683
 outer loop
  vertex -0.28074107 0.49386945 0.3407544
  vertex -0.11801013 0.4789721 0.24441469
  vertex -0.2650058 0.44480622 0.24562514
 endloop
endfacet
facet normal -0.99669194 -0.08122442 0.0027748595
 outer loop
  vertex -1.3386976 0.25032088 -1.0853596
  vertex -1.3255625 0.08908796 -1.0869548
  vertex -1.3252501 0.09066886 -0.9284955
 endloop
endfacet
facet normal -0.99655926 -0.082875445 0.0010831199
 outer loop
  vertex -1.3386976 0.25032088 -1.0853596
  vertex -1.3252501 0.09066886 -0.9284955
  vertex -1.3387495 0.25302458 -0.926306
 endloop
endfacet
facet normal -0.5717036 0.61863554 -0.5389297
 outer loop
  vertex -0.4961202 0.3329669 0.27760577
  vertex -0.40800297 0.38753206 0.24676502
  vertex -0.39653248 0.2742019 0.10450566
 endloop
endfacet
facet normal -0.6399644 0.53633684 -0.5502621
 outer loop
  vertex -0.4961202 0.3329669 0.27760577
  vertex -0.39653248 0.2742019 0.10450566
  vertex -0.5337626 0.24694696 0.23754144
 endloop
endfacet
facet normal -0.61898243 -0.07367012 -0.7819422
 outer loop
  vertex -0.45997792 -0.40013987 0.05130124
  vertex -0.6002872 -0.40076703 0.16242862
  vertex -0.60938853 -0.22390169 0.15296996
 endloop
endfacet
facet normal -0.7259272 -0.24460015 -0.64280677
 outer loop
  vertex -0.45997792 -0.40013987 0.05130124
  vertex -0.60938853 -0.22390169 0.15296996
  vertex -0.5048568 -0.22537255 0.035481095
 endloop
endfacet
facet normal -0.6960004 0.08458055 -0.7130425
 outer loop
  vertex -0.60938853 -0.22390169 0.15296996
  vertex -0.59977424 -0.047611177 0.1644969
  vertex -0.49006033 -0.048854113 0.05725777
 endloop
endfacet
facet normal -0.7385131 0.14318717 -0.65885943
 outer loop
  vertex -0.60938853 -0.22390169 0.15296996
  vertex -0.49006033 -0.048854113 0.05725777
  vertex -0.5048568 -0.22537255 0.035481095
 endloop
endfacet
facet normal -0.7113973 -0.68011457 -0.17708206
 outer loop
  vertex -0.3755546 -0.48569304 0.04072666
  vertex -0.45997792 -0.40013987 0.05130124
  vertex -0.4884113 -0.36190224 0.018669248
 endloop
endfacet
facet normal -0.8313716 -0.16546735 0.53051084
 outer loop
  vertex -0.45997792 -0.40013987 0.05130124
  vertex -0.5048568 -0.22537255 0.035481095
  vertex -0.4884113 -0.36190224 0.018669248
 endloop
endfacet
facet normal -0.6084087 0.015006978 0.79348195
 outer loop
  vertex -0.5807153 -0.052508652 -0.012183547
  vertex -0.49006033 -0.048854113 0.05725777
  vertex -0.45510945 0.11901766 0.080881715
 endloop
endfacet
facet normal -0.5418004 -0.058189545 0.8384905
 outer loop
  vertex -0.5807153 -0.052508652 -0.012183547
  vertex -0.45510945 0.11901766 0.080881715
  vertex -0.5889703 0.12335831 -0.0053128004
 endloop
endfacet
facet normal -0.985549 -0.0774492 -0.1506483
 outer loop
  vertex -1.3166324 0.24783811 -1.2269903
  vertex -1.3040342 0.08953124 -1.2280216
  vertex -1.3255625 0.08908796 -1.0869548
 endloop
endfacet
facet normal -0.9852207 -0.07875744 -0.15211043
 outer loop
  vertex -1.3166324 0.24783811 -1.2269903
  vertex -1.3255625 0.08908796 -1.0869548
  vertex -1.3386976 0.25032088 -1.0853596
 endloop
endfacet
facet normal -0.9082976 -0.06755977 -0.4128331
 outer loop
  vertex -1.2576492 0.24596596 -1.3556764
  vertex -1.2459236 0.091726124 -1.3562332
  vertex -1.3040342 0.08953124 -1.2280216
 endloop
endfacet
facet normal -0.90724385 -0.06949667 -0.41482377
 outer loop
  vertex -1.2576492 0.24596596 -1.3556764
  vertex -1.3040342 0.08953124 -1.2280216
  vertex -1.3166324 0.24783811 -1.2269903
 endloop
endfacet
facet normal -0.75269246 -0.051009387 -0.6563933
 outer loop
  vertex -1.1500757 0.2449922 -1.4780536
  vertex -1.1397308 0.09511727 -1.4782691
  vertex -1.2459236 0.091726124 -1.3562332
 endloop
endfacet
facet normal -0.7501669 -0.05464979 -0.65898633
 outer loop
  vertex -1.1500757 0.2449922 -1.4780536
  vertex -1.2459236 0.091726124 -1.3562332
  vertex -1.2576492 0.24596596 -1.3556764
 endloop
endfacet
facet normal -0.5931089 -0.034851052 -0.80436754
 outer loop
  vertex -1.0008187 0.24458072 -1.5871732
  vertex -0.992258 0.0983628 -1.5871503
  vertex -1.1397308 0.09511727 -1.4782691
 endloop
endfacet
facet normal -0.58979255 -0.039549503 -0.8065857
 outer loop
  vertex -1.0008187 0.24458072 -1.5871732
  vertex -1.1397308 0.09511727 -1.4782691
  vertex -1.1500757 0.2449922 -1.4780536
 endloop
endfacet
facet normal -0.59676325 -0.06250937 0.79997885
 outer loop
  vertex -0.98573107 0.26781735 -0.27320468
  vertex -0.9765202 0.107233524 -0.27888143
  vertex -0.78824115 0.11500752 -0.13782275
 endloop
endfacet
facet normal -0.59636337 -0.06167051 0.8003422
 outer loop
  vertex -0.98573107 0.26781735 -0.27320468
  vertex -0.78824115 0.11500752 -0.13782275
  vertex -0.79624873 0.27947685 -0.13111627
 endloop
endfacet
facet normal -0.68946874 -0.06728736 0.72118324
 outer loop
  vertex -1.1438156 0.26226798 -0.42435503
  vertex -1.1326594 0.10104704 -0.42873156
  vertex -0.9765202 0.107233524 -0.27888143
 endloop
endfacet
facet normal -0.68842113 -0.065023966 0.7223907
 outer loop
  vertex -1.1438156 0.26226798 -0.42435503
  vertex -0.9765202 0.107233524 -0.27888143
  vertex -0.98573107 0.26781735 -0.27320468
 endloop
endfacet
facet normal -0.83370215 -0.076779835 0.54685056
 outer loop
  vertex -1.2511832 0.25871265 -0.5872903
  vertex -1.2385236 0.09670067 -0.5907372
  vertex -1.1326594 0.10104704 -0.42873156
 endloop
endfacet
facet normal -0.83208376 -0.07250613 0.54989046
 outer loop
  vertex -1.2511832 0.25871265 -0.5872903
  vertex -1.1326594 0.10104704 -0.42873156
  vertex -1.1438156 0.26226798 -0.42435503
 endloop
endfacet
facet normal -0.9374459 -0.08340293 0.33799288
 outer loop
  vertex -1.3126518 0.25580782 -0.7570754
  vertex -1.299215 0.0934549 -0.7598697
  vertex -1.2385236 0.09670067 -0.5907372
 endloop
endfacet
facet normal -0.93678653 -0.08044513 0.34052825
 outer loop
  vertex -1.3126518 0.25580782 -0.7570754
  vertex -1.2385236 0.09670067 -0.5907372
  vertex -1.2511832 0.25871265 -0.5872903
 endloop
endfacet
facet normal -0.038368776 -0.0016566045 -0.9992623
 outer loop
  vertex -0.7247806 0.24454954 -1.597663
  vertex -0.71895 0.09476447 -1.5976386
  vertex -0.992258 0.0983628 -1.5871503
 endloop
endfacet
facet normal -0.037974108 -0.0023797164 -0.99927586
 outer loop
  vertex -0.7247806 0.24454954 -1.597663
  vertex -0.992258 0.0983628 -1.5871503
  vertex -1.0008187 0.24458072 -1.5871732
 endloop
endfacet
facet normal -6.318649e-05 -5.1772746e-05 -1
 outer loop
  vertex -0.4549201 0.24454954 -1.597663
  vertex -0.4515581 0.090780675 -1.5976553
  vertex -0.71895 0.09476447 -1.5976386
 endloop
endfacet
facet normal 0 -0.00016315315 -1
 outer loop
  vertex -0.4549201 0.24454954 -1.597663
  vertex -0.71895 0.09476447 -1.5976386
  vertex -0.7247806 0.24454954 -1.597663
 endloop
endfacet
facet normal -2.8952229e-05 -6.354833e-06 -1
 outer loop
  vertex -0.21767531 0.24454951 -1.597663
  vertex -0.2161761 0.08764845 -1.5976621
  vertex -0.4515581 0.090780675 -1.5976553
 endloop
endfacet
facet normal -6.2326836e-12 -5.039124e-05 -1
 outer loop
  vertex -0.21767531 0.24454951 -1.597663
  vertex -0.4515581 0.090780675 -1.5976553
  vertex -0.4549201 0.24454954 -1.597663
 endloop
endfacet
facet normal -4.4115623e-06 0 -1
 outer loop
  vertex -3.4647742e-16 0.24454951 -1.597663
  vertex -3.4647742e-16 0.08635676 -1.597663
  vertex -0.2161761 0.08764845 -1.5976621
 endloop
endfacet
facet normal 0 -6.078189e-06 -1
 outer loop
  vertex -3.4647742e-16 0.24454951 -1.597663
  vertex -0.2161761 0.08764845 -1.5976621
  vertex -0.21767531 0.24454951 -1.597663
 endloop
endfacet
facet normal -0.550934 -0.060763173 0.83233374
 outer loop
  vertex -0.79624873 0.27947685 -0.13111627
  vertex -0.78824115 0.11500752 -0.13782275
  vertex -0.5889703 0.12335831 -0.0053128004
 endloop
endfacet
facet normal -0.54971576 -0.05835835 0.83331084
 outer loop
  vertex -0.79624873 0.27947685 -0.13111627
  vertex -0.5889703 0.12335831 -0.0053128004
  vertex -0.59722537 0.2992253 0.001557827
 endloop
endfacet
facet normal -0.46123683 -0.056243815 0.8854926
 outer loop
  vertex -0.39653248 0.2742019 0.10450566
  vertex -0.59722537 0.2992253 0.001557827
  vertex -0.5889703 0.12335831 -0.0053128004
 endloop
endfacet
facet normal -0.5381188 0.07532436 0.83949655
 outer loop
  vertex -0.39653248 0.2742019 0.10450566
  vertex -0.5889703 0.12335831 -0.0053128004
  vertex -0.45510945 0.11901766 0.080881715
 endloop
endfacet
facet normal -0.6787959 0.24129328 -0.6935516
 outer loop
  vertex -0.59977424 -0.047611177 0.1644969
  vertex -0.5731662 0.113657385 0.19456184
  vertex -0.45510945 0.11901766 0.080881715
 endloop
endfacet
facet normal -0.677363 0.23893906 -0.69576406
 outer loop
  vertex -0.59977424 -0.047611177 0.1644969
  vertex -0.45510945 0.11901766 0.080881715
  vertex -0.49006033 -0.048854113 0.05725777
 endloop
endfacet
facet normal -0.65798247 0.34987748 -0.66681695
 outer loop
  vertex -0.39653248 0.2742019 0.10450566
  vertex -0.45510945 0.11901766 0.080881715
  vertex -0.5731662 0.113657385 0.19456184
 endloop
endfacet
facet normal -0.6777772 0.39942273 -0.6173165
 outer loop
  vertex -0.39653248 0.2742019 0.10450566
  vertex -0.5731662 0.113657385 0.19456184
  vertex -0.5337626 0.24694696 0.23754144
 endloop
endfacet
facet normal -0.33845842 0.7408391 -0.58017534
 outer loop
  vertex -0.2650058 0.44480622 0.24562514
  vertex -0.27539617 0.35016277 0.13083422
  vertex -0.39653248 0.2742019 0.10450566
 endloop
endfacet
facet normal -0.29902837 0.7344634 -0.60921717
 outer loop
  vertex -0.2650058 0.44480622 0.24562514
  vertex -0.39653248 0.2742019 0.10450566
  vertex -0.40800297 0.38753206 0.24676502
 endloop
endfacet
facet normal -0.24447936 0.06594964 0.96740913
 outer loop
  vertex -0.17528427 0.58391154 0.1400969
  vertex -0.20904522 0.7707239 0.11882973
  vertex -0.41319618 0.7473422 0.06883156
 endloop
endfacet
facet normal -0.2443575 0.06613488 0.96742725
 outer loop
  vertex -0.17528427 0.58391154 0.1400969
  vertex -0.41319618 0.7473422 0.06883156
  vertex -0.29695776 0.55734265 0.111180305
 endloop
endfacet
facet normal -0.05269959 0.103547685 0.9932274
 outer loop
  vertex -0.17528427 0.58391154 0.1400969
  vertex -0.1449965 0.41631767 0.15917623
  vertex -3.4647742e-16 0.4441271 0.16397035
 endloop
endfacet
facet normal -0.05933926 0.09529885 0.9936785
 outer loop
  vertex -0.17528427 0.58391154 0.1400969
  vertex -3.4647742e-16 0.4441271 0.16397035
  vertex -3.4647742e-16 0.58855534 0.15011895
 endloop
endfacet
facet normal -0.24382456 0.06608588 0.9675651
 outer loop
  vertex -0.27539617 0.35016277 0.13083422
  vertex -0.1449965 0.41631767 0.15917623
  vertex -0.17528427 0.58391154 0.1400969
 endloop
endfacet
facet normal -0.24439609 0.066337064 0.9674037
 outer loop
  vertex -0.27539617 0.35016277 0.13083422
  vertex -0.17528427 0.58391154 0.1400969
  vertex -0.29695776 0.55734265 0.111180305
 endloop
endfacet
facet normal -0.49281734 -0.45333564 -0.7427097
 outer loop
  vertex -0.26240173 -1.3097703 0.5998835
  vertex -0.27978998 -1.414202 0.67516434
  vertex -0.37515983 -1.3145852 0.67764187
 endloop
endfacet
facet normal -0.4711466 -0.5162711 -0.7151818
 outer loop
  vertex -0.26240173 -1.3097703 0.5998835
  vertex -0.37515983 -1.3145852 0.67764187
  vertex -0.36131585 -1.2256079 0.6042913
 endloop
endfacet
facet normal -0.6188216 -0.5137489 -0.59424067
 outer loop
  vertex -0.27978998 -1.414202 0.67516434
  vertex -0.2849619 -1.5062104 0.76009583
  vertex -0.37196591 -1.3951118 0.7546488
 endloop
endfacet
facet normal -0.6033098 -0.5635549 -0.5642899
 outer loop
  vertex -0.27978998 -1.414202 0.67516434
  vertex -0.37196591 -1.3951118 0.7546488
  vertex -0.37515983 -1.3145852 0.67764187
 endloop
endfacet
facet normal -0.9375343 -0.25914586 -0.23210542
 outer loop
  vertex -0.37515983 -1.3145852 0.67764187
  vertex -0.37196591 -1.3951118 0.7546488
  vertex -0.41136417 -1.2588435 0.761645
 endloop
endfacet
facet normal -0.92133266 -0.3530389 -0.16281846
 outer loop
  vertex -0.37515983 -1.3145852 0.67764187
  vertex -0.41136417 -1.2588435 0.761645
  vertex -0.42254055 -1.1926305 0.6813187
 endloop
endfacet
facet normal -0.8053475 -0.29742607 -0.51278955
 outer loop
  vertex -0.36131585 -1.2256079 0.6042913
  vertex -0.37515983 -1.3145852 0.67764187
  vertex -0.42254055 -1.1926305 0.6813187
 endloop
endfacet
facet normal -0.7852209 -0.43989694 -0.43579677
 outer loop
  vertex -0.36131585 -1.2256079 0.6042913
  vertex -0.42254055 -1.1926305 0.6813187
  vertex -0.40743017 -1.1373794 0.5983218
 endloop
endfacet
facet normal -0.822742 -0.5509977 -0.13963215
 outer loop
  vertex -0.2849619 -1.5062104 0.76009583
  vertex -0.2674587 -1.5563293 0.8547354
  vertex -0.33939612 -1.4443262 0.8366342
 endloop
endfacet
facet normal -0.7845394 -0.6172779 -0.058872107
 outer loop
  vertex -0.2849619 -1.5062104 0.76009583
  vertex -0.33939612 -1.4443262 0.8366342
  vertex -0.37196591 -1.3951118 0.7546488
 endloop
endfacet
facet normal -0.86390424 -0.27903056 0.41929868
 outer loop
  vertex -0.2674587 -1.5563293 0.8547354
  vertex -0.23521873 -1.5605816 0.9183314
  vertex -0.26724097 -1.4717852 0.9114455
 endloop
endfacet
facet normal -0.7317543 -0.3783742 0.5668939
 outer loop
  vertex -0.2674587 -1.5563293 0.8547354
  vertex -0.26724097 -1.4717852 0.9114455
  vertex -0.33939612 -1.4443262 0.8366342
 endloop
endfacet
facet normal -0.73262745 -0.085480995 0.6752407
 outer loop
  vertex -0.33939612 -1.4443262 0.8366342
  vertex -0.26724097 -1.4717852 0.9114455
  vertex -0.2832199 -1.328166 0.9122898
 endloop
endfacet
facet normal -0.6639633 -0.15530351 0.73145986
 outer loop
  vertex -0.33939612 -1.4443262 0.8366342
  vertex -0.2832199 -1.328166 0.9122898
  vertex -0.3678288 -1.3037734 0.84066737
 endloop
endfacet
facet normal -0.9459005 -0.19870786 0.25649077
 outer loop
  vertex -0.37196591 -1.3951118 0.7546488
  vertex -0.33939612 -1.4443262 0.8366342
  vertex -0.3678288 -1.3037734 0.84066737
 endloop
endfacet
facet normal -0.89941657 -0.27738482 0.33779788
 outer loop
  vertex -0.37196591 -1.3951118 0.7546488
  vertex -0.3678288 -1.3037734 0.84066737
  vertex -0.41136417 -1.2588435 0.761645
 endloop
endfacet
facet normal -0.88511646 -0.04259168 0.4634163
 outer loop
  vertex -0.41136417 -1.2588435 0.761645
  vertex -0.3678288 -1.3037734 0.84066737
  vertex -0.3552332 -1.1563542 0.8782737
 endloop
endfacet
facet normal -0.8980857 -0.0085433135 0.43973756
 outer loop
  vertex -0.41136417 -1.2588435 0.761645
  vertex -0.3552332 -1.1563542 0.8782737
  vertex -0.40051907 -1.1119088 0.78664887
 endloop
endfacet
facet normal -0.6638693 -0.15378587 0.7318657
 outer loop
  vertex -0.3678288 -1.3037734 0.84066737
  vertex -0.2832199 -1.328166 0.9122898
  vertex -0.27300727 -1.1807607 0.95252764
 endloop
endfacet
facet normal -0.6851038 -0.1245528 0.7177182
 outer loop
  vertex -0.3678288 -1.3037734 0.84066737
  vertex -0.27300727 -1.1807607 0.95252764
  vertex -0.3552332 -1.1563542 0.8782737
 endloop
endfacet
facet normal -0.6761135 -0.03942996 0.7357417
 outer loop
  vertex -0.3552332 -1.1563542 0.8782737
  vertex -0.27300727 -1.1807607 0.95252764
  vertex -0.24636437 -1.0802377 0.9823985
 endloop
endfacet
facet normal -0.73352844 0.13908614 0.6652752
 outer loop
  vertex -0.3552332 -1.1563542 0.8782737
  vertex -0.24636437 -1.0802377 0.9823985
  vertex -0.29083925 -1.0348449 0.9238707
 endloop
endfacet
facet normal -0.8195219 0.23883405 0.520905
 outer loop
  vertex -0.40051907 -1.1119088 0.78664887
  vertex -0.3552332 -1.1563542 0.8782737
  vertex -0.29083925 -1.0348449 0.9238707
 endloop
endfacet
facet normal -0.8148395 0.37960738 0.4381039
 outer loop
  vertex -0.40051907 -1.1119088 0.78664887
  vertex -0.29083925 -1.0348449 0.9238707
  vertex -0.3264938 -0.98454547 0.81397265
 endloop
endfacet
facet normal -0.98865294 0.07405731 -0.13069363
 outer loop
  vertex -0.40743017 -1.1373794 0.5983218
  vertex -0.42254055 -1.1926305 0.6813187
  vertex -0.4130682 -1.0556524 0.6872821
 endloop
endfacet
facet normal -0.98910445 0.07171246 -0.12856802
 outer loop
  vertex -0.40743017 -1.1373794 0.5983218
  vertex -0.4130682 -1.0556524 0.6872821
  vertex -0.39674795 -1.0172094 0.5831691
 endloop
endfacet
facet normal -0.9840451 0.04326351 0.17257938
 outer loop
  vertex -0.42254055 -1.1926305 0.6813187
  vertex -0.41136417 -1.2588435 0.761645
  vertex -0.40051907 -1.1119088 0.78664887
 endloop
endfacet
facet normal -0.9853632 0.061213624 0.15909855
 outer loop
  vertex -0.42254055 -1.1926305 0.6813187
  vertex -0.40051907 -1.1119088 0.78664887
  vertex -0.4130682 -1.0556524 0.6872821
 endloop
endfacet
facet normal -0.8424505 0.41626015 0.34205922
 outer loop
  vertex -0.4130682 -1.0556524 0.6872821
  vertex -0.40051907 -1.1119088 0.78664887
  vertex -0.3264938 -0.98454547 0.81397265
 endloop
endfacet
facet normal -0.81344604 0.51757216 0.2653761
 outer loop
  vertex -0.4130682 -1.0556524 0.6872821
  vertex -0.3264938 -0.98454547 0.81397265
  vertex -0.33586624 -0.93533206 0.6892611
 endloop
endfacet
facet normal -0.840257 0.5380387 0.06695221
 outer loop
  vertex -0.39674795 -1.0172094 0.5831691
  vertex -0.4130682 -1.0556524 0.6872821
  vertex -0.33586624 -0.93533206 0.6892611
 endloop
endfacet
facet normal -0.8216208 0.5691203 0.03227026
 outer loop
  vertex -0.39674795 -1.0172094 0.5831691
  vertex -0.33586624 -0.93533206 0.6892611
  vertex -0.32157147 -0.9074206 0.56096625
 endloop
endfacet
facet normal -0.44509906 0.88403267 0.1427343
 outer loop
  vertex -0.32157147 -0.9074206 0.56096625
  vertex -0.33586624 -0.93533206 0.6892611
  vertex -0.18817529 -0.8599018 0.6826353
 endloop
endfacet
facet normal -0.46803567 0.8662432 0.17482954
 outer loop
  vertex -0.32157147 -0.9074206 0.56096625
  vertex -0.18817529 -0.8599018 0.6826353
  vertex -0.18272741 -0.82726216 0.5354974
 endloop
endfacet
facet normal -0.47800305 0.80418533 0.3532692
 outer loop
  vertex -0.33586624 -0.93533206 0.6892611
  vertex -0.3264938 -0.98454547 0.81397265
  vertex -0.18291977 -0.9051214 0.8274387
 endloop
endfacet
facet normal -0.42602348 0.8590685 0.28373444
 outer loop
  vertex -0.33586624 -0.93533206 0.6892611
  vertex -0.18291977 -0.9051214 0.8274387
  vertex -0.18817529 -0.8599018 0.6826353
 endloop
endfacet
facet normal -0.1402969 0.94363785 0.29977375
 outer loop
  vertex -0.18817529 -0.8599018 0.6826353
  vertex -0.18291977 -0.9051214 0.8274387
  vertex -3.7252903e-09 -0.878791 0.8301631
 endloop
endfacet
facet normal -0.11484565 0.9562883 0.26892978
 outer loop
  vertex -0.18817529 -0.8599018 0.6826353
  vertex -3.7252903e-09 -0.878791 0.8301631
  vertex -4.656613e-10 -0.8358446 0.6774499
 endloop
endfacet
facet normal -0.11824144 0.9703361 0.21087185
 outer loop
  vertex -0.18272741 -0.82726216 0.5354974
  vertex -0.18817529 -0.8599018 0.6826353
  vertex -4.656613e-10 -0.8358446 0.6774499
 endloop
endfacet
facet normal -0.099356085 0.9773255 0.18698438
 outer loop
  vertex -0.18272741 -0.82726216 0.5354974
  vertex -4.656613e-10 -0.8358446 0.6774499
  vertex 4.8894435e-09 -0.8063661 0.5233724
 endloop
endfacet
facet normal -0.522379 0.6984599 0.48915625
 outer loop
  vertex -0.3264938 -0.98454547 0.81397265
  vertex -0.29083925 -1.0348449 0.9238707
  vertex -0.16406715 -0.96343964 0.95729434
 endloop
endfacet
facet normal -0.46951923 0.7779516 0.41754407
 outer loop
  vertex -0.3264938 -0.98454547 0.81397265
  vertex -0.16406715 -0.96343964 0.95729434
  vertex -0.18291977 -0.9051214 0.8274387
 endloop
endfacet
facet normal -0.47301242 0.48496965 0.7355704
 outer loop
  vertex -0.29083925 -1.0348449 0.9238707
  vertex -0.24636437 -1.0802377 0.9823985
  vertex -0.14684394 -1.0498865 1.0263847
 endloop
endfacet
facet normal -0.47025707 0.49191523 0.7327193
 outer loop
  vertex -0.29083925 -1.0348449 0.9238707
  vertex -0.14684394 -1.0498865 1.0263847
  vertex -0.16406715 -0.96343964 0.95729434
 endloop
endfacet
facet normal -0.15930165 0.59679085 0.7864246
 outer loop
  vertex -0.16406715 -0.96343964 0.95729434
  vertex -0.14684394 -1.0498865 1.0263847
  vertex 2.3283064e-10 -1.0358168 1.0454531
 endloop
endfacet
facet normal -0.141476 0.61965305 0.77201974
 outer loop
  vertex -0.16406715 -0.96343964 0.95729434
  vertex 2.3283064e-10 -1.0358168 1.0454531
  vertex -4.656613e-10 -0.94041187 0.9688774
 endloop
endfacet
facet normal -0.15516704 0.89256555 0.4233792
 outer loop
  vertex -0.18291977 -0.9051214 0.8274387
  vertex -0.16406715 -0.96343964 0.95729434
  vertex -4.656613e-10 -0.94041187 0.9688774
 endloop
endfacet
facet normal -0.1363115 0.90535444 0.40218467
 outer loop
  vertex -0.18291977 -0.9051214 0.8274387
  vertex -4.656613e-10 -0.94041187 0.9688774
  vertex -3.7252903e-09 -0.878791 0.8301631
 endloop
endfacet
facet normal 0.15503232 0.90283525 0.40106556
 outer loop
  vertex -3.7252903e-09 -0.878791 0.8301631
  vertex -4.656613e-10 -0.94041187 0.9688774
  vertex 0.16406712 -0.96343946 0.9572943
 endloop
endfacet
facet normal 0.13531286 0.89634895 0.42219543
 outer loop
  vertex -3.7252903e-09 -0.878791 0.8301631
  vertex 0.16406712 -0.96343946 0.9572943
  vertex 0.18291976 -0.9051213 0.8274388
 endloop
endfacet
facet normal 0.15918736 0.6179672 0.76991934
 outer loop
  vertex -4.656613e-10 -0.94041187 0.9688774
  vertex 2.3283064e-10 -1.0358168 1.0454531
  vertex 0.14684393 -1.0498865 1.0263847
 endloop
endfacet
facet normal 0.1399108 0.6010247 0.78688896
 outer loop
  vertex -4.656613e-10 -0.94041187 0.9688774
  vertex 0.14684393 -1.0498865 1.0263847
  vertex 0.16406712 -0.96343946 0.9572943
 endloop
endfacet
facet normal 0.47306088 0.4906118 0.73178786
 outer loop
  vertex 0.16406712 -0.96343946 0.9572943
  vertex 0.14684393 -1.0498865 1.0263847
  vertex 0.24636436 -1.0802377 0.98239857
 endloop
endfacet
facet normal 0.46918985 0.48869365 0.73555386
 outer loop
  vertex 0.16406712 -0.96343946 0.9572943
  vertex 0.24636436 -1.0802377 0.98239857
  vertex 0.29083923 -1.0348449 0.92387074
 endloop
endfacet
facet normal 0.5272655 0.7438907 0.41063076
 outer loop
  vertex 0.18291976 -0.9051213 0.8274388
  vertex 0.16406712 -0.96343946 0.9572943
  vertex 0.29083923 -1.0348449 0.92387074
 endloop
endfacet
facet normal 0.4570152 0.7433193 0.48848087
 outer loop
  vertex 0.18291976 -0.9051213 0.8274388
  vertex 0.29083923 -1.0348449 0.92387074
  vertex 0.32649374 -0.98454547 0.81397253
 endloop
endfacet
facet normal 0.11952558 0.9751442 0.18656705
 outer loop
  vertex 4.8894435e-09 -0.8063661 0.5233724
  vertex -4.656613e-10 -0.8358446 0.6774499
  vertex 0.18817529 -0.8599017 0.6826353
 endloop
endfacet
facet normal 0.097126104 0.9724067 0.21211267
 outer loop
  vertex 4.8894435e-09 -0.8063661 0.5233724
  vertex 0.18817529 -0.8599017 0.6826353
  vertex 0.18272738 -0.82726216 0.5354975
 endloop
endfacet
facet normal 0.14117347 0.95301664 0.26800972
 outer loop
  vertex -4.656613e-10 -0.8358446 0.6774499
  vertex -3.7252903e-09 -0.878791 0.8301631
  vertex 0.18291976 -0.9051213 0.8274388
 endloop
endfacet
facet normal 0.11283869 0.94727004 0.29991135
 outer loop
  vertex -4.656613e-10 -0.8358446 0.6774499
  vertex 0.18291976 -0.9051213 0.8274388
  vertex 0.18817529 -0.8599017 0.6826353
 endloop
endfacet
facet normal 0.48490557 0.82964617 0.27668336
 outer loop
  vertex 0.18817529 -0.8599017 0.6826353
  vertex 0.18291976 -0.9051213 0.8274388
  vertex 0.32649374 -0.98454547 0.81397253
 endloop
endfacet
facet normal 0.41123825 0.83692193 0.36117133
 outer loop
  vertex 0.18817529 -0.8599017 0.6826353
  vertex 0.32649374 -0.98454547 0.81397253
  vertex 0.3358662 -0.93533194 0.6892611
 endloop
endfacet
facet normal 0.44114405 0.8794535 0.1787553
 outer loop
  vertex 0.18272738 -0.82726216 0.5354975
  vertex 0.18817529 -0.8599017 0.6826353
  vertex 0.3358662 -0.93533194 0.6892611
 endloop
endfacet
facet normal 0.4765377 0.86859125 0.13587113
 outer loop
  vertex 0.18272738 -0.82726216 0.5354975
  vertex 0.3358662 -0.93533194 0.6892611
  vertex 0.3215714 -0.9074206 0.5609663
 endloop
endfacet
facet normal 0.8415873 0.5396042 0.02362345
 outer loop
  vertex 0.3215714 -0.9074206 0.5609663
  vertex 0.3358662 -0.93533194 0.6892611
  vertex 0.41306815 -1.0556524 0.687282
 endloop
endfacet
facet normal 0.8141003 0.5745393 0.08452996
 outer loop
  vertex 0.3215714 -0.9074206 0.5609663
  vertex 0.41306815 -1.0556524 0.687282
  vertex 0.3967479 -1.0172094 0.58316904
 endloop
endfacet
facet normal 0.86058575 0.44835216 0.24160416
 outer loop
  vertex 0.3358662 -0.93533194 0.6892611
  vertex 0.32649374 -0.98454547 0.81397253
  vertex 0.40051907 -1.1119088 0.7866488
 endloop
endfacet
facet normal 0.78163606 0.49529004 0.37912115
 outer loop
  vertex 0.3358662 -0.93533194 0.6892611
  vertex 0.40051907 -1.1119088 0.7866488
  vertex 0.41306815 -1.0556524 0.687282
 endloop
endfacet
facet normal 0.9873538 0.04711736 0.15136878
 outer loop
  vertex 0.41306815 -1.0556524 0.687282
  vertex 0.40051907 -1.1119088 0.7866488
  vertex 0.4113642 -1.2588434 0.76164496
 endloop
endfacet
facet normal 0.9807876 0.059739314 0.18570684
 outer loop
  vertex 0.41306815 -1.0556524 0.687282
  vertex 0.4113642 -1.2588434 0.76164496
  vertex 0.42254055 -1.1926305 0.6813187
 endloop
endfacet
facet normal 0.9890477 0.07395599 -0.12773071
 outer loop
  vertex 0.3967479 -1.0172094 0.58316904
  vertex 0.41306815 -1.0556524 0.687282
  vertex 0.42254055 -1.1926305 0.6813187
 endloop
endfacet
facet normal 0.9886099 0.07115846 -0.13261566
 outer loop
  vertex 0.3967479 -1.0172094 0.58316904
  vertex 0.42254055 -1.1926305 0.6813187
  vertex 0.40743017 -1.1373794 0.59832186
 endloop
endfacet
facet normal 0.85891443 0.29922187 0.41561058
 outer loop
  vertex 0.32649374 -0.98454547 0.81397253
  vertex 0.29083923 -1.0348449 0.92387074
  vertex 0.35523322 -1.1563543 0.8782736
 endloop
endfacet
facet normal 0.7716352 0.33210462 0.54248106
 outer loop
  vertex 0.32649374 -0.98454547 0.81397253
  vertex 0.35523322 -1.1563543 0.8782736
  vertex 0.40051907 -1.1119088 0.7866488
 endloop
endfacet
facet normal 0.78648734 0.025079438 0.617097
 outer loop
  vertex 0.29083923 -1.0348449 0.92387074
  vertex 0.24636436 -1.0802377 0.98239857
  vertex 0.27300727 -1.1807606 0.95252764
 endloop
endfacet
facet normal 0.6576845 0.06698216 0.75030965
 outer loop
  vertex 0.29083923 -1.0348449 0.92387074
  vertex 0.27300727 -1.1807606 0.95252764
  vertex 0.35523322 -1.1563543 0.8782736
 endloop
endfacet
facet normal 0.68659943 -0.14680454 0.7120601
 outer loop
  vertex 0.35523322 -1.1563543 0.8782736
  vertex 0.27300727 -1.1807606 0.95252764
  vertex 0.28321993 -1.3281661 0.91228974
 endloop
endfacet
facet normal 0.66230947 -0.13156952 0.73758775
 outer loop
  vertex 0.35523322 -1.1563543 0.8782736
  vertex 0.28321993 -1.3281661 0.91228974
  vertex 0.36782876 -1.3037733 0.84066725
 endloop
endfacet
facet normal 0.9021981 -0.03263014 0.43008602
 outer loop
  vertex 0.40051907 -1.1119088 0.7866488
  vertex 0.35523322 -1.1563543 0.8782736
  vertex 0.36782876 -1.3037733 0.84066725
 endloop
endfacet
facet normal 0.87957656 -0.015993001 0.47548854
 outer loop
  vertex 0.40051907 -1.1119088 0.7866488
  vertex 0.36782876 -1.3037733 0.84066725
  vertex 0.4113642 -1.2588434 0.76164496
 endloop
endfacet
facet normal 0.90166324 -0.19349578 0.3867335
 outer loop
  vertex 0.4113642 -1.2588434 0.76164496
  vertex 0.36782876 -1.3037733 0.84066725
  vertex 0.33939615 -1.444326 0.83663416
 endloop
endfacet
facet normal 0.9377148 -0.2815629 0.20350248
 outer loop
  vertex 0.4113642 -1.2588434 0.76164496
  vertex 0.33939615 -1.444326 0.83663416
  vertex 0.3719659 -1.3951118 0.7546488
 endloop
endfacet
facet normal 0.6570824 -0.07751427 0.7498228
 outer loop
  vertex 0.36782876 -1.3037733 0.84066725
  vertex 0.28321993 -1.3281661 0.91228974
  vertex 0.26724097 -1.4717852 0.9114455
 endloop
endfacet
facet normal 0.73964775 -0.1683218 0.65160495
 outer loop
  vertex 0.36782876 -1.3037733 0.84066725
  vertex 0.26724097 -1.4717852 0.9114455
  vertex 0.33939615 -1.444326 0.83663416
 endloop
endfacet
facet normal 0.741216 -0.21807143 0.63485724
 outer loop
  vertex 0.33939615 -1.444326 0.83663416
  vertex 0.26724097 -1.4717852 0.9114455
  vertex 0.23521873 -1.5605816 0.9183312
 endloop
endfacet
facet normal 0.80558217 -0.45633963 0.37787735
 outer loop
  vertex 0.33939615 -1.444326 0.83663416
  vertex 0.23521873 -1.5605816 0.9183312
  vertex 0.2674587 -1.5563293 0.8547353
 endloop
endfacet
facet normal 0.8421509 -0.5391312 0.010925084
 outer loop
  vertex 0.3719659 -1.3951118 0.7546488
  vertex 0.33939615 -1.444326 0.83663416
  vertex 0.2674587 -1.5563293 0.8547353
 endloop
endfacet
facet normal 0.7698729 -0.6118101 -0.18161514
 outer loop
  vertex 0.3719659 -1.3951118 0.7546488
  vertex 0.2674587 -1.5563293 0.8547353
  vertex 0.28496188 -1.5062104 0.7600958
 endloop
endfacet
facet normal 0.8678829 -0.32587788 -0.3749438
 outer loop
  vertex 0.40743017 -1.1373794 0.59832186
  vertex 0.42254055 -1.1926305 0.6813187
  vertex 0.37515983 -1.3145852 0.6776419
 endloop
endfacet
facet normal 0.6830035 -0.39840603 -0.61219186
 outer loop
  vertex 0.40743017 -1.1373794 0.59832186
  vertex 0.37515983 -1.3145852 0.6776419
  vertex 0.36131585 -1.2256078 0.6042913
 endloop
endfacet
facet normal 0.95789385 -0.2722692 -0.09115295
 outer loop
  vertex 0.42254055 -1.1926305 0.6813187
  vertex 0.4113642 -1.2588434 0.76164496
  vertex 0.3719659 -1.3951118 0.7546488
 endloop
endfacet
facet normal 0.88811445 -0.3355731 -0.31407547
 outer loop
  vertex 0.42254055 -1.1926305 0.6813187
  vertex 0.3719659 -1.3951118 0.7546488
  vertex 0.37515983 -1.3145852 0.6776419
 endloop
endfacet
facet normal 0.6524213 -0.53713864 -0.53462946
 outer loop
  vertex 0.37515983 -1.3145852 0.6776419
  vertex 0.3719659 -1.3951118 0.7546488
  vertex 0.28496188 -1.5062104 0.7600958
 endloop
endfacet
facet normal 0.5764285 -0.536526 -0.61633587
 outer loop
  vertex 0.37515983 -1.3145852 0.6776419
  vertex 0.28496188 -1.5062104 0.7600958
  vertex 0.27978995 -1.4142019 0.6751644
 endloop
endfacet
facet normal 0.5290564 -0.4892582 -0.6933439
 outer loop
  vertex 0.36131585 -1.2256078 0.6042913
  vertex 0.37515983 -1.3145852 0.6776419
  vertex 0.27978995 -1.4142019 0.6751644
 endloop
endfacet
facet normal 0.43907455 -0.47612944 -0.76191485
 outer loop
  vertex 0.36131585 -1.2256078 0.6042913
  vertex 0.27978995 -1.4142019 0.6751644
  vertex 0.26240173 -1.3097703 0.5998835
 endloop
endfacet
facet normal 0.29083562 -0.52715063 -0.79845273
 outer loop
  vertex 0.26240173 -1.3097703 0.5998835
  vertex 0.27978995 -1.4142019 0.6751644
  vertex 0.14898999 -1.4825549 0.6726484
 endloop
endfacet
facet normal 0.29814655 -0.5300108 -0.79384965
 outer loop
  vertex 0.26240173 -1.3097703 0.5998835
  vertex 0.14898999 -1.4825549 0.6726484
  vertex 0.13699082 -1.3697594 0.59283435
 endloop
endfacet
facet normal 0.32140526 -0.6324754 -0.7047508
 outer loop
  vertex 0.27978995 -1.4142019 0.6751644
  vertex 0.28496188 -1.5062104 0.7600958
  vertex 0.15436661 -1.5813715 0.7679901
 endloop
endfacet
facet normal 0.3481424 -0.64102465 -0.68402064
 outer loop
  vertex 0.27978995 -1.4142019 0.6751644
  vertex 0.15436661 -1.5813715 0.7679901
  vertex 0.14898999 -1.4825549 0.6726484
 endloop
endfacet
facet normal 0.10519165 -0.68751806 -0.71850795
 outer loop
  vertex 0.14898999 -1.4825549 0.6726484
  vertex 0.15436661 -1.5813715 0.7679901
  vertex -3.7252903e-09 -1.6090376 0.7718632
 endloop
endfacet
facet normal 0.12522626 -0.69944626 -0.70362866
 outer loop
  vertex 0.14898999 -1.4825549 0.6726484
  vertex -3.7252903e-09 -1.6090376 0.7718632
  vertex -1.3969839e-09 -1.5079694 0.6713957
 endloop
endfacet
facet normal 0.10361169 -0.56714135 -0.8170773
 outer loop
  vertex 0.13699082 -1.3697594 0.59283435
  vertex 0.14898999 -1.4825549 0.6726484
  vertex -1.3969839e-09 -1.5079694 0.6713957
 endloop
endfacet
facet normal 0.11505729 -0.5746265 -0.8102877
 outer loop
  vertex 0.13699082 -1.3697594 0.59283435
  vertex -1.3969839e-09 -1.5079694 0.6713957
  vertex -6.9849193e-09 -1.392149 0.5892601
 endloop
endfacet
facet normal 0.4343055 -0.8267767 -0.35751796
 outer loop
  vertex 0.28496188 -1.5062104 0.7600958
  vertex 0.2674587 -1.5563293 0.8547353
  vertex 0.14823003 -1.6304883 0.8813949
 endloop
endfacet
facet normal 0.45513684 -0.8257967 -0.3330322
 outer loop
  vertex 0.28496188 -1.5062104 0.7600958
  vertex 0.14823003 -1.6304883 0.8813949
  vertex 0.15436661 -1.5813715 0.7679901
 endloop
endfacet
facet normal 0.5035513 -0.8407203 0.19906117
 outer loop
  vertex 0.2674587 -1.5563293 0.8547353
  vertex 0.23521873 -1.5605816 0.9183312
  vertex 0.14107761 -1.6067556 0.96146077
 endloop
endfacet
facet normal 0.5514001 -0.7851388 0.2819839
 outer loop
  vertex 0.2674587 -1.5563293 0.8547353
  vertex 0.14107761 -1.6067556 0.96146077
  vertex 0.14823003 -1.6304883 0.8813949
 endloop
endfacet
facet normal 0.18824576 -0.9369175 0.29453206
 outer loop
  vertex 0.14823003 -1.6304883 0.8813949
  vertex 0.14107761 -1.6067556 0.96146077
  vertex -3.608875e-09 -1.6281539 0.9835596
 endloop
endfacet
facet normal 0.197158 -0.93095607 0.30732653
 outer loop
  vertex 0.14823003 -1.6304883 0.8813949
  vertex -3.608875e-09 -1.6281539 0.9835596
  vertex -5.122274e-09 -1.6574826 0.89471686
 endloop
endfacet
facet normal 0.1312616 -0.9122617 -0.38800663
 outer loop
  vertex 0.15436661 -1.5813715 0.7679901
  vertex 0.14823003 -1.6304883 0.8813949
  vertex -5.122274e-09 -1.6574826 0.89471686
 endloop
endfacet
facet normal 0.15560566 -0.9189526 -0.3623714
 outer loop
  vertex 0.15436661 -1.5813715 0.7679901
  vertex -5.122274e-09 -1.6574826 0.89471686
  vertex -3.7252903e-09 -1.6090376 0.7718632
 endloop
endfacet
facet normal -0.1351939 -0.9217434 -0.3634719
 outer loop
  vertex -3.7252903e-09 -1.6090376 0.7718632
  vertex -5.122274e-09 -1.6574826 0.89471686
  vertex -0.14823005 -1.6304882 0.88139486
 endloop
endfacet
facet normal -0.1533747 -0.9097732 -0.38573188
 outer loop
  vertex -3.7252903e-09 -1.6090376 0.7718632
  vertex -0.14823005 -1.6304882 0.88139486
  vertex -0.1543666 -1.5813715 0.76799023
 endloop
endfacet
facet normal -0.18963131 -0.9323649 0.30779162
 outer loop
  vertex -5.122274e-09 -1.6574826 0.89471686
  vertex -3.608875e-09 -1.6281539 0.9835596
  vertex -0.14107762 -1.6067557 0.9614608
 endloop
endfacet
facet normal -0.19678198 -0.935093 0.2947506
 outer loop
  vertex -5.122274e-09 -1.6574826 0.89471686
  vertex -0.14107762 -1.6067557 0.9614608
  vertex -0.14823005 -1.6304882 0.88139486
 endloop
endfacet
facet normal -0.5241212 -0.8026365 0.2847308
 outer loop
  vertex -0.14823005 -1.6304882 0.88139486
  vertex -0.14107762 -1.6067557 0.9614608
  vertex -0.23521873 -1.5605816 0.9183314
 endloop
endfacet
facet normal -0.55040693 -0.80393016 0.22527419
 outer loop
  vertex -0.14823005 -1.6304882 0.88139486
  vertex -0.23521873 -1.5605816 0.9183314
  vertex -0.2674587 -1.5563293 0.8547354
 endloop
endfacet
facet normal -0.44205073 -0.83158267 -0.336246
 outer loop
  vertex -0.1543666 -1.5813715 0.76799023
  vertex -0.14823005 -1.6304882 0.88139486
  vertex -0.2674587 -1.5563293 0.8547354
 endloop
endfacet
facet normal -0.4510196 -0.8205437 -0.35112578
 outer loop
  vertex -0.1543666 -1.5813715 0.76799023
  vertex -0.2674587 -1.5563293 0.8547354
  vertex -0.2849619 -1.5062104 0.76009583
 endloop
endfacet
facet normal -0.10494951 -0.5752737 -0.8112002
 outer loop
  vertex -6.9849193e-09 -1.392149 0.5892601
  vertex -1.3969839e-09 -1.5079694 0.6713957
  vertex -0.14898998 -1.4825549 0.6726484
 endloop
endfacet
facet normal -0.11377692 -0.56577396 -0.8166729
 outer loop
  vertex -6.9849193e-09 -1.392149 0.5892601
  vertex -0.14898998 -1.4825549 0.6726484
  vertex -0.1369908 -1.3697596 0.5928344
 endloop
endfacet
facet normal -0.10792381 -0.70087814 -0.70506907
 outer loop
  vertex -1.3969839e-09 -1.5079694 0.6713957
  vertex -3.7252903e-09 -1.6090376 0.7718632
  vertex -0.1543666 -1.5813715 0.76799023
 endloop
endfacet
facet normal -0.12298058 -0.6855966 -0.7175187
 outer loop
  vertex -1.3969839e-09 -1.5079694 0.6713957
  vertex -0.1543666 -1.5813715 0.76799023
  vertex -0.14898998 -1.4825549 0.6726484
 endloop
endfacet
facet normal -0.33020574 -0.64602834 -0.68819445
 outer loop
  vertex -0.14898998 -1.4825549 0.6726484
  vertex -0.1543666 -1.5813715 0.76799023
  vertex -0.2849619 -1.5062104 0.76009583
 endloop
endfacet
facet normal -0.34120253 -0.6271515 -0.7001869
 outer loop
  vertex -0.14898998 -1.4825549 0.6726484
  vertex -0.2849619 -1.5062104 0.76009583
  vertex -0.27978998 -1.414202 0.67516434
 endloop
endfacet
facet normal -0.29294372 -0.5313167 -0.7949129
 outer loop
  vertex -0.1369908 -1.3697596 0.5928344
  vertex -0.14898998 -1.4825549 0.6726484
  vertex -0.27978998 -1.414202 0.67516434
 endloop
endfacet
facet normal -0.2962291 -0.52557194 -0.7975102
 outer loop
  vertex -0.1369908 -1.3697596 0.5928344
  vertex -0.27978998 -1.414202 0.67516434
  vertex -0.26240173 -1.3097703 0.5998835
 endloop
endfacet
facet normal 0.13036548 0.9049337 -0.40509248
 outer loop
  vertex 4.8894435e-09 -0.8063661 0.5233724
  vertex 0.18272738 -0.82726216 0.5354975
  vertex 0.16024518 -0.8805516 0.40921944
 endloop
endfacet
facet normal 0.12653291 0.9034801 -0.40952793
 outer loop
  vertex 4.8894435e-09 -0.8063661 0.5233724
  vertex 0.16024518 -0.8805516 0.40921944
  vertex 3.4924597e-09 -0.86444867 0.3952335
 endloop
endfacet
facet normal 0.5164217 0.78799397 -0.3352223
 outer loop
  vertex 0.18272738 -0.82726216 0.5354975
  vertex 0.3215714 -0.9074206 0.5609663
  vertex 0.28478575 -0.93363833 0.44266766
 endloop
endfacet
facet normal 0.44877565 0.7919163 -0.41408798
 outer loop
  vertex 0.18272738 -0.82726216 0.5354975
  vertex 0.28478575 -0.93363833 0.44266766
  vertex 0.16024518 -0.8805516 0.40921944
 endloop
endfacet
facet normal 0.44151175 0.6387594 -0.63012207
 outer loop
  vertex 0.16024518 -0.8805516 0.40921944
  vertex 0.28478575 -0.93363833 0.44266766
  vertex 0.24294813 -0.97197616 0.3744897
 endloop
endfacet
facet normal 0.41416374 0.6257466 -0.66099143
 outer loop
  vertex 0.16024518 -0.8805516 0.40921944
  vertex 0.24294813 -0.97197616 0.3744897
  vertex 0.14503866 -0.9519174 0.33213082
 endloop
endfacet
facet normal 0.13176812 0.7143292 -0.6872925
 outer loop
  vertex 3.4924597e-09 -0.86444867 0.3952335
  vertex 0.16024518 -0.8805516 0.40921944
  vertex 0.14503866 -0.9519174 0.33213082
 endloop
endfacet
facet normal 0.13633272 0.7182755 -0.682271
 outer loop
  vertex 3.4924597e-09 -0.86444867 0.3952335
  vertex 0.14503866 -0.9519174 0.33213082
  vertex 3.7252903e-09 -0.9414491 0.31416965
 endloop
endfacet
facet normal 0.3158856 -0.7313973 0.60437924
 outer loop
  vertex 0.26240173 -1.3097703 0.5998835
  vertex 0.13699082 -1.3697594 0.59283435
  vertex 0.13489275 -1.4362634 0.51345026
 endloop
endfacet
facet normal 0.44444272 -0.7657053 0.46493673
 outer loop
  vertex 0.26240173 -1.3097703 0.5998835
  vertex 0.13489275 -1.4362634 0.51345026
  vertex 0.248282 -1.363109 0.5255373
 endloop
endfacet
facet normal 0.1058461 -0.7515648 0.65111214
 outer loop
  vertex 0.13699082 -1.3697594 0.59283435
  vertex -6.9849193e-09 -1.392149 0.5892601
  vertex -6.2864274e-09 -1.4643509 0.5059189
 endloop
endfacet
facet normal 0.12325501 -0.76230997 0.6353674
 outer loop
  vertex 0.13699082 -1.3697594 0.59283435
  vertex -6.2864274e-09 -1.4643509 0.5059189
  vertex 0.13489275 -1.4362634 0.51345026
 endloop
endfacet
facet normal 0.19707099 -0.9747088 0.105383985
 outer loop
  vertex 0.13489275 -1.4362634 0.51345026
  vertex -6.2864274e-09 -1.4643509 0.5059189
  vertex -5.5879354e-09 -1.471977 0.43538463
 endloop
endfacet
facet normal 0.18483274 -0.9745972 0.1264799
 outer loop
  vertex 0.13489275 -1.4362634 0.51345026
  vertex -5.5879354e-09 -1.471977 0.43538463
  vertex 0.1358735 -1.4444777 0.44872183
 endloop
endfacet
facet normal 0.52989244 -0.84027755 0.11466258
 outer loop
  vertex 0.248282 -1.363109 0.5255373
  vertex 0.13489275 -1.4362634 0.51345026
  vertex 0.1358735 -1.4444777 0.44872183
 endloop
endfacet
facet normal 0.49870637 -0.8498488 0.1704376
 outer loop
  vertex 0.248282 -1.363109 0.5255373
  vertex 0.1358735 -1.4444777 0.44872183
  vertex 0.2252329 -1.3870342 0.47368222
 endloop
endfacet
facet normal -0.6450996 -0.7614801 0.06320361
 outer loop
  vertex -0.26240173 -1.3097703 0.5998835
  vertex -0.36131585 -1.2256079 0.6042913
  vertex -0.32678086 -1.2613772 0.5258285
 endloop
endfacet
facet normal -0.7603252 -0.5874803 0.2770786
 outer loop
  vertex -0.26240173 -1.3097703 0.5998835
  vertex -0.32678086 -1.2613772 0.5258285
  vertex -0.24828199 -1.3631089 0.5255373
 endloop
endfacet
facet normal -0.80834836 -0.44831514 -0.3815581
 outer loop
  vertex -0.36131585 -1.2256079 0.6042913
  vertex -0.40743017 -1.1373794 0.5983218
  vertex -0.36276093 -1.1430007 0.51029277
 endloop
endfacet
facet normal -0.91384125 -0.3118862 -0.26004073
 outer loop
  vertex -0.36131585 -1.2256079 0.6042913
  vertex -0.36276093 -1.1430007 0.51029277
  vertex -0.32678086 -1.2613772 0.5258285
 endloop
endfacet
facet normal -0.7145906 -0.30012614 -0.63188964
 outer loop
  vertex -0.32678086 -1.2613772 0.5258285
  vertex -0.36276093 -1.1430007 0.51029277
  vertex -0.28123155 -1.1670407 0.4295111
 endloop
endfacet
facet normal -0.77179533 -0.23186864 -0.5920885
 outer loop
  vertex -0.32678086 -1.2613772 0.5258285
  vertex -0.28123155 -1.1670407 0.4295111
  vertex -0.26194158 -1.3010764 0.45685628
 endloop
endfacet
facet normal -0.73721224 -0.5678045 -0.36621886
 outer loop
  vertex -0.24828199 -1.3631089 0.5255373
  vertex -0.32678086 -1.2613772 0.5258285
  vertex -0.26194158 -1.3010764 0.45685628
 endloop
endfacet
facet normal -0.8860307 -0.41774693 -0.20108972
 outer loop
  vertex -0.24828199 -1.3631089 0.5255373
  vertex -0.26194158 -1.3010764 0.45685628
  vertex -0.2252329 -1.387034 0.47368222
 endloop
endfacet
facet normal 0.86856097 -0.46547914 -0.1700909
 outer loop
  vertex 0.40743017 -1.1373794 0.59832186
  vertex 0.36131585 -1.2256078 0.6042913
  vertex 0.32678086 -1.2613772 0.52582854
 endloop
endfacet
facet normal 0.8545892 -0.31403 -0.41359687
 outer loop
  vertex 0.40743017 -1.1373794 0.59832186
  vertex 0.32678086 -1.2613772 0.52582854
  vertex 0.36276093 -1.1430008 0.51029277
 endloop
endfacet
facet normal 0.58452344 -0.70775443 0.3967568
 outer loop
  vertex 0.36131585 -1.2256078 0.6042913
  vertex 0.26240173 -1.3097703 0.5998835
  vertex 0.248282 -1.363109 0.5255373
 endloop
endfacet
facet normal 0.78986716 -0.60928166 -0.06989781
 outer loop
  vertex 0.36131585 -1.2256078 0.6042913
  vertex 0.248282 -1.363109 0.5255373
  vertex 0.32678086 -1.2613772 0.52582854
 endloop
endfacet
facet normal 0.789863 -0.6092783 -0.06997455
 outer loop
  vertex 0.32678086 -1.2613772 0.52582854
  vertex 0.248282 -1.363109 0.5255373
  vertex 0.2252329 -1.3870342 0.47368222
 endloop
endfacet
facet normal 0.76901364 -0.42233858 -0.47984177
 outer loop
  vertex 0.32678086 -1.2613772 0.52582854
  vertex 0.2252329 -1.3870342 0.47368222
  vertex 0.26194158 -1.3010764 0.45685625
 endloop
endfacet
facet normal 0.77523226 -0.30800748 -0.55149454
 outer loop
  vertex 0.36276093 -1.1430008 0.51029277
  vertex 0.32678086 -1.2613772 0.52582854
  vertex 0.26194158 -1.3010764 0.45685625
 endloop
endfacet
facet normal 0.7181636 -0.23684761 -0.65432733
 outer loop
  vertex 0.36276093 -1.1430008 0.51029277
  vertex 0.26194158 -1.3010764 0.45685625
  vertex 0.28123155 -1.1670407 0.4295111
 endloop
endfacet
facet normal 0.3676899 -0.12903856 0.9209523
 outer loop
  vertex 0.24636436 -1.0802377 0.98239857
  vertex 0.14684393 -1.0498865 1.0263847
  vertex 0.14944123 -1.1797129 1.0071572
 endloop
endfacet
facet normal 0.39779893 -0.16286801 0.9029009
 outer loop
  vertex 0.24636436 -1.0802377 0.98239857
  vertex 0.14944123 -1.1797129 1.0071572
  vertex 0.27300727 -1.1807606 0.95252764
 endloop
endfacet
facet normal 0.11641676 -0.121006586 0.9858015
 outer loop
  vertex 0.14684393 -1.0498865 1.0263847
  vertex 2.3283064e-10 -1.0358168 1.0454531
  vertex 4.656613e-10 -1.1749529 1.0283742
 endloop
endfacet
facet normal 0.13467902 -0.14253178 0.9805847
 outer loop
  vertex 0.14684393 -1.0498865 1.0263847
  vertex 4.656613e-10 -1.1749529 1.0283742
  vertex 0.14944123 -1.1797129 1.0071572
 endloop
endfacet
facet normal 0.1298387 -0.22647409 0.96532446
 outer loop
  vertex 0.14944123 -1.1797129 1.0071572
  vertex 4.656613e-10 -1.1749529 1.0283742
  vertex 9.313226e-10 -1.3419874 0.98918635
 endloop
endfacet
facet normal 0.14211622 -0.23730005 0.96098477
 outer loop
  vertex 0.14944123 -1.1797129 1.0071572
  vertex 9.313226e-10 -1.3419874 0.98918635
  vertex 0.15414886 -1.3392588 0.96706367
 endloop
endfacet
facet normal 0.3935523 -0.21311307 0.89425915
 outer loop
  vertex 0.27300727 -1.1807606 0.95252764
  vertex 0.14944123 -1.1797129 1.0071572
  vertex 0.15414886 -1.3392588 0.96706367
 endloop
endfacet
facet normal 0.39710012 -0.2159808 0.8919999
 outer loop
  vertex 0.27300727 -1.1807606 0.95252764
  vertex 0.15414886 -1.3392588 0.96706367
  vertex 0.28321993 -1.3281661 0.91228974
 endloop
endfacet
facet normal -0.113927655 -0.14331996 0.9830971
 outer loop
  vertex 2.3283064e-10 -1.0358168 1.0454531
  vertex -0.14684394 -1.0498865 1.0263847
  vertex -0.14944123 -1.1797129 1.0071571
 endloop
endfacet
facet normal -0.13576898 -0.120706886 0.9833598
 outer loop
  vertex 2.3283064e-10 -1.0358168 1.0454531
  vertex -0.14944123 -1.1797129 1.0071571
  vertex 4.656613e-10 -1.1749529 1.0283742
 endloop
endfacet
facet normal -0.35122928 -0.17994517 0.918835
 outer loop
  vertex -0.14684394 -1.0498865 1.0263847
  vertex -0.24636437 -1.0802377 0.9823985
  vertex -0.27300727 -1.1807607 0.95252764
 endloop
endfacet
facet normal -0.40021148 -0.12642038 0.9076611
 outer loop
  vertex -0.14684394 -1.0498865 1.0263847
  vertex -0.27300727 -1.1807607 0.95252764
  vertex -0.14944123 -1.1797129 1.0071571
 endloop
endfacet
facet normal -0.39320925 -0.21667464 0.8935539
 outer loop
  vertex -0.14944123 -1.1797129 1.0071571
  vertex -0.27300727 -1.1807607 0.95252764
  vertex -0.2832199 -1.328166 0.9122898
 endloop
endfacet
facet normal -0.3971444 -0.21263602 0.8927834
 outer loop
  vertex -0.14944123 -1.1797129 1.0071571
  vertex -0.2832199 -1.328166 0.9122898
  vertex -0.15414886 -1.3392587 0.9670636
 endloop
endfacet
facet normal -0.129086 -0.23809652 0.96262497
 outer loop
  vertex 4.656613e-10 -1.1749529 1.0283742
  vertex -0.14944123 -1.1797129 1.0071571
  vertex -0.15414886 -1.3392587 0.9670636
 endloop
endfacet
facet normal -0.14230186 -0.22608313 0.963658
 outer loop
  vertex 4.656613e-10 -1.1749529 1.0283742
  vertex -0.15414886 -1.3392587 0.9670636
  vertex 9.313226e-10 -1.3419874 0.98918635
 endloop
endfacet
facet normal -0.14184095 0.012030624 0.9898163
 outer loop
  vertex 9.313226e-10 -1.3419874 0.98918635
  vertex -0.15414886 -1.3392587 0.9670636
  vertex -0.14820284 -1.4976549 0.9698409
 endloop
endfacet
facet normal -0.15822111 0.027974378 0.9870074
 outer loop
  vertex 9.313226e-10 -1.3419874 0.98918635
  vertex -0.14820284 -1.4976549 0.9698409
  vertex -4.4237822e-09 -1.5093318 0.9939293
 endloop
endfacet
facet normal -0.3937562 -0.04920502 0.917897
 outer loop
  vertex -0.15414886 -1.3392587 0.9670636
  vertex -0.2832199 -1.328166 0.9122898
  vertex -0.26724097 -1.4717852 0.9114455
 endloop
endfacet
facet normal -0.44056046 -0.0007977394 0.8977226
 outer loop
  vertex -0.15414886 -1.3392587 0.9670636
  vertex -0.26724097 -1.4717852 0.9114455
  vertex -0.14820284 -1.4976549 0.9698409
 endloop
endfacet
facet normal -0.45505294 -0.09544876 0.885334
 outer loop
  vertex -0.14820284 -1.4976549 0.9698409
  vertex -0.26724097 -1.4717852 0.9114455
  vertex -0.23521873 -1.5605816 0.9183314
 endloop
endfacet
facet normal -0.45371196 -0.09766819 0.88578004
 outer loop
  vertex -0.14820284 -1.4976549 0.9698409
  vertex -0.23521873 -1.5605816 0.9183314
  vertex -0.14107762 -1.6067557 0.9614608
 endloop
endfacet
facet normal -0.16645522 -0.086318806 0.98226357
 outer loop
  vertex -4.4237822e-09 -1.5093318 0.9939293
  vertex -0.14820284 -1.4976549 0.9698409
  vertex -0.14107762 -1.6067557 0.9614608
 endloop
endfacet
facet normal -0.16686374 -0.08572159 0.9822466
 outer loop
  vertex -4.4237822e-09 -1.5093318 0.9939293
  vertex -0.14107762 -1.6067557 0.9614608
  vertex -3.608875e-09 -1.6281539 0.9835596
 endloop
endfacet
facet normal 0.39054143 0.0014793933 0.9205842
 outer loop
  vertex 0.28321993 -1.3281661 0.91228974
  vertex 0.15414886 -1.3392588 0.96706367
  vertex 0.14820284 -1.4976548 0.9698407
 endloop
endfacet
facet normal 0.44939813 -0.055240985 0.89162195
 outer loop
  vertex 0.28321993 -1.3281661 0.91228974
  vertex 0.14820284 -1.4976548 0.9698407
  vertex 0.26724097 -1.4717852 0.9114455
 endloop
endfacet
facet normal 0.1415172 0.028046105 0.98953843
 outer loop
  vertex 0.15414886 -1.3392588 0.96706367
  vertex 9.313226e-10 -1.3419874 0.98918635
  vertex -4.4237822e-09 -1.5093318 0.9939293
 endloop
endfacet
facet normal 0.15955372 0.011317024 0.98712444
 outer loop
  vertex 0.15414886 -1.3392588 0.96706367
  vertex -4.4237822e-09 -1.5093318 0.9939293
  vertex 0.14820284 -1.4976548 0.9698407
 endloop
endfacet
facet normal 0.16641933 -0.085728124 0.9823213
 outer loop
  vertex 0.14820284 -1.4976548 0.9698407
  vertex -4.4237822e-09 -1.5093318 0.9939293
  vertex -3.608875e-09 -1.6281539 0.9835596
 endloop
endfacet
facet normal 0.16694777 -0.08634333 0.9821778
 outer loop
  vertex 0.14820284 -1.4976548 0.9698407
  vertex -3.608875e-09 -1.6281539 0.9835596
  vertex 0.14107761 -1.6067556 0.96146077
 endloop
endfacet
facet normal 0.45534748 -0.09770926 0.8849359
 outer loop
  vertex 0.26724097 -1.4717852 0.9114455
  vertex 0.14820284 -1.4976548 0.9698407
  vertex 0.14107761 -1.6067556 0.96146077
 endloop
endfacet
facet normal 0.45256147 -0.09444475 0.88671774
 outer loop
  vertex 0.26724097 -1.4717852 0.9114455
  vertex 0.14107761 -1.6067556 0.96146077
  vertex 0.23521873 -1.5605816 0.9183312
 endloop
endfacet
facet normal -0.40152842 0.026705068 -0.9154571
 outer loop
  vertex -0.24294811 -0.9719762 0.37448972
  vertex -0.14503865 -0.9519174 0.33213082
  vertex -0.14904055 -1.0496714 0.33103448
 endloop
endfacet
facet normal -0.44128242 -0.031776235 -0.89680547
 outer loop
  vertex -0.24294811 -0.9719762 0.37448972
  vertex -0.14904055 -1.0496714 0.33103448
  vertex -0.27110675 -1.0478317 0.39103323
 endloop
endfacet
facet normal -0.12616399 0.047936853 -0.99085045
 outer loop
  vertex -0.14503865 -0.9519174 0.33213082
  vertex 3.7252903e-09 -0.9414491 0.31416965
  vertex 0 -1.0458335 0.30911958
 endloop
endfacet
facet normal -0.14588459 0.017065939 -0.98915446
 outer loop
  vertex -0.14503865 -0.9519174 0.33213082
  vertex 0 -1.0458335 0.30911958
  vertex -0.14904055 -1.0496714 0.33103448
 endloop
endfacet
facet normal -0.13452187 -0.250473 -0.95873207
 outer loop
  vertex -0.14904055 -1.0496714 0.33103448
  vertex 0 -1.0458335 0.30911958
  vertex -4.656613e-10 -1.1872077 0.34605423
 endloop
endfacet
facet normal -0.15351921 -0.2701601 -0.95049745
 outer loop
  vertex -0.14904055 -1.0496714 0.33103448
  vertex -4.656613e-10 -1.1872077 0.34605423
  vertex -0.15390033 -1.182585 0.36959746
 endloop
endfacet
facet normal -0.43144646 -0.23679033 -0.870508
 outer loop
  vertex -0.27110675 -1.0478317 0.39103323
  vertex -0.14904055 -1.0496714 0.33103448
  vertex -0.15390033 -1.182585 0.36959746
 endloop
endfacet
facet normal -0.43712902 -0.24243274 -0.86610883
 outer loop
  vertex -0.27110675 -1.0478317 0.39103323
  vertex -0.15390033 -1.182585 0.36959746
  vertex -0.28123155 -1.1670407 0.4295111
 endloop
endfacet
facet normal 0.124034084 0.016204935 -0.9921456
 outer loop
  vertex 3.7252903e-09 -0.9414491 0.31416965
  vertex 0.14503866 -0.9519174 0.33213082
  vertex 0.14904055 -1.0496714 0.33103448
 endloop
endfacet
facet normal 0.14651409 0.047801502 -0.9880529
 outer loop
  vertex 3.7252903e-09 -0.9414491 0.31416965
  vertex 0.14904055 -1.0496714 0.33103448
  vertex 0 -1.0458335 0.30911958
 endloop
endfacet
facet normal 0.38650662 -0.057279494 -0.92050624
 outer loop
  vertex 0.14503866 -0.9519174 0.33213082
  vertex 0.24294813 -0.97197616 0.3744897
  vertex 0.27110675 -1.0478317 0.39103326
 endloop
endfacet
facet normal 0.44060433 0.028100628 -0.89726144
 outer loop
  vertex 0.14503866 -0.9519174 0.33213082
  vertex 0.27110675 -1.0478317 0.39103326
  vertex 0.14904055 -1.0496714 0.33103448
 endloop
endfacet
facet normal 0.43075907 -0.24387188 -0.86889195
 outer loop
  vertex 0.14904055 -1.0496714 0.33103448
  vertex 0.27110675 -1.0478317 0.39103326
  vertex 0.28123155 -1.1670407 0.4295111
 endloop
endfacet
facet normal 0.43717033 -0.23582707 -0.86790997
 outer loop
  vertex 0.14904055 -1.0496714 0.33103448
  vertex 0.28123155 -1.1670407 0.4295111
  vertex 0.15390033 -1.182585 0.36959743
 endloop
endfacet
facet normal 0.133153 -0.27166972 -0.9531347
 outer loop
  vertex 0 -1.0458335 0.30911958
  vertex 0.14904055 -1.0496714 0.33103448
  vertex 0.15390033 -1.182585 0.36959743
 endloop
endfacet
facet normal 0.15375152 -0.24976495 -0.9560219
 outer loop
  vertex 0 -1.0458335 0.30911958
  vertex 0.15390033 -1.182585 0.36959743
  vertex -4.656613e-10 -1.1872077 0.34605423
 endloop
endfacet
facet normal 0.15389894 -0.23178878 -0.960515
 outer loop
  vertex -4.656613e-10 -1.1872077 0.34605423
  vertex 0.15390033 -1.182585 0.36959743
  vertex 0.1470722 -1.3393602 0.40633595
 endloop
endfacet
facet normal 0.15815309 -0.22778253 -0.96078235
 outer loop
  vertex -4.656613e-10 -1.1872077 0.34605423
  vertex 0.1470722 -1.3393602 0.40633595
  vertex -3.7252903e-09 -1.3563026 0.3861433
 endloop
endfacet
facet normal 0.43714827 -0.23976088 -0.86684257
 outer loop
  vertex 0.15390033 -1.182585 0.36959743
  vertex 0.28123155 -1.1670407 0.4295111
  vertex 0.26194158 -1.3010764 0.45685625
 endloop
endfacet
facet normal 0.4535955 -0.22201602 -0.8631107
 outer loop
  vertex 0.15390033 -1.182585 0.36959743
  vertex 0.26194158 -1.3010764 0.45685625
  vertex 0.1470722 -1.3393602 0.40633595
 endloop
endfacet
facet normal 0.47347656 -0.35959283 -0.8040603
 outer loop
  vertex 0.1470722 -1.3393602 0.40633595
  vertex 0.26194158 -1.3010764 0.45685625
  vertex 0.2252329 -1.3870342 0.47368222
 endloop
endfacet
facet normal 0.46431962 -0.3733142 -0.80314624
 outer loop
  vertex 0.1470722 -1.3393602 0.40633595
  vertex 0.2252329 -1.3870342 0.47368222
  vertex 0.1358735 -1.4444777 0.44872183
 endloop
endfacet
facet normal 0.16887008 -0.38401788 -0.9077517
 outer loop
  vertex -3.7252903e-09 -1.3563026 0.3861433
  vertex 0.1470722 -1.3393602 0.40633595
  vertex 0.1358735 -1.4444777 0.44872183
 endloop
endfacet
facet normal 0.16720027 -0.38616404 -0.90715015
 outer loop
  vertex -3.7252903e-09 -1.3563026 0.3861433
  vertex 0.1358735 -1.4444777 0.44872183
  vertex -5.5879354e-09 -1.471977 0.43538463
 endloop
endfacet
facet normal -0.43719175 -0.22320414 -0.87123096
 outer loop
  vertex -0.28123155 -1.1670407 0.4295111
  vertex -0.15390033 -1.182585 0.36959746
  vertex -0.1470722 -1.3393602 0.40633592
 endloop
endfacet
facet normal -0.4568139 -0.24046974 -0.85644346
 outer loop
  vertex -0.28123155 -1.1670407 0.4295111
  vertex -0.1470722 -1.3393602 0.40633592
  vertex -0.26194158 -1.3010764 0.45685628
 endloop
endfacet
facet normal -0.15392376 -0.22793669 -0.96143246
 outer loop
  vertex -0.15390033 -1.182585 0.36959746
  vertex -4.656613e-10 -1.1872077 0.34605423
  vertex -3.7252903e-09 -1.3563026 0.3861433
 endloop
endfacet
facet normal -0.15847735 -0.23181197 -0.95976466
 outer loop
  vertex -0.15390033 -1.182585 0.36959746
  vertex -3.7252903e-09 -1.3563026 0.3861433
  vertex -0.1470722 -1.3393602 0.40633592
 endloop
endfacet
facet normal -0.16898245 -0.386045 -0.9068706
 outer loop
  vertex -0.1470722 -1.3393602 0.40633592
  vertex -3.7252903e-09 -1.3563026 0.3861433
  vertex -5.5879354e-09 -1.471977 0.43538463
 endloop
endfacet
facet normal -0.16685314 -0.38396338 -0.90814763
 outer loop
  vertex -0.1470722 -1.3393602 0.40633592
  vertex -5.5879354e-09 -1.471977 0.43538463
  vertex -0.13587348 -1.4444776 0.44872183
 endloop
endfacet
facet normal -0.47479713 -0.37216774 -0.797533
 outer loop
  vertex -0.26194158 -1.3010764 0.45685628
  vertex -0.1470722 -1.3393602 0.40633592
  vertex -0.13587348 -1.4444776 0.44872183
 endloop
endfacet
facet normal -0.45592272 -0.3545062 -0.81636983
 outer loop
  vertex -0.26194158 -1.3010764 0.45685628
  vertex -0.13587348 -1.4444776 0.44872183
  vertex -0.2252329 -1.387034 0.47368222
 endloop
endfacet
facet normal 0.79536664 0.4663061 -0.38723454
 outer loop
  vertex 0.3215714 -0.9074206 0.5609663
  vertex 0.3967479 -1.0172094 0.58316904
  vertex 0.35085633 -1.0259576 0.47837484
 endloop
endfacet
facet normal 0.81984067 0.44959703 -0.35457554
 outer loop
  vertex 0.3215714 -0.9074206 0.5609663
  vertex 0.35085633 -1.0259576 0.47837484
  vertex 0.28478575 -0.93363833 0.44266766
 endloop
endfacet
facet normal 0.8909744 0.022015039 -0.45351946
 outer loop
  vertex 0.3967479 -1.0172094 0.58316904
  vertex 0.40743017 -1.1373794 0.59832186
  vertex 0.36276093 -1.1430008 0.51029277
 endloop
endfacet
facet normal 0.9163865 -0.01586865 -0.39997995
 outer loop
  vertex 0.3967479 -1.0172094 0.58316904
  vertex 0.36276093 -1.1430008 0.51029277
  vertex 0.35085633 -1.0259576 0.47837484
 endloop
endfacet
facet normal 0.71607256 -0.114922926 -0.6885005
 outer loop
  vertex 0.35085633 -1.0259576 0.47837484
  vertex 0.36276093 -1.1430008 0.51029277
  vertex 0.28123155 -1.1670407 0.4295111
 endloop
endfacet
facet normal 0.7484861 -0.14527829 -0.64704156
 outer loop
  vertex 0.35085633 -1.0259576 0.47837484
  vertex 0.28123155 -1.1670407 0.4295111
  vertex 0.27110675 -1.0478317 0.39103326
 endloop
endfacet
facet normal 0.68991023 0.22801632 -0.68704623
 outer loop
  vertex 0.28478575 -0.93363833 0.44266766
  vertex 0.35085633 -1.0259576 0.47837484
  vertex 0.27110675 -1.0478317 0.39103326
 endloop
endfacet
facet normal 0.7952183 0.1681479 -0.582541
 outer loop
  vertex 0.28478575 -0.93363833 0.44266766
  vertex 0.27110675 -1.0478317 0.39103326
  vertex 0.24294813 -0.97197616 0.3744897
 endloop
endfacet
facet normal -0.9146529 0.0304788 -0.4030895
 outer loop
  vertex -0.40743017 -1.1373794 0.5983218
  vertex -0.39674795 -1.0172094 0.5831691
  vertex -0.35085636 -1.0259576 0.47837475
 endloop
endfacet
facet normal -0.89212435 -0.032153245 -0.45064425
 outer loop
  vertex -0.40743017 -1.1373794 0.5983218
  vertex -0.35085636 -1.0259576 0.47837475
  vertex -0.36276093 -1.1430007 0.51029277
 endloop
endfacet
facet normal -0.80312586 0.4780013 -0.3556736
 outer loop
  vertex -0.39674795 -1.0172094 0.5831691
  vertex -0.32157147 -0.9074206 0.56096625
  vertex -0.28478575 -0.93363833 0.44266766
 endloop
endfacet
facet normal -0.81312037 0.43031153 -0.3920041
 outer loop
  vertex -0.39674795 -1.0172094 0.5831691
  vertex -0.28478575 -0.93363833 0.44266766
  vertex -0.35085636 -1.0259576 0.47837475
 endloop
endfacet
facet normal -0.73504114 0.28878215 -0.61344886
 outer loop
  vertex -0.35085636 -1.0259576 0.47837475
  vertex -0.28478575 -0.93363833 0.44266766
  vertex -0.24294811 -0.9719762 0.37448972
 endloop
endfacet
facet normal -0.7185828 0.11724887 -0.68548626
 outer loop
  vertex -0.35085636 -1.0259576 0.47837475
  vertex -0.24294811 -0.9719762 0.37448972
  vertex -0.27110675 -1.0478317 0.39103323
 endloop
endfacet
facet normal -0.7472563 -0.10302571 -0.6565011
 outer loop
  vertex -0.36276093 -1.1430007 0.51029277
  vertex -0.35085636 -1.0259576 0.47837475
  vertex -0.27110675 -1.0478317 0.39103323
 endloop
endfacet
facet normal -0.7181127 -0.15778731 -0.6778033
 outer loop
  vertex -0.36276093 -1.1430007 0.51029277
  vertex -0.27110675 -1.0478317 0.39103323
  vertex -0.28123155 -1.1670407 0.4295111
 endloop
endfacet
facet normal -0.10816491 -0.7634623 0.6367305
 outer loop
  vertex -6.9849193e-09 -1.392149 0.5892601
  vertex -0.1369908 -1.3697596 0.5928344
  vertex -0.13489276 -1.4362634 0.5134503
 endloop
endfacet
facet normal -0.11994473 -0.750354 0.6500632
 outer loop
  vertex -6.9849193e-09 -1.392149 0.5892601
  vertex -0.13489276 -1.4362634 0.5134503
  vertex -6.2864274e-09 -1.4643509 0.5059189
 endloop
endfacet
facet normal -0.35033017 -0.79127395 0.501153
 outer loop
  vertex -0.1369908 -1.3697596 0.5928344
  vertex -0.26240173 -1.3097703 0.5998835
  vertex -0.24828199 -1.3631089 0.5255373
 endloop
endfacet
facet normal -0.39534327 -0.7092224 0.5837014
 outer loop
  vertex -0.1369908 -1.3697596 0.5928344
  vertex -0.24828199 -1.3631089 0.5255373
  vertex -0.13489276 -1.4362634 0.5134503
 endloop
endfacet
facet normal -0.5240891 -0.83770645 0.15355302
 outer loop
  vertex -0.13489276 -1.4362634 0.5134503
  vertex -0.24828199 -1.3631089 0.5255373
  vertex -0.2252329 -1.387034 0.47368222
 endloop
endfacet
facet normal -0.5140591 -0.8499232 0.11564481
 outer loop
  vertex -0.13489276 -1.4362634 0.5134503
  vertex -0.2252329 -1.387034 0.47368222
  vertex -0.13587348 -1.4444776 0.44872183
 endloop
endfacet
facet normal -0.19544671 -0.9725376 0.12637733
 outer loop
  vertex -6.2864274e-09 -1.4643509 0.5059189
  vertex -0.13489276 -1.4362634 0.5134503
  vertex -0.13587348 -1.4444776 0.44872183
 endloop
endfacet
facet normal -0.18729208 -0.97661275 0.10558983
 outer loop
  vertex -6.2864274e-09 -1.4643509 0.5059189
  vertex -0.13587348 -1.4444776 0.44872183
  vertex -5.5879354e-09 -1.471977 0.43538463
 endloop
endfacet
facet normal -0.5112896 0.7554058 -0.409811
 outer loop
  vertex -0.32157147 -0.9074206 0.56096625
  vertex -0.18272741 -0.82726216 0.5354974
  vertex -0.16024518 -0.88055164 0.40921944
 endloop
endfacet
facet normal -0.44320405 0.83615655 -0.32312924
 outer loop
  vertex -0.32157147 -0.9074206 0.56096625
  vertex -0.16024518 -0.88055164 0.40921944
  vertex -0.28478575 -0.93363833 0.44266766
 endloop
endfacet
facet normal -0.13042705 0.9030206 -0.40931964
 outer loop
  vertex -0.18272741 -0.82726216 0.5354974
  vertex 4.8894435e-09 -0.8063661 0.5233724
  vertex 3.4924597e-09 -0.86444867 0.3952335
 endloop
endfacet
facet normal -0.12633269 0.9056845 -0.40469196
 outer loop
  vertex -0.18272741 -0.82726216 0.5354974
  vertex 3.4924597e-09 -0.86444867 0.3952335
  vertex -0.16024518 -0.88055164 0.40921944
 endloop
endfacet
facet normal -0.13180807 0.7187193 -0.6826926
 outer loop
  vertex -0.16024518 -0.88055164 0.40921944
  vertex 3.4924597e-09 -0.86444867 0.3952335
  vertex 3.7252903e-09 -0.9414491 0.31416965
 endloop
endfacet
facet normal -0.13660732 0.7133625 -0.68735164
 outer loop
  vertex -0.16024518 -0.88055164 0.40921944
  vertex 3.7252903e-09 -0.9414491 0.31416965
  vertex -0.14503865 -0.9519174 0.33213082
 endloop
endfacet
facet normal -0.4381952 0.614881 -0.6556725
 outer loop
  vertex -0.28478575 -0.93363833 0.44266766
  vertex -0.16024518 -0.88055164 0.40921944
  vertex -0.14503865 -0.9519174 0.33213082
 endloop
endfacet
facet normal -0.40677947 0.6667074 -0.6245252
 outer loop
  vertex -0.28478575 -0.93363833 0.44266766
  vertex -0.14503865 -0.9519174 0.33213082
  vertex -0.24294811 -0.9719762 0.37448972
 endloop
endfacet
facet normal -0.66652924 0.6879456 -0.28717518
 outer loop
  vertex 0.47609544 -0.87799543 1.0739324
  vertex 0.45943925 -0.8658998 1.141567
  vertex 0.51285475 -0.81411004 1.1416559
 endloop
endfacet
facet normal -0.6677182 0.68731064 -0.2859309
 outer loop
  vertex 0.47609544 -0.87799543 1.0739324
  vertex 0.51285475 -0.81411004 1.1416559
  vertex 0.52747554 -0.8295652 1.0703622
 endloop
endfacet
facet normal -0.68888825 0.7088075 -0.15173903
 outer loop
  vertex 0.45943925 -0.8658998 1.141567
  vertex 0.4544001 -0.8558551 1.2113656
  vertex 0.5046147 -0.8062355 1.215178
 endloop
endfacet
facet normal -0.68776053 0.7096131 -0.15308405
 outer loop
  vertex 0.45943925 -0.8658998 1.141567
  vertex 0.5046147 -0.8062355 1.215178
  vertex 0.51285475 -0.81411004 1.1416559
 endloop
endfacet
facet normal -0.56293124 0.7762776 -0.28372782
 outer loop
  vertex 0.52747554 -0.8295652 1.0703622
  vertex 0.51285475 -0.81411004 1.1416559
  vertex 0.57265097 -0.7699008 1.1439732
 endloop
endfacet
facet normal -0.5615675 0.7768028 -0.28499043
 outer loop
  vertex 0.52747554 -0.8295652 1.0703622
  vertex 0.57265097 -0.7699008 1.1439732
  vertex 0.5835357 -0.78689045 1.0762162
 endloop
endfacet
facet normal -0.582862 0.79844755 -0.15084206
 outer loop
  vertex 0.51285475 -0.81411004 1.1416559
  vertex 0.5046147 -0.8062355 1.215178
  vertex 0.56184024 -0.76475 1.2136493
 endloop
endfacet
facet normal -0.5840509 0.79781276 -0.14959787
 outer loop
  vertex 0.51285475 -0.81411004 1.1416559
  vertex 0.56184024 -0.76475 1.2136493
  vertex 0.57265097 -0.7699008 1.1439732
 endloop
endfacet
facet normal -0.7449821 0.5125754 -0.42692855
 outer loop
  vertex 0.46383187 -0.92596936 1.037734
  vertex 0.44042805 -0.9245647 1.0802597
  vertex 0.47609544 -0.87799543 1.0739324
 endloop
endfacet
facet normal -0.7244561 0.5235374 -0.44841048
 outer loop
  vertex 0.46383187 -0.92596936 1.037734
  vertex 0.47609544 -0.87799543 1.0739324
  vertex 0.49685243 -0.8944313 1.0212077
 endloop
endfacet
facet normal -0.77824056 0.55641675 -0.29110494
 outer loop
  vertex 0.44042805 -0.9245647 1.0802597
  vertex 0.42199835 -0.9170484 1.1438963
  vertex 0.45943925 -0.8658998 1.141567
 endloop
endfacet
facet normal -0.77819145 0.5564572 -0.29115883
 outer loop
  vertex 0.44042805 -0.9245647 1.0802597
  vertex 0.45943925 -0.8658998 1.141567
  vertex 0.47609544 -0.87799543 1.0739324
 endloop
endfacet
facet normal -0.80181587 0.58057564 -0.14150305
 outer loop
  vertex 0.42199835 -0.9170484 1.1438963
  vertex 0.42007127 -0.9037903 1.2092129
  vertex 0.4544001 -0.8558551 1.2113656
 endloop
endfacet
facet normal -0.80186427 0.5805256 -0.14143439
 outer loop
  vertex 0.42199835 -0.9170484 1.1438963
  vertex 0.4544001 -0.8558551 1.2113656
  vertex 0.45943925 -0.8658998 1.141567
 endloop
endfacet
facet normal -0.7929929 0.60918945 -0.0071062157
 outer loop
  vertex 0.42007127 -0.9037903 1.2092129
  vertex 0.4295208 -0.8909546 1.2550833
  vertex 0.45753658 -0.8543089 1.2702607
 endloop
endfacet
facet normal -0.8132916 0.5811795 0.028054206
 outer loop
  vertex 0.42007127 -0.9037903 1.2092129
  vertex 0.45753658 -0.8543089 1.2702607
  vertex 0.4544001 -0.8558551 1.2113656
 endloop
endfacet
facet normal -0.7034336 0.7105121 0.018808225
 outer loop
  vertex 0.4544001 -0.8558551 1.2113656
  vertex 0.45753658 -0.8543089 1.2702607
  vertex 0.50465864 -0.8078767 1.2785869
 endloop
endfacet
facet normal -0.70347947 0.7104648 0.01887635
 outer loop
  vertex 0.4544001 -0.8558551 1.2113656
  vertex 0.50465864 -0.8078767 1.2785869
  vertex 0.5046147 -0.8062355 1.215178
 endloop
endfacet
facet normal -0.5864774 0.8096839 0.021363383
 outer loop
  vertex 0.5046147 -0.8062355 1.215178
  vertex 0.50465864 -0.8078767 1.2785869
  vertex 0.5583476 -0.7688251 1.2724037
 endloop
endfacet
facet normal -0.5864334 0.8097173 0.021300156
 outer loop
  vertex 0.5046147 -0.8062355 1.215178
  vertex 0.5583476 -0.7688251 1.2724037
  vertex 0.56184024 -0.76475 1.2136493
 endloop
endfacet
facet normal -0.46210963 0.88617104 0.033993263
 outer loop
  vertex 0.56184024 -0.76475 1.2136493
  vertex 0.5583476 -0.7688251 1.2724037
  vertex 0.5994366 -0.74687266 1.258695
 endloop
endfacet
facet normal -0.44158757 0.89713085 0.012515398
 outer loop
  vertex 0.56184024 -0.76475 1.2136493
  vertex 0.5994366 -0.74687266 1.258695
  vertex 0.61477196 -0.7386917 1.2133515
 endloop
endfacet
facet normal -0.43831795 0.8888183 -0.13371396
 outer loop
  vertex 0.57265097 -0.7699008 1.1439732
  vertex 0.56184024 -0.76475 1.2136493
  vertex 0.61477196 -0.7386917 1.2133515
 endloop
endfacet
facet normal -0.43825203 0.8888431 -0.13376519
 outer loop
  vertex 0.57265097 -0.7699008 1.1439732
  vertex 0.61477196 -0.7386917 1.2133515
  vertex 0.62914884 -0.74139297 1.1482993
 endloop
endfacet
facet normal -0.41462362 0.8647276 -0.28343153
 outer loop
  vertex 0.5835357 -0.78689045 1.0762162
  vertex 0.57265097 -0.7699008 1.1439732
  vertex 0.62914884 -0.74139297 1.1482993
 endloop
endfacet
facet normal -0.4146992 0.86471057 -0.28337294
 outer loop
  vertex 0.5835357 -0.78689045 1.0762162
  vertex 0.62914884 -0.74139297 1.1482993
  vertex 0.6351288 -0.75946605 1.0843982
 endloop
endfacet
facet normal -0.36610138 0.82000184 -0.4399623
 outer loop
  vertex 0.59766346 -0.8089474 1.0233505
  vertex 0.5835357 -0.78689045 1.0762162
  vertex 0.6351288 -0.75946605 1.0843982
 endloop
endfacet
facet normal -0.40633747 0.815682 -0.41176772
 outer loop
  vertex 0.59766346 -0.8089474 1.0233505
  vertex 0.6351288 -0.75946605 1.0843982
  vertex 0.6337477 -0.78188753 1.0413457
 endloop
endfacet
facet normal -0.5130081 0.73478943 -0.44374225
 outer loop
  vertex 0.5464885 -0.8505646 1.0136087
  vertex 0.52747554 -0.8295652 1.0703622
  vertex 0.5835357 -0.78689045 1.0762162
 endloop
endfacet
facet normal -0.5130827 0.7347737 -0.44368207
 outer loop
  vertex 0.5464885 -0.8505646 1.0136087
  vertex 0.5835357 -0.78689045 1.0762162
  vertex 0.59766346 -0.8089474 1.0233505
 endloop
endfacet
facet normal -0.6300733 0.63556 -0.44617403
 outer loop
  vertex 0.49685243 -0.8944313 1.0212077
  vertex 0.47609544 -0.87799543 1.0739324
  vertex 0.52747554 -0.8295652 1.0703622
 endloop
endfacet
facet normal -0.6300162 0.63557637 -0.44623128
 outer loop
  vertex 0.49685243 -0.8944313 1.0212077
  vertex 0.52747554 -0.8295652 1.0703622
  vertex 0.5464885 -0.8505646 1.0136087
 endloop
endfacet
facet normal 0.4652178 0.8553579 -0.22789332
 outer loop
  vertex 0.676518 -0.7545384 1.0856826
  vertex 0.67370903 -0.73473907 1.1542618
  vertex 0.70193684 -0.74832153 1.1609062
 endloop
endfacet
facet normal 0.45885408 0.8592711 -0.22606637
 outer loop
  vertex 0.676518 -0.7545384 1.0856826
  vertex 0.70193684 -0.74832153 1.1609062
  vertex 0.7035669 -0.76829666 1.08829
 endloop
endfacet
facet normal 0.40973493 0.9085567 0.08149901
 outer loop
  vertex 0.67370903 -0.73473907 1.1542618
  vertex 0.6548226 -0.7323981 1.2231158
  vertex 0.68070614 -0.744967 1.2331055
 endloop
endfacet
facet normal 0.41673917 0.9054569 0.080475286
 outer loop
  vertex 0.67370903 -0.73473907 1.1542618
  vertex 0.68070614 -0.744967 1.2331055
  vertex 0.70193684 -0.74832153 1.1609062
 endloop
endfacet
facet normal 0.9630212 0.26452622 -0.051147733
 outer loop
  vertex 0.7035669 -0.76829666 1.08829
  vertex 0.70193684 -0.74832153 1.1609062
  vertex 0.71056384 -0.77852446 1.1671336
 endloop
endfacet
facet normal 0.9649613 0.2571313 -0.05227918
 outer loop
  vertex 0.7035669 -0.76829666 1.08829
  vertex 0.71056384 -0.77852446 1.1671336
  vertex 0.71149397 -0.7960918 1.0978981
 endloop
endfacet
facet normal 0.9167607 0.3071945 0.2553066
 outer loop
  vertex 0.70193684 -0.74832153 1.1609062
  vertex 0.68070614 -0.744967 1.2331055
  vertex 0.68979865 -0.7739515 1.2353312
 endloop
endfacet
facet normal 0.9138945 0.314072 0.25720754
 outer loop
  vertex 0.70193684 -0.74832153 1.1609062
  vertex 0.68979865 -0.7739515 1.2353312
  vertex 0.71056384 -0.77852446 1.1671336
 endloop
endfacet
facet normal -0.09109333 0.8844348 -0.4576867
 outer loop
  vertex 0.6337477 -0.78188753 1.0413457
  vertex 0.6351288 -0.75946605 1.0843982
  vertex 0.676518 -0.7545384 1.0856826
 endloop
endfacet
facet normal -0.04139439 0.8677232 -0.4953211
 outer loop
  vertex 0.6337477 -0.78188753 1.0413457
  vertex 0.676518 -0.7545384 1.0856826
  vertex 0.6598907 -0.78729624 1.0296857
 endloop
endfacet
facet normal -0.10507013 0.95430946 -0.2797386
 outer loop
  vertex 0.6351288 -0.75946605 1.0843982
  vertex 0.62914884 -0.74139297 1.1482993
  vertex 0.67370903 -0.73473907 1.1542618
 endloop
endfacet
facet normal -0.10493175 0.954303 -0.27981275
 outer loop
  vertex 0.6351288 -0.75946605 1.0843982
  vertex 0.67370903 -0.73473907 1.1542618
  vertex 0.676518 -0.7545384 1.0856826
 endloop
endfacet
facet normal -0.13780953 0.9878762 -0.0714781
 outer loop
  vertex 0.62914884 -0.74139297 1.1482993
  vertex 0.61477196 -0.7386917 1.2133515
  vertex 0.6548226 -0.7323981 1.2231158
 endloop
endfacet
facet normal -0.13795371 0.9878598 -0.07142664
 outer loop
  vertex 0.62914884 -0.74139297 1.1482993
  vertex 0.6548226 -0.7323981 1.2231158
  vertex 0.67370903 -0.73473907 1.1542618
 endloop
endfacet
facet normal -0.116783366 0.98352957 0.13795389
 outer loop
  vertex 0.61477196 -0.7386917 1.2133515
  vertex 0.5994366 -0.74687266 1.258695
  vertex 0.62057483 -0.74717414 1.2787387
 endloop
endfacet
facet normal -0.18750949 0.97183996 0.14271411
 outer loop
  vertex 0.61477196 -0.7386917 1.2133515
  vertex 0.62057483 -0.74717414 1.2787387
  vertex 0.6548226 -0.7323981 1.2231158
 endloop
endfacet
facet normal 0.27128705 0.87561005 0.39963785
 outer loop
  vertex 0.6548226 -0.7323981 1.2231158
  vertex 0.62057483 -0.74717414 1.2787387
  vertex 0.6419516 -0.7601076 1.2925647
 endloop
endfacet
facet normal 0.27100262 0.87570494 0.399623
 outer loop
  vertex 0.6548226 -0.7323981 1.2231158
  vertex 0.6419516 -0.7601076 1.2925647
  vertex 0.68070614 -0.744967 1.2331055
 endloop
endfacet
facet normal 0.7681032 0.28526 0.57327497
 outer loop
  vertex 0.68070614 -0.744967 1.2331055
  vertex 0.6419516 -0.7601076 1.2925647
  vertex 0.6533927 -0.78616357 1.2902008
 endloop
endfacet
facet normal 0.76826453 0.28501934 0.5731785
 outer loop
  vertex 0.68070614 -0.744967 1.2331055
  vertex 0.6533927 -0.78616357 1.2902008
  vertex 0.68979865 -0.7739515 1.2353312
 endloop
endfacet
facet normal 0.8368299 -0.19322042 0.51223195
 outer loop
  vertex 0.68979865 -0.7739515 1.2353312
  vertex 0.6533927 -0.78616357 1.2902008
  vertex 0.65475094 -0.812589 1.2780138
 endloop
endfacet
facet normal 0.8461365 -0.2441908 0.47373396
 outer loop
  vertex 0.68979865 -0.7739515 1.2353312
  vertex 0.65475094 -0.812589 1.2780138
  vertex 0.67815465 -0.8139939 1.2354883
 endloop
endfacet
facet normal 0.9171868 -0.26554483 0.29707623
 outer loop
  vertex 0.71056384 -0.77852446 1.1671336
  vertex 0.68979865 -0.7739515 1.2353312
  vertex 0.67815465 -0.8139939 1.2354883
 endloop
endfacet
facet normal 0.9171729 -0.26567733 0.29700086
 outer loop
  vertex 0.71056384 -0.77852446 1.1671336
  vertex 0.67815465 -0.8139939 1.2354883
  vertex 0.6965844 -0.82151 1.1718516
 endloop
endfacet
facet normal 0.95004934 -0.2992334 0.08868873
 outer loop
  vertex 0.71149397 -0.7960918 1.0978981
  vertex 0.71056384 -0.77852446 1.1671336
  vertex 0.6965844 -0.82151 1.1718516
 endloop
endfacet
facet normal 0.9500861 -0.29910052 0.0887418
 outer loop
  vertex 0.71149397 -0.7960918 1.0978981
  vertex 0.6965844 -0.82151 1.1718516
  vertex 0.6985114 -0.83476806 1.106535
 endloop
endfacet
facet normal 0.9314583 -0.34100232 -0.12689763
 outer loop
  vertex 0.6927087 -0.8262857 1.0411475
  vertex 0.71149397 -0.7960918 1.0978981
  vertex 0.6985114 -0.83476806 1.106535
 endloop
endfacet
facet normal 0.9544068 -0.27326256 -0.120146684
 outer loop
  vertex 0.6927087 -0.8262857 1.0411475
  vertex 0.6985114 -0.83476806 1.106535
  vertex 0.6890619 -0.8476038 1.0606645
 endloop
endfacet
facet normal 0.9177934 0.13234577 -0.37435254
 outer loop
  vertex 0.6837816 -0.80279535 1.0275863
  vertex 0.7035669 -0.76829666 1.08829
  vertex 0.71149397 -0.7960918 1.0978981
 endloop
endfacet
facet normal 0.91774553 0.13264912 -0.37436256
 outer loop
  vertex 0.6837816 -0.80279535 1.0275863
  vertex 0.71149397 -0.7960918 1.0978981
  vertex 0.6927087 -0.8262857 1.0411475
 endloop
endfacet
facet normal 0.4206172 0.7231043 -0.5479064
 outer loop
  vertex 0.6598907 -0.78729624 1.0296857
  vertex 0.676518 -0.7545384 1.0856826
  vertex 0.7035669 -0.76829666 1.08829
 endloop
endfacet
facet normal 0.42082885 0.72290945 -0.54800093
 outer loop
  vertex 0.6598907 -0.78729624 1.0296857
  vertex 0.7035669 -0.76829666 1.08829
  vertex 0.6837816 -0.80279535 1.0275863
 endloop
endfacet
facet normal 0.6878996 -0.70975274 0.15180635
 outer loop
  vertex 0.66418266 -0.8827034 1.1043826
  vertex 0.6591435 -0.8726585 1.1741811
  vertex 0.60572803 -0.9244483 1.1740923
 endloop
endfacet
facet normal 0.6886883 -0.70871115 0.15309145
 outer loop
  vertex 0.66418266 -0.8827034 1.1043826
  vertex 0.60572803 -0.9244483 1.1740923
  vertex 0.613968 -0.9323229 1.1005702
 endloop
endfacet
facet normal 0.66749704 -0.68697965 0.2872398
 outer loop
  vertex 0.6591435 -0.8726585 1.1741811
  vertex 0.64248735 -0.860563 1.2418156
  vertex 0.5911072 -0.9089932 1.2453859
 endloop
endfacet
facet normal 0.6667893 -0.6882098 0.2859358
 outer loop
  vertex 0.6591435 -0.8726585 1.1741811
  vertex 0.5911072 -0.9089932 1.2453859
  vertex 0.60572803 -0.9244483 1.1740923
 endloop
endfacet
facet normal 0.5839033 -0.7976799 0.1508767
 outer loop
  vertex 0.613968 -0.9323229 1.1005702
  vertex 0.60572803 -0.9244483 1.1740923
  vertex 0.5459318 -0.9686576 1.1717747
 endloop
endfacet
facet normal 0.5829583 -0.79863197 0.14948791
 outer loop
  vertex 0.613968 -0.9323229 1.1005702
  vertex 0.5459318 -0.9686576 1.1717747
  vertex 0.5567424 -0.9738084 1.1020987
 endloop
endfacet
facet normal 0.5618922 -0.77704686 0.28368178
 outer loop
  vertex 0.60572803 -0.9244483 1.1740923
  vertex 0.5911072 -0.9089932 1.2453859
  vertex 0.53504705 -0.9516681 1.239532
 endloop
endfacet
facet normal 0.56268114 -0.7760048 0.2849674
 outer loop
  vertex 0.60572803 -0.9244483 1.1740923
  vertex 0.53504705 -0.9516681 1.239532
  vertex 0.5459318 -0.9686576 1.1717747
 endloop
endfacet
facet normal 0.81310666 -0.5820964 -0.0046183867
 outer loop
  vertex 0.6890619 -0.8476038 1.0606645
  vertex 0.6985114 -0.83476806 1.106535
  vertex 0.66418266 -0.8827034 1.1043826
 endloop
endfacet
facet normal 0.7994789 -0.600095 -0.02682417
 outer loop
  vertex 0.6890619 -0.8476038 1.0606645
  vertex 0.66418266 -0.8827034 1.1043826
  vertex 0.66104615 -0.88424945 1.0454874
 endloop
endfacet
facet normal 0.8018585 -0.58051974 0.14149141
 outer loop
  vertex 0.6985114 -0.83476806 1.106535
  vertex 0.6965844 -0.82151 1.1718516
  vertex 0.6591435 -0.8726585 1.1741811
 endloop
endfacet
facet normal 0.8018264 -0.58057624 0.14144117
 outer loop
  vertex 0.6985114 -0.83476806 1.106535
  vertex 0.6591435 -0.8726585 1.1741811
  vertex 0.66418266 -0.8827034 1.1043826
 endloop
endfacet
facet normal 0.7782017 -0.5564738 0.2910996
 outer loop
  vertex 0.6965844 -0.82151 1.1718516
  vertex 0.67815465 -0.8139939 1.2354883
  vertex 0.64248735 -0.860563 1.2418156
 endloop
endfacet
facet normal 0.7782283 -0.556406 0.29115793
 outer loop
  vertex 0.6965844 -0.82151 1.1718516
  vertex 0.64248735 -0.860563 1.2418156
  vertex 0.6591435 -0.8726585 1.1741811
 endloop
endfacet
facet normal 0.7280327 -0.5428985 0.4186043
 outer loop
  vertex 0.67815465 -0.8139939 1.2354883
  vertex 0.65475094 -0.812589 1.2780138
  vertex 0.62173027 -0.8441272 1.2945404
 endloop
endfacet
facet normal 0.7381616 -0.5045065 0.44787332
 outer loop
  vertex 0.67815465 -0.8139939 1.2354883
  vertex 0.62173027 -0.8441272 1.2945404
  vertex 0.64248735 -0.860563 1.2418156
 endloop
endfacet
facet normal 0.6300307 -0.6356046 0.44617054
 outer loop
  vertex 0.64248735 -0.860563 1.2418156
  vertex 0.62173027 -0.8441272 1.2945404
  vertex 0.5720942 -0.88799375 1.3021394
 endloop
endfacet
facet normal 0.630056 -0.6355371 0.44623077
 outer loop
  vertex 0.64248735 -0.860563 1.2418156
  vertex 0.5720942 -0.88799375 1.3021394
  vertex 0.5911072 -0.9089932 1.2453859
 endloop
endfacet
facet normal 0.5130546 -0.73475474 0.4437458
 outer loop
  vertex 0.5911072 -0.9089932 1.2453859
  vertex 0.5720942 -0.88799375 1.3021394
  vertex 0.5209192 -0.92961097 1.2923976
 endloop
endfacet
facet normal 0.5130304 -0.73480767 0.44368634
 outer loop
  vertex 0.5911072 -0.9089932 1.2453859
  vertex 0.5209192 -0.92961097 1.2923976
  vertex 0.53504705 -0.9516681 1.239532
 endloop
endfacet
facet normal 0.38708544 -0.8096126 0.44123957
 outer loop
  vertex 0.53504705 -0.9516681 1.239532
  vertex 0.5209192 -0.92961097 1.2923976
  vertex 0.48483497 -0.9566708 1.2744021
 endloop
endfacet
facet normal 0.37345937 -0.8276089 0.41903648
 outer loop
  vertex 0.53504705 -0.9516681 1.239532
  vertex 0.48483497 -0.9566708 1.2744021
  vertex 0.4834539 -0.97909236 1.2313498
 endloop
endfacet
facet normal 0.4146808 -0.8647002 0.28343168
 outer loop
  vertex 0.5459318 -0.9686576 1.1717747
  vertex 0.53504705 -0.9516681 1.239532
  vertex 0.4834539 -0.97909236 1.2313498
 endloop
endfacet
facet normal 0.41463313 -0.8647417 0.28337443
 outer loop
  vertex 0.5459318 -0.9686576 1.1717747
  vertex 0.4834539 -0.97909236 1.2313498
  vertex 0.48943388 -0.9971654 1.1674485
 endloop
endfacet
facet normal 0.43825778 -0.8888491 0.13370614
 outer loop
  vertex 0.5567424 -0.9738084 1.1020987
  vertex 0.5459318 -0.9686576 1.1717747
  vertex 0.48943388 -0.9971654 1.1674485
 endloop
endfacet
facet normal 0.43831253 -0.88881165 0.13377585
 outer loop
  vertex 0.5567424 -0.9738084 1.1020987
  vertex 0.48943388 -0.9971654 1.1674485
  vertex 0.50381076 -0.99986655 1.1023965
 endloop
endfacet
facet normal 0.4412282 -0.89667404 -0.035963174
 outer loop
  vertex 0.5602351 -0.9697333 1.0433445
  vertex 0.5567424 -0.9738084 1.1020987
  vertex 0.50381076 -0.99986655 1.1023965
 endloop
endfacet
facet normal 0.47130013 -0.88197285 0.0002723878
 outer loop
  vertex 0.5602351 -0.9697333 1.0433445
  vertex 0.50381076 -0.99986655 1.1023965
  vertex 0.5191461 -0.9916858 1.0570529
 endloop
endfacet
facet normal 0.586431 -0.8097173 -0.021366168
 outer loop
  vertex 0.613924 -0.9306816 1.037161
  vertex 0.613968 -0.9323229 1.1005702
  vertex 0.5567424 -0.9738084 1.1020987
 endloop
endfacet
facet normal 0.5864845 -0.8096805 -0.021294644
 outer loop
  vertex 0.613924 -0.9306816 1.037161
  vertex 0.5567424 -0.9738084 1.1020987
  vertex 0.5602351 -0.9697333 1.0433445
 endloop
endfacet
facet normal 0.7034769 -0.71046907 -0.01881414
 outer loop
  vertex 0.66104615 -0.88424945 1.0454874
  vertex 0.66418266 -0.8827034 1.1043826
  vertex 0.613968 -0.9323229 1.1005702
 endloop
endfacet
facet normal 0.7034381 -0.7105057 -0.01887927
 outer loop
  vertex 0.66104615 -0.88424945 1.0454874
  vertex 0.613968 -0.9323229 1.1005702
  vertex 0.613924 -0.9306816 1.037161
 endloop
endfacet
facet normal -0.41608727 -0.9054971 -0.083344825
 outer loop
  vertex 0.46376014 -1.0061604 1.0926324
  vertex 0.4448737 -1.0038193 1.1614863
  vertex 0.4166459 -0.99023676 1.1548419
 endloop
endfacet
facet normal -0.41076177 -0.90835 -0.07858132
 outer loop
  vertex 0.46376014 -1.0061604 1.0926324
  vertex 0.4166459 -0.99023676 1.1548419
  vertex 0.4378767 -0.9935915 1.0826424
 endloop
endfacet
facet normal -0.45876533 -0.8585221 0.22907247
 outer loop
  vertex 0.4448737 -1.0038193 1.1614863
  vertex 0.44206473 -0.98401994 1.2300653
  vertex 0.41501588 -0.97026163 1.227458
 endloop
endfacet
facet normal -0.46498114 -0.8562278 0.22509225
 outer loop
  vertex 0.4448737 -1.0038193 1.1614863
  vertex 0.41501588 -0.97026163 1.227458
  vertex 0.4166459 -0.99023676 1.1548419
 endloop
endfacet
facet normal -0.91478366 -0.31375322 -0.25442046
 outer loop
  vertex 0.4378767 -0.9935915 1.0826424
  vertex 0.4166459 -0.99023676 1.1548419
  vertex 0.4080189 -0.96003383 1.1486144
 endloop
endfacet
facet normal -0.9159335 -0.30716673 -0.25829116
 outer loop
  vertex 0.4378767 -0.9935915 1.0826424
  vertex 0.4080189 -0.96003383 1.1486144
  vertex 0.42878413 -0.96460706 1.0804168
 endloop
endfacet
facet normal -0.9648517 -0.25812066 0.049345084
 outer loop
  vertex 0.4166459 -0.99023676 1.1548419
  vertex 0.41501588 -0.97026163 1.227458
  vertex 0.4070887 -0.94246674 1.2178499
 endloop
endfacet
facet normal -0.9630262 -0.2639342 0.054029558
 outer loop
  vertex 0.4166459 -0.99023676 1.1548419
  vertex 0.4070887 -0.94246674 1.2178499
  vertex 0.4080189 -0.96003383 1.1486144
 endloop
endfacet
facet normal 0.18147554 -0.976668 -0.11483151
 outer loop
  vertex 0.5191461 -0.9916858 1.0570529
  vertex 0.50381076 -0.99986655 1.1023965
  vertex 0.46376014 -1.0061604 1.0926324
 endloop
endfacet
facet normal 0.14624222 -0.9747256 -0.16888832
 outer loop
  vertex 0.5191461 -0.9916858 1.0570529
  vertex 0.46376014 -1.0061604 1.0926324
  vertex 0.49800792 -0.9913843 1.0370091
 endloop
endfacet
facet normal 0.13794425 -0.98785543 0.07150532
 outer loop
  vertex 0.50381076 -0.99986655 1.1023965
  vertex 0.48943388 -0.9971654 1.1674485
  vertex 0.4448737 -1.0038193 1.1614863
 endloop
endfacet
facet normal 0.13783617 -0.9878784 0.071396016
 outer loop
  vertex 0.50381076 -0.99986655 1.1023965
  vertex 0.4448737 -1.0038193 1.1614863
  vertex 0.46376014 -1.0061604 1.0926324
 endloop
endfacet
facet normal 0.10493594 -0.9543269 0.2797296
 outer loop
  vertex 0.48943388 -0.9971654 1.1674485
  vertex 0.4834539 -0.97909236 1.2313498
  vertex 0.44206473 -0.98401994 1.2300653
 endloop
endfacet
facet normal 0.10505952 -0.9542883 0.279815
 outer loop
  vertex 0.48943388 -0.9971654 1.1674485
  vertex 0.44206473 -0.98401994 1.2300653
  vertex 0.4448737 -1.0038193 1.1614863
 endloop
endfacet
facet normal 0.022199767 -0.8870001 0.4612353
 outer loop
  vertex 0.4834539 -0.97909236 1.2313498
  vertex 0.48483497 -0.9566708 1.2744021
  vertex 0.458692 -0.951262 1.2860621
 endloop
endfacet
facet normal 0.08870174 -0.8710063 0.48319754
 outer loop
  vertex 0.4834539 -0.97909236 1.2313498
  vertex 0.458692 -0.951262 1.2860621
  vertex 0.44206473 -0.98401994 1.2300653
 endloop
endfacet
facet normal -0.4208706 -0.7229613 0.5479004
 outer loop
  vertex 0.44206473 -0.98401994 1.2300653
  vertex 0.458692 -0.951262 1.2860621
  vertex 0.43480116 -0.93576294 1.2881615
 endloop
endfacet
facet normal -0.42059734 -0.723043 0.5480024
 outer loop
  vertex 0.44206473 -0.98401994 1.2300653
  vertex 0.43480116 -0.93576294 1.2881615
  vertex 0.41501588 -0.97026163 1.227458
 endloop
endfacet
facet normal -0.91771483 -0.13258176 0.3744618
 outer loop
  vertex 0.41501588 -0.97026163 1.227458
  vertex 0.43480116 -0.93576294 1.2881615
  vertex 0.42587408 -0.91227263 1.2746004
 endloop
endfacet
facet normal -0.91782594 -0.13239354 0.37425587
 outer loop
  vertex 0.41501588 -0.97026163 1.227458
  vertex 0.42587408 -0.91227263 1.2746004
  vertex 0.4070887 -0.94246674 1.2178499
 endloop
endfacet
facet normal -0.94168323 0.30022532 0.15197831
 outer loop
  vertex 0.4070887 -0.94246674 1.2178499
  vertex 0.42587408 -0.91227263 1.2746004
  vertex 0.4295208 -0.8909546 1.2550833
 endloop
endfacet
facet normal -0.93651557 0.336422 0.098787166
 outer loop
  vertex 0.4070887 -0.94246674 1.2178499
  vertex 0.4295208 -0.8909546 1.2550833
  vertex 0.42007127 -0.9037903 1.2092129
 endloop
endfacet
facet normal -0.9500882 0.29911858 -0.088659905
 outer loop
  vertex 0.4080189 -0.96003383 1.1486144
  vertex 0.4070887 -0.94246674 1.2178499
  vertex 0.42007127 -0.9037903 1.2092129
 endloop
endfacet
facet normal -0.9500447 0.29922476 -0.088767104
 outer loop
  vertex 0.4080189 -0.96003383 1.1486144
  vertex 0.42007127 -0.9037903 1.2092129
  vertex 0.42199835 -0.9170484 1.1438963
 endloop
endfacet
facet normal -0.9171525 0.26566392 -0.29707548
 outer loop
  vertex 0.42878413 -0.96460706 1.0804168
  vertex 0.4080189 -0.96003383 1.1486144
  vertex 0.42199835 -0.9170484 1.1438963
 endloop
endfacet
facet normal -0.9172109 0.2655505 -0.29699677
 outer loop
  vertex 0.42878413 -0.96460706 1.0804168
  vertex 0.42199835 -0.9170484 1.1438963
  vertex 0.44042805 -0.9245647 1.0802597
 endloop
endfacet
facet normal -0.8326516 0.24016885 -0.49900934
 outer loop
  vertex 0.46518996 -0.95239496 1.0255473
  vertex 0.42878413 -0.96460706 1.0804168
  vertex 0.44042805 -0.9245647 1.0802597
 endloop
endfacet
facet normal -0.85982025 0.17672966 -0.47903624
 outer loop
  vertex 0.46518996 -0.95239496 1.0255473
  vertex 0.44042805 -0.9245647 1.0802597
  vertex 0.46383187 -0.92596936 1.037734
 endloop
endfacet
facet normal -0.76819855 -0.28500804 -0.57327247
 outer loop
  vertex 0.47663108 -0.97845083 1.0231833
  vertex 0.4378767 -0.9935915 1.0826424
  vertex 0.42878413 -0.96460706 1.0804168
 endloop
endfacet
facet normal -0.76816434 -0.28529912 -0.57317346
 outer loop
  vertex 0.47663108 -0.97845083 1.0231833
  vertex 0.42878413 -0.96460706 1.0804168
  vertex 0.46518996 -0.95239496 1.0255473
 endloop
endfacet
facet normal -0.27105266 -0.87573445 -0.39952418
 outer loop
  vertex 0.49800792 -0.9913843 1.0370091
  vertex 0.46376014 -1.0061604 1.0926324
  vertex 0.4378767 -0.9935915 1.0826424
 endloop
endfacet
facet normal -0.27121738 -0.87558764 -0.39973414
 outer loop
  vertex 0.49800792 -0.9913843 1.0370091
  vertex 0.4378767 -0.9935915 1.0826424
  vertex 0.47663108 -0.97845083 1.0231833
 endloop
endfacet
facet normal 0.0049732076 0.25981453 -0.9656457
 outer loop
  vertex 0.62053597 -0.82847536 0.99446267
  vertex 0.6427226 -0.8486553 0.98914737
  vertex 0.5880957 -0.8986743 0.975408
 endloop
endfacet
facet normal 0.0119971 0.25677273 -0.96639735
 outer loop
  vertex 0.62053597 -0.82847536 0.99446267
  vertex 0.5880957 -0.8986743 0.975408
  vertex 0.5676893 -0.87476206 0.9815082
 endloop
endfacet
facet normal 0.51329 -0.3393986 -0.7882525
 outer loop
  vertex 0.6427226 -0.8486553 0.98914737
  vertex 0.6555119 -0.87002873 1.0066782
  vertex 0.6045441 -0.9185475 0.99438006
 endloop
endfacet
facet normal 0.5077696 -0.33673525 -0.7929561
 outer loop
  vertex 0.6427226 -0.8486553 0.98914737
  vertex 0.6045441 -0.9185475 0.99438006
  vertex 0.5880957 -0.8986743 0.975408
 endloop
endfacet
facet normal -0.22915228 0.05240267 -0.9719791
 outer loop
  vertex 0.5676893 -0.87476206 0.9815082
  vertex 0.5880957 -0.8986743 0.975408
  vertex 0.5295109 -0.9446543 0.98674095
 endloop
endfacet
facet normal -0.23569778 0.05611092 -0.9702052
 outer loop
  vertex 0.5676893 -0.87476206 0.9815082
  vertex 0.5295109 -0.9446543 0.98674095
  vertex 0.5130957 -0.9195805 0.9921789
 endloop
endfacet
facet normal 0.26648933 -0.54096955 -0.7977063
 outer loop
  vertex 0.5880957 -0.8986743 0.975408
  vertex 0.6045441 -0.9185475 0.99438006
  vertex 0.5480717 -0.96113384 1.0043945
 endloop
endfacet
facet normal 0.2728064 -0.54329056 -0.79398495
 outer loop
  vertex 0.5880957 -0.8986743 0.975408
  vertex 0.5480717 -0.96113384 1.0043945
  vertex 0.5295109 -0.9446543 0.98674095
 endloop
endfacet
facet normal -0.15160145 0.7221687 -0.67489964
 outer loop
  vertex 0.6337477 -0.78188753 1.0413457
  vertex 0.6598907 -0.78729624 1.0296857
  vertex 0.62053597 -0.82847536 0.99446267
 endloop
endfacet
facet normal -0.21378349 0.72239584 -0.65760237
 outer loop
  vertex 0.6337477 -0.78188753 1.0413457
  vertex 0.62053597 -0.82847536 0.99446267
  vertex 0.59766346 -0.8089474 1.0233505
 endloop
endfacet
facet normal 0.24204817 0.48678935 -0.83931446
 outer loop
  vertex 0.6598907 -0.78729624 1.0296857
  vertex 0.6837816 -0.80279535 1.0275863
  vertex 0.6427226 -0.8486553 0.98914737
 endloop
endfacet
facet normal 0.24176554 0.48688543 -0.83934015
 outer loop
  vertex 0.6598907 -0.78729624 1.0296857
  vertex 0.6427226 -0.8486553 0.98914737
  vertex 0.62053597 -0.82847536 0.99446267
 endloop
endfacet
facet normal 0.7388614 -0.10360672 -0.665845
 outer loop
  vertex 0.6837816 -0.80279535 1.0275863
  vertex 0.6927087 -0.8262857 1.0411475
  vertex 0.6555119 -0.87002873 1.0066782
 endloop
endfacet
facet normal 0.7390332 -0.10374499 -0.6656327
 outer loop
  vertex 0.6837816 -0.80279535 1.0275863
  vertex 0.6555119 -0.87002873 1.0066782
  vertex 0.6427226 -0.8486553 0.98914737
 endloop
endfacet
facet normal 0.8070829 -0.46783632 -0.3602032
 outer loop
  vertex 0.6927087 -0.8262857 1.0411475
  vertex 0.6890619 -0.8476038 1.0606645
  vertex 0.66104615 -0.88424945 1.0454874
 endloop
endfacet
facet normal 0.8298492 -0.47520047 -0.29246345
 outer loop
  vertex 0.6927087 -0.8262857 1.0411475
  vertex 0.66104615 -0.88424945 1.0454874
  vertex 0.6555119 -0.87002873 1.0066782
 endloop
endfacet
facet normal 0.69092596 -0.64138025 -0.33354557
 outer loop
  vertex 0.6555119 -0.87002873 1.0066782
  vertex 0.66104615 -0.88424945 1.0454874
  vertex 0.613924 -0.9306816 1.037161
 endloop
endfacet
facet normal 0.6910001 -0.64136684 -0.3334177
 outer loop
  vertex 0.6555119 -0.87002873 1.0066782
  vertex 0.613924 -0.9306816 1.037161
  vertex 0.6045441 -0.9185475 0.99438006
 endloop
endfacet
facet normal 0.52815723 -0.77946174 -0.33688188
 outer loop
  vertex 0.6045441 -0.9185475 0.99438006
  vertex 0.613924 -0.9306816 1.037161
  vertex 0.5602351 -0.9697333 1.0433445
 endloop
endfacet
facet normal 0.528053 -0.77948225 -0.33699763
 outer loop
  vertex 0.6045441 -0.9185475 0.99438006
  vertex 0.5602351 -0.9697333 1.0433445
  vertex 0.5480717 -0.96113384 1.0043945
 endloop
endfacet
facet normal 0.3662507 -0.8779876 -0.30821782
 outer loop
  vertex 0.5480717 -0.96113384 1.0043945
  vertex 0.5602351 -0.9697333 1.0433445
  vertex 0.5191461 -0.9916858 1.0570529
 endloop
endfacet
facet normal 0.3122199 -0.8860853 -0.34259552
 outer loop
  vertex 0.5480717 -0.96113384 1.0043945
  vertex 0.5191461 -0.9916858 1.0570529
  vertex 0.49800792 -0.9913843 1.0370091
 endloop
endfacet
facet normal -0.0016927667 -0.73188204 -0.68142927
 outer loop
  vertex 0.5295109 -0.9446543 0.98674095
  vertex 0.5480717 -0.96113384 1.0043945
  vertex 0.49800792 -0.9913843 1.0370091
 endloop
endfacet
facet normal -0.0019694078 -0.73179513 -0.68152183
 outer loop
  vertex 0.5295109 -0.9446543 0.98674095
  vertex 0.49800792 -0.9913843 1.0370091
  vertex 0.47663108 -0.97845083 1.0231833
 endloop
endfacet
facet normal -0.49898052 -0.14123416 -0.8550271
 outer loop
  vertex 0.5130957 -0.9195805 0.9921789
  vertex 0.5295109 -0.9446543 0.98674095
  vertex 0.47663108 -0.97845083 1.0231833
 endloop
endfacet
facet normal -0.4987587 -0.14142326 -0.85512525
 outer loop
  vertex 0.5130957 -0.9195805 0.9921789
  vertex 0.47663108 -0.97845083 1.0231833
  vertex 0.46518996 -0.95239496 1.0255473
 endloop
endfacet
facet normal -0.6796247 0.32189313 -0.6591624
 outer loop
  vertex 0.49685243 -0.8944313 1.0212077
  vertex 0.5130957 -0.9195805 0.9921789
  vertex 0.46518996 -0.95239496 1.0255473
 endloop
endfacet
facet normal -0.63793975 0.29522327 -0.71124965
 outer loop
  vertex 0.49685243 -0.8944313 1.0212077
  vertex 0.46518996 -0.95239496 1.0255473
  vertex 0.46383187 -0.92596936 1.037734
 endloop
endfacet
facet normal -0.52701455 0.47401667 -0.7053821
 outer loop
  vertex 0.5464885 -0.8505646 1.0136087
  vertex 0.5676893 -0.87476206 0.9815082
  vertex 0.5130957 -0.9195805 0.9921789
 endloop
endfacet
facet normal -0.52690434 0.47399372 -0.7054798
 outer loop
  vertex 0.5464885 -0.8505646 1.0136087
  vertex 0.5130957 -0.9195805 0.9921789
  vertex 0.49685243 -0.8944313 1.0212077
 endloop
endfacet
facet normal -0.36403355 0.6120999 -0.7020066
 outer loop
  vertex 0.59766346 -0.8089474 1.0233505
  vertex 0.62053597 -0.82847536 0.99446267
  vertex 0.5676893 -0.87476206 0.9815082
 endloop
endfacet
facet normal -0.36416915 0.6121109 -0.7019267
 outer loop
  vertex 0.59766346 -0.8089474 1.0233505
  vertex 0.5676893 -0.87476206 0.9815082
  vertex 0.5464885 -0.8505646 1.0136087
 endloop
endfacet
facet normal 0.23319116 -0.057860836 0.97070795
 outer loop
  vertex 0.60548705 -0.8189779 1.323569
  vertex 0.5890718 -0.79390407 1.329007
  vertex 0.530487 -0.839884 1.34034
 endloop
endfacet
facet normal 0.23131806 -0.050450213 0.97156924
 outer loop
  vertex 0.60548705 -0.8189779 1.323569
  vertex 0.530487 -0.839884 1.34034
  vertex 0.55089337 -0.86379635 1.3342398
 endloop
endfacet
facet normal -0.27049708 0.54527813 0.7934123
 outer loop
  vertex 0.5890718 -0.79390407 1.329007
  vertex 0.57051104 -0.7774245 1.3113534
  vertex 0.51403856 -0.82001084 1.3213681
 endloop
endfacet
facet normal -0.26888627 0.53929585 0.79803526
 outer loop
  vertex 0.5890718 -0.79390407 1.329007
  vertex 0.51403856 -0.82001084 1.3213681
  vertex 0.530487 -0.839884 1.34034
 endloop
endfacet
facet normal -0.009729426 -0.2549648 0.9669014
 outer loop
  vertex 0.55089337 -0.86379635 1.3342398
  vertex 0.530487 -0.839884 1.34034
  vertex 0.47586012 -0.88990307 1.3266007
 endloop
endfacet
facet normal -0.007095814 -0.26199067 0.9650443
 outer loop
  vertex 0.55089337 -0.86379635 1.3342398
  vertex 0.47586012 -0.88990307 1.3266007
  vertex 0.49804682 -0.91008294 1.3212854
 endloop
endfacet
facet normal -0.5098024 0.33464646 0.792536
 outer loop
  vertex 0.530487 -0.839884 1.34034
  vertex 0.51403856 -0.82001084 1.3213681
  vertex 0.46307078 -0.86852956 1.3090698
 endloop
endfacet
facet normal -0.5109694 0.34133738 0.78892267
 outer loop
  vertex 0.530487 -0.839884 1.34034
  vertex 0.46307078 -0.86852956 1.3090698
  vertex 0.47586012 -0.88990307 1.3266007
 endloop
endfacet
facet normal 0.67085296 -0.281862 0.68593746
 outer loop
  vertex 0.65475094 -0.812589 1.2780138
  vertex 0.6533927 -0.78616357 1.2902008
  vertex 0.60548705 -0.8189779 1.323569
 endloop
endfacet
facet normal 0.66136044 -0.34286734 0.66711646
 outer loop
  vertex 0.65475094 -0.812589 1.2780138
  vertex 0.60548705 -0.8189779 1.323569
  vertex 0.62173027 -0.8441272 1.2945404
 endloop
endfacet
facet normal 0.49885345 0.14146876 0.8550624
 outer loop
  vertex 0.6533927 -0.78616357 1.2902008
  vertex 0.6419516 -0.7601076 1.2925647
  vertex 0.5890718 -0.79390407 1.329007
 endloop
endfacet
facet normal 0.49890205 0.14117022 0.8550834
 outer loop
  vertex 0.6533927 -0.78616357 1.2902008
  vertex 0.5890718 -0.79390407 1.329007
  vertex 0.60548705 -0.8189779 1.323569
 endloop
endfacet
facet normal 0.0018844801 0.7317373 0.6815842
 outer loop
  vertex 0.6419516 -0.7601076 1.2925647
  vertex 0.62057483 -0.74717414 1.2787387
  vertex 0.57051104 -0.7774245 1.3113534
 endloop
endfacet
facet normal 0.0017836632 0.7319295 0.681378
 outer loop
  vertex 0.6419516 -0.7601076 1.2925647
  vertex 0.57051104 -0.7774245 1.3113534
  vertex 0.5890718 -0.79390407 1.329007
 endloop
endfacet
facet normal -0.3386599 0.86503637 0.3701641
 outer loop
  vertex 0.62057483 -0.74717414 1.2787387
  vertex 0.5994366 -0.74687266 1.258695
  vertex 0.5583476 -0.7688251 1.2724037
 endloop
endfacet
facet normal -0.340535 0.8901169 0.3028662
 outer loop
  vertex 0.62057483 -0.74717414 1.2787387
  vertex 0.5583476 -0.7688251 1.2724037
  vertex 0.57051104 -0.7774245 1.3113534
 endloop
endfacet
facet normal -0.5281209 0.7794313 0.33700925
 outer loop
  vertex 0.57051104 -0.7774245 1.3113534
  vertex 0.5583476 -0.7688251 1.2724037
  vertex 0.50465864 -0.8078767 1.2785869
 endloop
endfacet
facet normal -0.5280914 0.77950746 0.33687916
 outer loop
  vertex 0.57051104 -0.7774245 1.3113534
  vertex 0.50465864 -0.8078767 1.2785869
  vertex 0.51403856 -0.82001084 1.3213681
 endloop
endfacet
facet normal -0.69094634 0.6414234 0.33342054
 outer loop
  vertex 0.51403856 -0.82001084 1.3213681
  vertex 0.50465864 -0.8078767 1.2785869
  vertex 0.45753658 -0.8543089 1.2702607
 endloop
endfacet
facet normal -0.69098616 0.6413223 0.33353242
 outer loop
  vertex 0.51403856 -0.82001084 1.3213681
  vertex 0.45753658 -0.8543089 1.2702607
  vertex 0.46307078 -0.86852956 1.3090698
 endloop
endfacet
facet normal -0.8138263 0.49846175 0.29870167
 outer loop
  vertex 0.46307078 -0.86852956 1.3090698
  vertex 0.45753658 -0.8543089 1.2702607
  vertex 0.4295208 -0.8909546 1.2550833
 endloop
endfacet
facet normal -0.8314766 0.4457784 0.33155426
 outer loop
  vertex 0.46307078 -0.86852956 1.3090698
  vertex 0.4295208 -0.8909546 1.2550833
  vertex 0.42587408 -0.91227263 1.2746004
 endloop
endfacet
facet normal -0.738974 0.10382474 0.6656861
 outer loop
  vertex 0.47586012 -0.88990307 1.3266007
  vertex 0.46307078 -0.86852956 1.3090698
  vertex 0.42587408 -0.91227263 1.2746004
 endloop
endfacet
facet normal -0.73893577 0.10353641 0.66577333
 outer loop
  vertex 0.47586012 -0.88990307 1.3266007
  vertex 0.42587408 -0.91227263 1.2746004
  vertex 0.43480116 -0.93576294 1.2881615
 endloop
endfacet
facet normal -0.24183886 -0.4869524 0.8392803
 outer loop
  vertex 0.49804682 -0.91008294 1.3212854
  vertex 0.47586012 -0.88990307 1.3266007
  vertex 0.43480116 -0.93576294 1.2881615
 endloop
endfacet
facet normal -0.24198937 -0.4867083 0.8393784
 outer loop
  vertex 0.49804682 -0.91008294 1.3212854
  vertex 0.43480116 -0.93576294 1.2881615
  vertex 0.458692 -0.951262 1.2860621
 endloop
endfacet
facet normal 0.19031009 -0.73681 0.64876276
 outer loop
  vertex 0.5209192 -0.92961097 1.2923976
  vertex 0.49804682 -0.91008294 1.3212854
  vertex 0.458692 -0.951262 1.2860621
 endloop
endfacet
facet normal 0.16952075 -0.69242924 0.70128775
 outer loop
  vertex 0.5209192 -0.92961097 1.2923976
  vertex 0.458692 -0.951262 1.2860621
  vertex 0.48483497 -0.9566708 1.2744021
 endloop
endfacet
facet normal 0.36410448 -0.6121573 0.7019198
 outer loop
  vertex 0.5720942 -0.88799375 1.3021394
  vertex 0.55089337 -0.86379635 1.3342398
  vertex 0.49804682 -0.91008294 1.3212854
 endloop
endfacet
facet normal 0.36409727 -0.6120452 0.70202124
 outer loop
  vertex 0.5720942 -0.88799375 1.3021394
  vertex 0.49804682 -0.91008294 1.3212854
  vertex 0.5209192 -0.92961097 1.2923976
 endloop
endfacet
facet normal 0.5269674 -0.473938 0.70547014
 outer loop
  vertex 0.62173027 -0.8441272 1.2945404
  vertex 0.60548705 -0.8189779 1.323569
  vertex 0.55089337 -0.86379635 1.3342398
 endloop
endfacet
facet normal 0.52695805 -0.47407138 0.7053875
 outer loop
  vertex 0.62173027 -0.8441272 1.2945404
  vertex 0.55089337 -0.86379635 1.3342398
  vertex 0.5720942 -0.88799375 1.3021394
 endloop
endfacet
facet normal 0.6677185 0.6873102 -0.28593117
 outer loop
  vertex -0.47609544 -0.8779954 1.0739325
  vertex -0.52747554 -0.8295651 1.0703623
  vertex -0.51285475 -0.81411004 1.1416557
 endloop
endfacet
facet normal 0.666531 0.6879444 -0.287174
 outer loop
  vertex -0.47609544 -0.8779954 1.0739325
  vertex -0.51285475 -0.81411004 1.1416557
  vertex -0.4594393 -0.8658999 1.1415669
 endloop
endfacet
facet normal 0.5615682 0.77680236 -0.28498995
 outer loop
  vertex -0.52747554 -0.8295651 1.0703623
  vertex -0.5835356 -0.7868904 1.0762161
  vertex -0.57265097 -0.76990074 1.1439731
 endloop
endfacet
facet normal 0.5629314 0.7762774 -0.28372794
 outer loop
  vertex -0.52747554 -0.8295651 1.0703623
  vertex -0.57265097 -0.76990074 1.1439731
  vertex -0.51285475 -0.81411004 1.1416557
 endloop
endfacet
facet normal 0.6877619 0.7096117 -0.15308438
 outer loop
  vertex -0.4594393 -0.8658999 1.1415669
  vertex -0.51285475 -0.81411004 1.1416557
  vertex -0.5046147 -0.80623543 1.2151779
 endloop
endfacet
facet normal 0.6888887 0.7088068 -0.15174045
 outer loop
  vertex -0.4594393 -0.8658999 1.1415669
  vertex -0.5046147 -0.80623543 1.2151779
  vertex -0.45440012 -0.8558551 1.2113655
 endloop
endfacet
facet normal 0.58405125 0.7978125 -0.1495975
 outer loop
  vertex -0.51285475 -0.81411004 1.1416557
  vertex -0.57265097 -0.76990074 1.1439731
  vertex -0.56184024 -0.76475 1.213649
 endloop
endfacet
facet normal 0.58286166 0.7984477 -0.15084241
 outer loop
  vertex -0.51285475 -0.81411004 1.1416557
  vertex -0.56184024 -0.76475 1.213649
  vertex -0.5046147 -0.80623543 1.2151779
 endloop
endfacet
facet normal 0.7244567 0.5235369 -0.44841015
 outer loop
  vertex -0.46383184 -0.9259695 1.037734
  vertex -0.49685243 -0.8944313 1.0212077
  vertex -0.47609544 -0.8779954 1.0739325
 endloop
endfacet
facet normal 0.7449816 0.5125755 -0.4269294
 outer loop
  vertex -0.46383184 -0.9259695 1.037734
  vertex -0.47609544 -0.8779954 1.0739325
  vertex -0.44042808 -0.92456466 1.0802597
 endloop
endfacet
facet normal 0.630015 0.6355765 -0.44623265
 outer loop
  vertex -0.49685243 -0.8944313 1.0212077
  vertex -0.5464886 -0.85056466 1.0136087
  vertex -0.52747554 -0.8295651 1.0703623
 endloop
endfacet
facet normal 0.6300737 0.63555956 -0.44617382
 outer loop
  vertex -0.49685243 -0.8944313 1.0212077
  vertex -0.52747554 -0.8295651 1.0703623
  vertex -0.47609544 -0.8779954 1.0739325
 endloop
endfacet
facet normal 0.51308286 0.73477244 -0.44368398
 outer loop
  vertex -0.5464886 -0.85056466 1.0136087
  vertex -0.59766346 -0.8089474 1.0233505
  vertex -0.5835356 -0.7868904 1.0762161
 endloop
endfacet
facet normal 0.5130086 0.7347881 -0.44374388
 outer loop
  vertex -0.5464886 -0.85056466 1.0136087
  vertex -0.5835356 -0.7868904 1.0762161
  vertex -0.52747554 -0.8295651 1.0703623
 endloop
endfacet
facet normal 0.40633747 0.81568205 -0.41176775
 outer loop
  vertex -0.59766346 -0.8089474 1.0233505
  vertex -0.6337477 -0.78188753 1.0413457
  vertex -0.6351287 -0.7594661 1.0843982
 endloop
endfacet
facet normal 0.36609876 0.8200021 -0.439964
 outer loop
  vertex -0.59766346 -0.8089474 1.0233505
  vertex -0.6351287 -0.7594661 1.0843982
  vertex -0.5835356 -0.7868904 1.0762161
 endloop
endfacet
facet normal 0.4146974 0.86471134 -0.28337303
 outer loop
  vertex -0.5835356 -0.7868904 1.0762161
  vertex -0.6351287 -0.7594661 1.0843982
  vertex -0.62914884 -0.74139297 1.1482993
 endloop
endfacet
facet normal 0.41462246 0.8647282 -0.28343114
 outer loop
  vertex -0.5835356 -0.7868904 1.0762161
  vertex -0.62914884 -0.74139297 1.1482993
  vertex -0.57265097 -0.76990074 1.1439731
 endloop
endfacet
facet normal 0.4382512 0.8888437 -0.13376357
 outer loop
  vertex -0.57265097 -0.76990074 1.1439731
  vertex -0.62914884 -0.74139297 1.1482993
  vertex -0.614772 -0.73869175 1.2133516
 endloop
endfacet
facet normal 0.43831605 0.8888193 -0.13371317
 outer loop
  vertex -0.57265097 -0.76990074 1.1439731
  vertex -0.614772 -0.73869175 1.2133516
  vertex -0.56184024 -0.76475 1.213649
 endloop
endfacet
facet normal 0.44158646 0.8971315 0.012514155
 outer loop
  vertex -0.56184024 -0.76475 1.213649
  vertex -0.614772 -0.73869175 1.2133516
  vertex -0.5994366 -0.74687266 1.258695
 endloop
endfacet
facet normal 0.46210968 0.88617104 0.033993132
 outer loop
  vertex -0.56184024 -0.76475 1.213649
  vertex -0.5994366 -0.74687266 1.258695
  vertex -0.5583476 -0.7688251 1.2724037
 endloop
endfacet
facet normal 0.5864328 0.8097178 0.021300133
 outer loop
  vertex -0.5046147 -0.80623543 1.2151779
  vertex -0.56184024 -0.76475 1.213649
  vertex -0.5583476 -0.7688251 1.2724037
 endloop
endfacet
facet normal 0.58647674 0.8096842 0.021363344
 outer loop
  vertex -0.5046147 -0.80623543 1.2151779
  vertex -0.5583476 -0.7688251 1.2724037
  vertex -0.50465864 -0.80787665 1.2785869
 endloop
endfacet
facet normal 0.7034801 0.7104642 0.018876297
 outer loop
  vertex -0.45440012 -0.8558551 1.2113655
  vertex -0.5046147 -0.80623543 1.2151779
  vertex -0.50465864 -0.80787665 1.2785869
 endloop
endfacet
facet normal 0.703434 0.7105117 0.01880786
 outer loop
  vertex -0.45440012 -0.8558551 1.2113655
  vertex -0.50465864 -0.80787665 1.2785869
  vertex -0.45753658 -0.8543089 1.2702607
 endloop
endfacet
facet normal 0.81329113 0.5811803 0.02805369
 outer loop
  vertex -0.42007124 -0.9037903 1.2092129
  vertex -0.45440012 -0.8558551 1.2113655
  vertex -0.45753658 -0.8543089 1.2702607
 endloop
endfacet
facet normal 0.792993 0.6091893 -0.007105642
 outer loop
  vertex -0.42007124 -0.9037903 1.2092129
  vertex -0.45753658 -0.8543089 1.2702607
  vertex -0.4295208 -0.8909546 1.2550833
 endloop
endfacet
facet normal 0.8018633 0.5805266 -0.14143579
 outer loop
  vertex -0.42199832 -0.91704845 1.1438963
  vertex -0.4594393 -0.8658999 1.1415669
  vertex -0.45440012 -0.8558551 1.2113655
 endloop
endfacet
facet normal 0.8018155 0.58057606 -0.14150363
 outer loop
  vertex -0.42199832 -0.91704845 1.1438963
  vertex -0.45440012 -0.8558551 1.2113655
  vertex -0.42007124 -0.9037903 1.2092129
 endloop
endfacet
facet normal 0.7781915 0.55645764 -0.29115778
 outer loop
  vertex -0.44042808 -0.92456466 1.0802597
  vertex -0.47609544 -0.8779954 1.0739325
  vertex -0.4594393 -0.8658999 1.1415669
 endloop
endfacet
facet normal 0.7782399 0.5564177 -0.29110458
 outer loop
  vertex -0.44042808 -0.92456466 1.0802597
  vertex -0.4594393 -0.8658999 1.1415669
  vertex -0.42199832 -0.91704845 1.1438963
 endloop
endfacet
facet normal -0.45885637 0.85926956 -0.22606774
 outer loop
  vertex -0.67651796 -0.7545384 1.0856825
  vertex -0.7035668 -0.7682967 1.0882899
  vertex -0.70193684 -0.74832153 1.160906
 endloop
endfacet
facet normal -0.46521625 0.85535854 -0.22789356
 outer loop
  vertex -0.67651796 -0.7545384 1.0856825
  vertex -0.70193684 -0.74832153 1.160906
  vertex -0.67370903 -0.73473907 1.1542618
 endloop
endfacet
facet normal -0.9649602 0.25713506 -0.052280445
 outer loop
  vertex -0.7035668 -0.7682967 1.0882899
  vertex -0.71149397 -0.7960918 1.0978981
  vertex -0.7105639 -0.7785246 1.1671337
 endloop
endfacet
facet normal -0.9630211 0.26452604 -0.051149566
 outer loop
  vertex -0.7035668 -0.7682967 1.0882899
  vertex -0.7105639 -0.7785246 1.1671337
  vertex -0.70193684 -0.74832153 1.160906
 endloop
endfacet
facet normal -0.41673958 0.9054566 0.08047564
 outer loop
  vertex -0.67370903 -0.73473907 1.1542618
  vertex -0.70193684 -0.74832153 1.160906
  vertex -0.6807061 -0.744967 1.2331054
 endloop
endfacet
facet normal -0.40973523 0.90855646 0.08149939
 outer loop
  vertex -0.67370903 -0.73473907 1.1542618
  vertex -0.6807061 -0.744967 1.2331054
  vertex -0.6548226 -0.7323981 1.2231156
 endloop
endfacet
facet normal -0.91389334 0.31407526 0.25720742
 outer loop
  vertex -0.70193684 -0.74832153 1.160906
  vertex -0.7105639 -0.7785246 1.1671337
  vertex -0.68979865 -0.7739514 1.2353312
 endloop
endfacet
facet normal -0.9167596 0.30719775 0.25530648
 outer loop
  vertex -0.70193684 -0.74832153 1.160906
  vertex -0.68979865 -0.7739514 1.2353312
  vertex -0.6807061 -0.744967 1.2331054
 endloop
endfacet
facet normal 0.041392036 0.86772174 -0.49532387
 outer loop
  vertex -0.6337477 -0.78188753 1.0413457
  vertex -0.6598907 -0.78729635 1.0296857
  vertex -0.67651796 -0.7545384 1.0856825
 endloop
endfacet
facet normal 0.09109584 0.884435 -0.45768574
 outer loop
  vertex -0.6337477 -0.78188753 1.0413457
  vertex -0.67651796 -0.7545384 1.0856825
  vertex -0.6351287 -0.7594661 1.0843982
 endloop
endfacet
facet normal -0.42082703 0.72291046 -0.5480009
 outer loop
  vertex -0.6598907 -0.78729635 1.0296857
  vertex -0.68378156 -0.80279535 1.0275863
  vertex -0.7035668 -0.7682967 1.0882899
 endloop
endfacet
facet normal -0.42061874 0.7231022 -0.5479078
 outer loop
  vertex -0.6598907 -0.78729635 1.0296857
  vertex -0.7035668 -0.7682967 1.0882899
  vertex -0.67651796 -0.7545384 1.0856825
 endloop
endfacet
facet normal -0.91774535 0.13264841 -0.37436324
 outer loop
  vertex -0.68378156 -0.80279535 1.0275863
  vertex -0.6927086 -0.8262858 1.0411475
  vertex -0.71149397 -0.7960918 1.0978981
 endloop
endfacet
facet normal -0.9177928 0.13234794 -0.37435326
 outer loop
  vertex -0.68378156 -0.80279535 1.0275863
  vertex -0.71149397 -0.7960918 1.0978981
  vertex -0.7035668 -0.7682967 1.0882899
 endloop
endfacet
facet normal -0.9544065 -0.27326316 -0.12014782
 outer loop
  vertex -0.6927086 -0.8262858 1.0411475
  vertex -0.6890619 -0.8476037 1.0606645
  vertex -0.6985114 -0.8347681 1.1065348
 endloop
endfacet
facet normal -0.93145835 -0.34100163 -0.12689862
 outer loop
  vertex -0.6927086 -0.8262858 1.0411475
  vertex -0.6985114 -0.8347681 1.1065348
  vertex -0.71149397 -0.7960918 1.0978981
 endloop
endfacet
facet normal -0.95008624 -0.29910043 0.08874162
 outer loop
  vertex -0.71149397 -0.7960918 1.0978981
  vertex -0.6985114 -0.8347681 1.1065348
  vertex -0.6965844 -0.8215101 1.1718516
 endloop
endfacet
facet normal -0.95004886 -0.29923528 0.08868772
 outer loop
  vertex -0.71149397 -0.7960918 1.0978981
  vertex -0.6965844 -0.8215101 1.1718516
  vertex -0.7105639 -0.7785246 1.1671337
 endloop
endfacet
facet normal -0.9171725 -0.2656798 0.29699984
 outer loop
  vertex -0.7105639 -0.7785246 1.1671337
  vertex -0.6965844 -0.8215101 1.1718516
  vertex -0.6781547 -0.8139939 1.2354884
 endloop
endfacet
facet normal -0.91718704 -0.26554224 0.2970781
 outer loop
  vertex -0.7105639 -0.7785246 1.1671337
  vertex -0.6781547 -0.8139939 1.2354884
  vertex -0.68979865 -0.7739514 1.2353312
 endloop
endfacet
facet normal -0.8461357 -0.24418753 0.47373712
 outer loop
  vertex -0.68979865 -0.7739514 1.2353312
  vertex -0.6781547 -0.8139939 1.2354884
  vertex -0.6547509 -0.812589 1.2780138
 endloop
endfacet
facet normal -0.8368295 -0.19322032 0.51223254
 outer loop
  vertex -0.68979865 -0.7739514 1.2353312
  vertex -0.6547509 -0.812589 1.2780138
  vertex -0.6533927 -0.78616357 1.2902007
 endloop
endfacet
facet normal -0.7682623 0.28502327 0.57317954
 outer loop
  vertex -0.6807061 -0.744967 1.2331054
  vertex -0.68979865 -0.7739514 1.2353312
  vertex -0.6533927 -0.78616357 1.2902007
 endloop
endfacet
facet normal -0.76810825 0.2852531 0.57327163
 outer loop
  vertex -0.6807061 -0.744967 1.2331054
  vertex -0.6533927 -0.78616357 1.2902007
  vertex -0.64195174 -0.7601075 1.2925649
 endloop
endfacet
facet normal -0.27100295 0.87570596 0.39962023
 outer loop
  vertex -0.6548226 -0.7323981 1.2231156
  vertex -0.6807061 -0.744967 1.2331054
  vertex -0.64195174 -0.7601075 1.2925649
 endloop
endfacet
facet normal -0.2712835 0.8756125 0.3996349
 outer loop
  vertex -0.6548226 -0.7323981 1.2231156
  vertex -0.64195174 -0.7601075 1.2925649
  vertex -0.6205748 -0.74717414 1.2787387
 endloop
endfacet
facet normal 0.18750972 0.9718401 0.14271317
 outer loop
  vertex -0.614772 -0.73869175 1.2133516
  vertex -0.6548226 -0.7323981 1.2231156
  vertex -0.6205748 -0.74717414 1.2787387
 endloop
endfacet
facet normal 0.11678284 0.9835297 0.13795298
 outer loop
  vertex -0.614772 -0.73869175 1.2133516
  vertex -0.6205748 -0.74717414 1.2787387
  vertex -0.5994366 -0.74687266 1.258695
 endloop
endfacet
facet normal 0.1379537 0.9878598 -0.07142688
 outer loop
  vertex -0.62914884 -0.74139297 1.1482993
  vertex -0.67370903 -0.73473907 1.1542618
  vertex -0.6548226 -0.7323981 1.2231156
 endloop
endfacet
facet normal 0.13781194 0.9878759 -0.07147744
 outer loop
  vertex -0.62914884 -0.74139297 1.1482993
  vertex -0.6548226 -0.7323981 1.2231156
  vertex -0.614772 -0.73869175 1.2133516
 endloop
endfacet
facet normal 0.10493377 0.9543029 -0.27981222
 outer loop
  vertex -0.6351287 -0.7594661 1.0843982
  vertex -0.67651796 -0.7545384 1.0856825
  vertex -0.67370903 -0.73473907 1.1542618
 endloop
endfacet
facet normal 0.105070025 0.9543093 -0.27973926
 outer loop
  vertex -0.6351287 -0.7594661 1.0843982
  vertex -0.67370903 -0.73473907 1.1542618
  vertex -0.62914884 -0.74139297 1.1482993
 endloop
endfacet
facet normal -0.6886888 -0.70871043 0.15309198
 outer loop
  vertex -0.66418266 -0.8827034 1.1043826
  vertex -0.6139681 -0.932323 1.1005701
  vertex -0.60572803 -0.9244484 1.1740922
 endloop
endfacet
facet normal -0.6878995 -0.709753 0.15180576
 outer loop
  vertex -0.66418266 -0.8827034 1.1043826
  vertex -0.60572803 -0.9244484 1.1740922
  vertex -0.6591435 -0.87265855 1.1741811
 endloop
endfacet
facet normal -0.582958 -0.79863185 0.14948973
 outer loop
  vertex -0.6139681 -0.932323 1.1005701
  vertex -0.5567424 -0.97380847 1.1020987
  vertex -0.54593176 -0.96865755 1.1717747
 endloop
endfacet
facet normal -0.58390206 -0.79768074 0.1508771
 outer loop
  vertex -0.6139681 -0.932323 1.1005701
  vertex -0.54593176 -0.96865755 1.1717747
  vertex -0.60572803 -0.9244484 1.1740922
 endloop
endfacet
facet normal -0.66678905 -0.6882102 0.2859354
 outer loop
  vertex -0.6591435 -0.87265855 1.1741811
  vertex -0.60572803 -0.9244484 1.1740922
  vertex -0.59110725 -0.9089932 1.2453859
 endloop
endfacet
facet normal -0.66749763 -0.68697864 0.28724083
 outer loop
  vertex -0.6591435 -0.87265855 1.1741811
  vertex -0.59110725 -0.9089932 1.2453859
  vertex -0.64248735 -0.860563 1.2418154
 endloop
endfacet
facet normal -0.56268024 -0.7760056 0.28496698
 outer loop
  vertex -0.60572803 -0.9244484 1.1740922
  vertex -0.54593176 -0.96865755 1.1717747
  vertex -0.5350471 -0.951668 1.2395319
 endloop
endfacet
facet normal -0.5618913 -0.7770475 0.28368145
 outer loop
  vertex -0.60572803 -0.9244484 1.1740922
  vertex -0.5350471 -0.951668 1.2395319
  vertex -0.59110725 -0.9089932 1.2453859
 endloop
endfacet
facet normal -0.7994795 -0.6000942 -0.026824785
 outer loop
  vertex -0.6890619 -0.8476037 1.0606645
  vertex -0.66104615 -0.8842494 1.0454873
  vertex -0.66418266 -0.8827034 1.1043826
 endloop
endfacet
facet normal -0.8131064 -0.58209676 -0.0046205022
 outer loop
  vertex -0.6890619 -0.8476037 1.0606645
  vertex -0.66418266 -0.8827034 1.1043826
  vertex -0.6985114 -0.8347681 1.1065348
 endloop
endfacet
facet normal -0.703439 -0.7105048 -0.018879948
 outer loop
  vertex -0.66104615 -0.8842494 1.0454873
  vertex -0.6139241 -0.9306816 1.037161
  vertex -0.6139681 -0.932323 1.1005701
 endloop
endfacet
facet normal -0.7034778 -0.7104681 -0.018814886
 outer loop
  vertex -0.66104615 -0.8842494 1.0454873
  vertex -0.6139681 -0.932323 1.1005701
  vertex -0.66418266 -0.8827034 1.1043826
 endloop
endfacet
facet normal -0.58648336 -0.80968124 -0.021296367
 outer loop
  vertex -0.6139241 -0.9306816 1.037161
  vertex -0.5602351 -0.96973324 1.0433444
  vertex -0.5567424 -0.97380847 1.1020987
 endloop
endfacet
facet normal -0.58643055 -0.8097176 -0.021366978
 outer loop
  vertex -0.6139241 -0.9306816 1.037161
  vertex -0.5567424 -0.97380847 1.1020987
  vertex -0.6139681 -0.932323 1.1005701
 endloop
endfacet
facet normal -0.47130057 -0.8819726 0.0002702605
 outer loop
  vertex -0.5602351 -0.96973324 1.0433444
  vertex -0.5191461 -0.9916858 1.0570529
  vertex -0.50381076 -0.99986666 1.1023965
 endloop
endfacet
facet normal -0.441229 -0.89667356 -0.035964843
 outer loop
  vertex -0.5602351 -0.96973324 1.0433444
  vertex -0.50381076 -0.99986666 1.1023965
  vertex -0.5567424 -0.97380847 1.1020987
 endloop
endfacet
facet normal -0.4383133 -0.8888112 0.13377663
 outer loop
  vertex -0.5567424 -0.97380847 1.1020987
  vertex -0.50381076 -0.99986666 1.1023965
  vertex -0.4894339 -0.99716544 1.1674485
 endloop
endfacet
facet normal -0.4382597 -0.8888479 0.13370825
 outer loop
  vertex -0.5567424 -0.97380847 1.1020987
  vertex -0.4894339 -0.99716544 1.1674485
  vertex -0.54593176 -0.96865755 1.1717747
 endloop
endfacet
facet normal -0.4146349 -0.86474043 0.28337556
 outer loop
  vertex -0.54593176 -0.96865755 1.1717747
  vertex -0.4894339 -0.99716544 1.1674485
  vertex -0.48345393 -0.97909236 1.2313497
 endloop
endfacet
facet normal -0.41468143 -0.8646999 0.2834315
 outer loop
  vertex -0.54593176 -0.96865755 1.1717747
  vertex -0.48345393 -0.97909236 1.2313497
  vertex -0.5350471 -0.951668 1.2395319
 endloop
endfacet
facet normal -0.3734603 -0.82760894 0.41903558
 outer loop
  vertex -0.5350471 -0.951668 1.2395319
  vertex -0.48345393 -0.97909236 1.2313497
  vertex -0.48483497 -0.9566708 1.2744021
 endloop
endfacet
facet normal -0.38708672 -0.80961215 0.44123927
 outer loop
  vertex -0.5350471 -0.951668 1.2395319
  vertex -0.48483497 -0.9566708 1.2744021
  vertex -0.5209192 -0.92961097 1.2923975
 endloop
endfacet
facet normal -0.5130293 -0.7348085 0.4436861
 outer loop
  vertex -0.59110725 -0.9089932 1.2453859
  vertex -0.5350471 -0.951668 1.2395319
  vertex -0.5209192 -0.92961097 1.2923975
 endloop
endfacet
facet normal -0.51305413 -0.73475444 0.44374692
 outer loop
  vertex -0.59110725 -0.9089932 1.2453859
  vertex -0.5209192 -0.92961097 1.2923975
  vertex -0.5720942 -0.88799375 1.3021393
 endloop
endfacet
facet normal -0.63005656 -0.6355358 0.44623205
 outer loop
  vertex -0.64248735 -0.860563 1.2418154
  vertex -0.59110725 -0.9089932 1.2453859
  vertex -0.5720942 -0.88799375 1.3021393
 endloop
endfacet
facet normal -0.6300303 -0.6356056 0.44616964
 outer loop
  vertex -0.64248735 -0.860563 1.2418154
  vertex -0.5720942 -0.88799375 1.3021393
  vertex -0.62173027 -0.8441272 1.2945404
 endloop
endfacet
facet normal -0.7381605 -0.504509 0.4478726
 outer loop
  vertex -0.6781547 -0.8139939 1.2354884
  vertex -0.64248735 -0.860563 1.2418154
  vertex -0.62173027 -0.8441272 1.2945404
 endloop
endfacet
facet normal -0.72803295 -0.5428957 0.4186076
 outer loop
  vertex -0.6781547 -0.8139939 1.2354884
  vertex -0.62173027 -0.8441272 1.2945404
  vertex -0.6547509 -0.812589 1.2780138
 endloop
endfacet
facet normal -0.7782281 -0.5564059 0.29115885
 outer loop
  vertex -0.6965844 -0.8215101 1.1718516
  vertex -0.6591435 -0.87265855 1.1741811
  vertex -0.64248735 -0.860563 1.2418154
 endloop
endfacet
facet normal -0.77820075 -0.55647564 0.29109877
 outer loop
  vertex -0.6965844 -0.8215101 1.1718516
  vertex -0.64248735 -0.860563 1.2418154
  vertex -0.6781547 -0.8139939 1.2354884
 endloop
endfacet
facet normal -0.80182636 -0.5805765 0.1414407
 outer loop
  vertex -0.6985114 -0.8347681 1.1065348
  vertex -0.66418266 -0.8827034 1.1043826
  vertex -0.6591435 -0.87265855 1.1741811
 endloop
endfacet
facet normal -0.8018585 -0.58051974 0.14149119
 outer loop
  vertex -0.6985114 -0.8347681 1.1065348
  vertex -0.6591435 -0.87265855 1.1741811
  vertex -0.6965844 -0.8215101 1.1718516
 endloop
endfacet
facet normal 0.41076237 -0.90834945 -0.07858341
 outer loop
  vertex -0.46376014 -1.0061604 1.0926324
  vertex -0.43787667 -0.9935914 1.0826424
  vertex -0.41664594 -0.9902369 1.1548419
 endloop
endfacet
facet normal 0.41608474 -0.9054984 -0.08334409
 outer loop
  vertex -0.46376014 -1.0061604 1.0926324
  vertex -0.41664594 -0.9902369 1.1548419
  vertex -0.4448737 -1.0038193 1.1614863
 endloop
endfacet
facet normal 0.91593343 -0.30716643 -0.2582919
 outer loop
  vertex -0.43787667 -0.9935914 1.0826424
  vertex -0.42878413 -0.96460706 1.0804168
  vertex -0.4080189 -0.9600339 1.1486143
 endloop
endfacet
facet normal 0.9147833 -0.31375435 -0.25442034
 outer loop
  vertex -0.43787667 -0.9935914 1.0826424
  vertex -0.4080189 -0.9600339 1.1486143
  vertex -0.41664594 -0.9902369 1.1548419
 endloop
endfacet
facet normal 0.46497867 -0.856229 0.22509256
 outer loop
  vertex -0.4448737 -1.0038193 1.1614863
  vertex -0.41664594 -0.9902369 1.1548419
  vertex -0.41501585 -0.9702617 1.2274581
 endloop
endfacet
facet normal 0.45876384 -0.85852295 0.22907221
 outer loop
  vertex -0.4448737 -1.0038193 1.1614863
  vertex -0.41501585 -0.9702617 1.2274581
  vertex -0.4420647 -0.98401994 1.2300655
 endloop
endfacet
facet normal 0.9630262 -0.26393417 0.05403074
 outer loop
  vertex -0.41664594 -0.9902369 1.1548419
  vertex -0.4080189 -0.9600339 1.1486143
  vertex -0.40708876 -0.9424667 1.2178499
 endloop
endfacet
facet normal 0.9648527 -0.2581171 0.04934343
 outer loop
  vertex -0.41664594 -0.9902369 1.1548419
  vertex -0.40708876 -0.9424667 1.2178499
  vertex -0.41501585 -0.9702617 1.2274581
 endloop
endfacet
facet normal -0.14624219 -0.9747256 -0.1688883
 outer loop
  vertex -0.5191461 -0.9916858 1.0570529
  vertex -0.49800792 -0.9913843 1.0370091
  vertex -0.46376014 -1.0061604 1.0926324
 endloop
endfacet
facet normal -0.18147343 -0.976668 -0.114834785
 outer loop
  vertex -0.5191461 -0.9916858 1.0570529
  vertex -0.46376014 -1.0061604 1.0926324
  vertex -0.50381076 -0.99986666 1.1023965
 endloop
endfacet
facet normal 0.27121663 -0.8755888 -0.39973226
 outer loop
  vertex -0.49800792 -0.9913843 1.0370091
  vertex -0.47663105 -0.97845083 1.0231832
  vertex -0.43787667 -0.9935914 1.0826424
 endloop
endfacet
facet normal 0.27105385 -0.87573385 -0.39952475
 outer loop
  vertex -0.49800792 -0.9913843 1.0370091
  vertex -0.43787667 -0.9935914 1.0826424
  vertex -0.46376014 -1.0061604 1.0926324
 endloop
endfacet
facet normal 0.7681656 -0.2852955 -0.5731738
 outer loop
  vertex -0.47663105 -0.97845083 1.0231832
  vertex -0.46518996 -0.9523949 1.0255473
  vertex -0.42878413 -0.96460706 1.0804168
 endloop
endfacet
facet normal 0.7681993 -0.285008 -0.5732716
 outer loop
  vertex -0.47663105 -0.97845083 1.0231832
  vertex -0.42878413 -0.96460706 1.0804168
  vertex -0.43787667 -0.9935914 1.0826424
 endloop
endfacet
facet normal 0.85982054 0.1767297 -0.47903585
 outer loop
  vertex -0.46518996 -0.9523949 1.0255473
  vertex -0.46383184 -0.9259695 1.037734
  vertex -0.44042808 -0.92456466 1.0802597
 endloop
endfacet
facet normal 0.8326516 0.24016911 -0.49900907
 outer loop
  vertex -0.46518996 -0.9523949 1.0255473
  vertex -0.44042808 -0.92456466 1.0802597
  vertex -0.42878413 -0.96460706 1.0804168
 endloop
endfacet
facet normal 0.9172107 0.2655507 -0.2969971
 outer loop
  vertex -0.42878413 -0.96460706 1.0804168
  vertex -0.44042808 -0.92456466 1.0802597
  vertex -0.42199832 -0.91704845 1.1438963
 endloop
endfacet
facet normal 0.91715246 0.26566407 -0.29707578
 outer loop
  vertex -0.42878413 -0.96460706 1.0804168
  vertex -0.42199832 -0.91704845 1.1438963
  vertex -0.4080189 -0.9600339 1.1486143
 endloop
endfacet
facet normal 0.9500448 0.29922435 -0.0887673
 outer loop
  vertex -0.4080189 -0.9600339 1.1486143
  vertex -0.42199832 -0.91704845 1.1438963
  vertex -0.42007124 -0.9037903 1.2092129
 endloop
endfacet
facet normal 0.9500887 0.29911718 -0.0886591
 outer loop
  vertex -0.4080189 -0.9600339 1.1486143
  vertex -0.42007124 -0.9037903 1.2092129
  vertex -0.40708876 -0.9424667 1.2178499
 endloop
endfacet
facet normal 0.9365159 0.3364207 0.0987882
 outer loop
  vertex -0.40708876 -0.9424667 1.2178499
  vertex -0.42007124 -0.9037903 1.2092129
  vertex -0.4295208 -0.8909546 1.2550833
 endloop
endfacet
facet normal 0.9416834 0.30022553 0.15197709
 outer loop
  vertex -0.40708876 -0.9424667 1.2178499
  vertex -0.4295208 -0.8909546 1.2550833
  vertex -0.42587405 -0.9122726 1.2746003
 endloop
endfacet
facet normal 0.91782737 -0.1323896 0.37425357
 outer loop
  vertex -0.41501585 -0.9702617 1.2274581
  vertex -0.40708876 -0.9424667 1.2178499
  vertex -0.42587405 -0.9122726 1.2746003
 endloop
endfacet
facet normal 0.9177158 -0.13257873 0.3744605
 outer loop
  vertex -0.41501585 -0.9702617 1.2274581
  vertex -0.42587405 -0.9122726 1.2746003
  vertex -0.43480113 -0.93576294 1.2881616
 endloop
endfacet
facet normal 0.42059594 -0.7230434 0.54800296
 outer loop
  vertex -0.4420647 -0.98401994 1.2300655
  vertex -0.41501585 -0.9702617 1.2274581
  vertex -0.43480113 -0.93576294 1.2881616
 endloop
endfacet
facet normal 0.42086735 -0.72296226 0.54790163
 outer loop
  vertex -0.4420647 -0.98401994 1.2300655
  vertex -0.43480113 -0.93576294 1.2881616
  vertex -0.45869204 -0.951262 1.2860621
 endloop
endfacet
facet normal -0.0887044 -0.87100613 0.4831975
 outer loop
  vertex -0.48345393 -0.97909236 1.2313497
  vertex -0.4420647 -0.98401994 1.2300655
  vertex -0.45869204 -0.951262 1.2860621
 endloop
endfacet
facet normal -0.022199241 -0.88700056 0.4612343
 outer loop
  vertex -0.48345393 -0.97909236 1.2313497
  vertex -0.45869204 -0.951262 1.2860621
  vertex -0.48483497 -0.9566708 1.2744021
 endloop
endfacet
facet normal -0.10505827 -0.95428854 0.27981457
 outer loop
  vertex -0.4894339 -0.99716544 1.1674485
  vertex -0.4448737 -1.0038193 1.1614863
  vertex -0.4420647 -0.98401994 1.2300655
 endloop
endfacet
facet normal -0.10493728 -0.95432633 0.27973098
 outer loop
  vertex -0.4894339 -0.99716544 1.1674485
  vertex -0.4420647 -0.98401994 1.2300655
  vertex -0.48345393 -0.97909236 1.2313497
 endloop
endfacet
facet normal -0.1378335 -0.9878788 0.071395285
 outer loop
  vertex -0.50381076 -0.99986666 1.1023965
  vertex -0.46376014 -1.0061604 1.0926324
  vertex -0.4448737 -1.0038193 1.1614863
 endloop
endfacet
facet normal -0.13794278 -0.98785555 0.071505845
 outer loop
  vertex -0.50381076 -0.99986666 1.1023965
  vertex -0.4448737 -1.0038193 1.1614863
  vertex -0.4894339 -0.99716544 1.1674485
 endloop
endfacet
facet normal -0.011998732 0.2567728 -0.96639735
 outer loop
  vertex -0.6205359 -0.8284755 0.99446267
  vertex -0.5676893 -0.87476206 0.98150814
  vertex -0.58809566 -0.8986744 0.97540796
 endloop
endfacet
facet normal -0.0049695536 0.2598169 -0.96564513
 outer loop
  vertex -0.6205359 -0.8284755 0.99446267
  vertex -0.58809566 -0.8986744 0.97540796
  vertex -0.6427226 -0.84865534 0.98914725
 endloop
endfacet
facet normal 0.23569942 0.056111764 -0.97020465
 outer loop
  vertex -0.5676893 -0.87476206 0.98150814
  vertex -0.5130957 -0.9195805 0.9921789
  vertex -0.5295109 -0.9446544 0.9867409
 endloop
endfacet
facet normal 0.22915252 0.052402716 -0.9719789
 outer loop
  vertex -0.5676893 -0.87476206 0.98150814
  vertex -0.5295109 -0.9446544 0.9867409
  vertex -0.58809566 -0.8986744 0.97540796
 endloop
endfacet
facet normal -0.5077689 -0.3367356 -0.7929565
 outer loop
  vertex -0.6427226 -0.84865534 0.98914725
  vertex -0.58809566 -0.8986744 0.97540796
  vertex -0.6045441 -0.9185476 0.99438
 endloop
endfacet
facet normal -0.51329243 -0.33940047 -0.78825
 outer loop
  vertex -0.6427226 -0.84865534 0.98914725
  vertex -0.6045441 -0.9185476 0.99438
  vertex -0.6555119 -0.87002873 1.0066782
 endloop
endfacet
facet normal -0.27280805 -0.54329187 -0.79398346
 outer loop
  vertex -0.58809566 -0.8986744 0.97540796
  vertex -0.5295109 -0.9446544 0.9867409
  vertex -0.5480717 -0.9611339 1.0043945
 endloop
endfacet
facet normal -0.2664891 -0.54097027 -0.79770595
 outer loop
  vertex -0.58809566 -0.8986744 0.97540796
  vertex -0.5480717 -0.9611339 1.0043945
  vertex -0.6045441 -0.9185476 0.99438
 endloop
endfacet
facet normal 0.21378238 0.7223951 -0.6576035
 outer loop
  vertex -0.6337477 -0.78188753 1.0413457
  vertex -0.59766346 -0.8089474 1.0233505
  vertex -0.6205359 -0.8284755 0.99446267
 endloop
endfacet
facet normal 0.151599 0.7221678 -0.67490107
 outer loop
  vertex -0.6337477 -0.78188753 1.0413457
  vertex -0.6205359 -0.8284755 0.99446267
  vertex -0.6598907 -0.78729635 1.0296857
 endloop
endfacet
facet normal 0.36417103 0.61211145 -0.7019252
 outer loop
  vertex -0.59766346 -0.8089474 1.0233505
  vertex -0.5464886 -0.85056466 1.0136087
  vertex -0.5676893 -0.87476206 0.98150814
 endloop
endfacet
facet normal 0.3640319 0.61210024 -0.70200723
 outer loop
  vertex -0.59766346 -0.8089474 1.0233505
  vertex -0.5676893 -0.87476206 0.98150814
  vertex -0.6205359 -0.8284755 0.99446267
 endloop
endfacet
facet normal 0.5269036 0.47399426 -0.70547986
 outer loop
  vertex -0.5464886 -0.85056466 1.0136087
  vertex -0.49685243 -0.8944313 1.0212077
  vertex -0.5130957 -0.9195805 0.9921789
 endloop
endfacet
facet normal 0.5270158 0.47401765 -0.70538056
 outer loop
  vertex -0.5464886 -0.85056466 1.0136087
  vertex -0.5130957 -0.9195805 0.9921789
  vertex -0.5676893 -0.87476206 0.98150814
 endloop
endfacet
facet normal 0.6379405 0.29522407 -0.7112487
 outer loop
  vertex -0.49685243 -0.8944313 1.0212077
  vertex -0.46383184 -0.9259695 1.037734
  vertex -0.46518996 -0.9523949 1.0255473
 endloop
endfacet
facet normal 0.67962456 0.32189333 -0.6591625
 outer loop
  vertex -0.49685243 -0.8944313 1.0212077
  vertex -0.46518996 -0.9523949 1.0255473
  vertex -0.5130957 -0.9195805 0.9921789
 endloop
endfacet
facet normal 0.49876097 -0.14141952 -0.8551246
 outer loop
  vertex -0.5130957 -0.9195805 0.9921789
  vertex -0.46518996 -0.9523949 1.0255473
  vertex -0.47663105 -0.97845083 1.0231832
 endloop
endfacet
facet normal 0.49898115 -0.14123186 -0.8550272
 outer loop
  vertex -0.5130957 -0.9195805 0.9921789
  vertex -0.47663105 -0.97845083 1.0231832
  vertex -0.5295109 -0.9446544 0.9867409
 endloop
endfacet
facet normal 0.0019678667 -0.73179686 -0.6815199
 outer loop
  vertex -0.5295109 -0.9446544 0.9867409
  vertex -0.47663105 -0.97845083 1.0231832
  vertex -0.49800792 -0.9913843 1.0370091
 endloop
endfacet
facet normal 0.0016913943 -0.73188376 -0.68142754
 outer loop
  vertex -0.5295109 -0.9446544 0.9867409
  vertex -0.49800792 -0.9913843 1.0370091
  vertex -0.5480717 -0.9611339 1.0043945
 endloop
endfacet
facet normal -0.31221938 -0.8860856 -0.34259498
 outer loop
  vertex -0.5480717 -0.9611339 1.0043945
  vertex -0.49800792 -0.9913843 1.0370091
  vertex -0.5191461 -0.9916858 1.0570529
 endloop
endfacet
facet normal -0.36625156 -0.87798774 -0.30821633
 outer loop
  vertex -0.5480717 -0.9611339 1.0043945
  vertex -0.5191461 -0.9916858 1.0570529
  vertex -0.5602351 -0.96973324 1.0433444
 endloop
endfacet
facet normal -0.5280532 -0.7794826 -0.33699647
 outer loop
  vertex -0.6045441 -0.9185476 0.99438
  vertex -0.5480717 -0.9611339 1.0043945
  vertex -0.5602351 -0.96973324 1.0433444
 endloop
endfacet
facet normal -0.52815694 -0.7794622 -0.33688116
 outer loop
  vertex -0.6045441 -0.9185476 0.99438
  vertex -0.5602351 -0.96973324 1.0433444
  vertex -0.6139241 -0.9306816 1.037161
 endloop
endfacet
facet normal -0.69100064 -0.6413664 -0.3334173
 outer loop
  vertex -0.6555119 -0.87002873 1.0066782
  vertex -0.6045441 -0.9185476 0.99438
  vertex -0.6139241 -0.9306816 1.037161
 endloop
endfacet
facet normal -0.6909264 -0.6413799 -0.3335455
 outer loop
  vertex -0.6555119 -0.87002873 1.0066782
  vertex -0.6139241 -0.9306816 1.037161
  vertex -0.66104615 -0.8842494 1.0454873
 endloop
endfacet
facet normal -0.82984936 -0.4752001 -0.2924635
 outer loop
  vertex -0.6927086 -0.8262858 1.0411475
  vertex -0.6555119 -0.87002873 1.0066782
  vertex -0.66104615 -0.8842494 1.0454873
 endloop
endfacet
facet normal -0.80708396 -0.46783614 -0.36020103
 outer loop
  vertex -0.6927086 -0.8262858 1.0411475
  vertex -0.66104615 -0.8842494 1.0454873
  vertex -0.6890619 -0.8476037 1.0606645
 endloop
endfacet
facet normal -0.7390352 -0.10374589 -0.66563034
 outer loop
  vertex -0.68378156 -0.80279535 1.0275863
  vertex -0.6427226 -0.84865534 0.98914725
  vertex -0.6555119 -0.87002873 1.0066782
 endloop
endfacet
facet normal -0.7388616 -0.10360622 -0.6658448
 outer loop
  vertex -0.68378156 -0.80279535 1.0275863
  vertex -0.6555119 -0.87002873 1.0066782
  vertex -0.6927086 -0.8262858 1.0411475
 endloop
endfacet
facet normal -0.24176179 0.4868882 -0.8393396
 outer loop
  vertex -0.6598907 -0.78729635 1.0296857
  vertex -0.6205359 -0.8284755 0.99446267
  vertex -0.6427226 -0.84865534 0.98914725
 endloop
endfacet
facet normal -0.24204755 0.48679113 -0.8393136
 outer loop
  vertex -0.6598907 -0.78729635 1.0296857
  vertex -0.6427226 -0.84865534 0.98914725
  vertex -0.68378156 -0.80279535 1.0275863
 endloop
endfacet
facet normal -0.23132007 -0.05045237 0.97156864
 outer loop
  vertex -0.60548705 -0.81897783 1.323569
  vertex -0.5508934 -0.8637964 1.3342398
  vertex -0.530487 -0.8398839 1.3403401
 endloop
endfacet
facet normal -0.23319246 -0.057860192 0.97070765
 outer loop
  vertex -0.60548705 -0.81897783 1.323569
  vertex -0.530487 -0.8398839 1.3403401
  vertex -0.5890718 -0.7939041 1.329007
 endloop
endfacet
facet normal 0.007095762 -0.2619913 0.96504414
 outer loop
  vertex -0.5508934 -0.8637964 1.3342398
  vertex -0.49804688 -0.9100829 1.3212854
  vertex -0.47586012 -0.88990307 1.3266007
 endloop
endfacet
facet normal 0.009728613 -0.2549675 0.9669007
 outer loop
  vertex -0.5508934 -0.8637964 1.3342398
  vertex -0.47586012 -0.88990307 1.3266007
  vertex -0.530487 -0.8398839 1.3403401
 endloop
endfacet
facet normal 0.26888624 0.5392987 0.79803336
 outer loop
  vertex -0.5890718 -0.7939041 1.329007
  vertex -0.530487 -0.8398839 1.3403401
  vertex -0.51403856 -0.8200108 1.3213681
 endloop
endfacet
facet normal 0.27049565 0.545276 0.7934143
 outer loop
  vertex -0.5890718 -0.7939041 1.329007
  vertex -0.51403856 -0.8200108 1.3213681
  vertex -0.57051104 -0.7774246 1.3113536
 endloop
endfacet
facet normal 0.5109711 0.34133723 0.7889217
 outer loop
  vertex -0.530487 -0.8398839 1.3403401
  vertex -0.47586012 -0.88990307 1.3266007
  vertex -0.4630708 -0.8685296 1.3090698
 endloop
endfacet
facet normal 0.50980437 0.33464786 0.7925341
 outer loop
  vertex -0.530487 -0.8398839 1.3403401
  vertex -0.4630708 -0.8685296 1.3090698
  vertex -0.51403856 -0.8200108 1.3213681
 endloop
endfacet
facet normal -0.66136074 -0.34286645 0.6671165
 outer loop
  vertex -0.6547509 -0.812589 1.2780138
  vertex -0.62173027 -0.8441272 1.2945404
  vertex -0.60548705 -0.81897783 1.323569
 endloop
endfacet
facet normal -0.6708534 -0.2818605 0.6859376
 outer loop
  vertex -0.6547509 -0.812589 1.2780138
  vertex -0.60548705 -0.81897783 1.323569
  vertex -0.6533927 -0.78616357 1.2902007
 endloop
endfacet
facet normal -0.52695847 -0.47407416 0.7053853
 outer loop
  vertex -0.62173027 -0.8441272 1.2945404
  vertex -0.5720942 -0.88799375 1.3021393
  vertex -0.5508934 -0.8637964 1.3342398
 endloop
endfacet
facet normal -0.52696806 -0.47393677 0.7054705
 outer loop
  vertex -0.62173027 -0.8441272 1.2945404
  vertex -0.5508934 -0.8637964 1.3342398
  vertex -0.60548705 -0.81897783 1.323569
 endloop
endfacet
facet normal -0.36409813 -0.612046 0.70202005
 outer loop
  vertex -0.5720942 -0.88799375 1.3021393
  vertex -0.5209192 -0.92961097 1.2923975
  vertex -0.49804688 -0.9100829 1.3212854
 endloop
endfacet
facet normal -0.36410543 -0.6121593 0.7019175
 outer loop
  vertex -0.5720942 -0.88799375 1.3021393
  vertex -0.49804688 -0.9100829 1.3212854
  vertex -0.5508934 -0.8637964 1.3342398
 endloop
endfacet
facet normal -0.16952163 -0.692428 0.7012887
 outer loop
  vertex -0.5209192 -0.92961097 1.2923975
  vertex -0.48483497 -0.9566708 1.2744021
  vertex -0.45869204 -0.951262 1.2860621
 endloop
endfacet
facet normal -0.19031146 -0.73681 0.6487623
 outer loop
  vertex -0.5209192 -0.92961097 1.2923975
  vertex -0.45869204 -0.951262 1.2860621
  vertex -0.49804688 -0.9100829 1.3212854
 endloop
endfacet
facet normal 0.24198596 -0.48671043 0.8393782
 outer loop
  vertex -0.49804688 -0.9100829 1.3212854
  vertex -0.45869204 -0.951262 1.2860621
  vertex -0.43480113 -0.93576294 1.2881616
 endloop
endfacet
facet normal 0.24183671 -0.48695233 0.83928084
 outer loop
  vertex -0.49804688 -0.9100829 1.3212854
  vertex -0.43480113 -0.93576294 1.2881616
  vertex -0.47586012 -0.88990307 1.3266007
 endloop
endfacet
facet normal 0.73893684 0.10354132 0.6657713
 outer loop
  vertex -0.47586012 -0.88990307 1.3266007
  vertex -0.43480113 -0.93576294 1.2881616
  vertex -0.42587405 -0.9122726 1.2746003
 endloop
endfacet
facet normal 0.7389745 0.10382519 0.6656854
 outer loop
  vertex -0.47586012 -0.88990307 1.3266007
  vertex -0.42587405 -0.9122726 1.2746003
  vertex -0.4630708 -0.8685296 1.3090698
 endloop
endfacet
facet normal 0.8314761 0.4457792 0.33155456
 outer loop
  vertex -0.4630708 -0.8685296 1.3090698
  vertex -0.42587405 -0.9122726 1.2746003
  vertex -0.4295208 -0.8909546 1.2550833
 endloop
endfacet
facet normal 0.81382614 0.49846113 0.2987028
 outer loop
  vertex -0.4630708 -0.8685296 1.3090698
  vertex -0.4295208 -0.8909546 1.2550833
  vertex -0.45753658 -0.8543089 1.2702607
 endloop
endfacet
facet normal 0.69098693 0.6413208 0.3335335
 outer loop
  vertex -0.51403856 -0.8200108 1.3213681
  vertex -0.4630708 -0.8685296 1.3090698
  vertex -0.45753658 -0.8543089 1.2702607
 endloop
endfacet
facet normal 0.6909467 0.641423 0.33342052
 outer loop
  vertex -0.51403856 -0.8200108 1.3213681
  vertex -0.45753658 -0.8543089 1.2702607
  vertex -0.50465864 -0.80787665 1.2785869
 endloop
endfacet
facet normal 0.52809083 0.7795079 0.33687913
 outer loop
  vertex -0.57051104 -0.7774246 1.3113536
  vertex -0.51403856 -0.8200108 1.3213681
  vertex -0.50465864 -0.80787665 1.2785869
 endloop
endfacet
facet normal 0.5281203 0.7794316 0.3370093
 outer loop
  vertex -0.57051104 -0.7774246 1.3113536
  vertex -0.50465864 -0.80787665 1.2785869
  vertex -0.5583476 -0.7688251 1.2724037
 endloop
endfacet
facet normal 0.34053528 0.8901166 0.30286664
 outer loop
  vertex -0.6205748 -0.74717414 1.2787387
  vertex -0.57051104 -0.7774246 1.3113536
  vertex -0.5583476 -0.7688251 1.2724037
 endloop
endfacet
facet normal 0.33866024 0.86503655 0.3701634
 outer loop
  vertex -0.6205748 -0.74717414 1.2787387
  vertex -0.5583476 -0.7688251 1.2724037
  vertex -0.5994366 -0.74687266 1.258695
 endloop
endfacet
facet normal -0.0017836647 0.7319272 0.6813805
 outer loop
  vertex -0.64195174 -0.7601075 1.2925649
  vertex -0.5890718 -0.7939041 1.329007
  vertex -0.57051104 -0.7774246 1.3113536
 endloop
endfacet
facet normal -0.0018819238 0.7317398 0.6815815
 outer loop
  vertex -0.64195174 -0.7601075 1.2925649
  vertex -0.57051104 -0.7774246 1.3113536
  vertex -0.6205748 -0.74717414 1.2787387
 endloop
endfacet
facet normal -0.4989029 0.14117162 0.8550827
 outer loop
  vertex -0.6533927 -0.78616357 1.2902007
  vertex -0.60548705 -0.81897783 1.323569
  vertex -0.5890718 -0.7939041 1.329007
 endloop
endfacet
facet normal -0.49885604 0.1414595 0.8550624
 outer loop
  vertex -0.6533927 -0.78616357 1.2902007
  vertex -0.5890718 -0.7939041 1.329007
  vertex -0.64195174 -0.7601075 1.2925649
 endloop
endfacet
endsolid 
